# Blender v3.0.1 OBJ File: ''
# www.blender.org
mtllib calyx5.mtl
o obj1.011
v 0.001245 0.001249 0.000820
v 0.001456 0.001248 -0.000185
v 0.001045 0.000842 -0.000218
v 0.000849 0.000816 0.000712
v 0.000653 0.000791 0.001641
v 0.001034 0.001250 0.001825
v 0.001426 0.001696 0.001999
v 0.001651 0.001656 0.000929
v 0.001875 0.001615 -0.000141
v -0.000101 -0.000155 0.001275
v -0.000007 -0.000036 0.001320
v 0.000162 0.000007 0.000520
v 0.000331 0.000050 -0.000279
v 0.000229 -0.000066 -0.000288
v 0.000064 -0.000111 0.000493
v 0.000188 -0.000077 -0.000093
v 0.000064 -0.000111 0.000493
v -0.000060 -0.000144 0.001079
v 0.003230 0.002420 0.000083
v 0.002755 0.002214 0.000005
v 0.002518 0.002396 0.001152
v 0.002988 0.002738 0.001266
v 0.002280 0.002578 0.002300
v 0.002745 0.003056 0.002449
v 0.003471 0.003560 0.002589
v 0.003711 0.003066 0.001402
v 0.003951 0.002571 0.000216
v 0.005141 0.002680 0.000456
v 0.004917 0.003382 0.001581
v 0.004694 0.004085 0.002707
v 0.005999 0.004288 0.002806
v 0.006197 0.003510 0.001793
v 0.006395 0.002732 0.000779
v 0.007313 0.002714 0.001160
v 0.006971 0.003830 0.002890
v 0.007142 0.003272 0.002025
v 0.007696 0.003173 0.002911
v 0.007833 0.002913 0.002233
v 0.007970 0.002653 0.001556
v 0.008443 0.002574 0.001926
v 0.008259 0.002782 0.002819
v 0.008351 0.002678 0.002372
v 0.008632 0.002584 0.002659
v 0.008783 0.002505 0.002477
v 0.008719 0.002513 0.002242
v 0.000456 0.000359 0.000603
v 0.000636 0.000397 -0.000252
v 0.000275 0.000321 0.001458
v 0.002306 0.001941 -0.000074
v 0.002073 0.002037 0.001040
v 0.001841 0.002132 0.002154
v 0.001188 0.000705 -0.000191
v 0.001592 0.001105 -0.000156
v 0.001384 0.001108 0.000850
v 0.000799 0.000658 0.001668
v 0.000994 0.000681 0.000739
v 0.001782 0.001508 0.000962
v 0.001561 0.001553 0.002033
v 0.001175 0.001112 0.001855
v 0.002002 0.001464 -0.000109
v 0.000311 -0.000124 0.000545
v 0.000143 -0.000166 0.001345
v 0.000049 -0.000285 0.001299
v 0.000378 -0.000198 -0.000264
v 0.000480 -0.000082 -0.000255
v 0.000214 -0.000241 0.000517
v 0.002627 0.002236 0.001202
v 0.002853 0.002046 0.000053
v 0.003298 0.002243 0.000147
v 0.002401 0.002427 0.002351
v 0.003072 0.002569 0.001331
v 0.003759 0.002891 0.001487
v 0.003536 0.003392 0.002675
v 0.002845 0.002896 0.002515
v 0.003982 0.002392 0.000299
v 0.005142 0.002509 0.000559
v 0.004932 0.003213 0.001687
v 0.006163 0.003346 0.001901
v 0.005965 0.004124 0.002915
v 0.004721 0.003918 0.002814
v 0.006361 0.002568 0.000887
v 0.007243 0.002549 0.001248
v 0.006874 0.003673 0.002969
v 0.007586 0.003012 0.002957
v 0.007058 0.003111 0.002108
v 0.007889 0.002479 0.001613
v 0.007737 0.002745 0.002285
v 0.008367 0.002392 0.001958
v 0.008168 0.002606 0.002847
v 0.008550 0.002403 0.002680
v 0.008267 0.002499 0.002402
v 0.008644 0.002329 0.002265
v 0.008705 0.002322 0.002498
v 0.000784 0.000264 -0.000227
v 0.000604 0.000227 0.000628
v 0.000424 0.000190 0.001484
v 0.002420 0.001782 -0.000036
v 0.002194 0.001882 0.001079
v 0.001969 0.001984 0.002194
v 0.000387 0.001289 -0.000587
v -0.000601 0.001312 -0.000859
v -0.000637 0.000888 -0.000476
v 0.000278 0.000867 -0.000224
v 0.001193 0.000846 0.000027
v 0.001376 0.001266 -0.000316
v 0.001550 0.001640 -0.000675
v 0.000499 0.001664 -0.000963
v -0.000551 0.001688 -0.001252
v 0.000832 -0.000116 0.000699
v 0.000877 0.000007 0.000616
v 0.000087 0.000025 0.000399
v -0.000702 0.000044 0.000182
v -0.000711 -0.000081 0.000276
v 0.000060 -0.000098 0.000488
v -0.000518 -0.000085 0.000329
v 0.000060 -0.000098 0.000488
v 0.000639 -0.000112 0.000646
v 0.000865 0.002506 -0.002225
v -0.000286 0.002532 -0.002541
v -0.000383 0.002302 -0.002085
v 0.000737 0.002276 -0.001778
v 0.001857 0.002251 -0.001470
v 0.002017 0.002479 -0.001909
v 0.002235 0.002603 -0.002600
v 0.001060 0.002630 -0.002923
v -0.000116 0.002657 -0.003246
v 0.001381 0.002596 -0.004094
v 0.000197 0.002624 -0.004419
v 0.002564 0.002569 -0.003769
v 0.002847 0.002392 -0.005044
v 0.001722 0.002417 -0.005353
v 0.000598 0.002443 -0.005662
v 0.001032 0.002127 -0.006575
v 0.002926 0.002083 -0.006055
v 0.001979 0.002105 -0.006315
v 0.002874 0.001719 -0.006844
v 0.002169 0.001735 -0.007037
v 0.001465 0.001752 -0.007231
v 0.001859 0.001394 -0.007703
v 0.002761 0.001374 -0.007455
v 0.002310 0.001384 -0.007579
v 0.002606 0.001122 -0.007861
v 0.002426 0.001041 -0.008031
v 0.002188 0.001132 -0.007976
v 0.000169 0.000397 0.000133
v -0.000674 0.000416 -0.000099
v 0.001012 0.000377 0.000365
v 0.000615 0.001994 -0.001359
v -0.000475 0.002019 -0.001658
v 0.001706 0.001969 -0.001059
v -0.000600 0.000759 -0.000624
v -0.000566 0.001172 -0.000998
v 0.000422 0.001150 -0.000727
v 0.001231 0.000717 -0.000121
v 0.000316 0.000738 -0.000372
v 0.000531 0.001514 -0.001091
v 0.001581 0.001489 -0.000803
v 0.001411 0.001127 -0.000455
v -0.000519 0.001538 -0.001380
v 0.000127 -0.000094 0.000244
v 0.000917 -0.000113 0.000461
v 0.000871 -0.000236 0.000544
v -0.000671 -0.000200 0.000121
v -0.000662 -0.000076 0.000027
v 0.000100 -0.000218 0.000332
v -0.000361 0.002128 -0.002182
v -0.000274 0.002342 -0.002602
v 0.000877 0.002316 -0.002286
v 0.001879 0.002077 -0.001566
v 0.000759 0.002102 -0.001874
v 0.001059 0.002431 -0.002938
v 0.002235 0.002404 -0.002615
v 0.002029 0.002289 -0.001969
v -0.000117 0.002458 -0.003261
v 0.000188 0.002424 -0.004405
v 0.001372 0.002397 -0.004079
v 0.002831 0.002196 -0.005003
v 0.002556 0.002370 -0.003754
v 0.000582 0.002248 -0.005621
v 0.001707 0.002222 -0.005312
v 0.001009 0.001941 -0.006504
v 0.002902 0.001898 -0.005984
v 0.002844 0.001545 -0.006750
v 0.001956 0.001920 -0.006244
v 0.001435 0.001577 -0.007138
v 0.002140 0.001561 -0.006944
v 0.001825 0.001229 -0.007596
v 0.002728 0.001208 -0.007348
v 0.002572 0.000961 -0.007748
v 0.002277 0.001219 -0.007472
v 0.002153 0.000971 -0.007863
v 0.002391 0.000880 -0.007918
v -0.000635 0.000294 -0.000252
v 0.000208 0.000274 -0.000020
v 0.001052 0.000255 0.000211
v -0.000447 0.001857 -0.001772
v 0.000643 0.001832 -0.001472
v 0.001733 0.001807 -0.001173
v 0.000024 0.001154 0.001769
v 0.001049 0.001145 0.001806
v 0.000985 0.000769 0.001380
v 0.000036 0.000777 0.001345
v -0.000913 0.000786 0.001311
v -0.001000 0.001163 0.001732
v -0.001077 0.001493 0.002161
v 0.000012 0.001483 0.002201
v 0.001100 0.001473 0.002240
v -0.000741 -0.000092 0.000469
v -0.000762 0.000021 0.000574
v 0.000056 0.000014 0.000604
v 0.000874 0.000006 0.000633
v 0.000858 -0.000106 0.000527
v 0.000059 -0.000099 0.000498
v 0.000658 -0.000104 0.000520
v 0.000059 -0.000099 0.000498
v -0.000541 -0.000093 0.000476
v -0.000033 0.002172 0.003599
v 0.001161 0.002162 0.003643
v 0.001144 0.001986 0.003154
v -0.000017 0.001996 0.003112
v -0.001178 0.002007 0.003070
v -0.001226 0.002183 0.003556
v -0.001277 0.002226 0.004289
v -0.000059 0.002215 0.004333
v 0.001160 0.002204 0.004377
v -0.000104 0.002045 0.005535
v 0.001123 0.002034 0.005579
v -0.001331 0.002057 0.005491
v -0.001318 0.001732 0.006768
v -0.000153 0.001721 0.006811
v 0.001013 0.001711 0.006853
v 0.000791 0.001291 0.007799
v -0.001172 0.001308 0.007728
v -0.000191 0.001300 0.007764
v -0.000951 0.000855 0.008438
v -0.000220 0.000848 0.008464
v 0.000510 0.000842 0.008490
v 0.000225 0.000432 0.008997
v -0.000711 0.000441 0.008964
v -0.000243 0.000436 0.008981
v -0.000474 0.000144 0.009291
v -0.000262 0.000044 0.009406
v -0.000040 0.000140 0.009307
v 0.000047 0.000351 0.000922
v 0.000922 0.000343 0.000953
v -0.000827 0.000359 0.000890
v -0.000002 0.001765 0.002647
v 0.001128 0.001755 0.002688
v -0.001132 0.001775 0.002606
v 0.000979 0.000623 0.001517
v 0.001043 0.000990 0.001933
v 0.000018 0.001000 0.001896
v -0.000919 0.000640 0.001448
v 0.000030 0.000632 0.001483
v 0.000006 0.001319 0.002315
v -0.001083 0.001329 0.002275
v -0.001006 0.001009 0.001859
v 0.001095 0.001309 0.002354
v 0.000049 -0.000123 0.000749
v -0.000769 -0.000116 0.000720
v -0.000747 -0.000229 0.000615
v 0.000852 -0.000243 0.000672
v 0.000867 -0.000131 0.000779
v 0.000052 -0.000236 0.000644
v 0.001140 0.001802 0.003232
v 0.001158 0.001966 0.003683
v -0.000036 0.001977 0.003639
v -0.001182 0.001823 0.003148
v -0.000021 0.001813 0.003190
v -0.000060 0.002015 0.004324
v -0.001279 0.002026 0.004280
v -0.001229 0.001987 0.003596
v 0.001158 0.002004 0.004368
v 0.001123 0.001838 0.005541
v -0.000104 0.001849 0.005496
v -0.001318 0.001543 0.006703
v -0.001331 0.001860 0.005452
v 0.001014 0.001522 0.006787
v -0.000152 0.001532 0.006745
v 0.000792 0.001115 0.007704
v -0.001171 0.001132 0.007633
v -0.000948 0.000693 0.008321
v -0.000189 0.001123 0.007669
v 0.000513 0.000679 0.008374
v -0.000218 0.000686 0.008347
v 0.000229 0.000280 0.008867
v -0.000707 0.000289 0.008834
v -0.000470 -0.000003 0.009156
v -0.000239 0.000285 0.008850
v -0.000036 -0.000007 0.009172
v -0.000258 -0.000103 0.009270
v 0.000915 0.000204 0.001097
v 0.000041 0.000212 0.001065
v -0.000833 0.000220 0.001034
v 0.001123 0.001581 0.002786
v -0.000007 0.001591 0.002745
v -0.001137 0.001601 0.002704
v 0.000737 0.001128 0.001569
v 0.001630 0.001196 0.001075
v 0.001321 0.000793 0.000762
v 0.000492 0.000755 0.001222
v -0.000336 0.000716 0.001682
v -0.000156 0.001059 0.002064
v 0.000053 0.001341 0.002437
v 0.001000 0.001455 0.001915
v 0.001946 0.001569 0.001394
v -0.000637 -0.000129 0.000886
v -0.000601 -0.000019 0.000986
v 0.000114 0.000000 0.000588
v 0.000829 0.000020 0.000190
v 0.000760 -0.000093 0.000108
v 0.000061 -0.000111 0.000497
v 0.000586 -0.000098 0.000205
v 0.000061 -0.000111 0.000497
v -0.000463 -0.000124 0.000788
v 0.001873 0.002169 0.003029
v 0.002871 0.002530 0.002495
v 0.002557 0.002235 0.002104
v 0.001566 0.001978 0.002642
v 0.000574 0.001720 0.003179
v 0.000875 0.001808 0.003564
v 0.001427 0.001853 0.004096
v 0.002342 0.002388 0.003618
v 0.003257 0.002923 0.003141
v 0.003120 0.002712 0.004593
v 0.003781 0.003540 0.004275
v 0.002458 0.001884 0.004911
v 0.003427 0.001985 0.005859
v 0.003808 0.003022 0.005711
v 0.004190 0.004059 0.005563
v 0.004011 0.003201 0.006729
v 0.004230 0.004160 0.006666
v 0.003792 0.002243 0.006792
v 0.003819 0.002586 0.007630
v 0.003928 0.003319 0.007615
v 0.004038 0.004051 0.007600
v 0.003762 0.003444 0.008335
v 0.003748 0.003943 0.008374
v 0.003776 0.002945 0.008296
v 0.003681 0.003285 0.008755
v 0.003554 0.003573 0.008972
v 0.003531 0.003797 0.008871
v 0.000271 0.000334 0.000862
v 0.001035 0.000358 0.000438
v -0.000492 0.000310 0.001287
v 0.001275 0.001739 0.002272
v 0.002252 0.001915 0.001737
v 0.000298 0.001563 0.002806
v 0.001393 0.000649 0.000880
v 0.001702 0.001043 0.001183
v 0.000807 0.000972 0.001674
v -0.000087 0.000901 0.002165
v -0.000265 0.000568 0.001797
v 0.000564 0.000609 0.001338
v 0.000120 0.001172 0.002520
v 0.002019 0.001408 0.001489
v 0.001070 0.001290 0.002005
v 0.000187 -0.000137 0.000713
v -0.000528 -0.000157 0.001111
v -0.000564 -0.000267 0.001011
v 0.000834 -0.000230 0.000233
v 0.000903 -0.000117 0.000316
v 0.000135 -0.000248 0.000622
v 0.002635 0.002061 0.002162
v 0.002958 0.002353 0.002529
v 0.001952 0.001986 0.003044
v 0.000945 0.001621 0.003560
v 0.000641 0.001534 0.003211
v 0.001638 0.001797 0.002687
v 0.001515 0.001680 0.004048
v 0.003368 0.002757 0.003147
v 0.002443 0.002217 0.003597
v 0.003930 0.003409 0.004250
v 0.003258 0.002578 0.004538
v 0.002582 0.001751 0.004827
v 0.003595 0.001902 0.005791
v 0.004370 0.003977 0.005535
v 0.003984 0.002939 0.005663
v 0.004424 0.004112 0.006674
v 0.004205 0.003153 0.006727
v 0.003985 0.002194 0.006780
v 0.004016 0.002560 0.007656
v 0.004231 0.004025 0.007644
v 0.004124 0.003292 0.007650
v 0.003938 0.003943 0.008438
v 0.003955 0.003445 0.008388
v 0.003972 0.002947 0.008337
v 0.003875 0.003305 0.008800
v 0.003718 0.003812 0.008941
v 0.003745 0.003591 0.009030
v 0.001108 0.000219 0.000561
v 0.000344 0.000194 0.000986
v -0.000420 0.000169 0.001410
v 0.002327 0.001747 0.001816
v 0.001346 0.001565 0.002341
v 0.000365 0.001384 0.002867
v -0.000662 0.001221 0.001526
v 0.000152 0.001121 0.002144
v 0.000333 0.000731 0.001756
v -0.000421 0.000798 0.001182
v -0.001175 0.000864 0.000608
v -0.001476 0.001320 0.000909
v -0.001774 0.001764 0.001223
v -0.000909 0.001618 0.001877
v -0.000044 0.001473 0.002532
v -0.000580 -0.000078 0.000011
v -0.000654 0.000040 0.000086
v -0.000004 0.000004 0.000582
v 0.000646 -0.000032 0.001078
v 0.000691 -0.000143 0.000981
v 0.000056 -0.000111 0.000496
v 0.000532 -0.000135 0.000860
v 0.000056 -0.000111 0.000496
v -0.000421 -0.000086 0.000133
v -0.000779 0.002236 0.003720
v -0.000517 0.002044 0.003309
v -0.001437 0.002338 0.002621
v -0.001721 0.002669 0.003022
v -0.002357 0.002632 0.001932
v -0.002662 0.003101 0.002325
v -0.003069 0.003584 0.002959
v -0.002134 0.002976 0.003642
v -0.001199 0.002367 0.004326
v -0.001920 0.002446 0.005304
v -0.002794 0.003255 0.004678
v -0.003668 0.004065 0.004052
v -0.004306 0.004220 0.005202
v -0.003527 0.003347 0.005752
v -0.002748 0.002474 0.006302
v -0.003486 0.002451 0.006967
v -0.004828 0.003730 0.006007
v -0.004157 0.003091 0.006487
v -0.005199 0.003048 0.006602
v -0.004665 0.002723 0.006994
v -0.004130 0.002397 0.007386
v -0.004671 0.002332 0.007649
v -0.005384 0.002626 0.007119
v -0.005027 0.002479 0.007384
v -0.005413 0.002399 0.007508
v -0.005318 0.002298 0.007716
v -0.005078 0.002287 0.007758
v -0.000182 0.000350 0.000839
v 0.000513 0.000304 0.001368
v -0.000877 0.000396 0.000310
v -0.000270 0.001785 0.002917
v -0.001167 0.001989 0.002241
v -0.002064 0.002194 0.001565
v 0.000239 0.000592 0.001863
v 0.000058 0.000975 0.002244
v -0.000757 0.001078 0.001628
v -0.001271 0.000728 0.000718
v -0.000516 0.000660 0.001291
v -0.001005 0.001469 0.001970
v -0.001872 0.001618 0.001319
v -0.001572 0.001180 0.001013
v -0.000138 0.001320 0.002620
v -0.000099 -0.000130 0.000696
v -0.000749 -0.000093 0.000201
v -0.000675 -0.000211 0.000127
v 0.000597 -0.000278 0.001095
v 0.000552 -0.000166 0.001192
v -0.000039 -0.000245 0.000611
v -0.001539 0.002179 0.002686
v -0.000613 0.001877 0.003364
v -0.000877 0.002062 0.003740
v -0.002464 0.002481 0.002008
v -0.001826 0.002502 0.003058
v -0.002242 0.002808 0.003636
v -0.003184 0.003421 0.002968
v -0.002774 0.002943 0.002375
v -0.001299 0.002195 0.004304
v -0.002025 0.002285 0.005248
v -0.002906 0.003096 0.004633
v -0.003620 0.003195 0.005662
v -0.004400 0.004068 0.005112
v -0.003786 0.003907 0.004018
v -0.002841 0.002321 0.006212
v -0.003546 0.002298 0.006853
v -0.004867 0.003585 0.005875
v -0.005204 0.002896 0.006471
v -0.004206 0.002941 0.006363
v -0.004157 0.002233 0.007275
v -0.004680 0.002564 0.006873
v -0.004679 0.002157 0.007552
v -0.005380 0.002458 0.007012
v -0.005407 0.002224 0.007411
v -0.005030 0.002307 0.007282
v -0.005078 0.002109 0.007667
v -0.005315 0.002121 0.007622
v 0.000418 0.000168 0.001480
v -0.000277 0.000215 0.000952
v -0.000973 0.000262 0.000423
v -0.000364 0.001625 0.002991
v -0.001264 0.001834 0.002321
v -0.002165 0.002044 0.001651
v -0.001132 0.001236 0.000493
v -0.001197 0.001177 0.001515
v -0.000795 0.000777 0.001442
v -0.000734 0.000832 0.000496
v -0.000673 0.000887 -0.000450
v -0.001066 0.001295 -0.000528
v -0.001470 0.001656 -0.000598
v -0.001540 0.001594 0.000488
v -0.001610 0.001531 0.001573
v 0.000105 -0.000052 -0.000305
v 0.000008 0.000068 -0.000323
v -0.000045 0.000021 0.000493
v -0.000097 -0.000026 0.001309
v 0.000002 -0.000145 0.001289
v 0.000054 -0.000099 0.000492
v 0.000015 -0.000133 0.001090
v 0.000054 -0.000099 0.000492
v 0.000092 -0.000064 -0.000105
v -0.002889 0.002376 0.000446
v -0.002966 0.002307 0.001636
v -0.002489 0.002101 0.001622
v -0.002415 0.002168 0.000465
v -0.002340 0.002234 -0.000693
v -0.002813 0.002445 -0.000744
v -0.003539 0.002539 -0.000810
v -0.003617 0.002469 0.000405
v -0.003695 0.002398 0.001620
v -0.004826 0.002382 0.000322
v -0.004905 0.002311 0.001546
v -0.004748 0.002453 -0.000901
v -0.006044 0.002214 -0.000937
v -0.006118 0.002147 0.000226
v -0.006193 0.002080 0.001388
v -0.007159 0.001735 0.001121
v -0.007033 0.001849 -0.000836
v -0.007096 0.001792 0.000142
v -0.007776 0.001433 -0.000656
v -0.007823 0.001391 0.000072
v -0.007870 0.001348 0.000800
v -0.008394 0.000989 0.000482
v -0.008335 0.001042 -0.000451
v -0.008364 0.001016 0.000016
v -0.008687 0.000757 -0.000238
v -0.008814 0.000654 -0.000034
v -0.008715 0.000732 0.000195
v -0.000339 0.000379 0.000495
v -0.000395 0.000329 0.001366
v -0.000283 0.000429 -0.000377
v -0.001967 0.001905 0.000478
v -0.002039 0.001840 0.001605
v -0.001894 0.001970 -0.000648
v -0.000941 0.000642 0.001424
v -0.001334 0.001032 0.001497
v -0.001268 0.001091 0.000476
v -0.000819 0.000751 -0.000468
v -0.000880 0.000697 0.000478
v -0.001665 0.001438 0.000471
v -0.001595 0.001501 -0.000615
v -0.001203 0.001150 -0.000545
v -0.001734 0.001375 0.001556
v -0.000199 -0.000106 0.000476
v -0.000146 -0.000059 -0.000340
v -0.000049 -0.000179 -0.000322
v -0.000152 -0.000271 0.001272
v -0.000251 -0.000153 0.001291
v -0.000100 -0.000225 0.000475
v -0.002579 0.001923 0.001606
v -0.003018 0.002115 0.001622
v -0.002942 0.002184 0.000432
v -0.002431 0.002057 -0.000709
v -0.002505 0.001990 0.000449
v -0.003622 0.002269 0.000393
v -0.003544 0.002339 -0.000822
v -0.002865 0.002253 -0.000758
v -0.003700 0.002199 0.001608
v -0.004879 0.002113 0.001536
v -0.004801 0.002184 0.000312
v -0.005991 0.002021 -0.000944
v -0.004722 0.002255 -0.000911
v -0.006140 0.001887 0.001380
v -0.006066 0.001954 0.000218
v -0.007075 0.001553 0.001116
v -0.006950 0.001667 -0.000842
v -0.007670 0.001263 -0.000659
v -0.007013 0.001610 0.000137
v -0.007764 0.001179 0.000797
v -0.007717 0.001221 0.000069
v -0.008275 0.000828 0.000481
v -0.008215 0.000882 -0.000452
v -0.008562 0.000601 -0.000239
v -0.008245 0.000855 0.000014
v -0.008590 0.000576 0.000194
v -0.008688 0.000498 -0.000035
v -0.000547 0.000200 0.001349
v -0.000491 0.000250 0.000477
v -0.000435 0.000301 -0.000394
v -0.002148 0.001673 0.001588
v -0.002076 0.001738 0.000462
v -0.002003 0.001804 -0.000665
v -0.000822 0.001500 -0.000517
v -0.001586 0.001401 0.000159
v -0.001296 0.000936 0.000304
v -0.000588 0.001028 -0.000321
v 0.000120 0.001120 -0.000947
v -0.000057 0.001599 -0.001192
v -0.000254 0.002032 -0.001449
v -0.001066 0.001927 -0.000731
v -0.001879 0.001821 -0.000013
v 0.000461 0.000044 -0.000493
v 0.000419 0.000181 -0.000549
v -0.000192 0.000102 -0.000009
v -0.000803 0.000023 0.000530
v -0.000733 -0.000111 0.000562
v -0.000136 -0.000033 0.000034
v -0.000583 -0.000091 0.000430
v -0.000136 -0.000033 0.000034
v 0.000312 0.000025 -0.000361
v -0.001904 0.002943 -0.001530
v -0.002795 0.002828 -0.000743
v -0.002471 0.002539 -0.000468
v -0.001604 0.002652 -0.001233
v -0.000738 0.002764 -0.001999
v -0.001013 0.003059 -0.002317
v -0.001462 0.003411 -0.002811
v -0.002372 0.003293 -0.002008
v -0.003281 0.003175 -0.001204
v -0.003152 0.003807 -0.002816
v -0.004068 0.003689 -0.002007
v -0.002236 0.003926 -0.003625
v -0.003109 0.004550 -0.004428
v -0.003979 0.004437 -0.003659
v -0.004849 0.004324 -0.002890
v -0.005318 0.005037 -0.003596
v -0.003853 0.005227 -0.004891
v -0.004585 0.005132 -0.004243
v -0.004476 0.005896 -0.005116
v -0.005021 0.005825 -0.004635
v -0.005566 0.005754 -0.004153
v -0.005685 0.006404 -0.004591
v -0.004987 0.006495 -0.005208
v -0.005336 0.006449 -0.004900
v -0.005366 0.006913 -0.005194
v -0.005591 0.007039 -0.005102
v -0.005689 0.006871 -0.004908
v -0.000360 0.000509 -0.000140
v -0.001013 0.000425 0.000436
v 0.000292 0.000594 -0.000716
v -0.001326 0.002312 -0.000968
v -0.002170 0.002202 -0.000223
v -0.000483 0.002421 -0.001714
v -0.001403 0.000835 0.000169
v -0.001687 0.001287 0.000028
v -0.000922 0.001386 -0.000647
v 0.000014 0.001019 -0.001083
v -0.000695 0.000927 -0.000457
v -0.001159 0.001800 -0.000855
v -0.000347 0.001905 -0.001572
v -0.000158 0.001486 -0.001323
v -0.001972 0.001694 -0.000137
v -0.000303 0.000011 -0.000148
v 0.000307 0.000091 -0.000688
v 0.000350 -0.000047 -0.000632
v -0.000844 -0.000202 0.000422
v -0.000914 -0.000068 0.000391
v -0.000247 -0.000124 -0.000105
v -0.002542 0.002383 -0.000571
v -0.002852 0.002658 -0.000832
v -0.001961 0.002773 -0.001619
v -0.000808 0.002608 -0.002102
v -0.001675 0.002496 -0.001336
v -0.002417 0.003114 -0.002086
v -0.001508 0.003232 -0.002889
v -0.001070 0.002889 -0.002406
v -0.003327 0.002996 -0.001282
v -0.004114 0.003510 -0.002085
v -0.003198 0.003629 -0.002894
v -0.003171 0.004385 -0.004522
v -0.002282 0.003748 -0.003703
v -0.004911 0.004159 -0.002985
v -0.004041 0.004272 -0.003754
v -0.005401 0.004896 -0.003711
v -0.003936 0.005086 -0.005006
v -0.004574 0.005778 -0.005245
v -0.004669 0.004991 -0.004358
v -0.005664 0.005636 -0.004281
v -0.005119 0.005707 -0.004763
v -0.005792 0.006302 -0.004727
v -0.005094 0.006393 -0.005344
v -0.005475 0.006818 -0.005332
v -0.005443 0.006348 -0.005035
v -0.005799 0.006776 -0.005046
v -0.005701 0.006944 -0.005240
v -0.001123 0.000331 0.000298
v -0.000471 0.000416 -0.000278
v 0.000182 0.000501 -0.000855
v -0.002253 0.002061 -0.000338
v -0.001409 0.002171 -0.001083
v -0.000566 0.002280 -0.001828
v 0.000989 0.001227 -0.000204
v 0.000330 0.001277 -0.000988
v 0.000068 0.000869 -0.000695
v 0.000678 0.000822 0.000031
v 0.001289 0.000776 0.000756
v 0.001648 0.001176 0.000579
v 0.002007 0.001530 0.000384
v 0.001306 0.001583 -0.000449
v 0.000606 0.001636 -0.001282
v 0.000577 -0.000150 0.001100
v 0.000666 -0.000031 0.001057
v 0.000140 0.000009 0.000432
v -0.000387 0.000049 -0.000194
v -0.000451 -0.000071 -0.000123
v 0.000063 -0.000110 0.000489
v -0.000323 -0.000081 0.000030
v 0.000063 -0.000110 0.000489
v 0.000449 -0.000140 0.000947
v 0.002351 0.002355 -0.001278
v 0.001583 0.002414 -0.002191
v 0.001238 0.002209 -0.001871
v 0.001985 0.002152 -0.000983
v 0.002731 0.002095 -0.000095
v 0.003119 0.002297 -0.000365
v 0.003695 0.002445 -0.000807
v 0.002911 0.002505 -0.001739
v 0.002127 0.002565 -0.002672
v 0.003839 0.002601 -0.002514
v 0.003049 0.002661 -0.003452
v 0.004628 0.002541 -0.001575
v 0.005579 0.002602 -0.002452
v 0.004829 0.002660 -0.003343
v 0.004079 0.002717 -0.004235
v 0.004946 0.002745 -0.004721
v 0.006209 0.002649 -0.003219
v 0.005577 0.002697 -0.003970
v 0.006603 0.002684 -0.003878
v 0.006133 0.002720 -0.004436
v 0.005663 0.002756 -0.004995
v 0.006246 0.002760 -0.005141
v 0.006848 0.002714 -0.004425
v 0.006547 0.002737 -0.004783
v 0.006943 0.002737 -0.004833
v 0.006890 0.002752 -0.005070
v 0.006664 0.002759 -0.005164
v 0.000370 0.000368 0.000261
v -0.000192 0.000411 -0.000408
v 0.000932 0.000325 0.000929
v 0.001637 0.001893 -0.000707
v 0.000910 0.001948 -0.001572
v 0.002364 0.001837 0.000157
v 0.000177 0.000735 -0.000796
v 0.000431 0.001133 -0.001083
v 0.001090 0.001083 -0.000299
v 0.001398 0.000642 0.000656
v 0.000788 0.000689 -0.000070
v 0.001398 0.001428 -0.000536
v 0.002098 0.001375 0.000297
v 0.001749 0.001033 0.000484
v 0.000698 0.001481 -0.001369
v 0.000255 -0.000115 0.000326
v 0.000782 -0.000155 0.000952
v 0.000693 -0.000274 0.000995
v -0.000336 -0.000196 -0.000228
v -0.000271 -0.000075 -0.000299
v 0.000179 -0.000235 0.000383
v 0.001301 0.002031 -0.001936
v 0.001623 0.002224 -0.002237
v 0.002391 0.002165 -0.001324
v 0.002795 0.001917 -0.000160
v 0.002048 0.001974 -0.001048
v 0.002926 0.002307 -0.001765
v 0.003710 0.002247 -0.000833
v 0.003159 0.002106 -0.000411
v 0.002142 0.002367 -0.002697
v 0.003053 0.002462 -0.003468
v 0.003842 0.002402 -0.002529
v 0.005579 0.002403 -0.002464
v 0.004632 0.002341 -0.001591
v 0.004079 0.002517 -0.004248
v 0.004829 0.002460 -0.003356
v 0.004945 0.002545 -0.004733
v 0.006208 0.002449 -0.003231
v 0.006602 0.002484 -0.003889
v 0.005576 0.002497 -0.003982
v 0.005662 0.002556 -0.005006
v 0.006132 0.002520 -0.004448
v 0.006245 0.002561 -0.005153
v 0.006847 0.002515 -0.004437
v 0.006942 0.002538 -0.004844
v 0.006546 0.002538 -0.004795
v 0.006663 0.002559 -0.005176
v 0.006888 0.002552 -0.005082
v -0.000078 0.000285 -0.000512
v 0.000484 0.000242 0.000157
v 0.001047 0.000199 0.000825
v 0.000989 0.001782 -0.001649
v 0.001716 0.001726 -0.000784
v 0.002443 0.001671 0.000080
vt 0.684850 0.341640
vt 0.657620 0.311150
vt 0.676650 0.289600
vt 0.698540 0.314110
vt 0.720440 0.338630
vt 0.712080 0.372130
vt 0.705470 0.405760
vt 0.671740 0.367980
vt 0.638000 0.330200
vt 0.745740 0.273750
vt 0.742160 0.282210
vt 0.724350 0.262270
vt 0.706530 0.242320
vt 0.710930 0.234760
vt 0.728340 0.254250
vt 0.715530 0.239120
vt 0.728680 0.253570
vt 0.741650 0.268360
vt 0.583180 0.387390
vt 0.600520 0.367490
vt 0.646410 0.418880
vt 0.633840 0.444120
vt 0.692300 0.470260
vt 0.684500 0.500850
vt 0.680220 0.516080
vt 0.627710 0.456750
vt 0.575200 0.397420
vt 0.584870 0.386560
vt 0.634420 0.444180
vt 0.683980 0.501800
vt 0.691550 0.471560
vt 0.647390 0.419200
vt 0.603240 0.366830
vt 0.621340 0.350230
vt 0.698710 0.438960
vt 0.660020 0.394600
vt 0.704050 0.405000
vt 0.672160 0.370230
vt 0.640280 0.335460
vt 0.661130 0.321230
vt 0.706180 0.370690
vt 0.683650 0.345960
vt 0.703600 0.341200
vt 0.694820 0.321730
vt 0.680450 0.314370
vt 0.713060 0.284940
vt 0.694030 0.263630
vt 0.732100 0.306250
vt 0.618880 0.348710
vt 0.658980 0.393610
vt 0.699080 0.438520
vt 0.676650 0.289600
vt 0.657620 0.311150
vt 0.684850 0.341640
vt 0.720440 0.338630
vt 0.698540 0.314110
vt 0.671740 0.367980
vt 0.705470 0.405760
vt 0.712080 0.372130
vt 0.638000 0.330200
vt 0.724350 0.262270
vt 0.742160 0.282210
vt 0.745740 0.273750
vt 0.710930 0.234760
vt 0.706530 0.242320
vt 0.728340 0.254250
vt 0.646410 0.418880
vt 0.600520 0.367490
vt 0.583180 0.387390
vt 0.692300 0.470260
vt 0.633840 0.444120
vt 0.627710 0.456750
vt 0.680220 0.516080
vt 0.684500 0.500850
vt 0.575200 0.397420
vt 0.584870 0.386560
vt 0.634420 0.444180
vt 0.647390 0.419200
vt 0.691550 0.471560
vt 0.683980 0.501800
vt 0.603240 0.366830
vt 0.621340 0.350230
vt 0.698710 0.438960
vt 0.704050 0.405000
vt 0.660020 0.394600
vt 0.640280 0.335460
vt 0.672160 0.370230
vt 0.661130 0.321230
vt 0.706180 0.370690
vt 0.703600 0.341200
vt 0.683650 0.345960
vt 0.680450 0.314370
vt 0.694820 0.321730
vt 0.694030 0.263630
vt 0.713060 0.284940
vt 0.732100 0.306250
vt 0.618880 0.348710
vt 0.658980 0.393610
vt 0.699080 0.438520
vt 0.684850 0.341640
vt 0.657620 0.311150
vt 0.676650 0.289600
vt 0.698540 0.314110
vt 0.720440 0.338630
vt 0.712080 0.372130
vt 0.705470 0.405760
vt 0.671740 0.367980
vt 0.638000 0.330200
vt 0.745740 0.273750
vt 0.742160 0.282210
vt 0.724350 0.262270
vt 0.706530 0.242320
vt 0.710930 0.234760
vt 0.728340 0.254250
vt 0.715530 0.239120
vt 0.728680 0.253570
vt 0.741650 0.268360
vt 0.633840 0.444120
vt 0.583180 0.387390
vt 0.600520 0.367490
vt 0.646410 0.418880
vt 0.692300 0.470260
vt 0.684500 0.500850
vt 0.680220 0.516080
vt 0.627710 0.456750
vt 0.575200 0.397420
vt 0.634420 0.444180
vt 0.584870 0.386560
vt 0.683980 0.501800
vt 0.691550 0.471560
vt 0.647390 0.419200
vt 0.603240 0.366830
vt 0.621340 0.350230
vt 0.698710 0.438960
vt 0.660020 0.394600
vt 0.704050 0.405000
vt 0.672160 0.370230
vt 0.640280 0.335460
vt 0.661130 0.321230
vt 0.706180 0.370690
vt 0.683650 0.345960
vt 0.703600 0.341200
vt 0.694820 0.321730
vt 0.680450 0.314370
vt 0.713060 0.284940
vt 0.694030 0.263630
vt 0.732100 0.306250
vt 0.658980 0.393610
vt 0.618880 0.348710
vt 0.699080 0.438520
vt 0.676650 0.289600
vt 0.657620 0.311150
vt 0.684850 0.341640
vt 0.720440 0.338630
vt 0.698540 0.314110
vt 0.671740 0.367980
vt 0.705470 0.405760
vt 0.712080 0.372130
vt 0.638000 0.330200
vt 0.724350 0.262270
vt 0.742160 0.282210
vt 0.745740 0.273750
vt 0.710930 0.234760
vt 0.706530 0.242320
vt 0.728340 0.254250
vt 0.600520 0.367490
vt 0.583180 0.387390
vt 0.633840 0.444120
vt 0.692300 0.470260
vt 0.646410 0.418880
vt 0.627710 0.456750
vt 0.680220 0.516080
vt 0.684500 0.500850
vt 0.575200 0.397420
vt 0.584870 0.386560
vt 0.634420 0.444180
vt 0.691550 0.471560
vt 0.683980 0.501800
vt 0.603240 0.366830
vt 0.647390 0.419200
vt 0.621340 0.350230
vt 0.698710 0.438960
vt 0.704050 0.405000
vt 0.660020 0.394600
vt 0.640280 0.335460
vt 0.672160 0.370230
vt 0.661130 0.321230
vt 0.706180 0.370690
vt 0.703600 0.341200
vt 0.683650 0.345960
vt 0.680450 0.314370
vt 0.694820 0.321730
vt 0.694030 0.263630
vt 0.713060 0.284940
vt 0.732100 0.306250
vt 0.618880 0.348710
vt 0.658980 0.393610
vt 0.699080 0.438520
vt 0.684850 0.341640
vt 0.657620 0.311150
vt 0.676650 0.289600
vt 0.698540 0.314110
vt 0.720440 0.338630
vt 0.712080 0.372130
vt 0.705470 0.405760
vt 0.671740 0.367980
vt 0.638000 0.330200
vt 0.745740 0.273750
vt 0.742160 0.282210
vt 0.724350 0.262270
vt 0.706530 0.242320
vt 0.710930 0.234760
vt 0.728340 0.254250
vt 0.715530 0.239120
vt 0.728680 0.253570
vt 0.741650 0.268360
vt 0.633840 0.444120
vt 0.583180 0.387390
vt 0.600520 0.367490
vt 0.646410 0.418880
vt 0.692300 0.470260
vt 0.684500 0.500850
vt 0.680220 0.516080
vt 0.627710 0.456750
vt 0.575200 0.397420
vt 0.634420 0.444180
vt 0.584870 0.386560
vt 0.683980 0.501800
vt 0.691550 0.471560
vt 0.647390 0.419200
vt 0.603240 0.366830
vt 0.621340 0.350230
vt 0.698710 0.438960
vt 0.660020 0.394600
vt 0.704050 0.405000
vt 0.672160 0.370230
vt 0.640280 0.335460
vt 0.661130 0.321230
vt 0.706180 0.370690
vt 0.683650 0.345960
vt 0.703600 0.341200
vt 0.694820 0.321730
vt 0.680450 0.314370
vt 0.713060 0.284940
vt 0.694030 0.263630
vt 0.732100 0.306250
vt 0.658980 0.393610
vt 0.618880 0.348710
vt 0.699080 0.438520
vt 0.676650 0.289600
vt 0.657620 0.311150
vt 0.684850 0.341640
vt 0.720440 0.338630
vt 0.698540 0.314110
vt 0.671740 0.367980
vt 0.705470 0.405760
vt 0.712080 0.372130
vt 0.638000 0.330200
vt 0.724350 0.262270
vt 0.742160 0.282210
vt 0.745740 0.273750
vt 0.710930 0.234760
vt 0.706530 0.242320
vt 0.728340 0.254250
vt 0.600520 0.367490
vt 0.583180 0.387390
vt 0.633840 0.444120
vt 0.692300 0.470260
vt 0.646410 0.418880
vt 0.627710 0.456750
vt 0.680220 0.516080
vt 0.684500 0.500850
vt 0.575200 0.397420
vt 0.584870 0.386560
vt 0.634420 0.444180
vt 0.691550 0.471560
vt 0.683980 0.501800
vt 0.603240 0.366830
vt 0.647390 0.419200
vt 0.621340 0.350230
vt 0.698710 0.438960
vt 0.704050 0.405000
vt 0.660020 0.394600
vt 0.640280 0.335460
vt 0.672160 0.370230
vt 0.661130 0.321230
vt 0.706180 0.370690
vt 0.703600 0.341200
vt 0.683650 0.345960
vt 0.680450 0.314370
vt 0.694820 0.321730
vt 0.694030 0.263630
vt 0.713060 0.284940
vt 0.732100 0.306250
vt 0.618880 0.348710
vt 0.658980 0.393610
vt 0.699080 0.438520
vt 0.684850 0.341640
vt 0.657620 0.311150
vt 0.676650 0.289600
vt 0.698540 0.314110
vt 0.720440 0.338630
vt 0.712080 0.372130
vt 0.705470 0.405760
vt 0.671740 0.367980
vt 0.638000 0.330200
vt 0.745740 0.273750
vt 0.742160 0.282210
vt 0.724350 0.262270
vt 0.706530 0.242320
vt 0.710930 0.234760
vt 0.728340 0.254250
vt 0.715530 0.239120
vt 0.728680 0.253570
vt 0.741650 0.268360
vt 0.633840 0.444120
vt 0.583180 0.387390
vt 0.600520 0.367490
vt 0.646410 0.418880
vt 0.692300 0.470260
vt 0.684500 0.500850
vt 0.680220 0.516080
vt 0.627710 0.456750
vt 0.575200 0.397420
vt 0.634420 0.444180
vt 0.584870 0.386560
vt 0.683980 0.501800
vt 0.691550 0.471560
vt 0.647390 0.419200
vt 0.603240 0.366830
vt 0.660020 0.394600
vt 0.621340 0.350230
vt 0.698710 0.438960
vt 0.704050 0.405000
vt 0.672160 0.370230
vt 0.640280 0.335460
vt 0.683650 0.345960
vt 0.661130 0.321230
vt 0.706180 0.370690
vt 0.703600 0.341200
vt 0.694820 0.321730
vt 0.680450 0.314370
vt 0.713060 0.284940
vt 0.694030 0.263630
vt 0.732100 0.306250
vt 0.658980 0.393610
vt 0.618880 0.348710
vt 0.699080 0.438520
vt 0.676650 0.289600
vt 0.657620 0.311150
vt 0.684850 0.341640
vt 0.712080 0.372130
vt 0.720440 0.338630
vt 0.698540 0.314110
vt 0.705470 0.405760
vt 0.638000 0.330200
vt 0.671740 0.367980
vt 0.724350 0.262270
vt 0.742160 0.282210
vt 0.745740 0.273750
vt 0.710930 0.234760
vt 0.706530 0.242320
vt 0.728340 0.254250
vt 0.600520 0.367490
vt 0.583180 0.387390
vt 0.633840 0.444120
vt 0.684500 0.500850
vt 0.692300 0.470260
vt 0.646410 0.418880
vt 0.680220 0.516080
vt 0.575200 0.397420
vt 0.627710 0.456750
vt 0.584870 0.386560
vt 0.634420 0.444180
vt 0.683980 0.501800
vt 0.691550 0.471560
vt 0.603240 0.366830
vt 0.647390 0.419200
vt 0.621340 0.350230
vt 0.660020 0.394600
vt 0.698710 0.438960
vt 0.704050 0.405000
vt 0.640280 0.335460
vt 0.672160 0.370230
vt 0.661130 0.321230
vt 0.683650 0.345960
vt 0.706180 0.370690
vt 0.703600 0.341200
vt 0.680450 0.314370
vt 0.694820 0.321730
vt 0.694030 0.263630
vt 0.713060 0.284940
vt 0.732100 0.306250
vt 0.618880 0.348710
vt 0.658980 0.393610
vt 0.699080 0.438520
vt 0.684850 0.341640
vt 0.657620 0.311150
vt 0.676650 0.289600
vt 0.698540 0.314110
vt 0.720440 0.338630
vt 0.712080 0.372130
vt 0.705470 0.405760
vt 0.671740 0.367980
vt 0.638000 0.330200
vt 0.745740 0.273750
vt 0.742160 0.282210
vt 0.724350 0.262270
vt 0.706530 0.242320
vt 0.710930 0.234760
vt 0.728340 0.254250
vt 0.715530 0.239120
vt 0.728680 0.253570
vt 0.741650 0.268360
vt 0.583180 0.387390
vt 0.600520 0.367490
vt 0.646410 0.418880
vt 0.633840 0.444120
vt 0.692300 0.470260
vt 0.684500 0.500850
vt 0.680220 0.516080
vt 0.627710 0.456750
vt 0.575200 0.397420
vt 0.584870 0.386560
vt 0.634420 0.444180
vt 0.683980 0.501800
vt 0.691550 0.471560
vt 0.647390 0.419200
vt 0.603240 0.366830
vt 0.621340 0.350230
vt 0.698710 0.438960
vt 0.660020 0.394600
vt 0.704050 0.405000
vt 0.672160 0.370230
vt 0.640280 0.335460
vt 0.661130 0.321230
vt 0.706180 0.370690
vt 0.683650 0.345960
vt 0.703600 0.341200
vt 0.694820 0.321730
vt 0.680450 0.314370
vt 0.713060 0.284940
vt 0.694030 0.263630
vt 0.732100 0.306250
vt 0.618880 0.348710
vt 0.658980 0.393610
vt 0.699080 0.438520
vt 0.676650 0.289600
vt 0.657620 0.311150
vt 0.684850 0.341640
vt 0.720440 0.338630
vt 0.698540 0.314110
vt 0.671740 0.367980
vt 0.705470 0.405760
vt 0.712080 0.372130
vt 0.638000 0.330200
vt 0.724350 0.262270
vt 0.742160 0.282210
vt 0.745740 0.273750
vt 0.710930 0.234760
vt 0.706530 0.242320
vt 0.728340 0.254250
vt 0.646410 0.418880
vt 0.600520 0.367490
vt 0.583180 0.387390
vt 0.692300 0.470260
vt 0.633840 0.444120
vt 0.627710 0.456750
vt 0.680220 0.516080
vt 0.684500 0.500850
vt 0.575200 0.397420
vt 0.584870 0.386560
vt 0.634420 0.444180
vt 0.647390 0.419200
vt 0.691550 0.471560
vt 0.683980 0.501800
vt 0.603240 0.366830
vt 0.621340 0.350230
vt 0.698710 0.438960
vt 0.704050 0.405000
vt 0.660020 0.394600
vt 0.640280 0.335460
vt 0.672160 0.370230
vt 0.661130 0.321230
vt 0.706180 0.370690
vt 0.703600 0.341200
vt 0.683650 0.345960
vt 0.680450 0.314370
vt 0.694820 0.321730
vt 0.694030 0.263630
vt 0.713060 0.284940
vt 0.732100 0.306250
vt 0.618880 0.348710
vt 0.658980 0.393610
vt 0.699080 0.438520
vt 0.684850 0.341640
vt 0.657620 0.311150
vt 0.676650 0.289600
vt 0.698540 0.314110
vt 0.720440 0.338630
vt 0.712080 0.372130
vt 0.705470 0.405760
vt 0.671740 0.367980
vt 0.638000 0.330200
vt 0.745740 0.273750
vt 0.742160 0.282210
vt 0.724350 0.262270
vt 0.706530 0.242320
vt 0.710930 0.234760
vt 0.728340 0.254250
vt 0.715530 0.239120
vt 0.728680 0.253570
vt 0.741650 0.268360
vt 0.633840 0.444120
vt 0.583180 0.387390
vt 0.600520 0.367490
vt 0.646410 0.418880
vt 0.692300 0.470260
vt 0.684500 0.500850
vt 0.680220 0.516080
vt 0.627710 0.456750
vt 0.575200 0.397420
vt 0.634420 0.444180
vt 0.584870 0.386560
vt 0.683980 0.501800
vt 0.691550 0.471560
vt 0.647390 0.419200
vt 0.603240 0.366830
vt 0.621340 0.350230
vt 0.698710 0.438960
vt 0.660020 0.394600
vt 0.704050 0.405000
vt 0.672160 0.370230
vt 0.640280 0.335460
vt 0.661130 0.321230
vt 0.706180 0.370690
vt 0.683650 0.345960
vt 0.703600 0.341200
vt 0.694820 0.321730
vt 0.680450 0.314370
vt 0.713060 0.284940
vt 0.694030 0.263630
vt 0.732100 0.306250
vt 0.658980 0.393610
vt 0.618880 0.348710
vt 0.699080 0.438520
vt 0.676650 0.289600
vt 0.657620 0.311150
vt 0.684850 0.341640
vt 0.720440 0.338630
vt 0.698540 0.314110
vt 0.671740 0.367980
vt 0.705470 0.405760
vt 0.712080 0.372130
vt 0.638000 0.330200
vt 0.724350 0.262270
vt 0.742160 0.282210
vt 0.745740 0.273750
vt 0.710930 0.234760
vt 0.706530 0.242320
vt 0.728340 0.254250
vt 0.600520 0.367490
vt 0.583180 0.387390
vt 0.633840 0.444120
vt 0.692300 0.470260
vt 0.646410 0.418880
vt 0.627710 0.456750
vt 0.680220 0.516080
vt 0.684500 0.500850
vt 0.575200 0.397420
vt 0.584870 0.386560
vt 0.634420 0.444180
vt 0.691550 0.471560
vt 0.683980 0.501800
vt 0.603240 0.366830
vt 0.647390 0.419200
vt 0.621340 0.350230
vt 0.698710 0.438960
vt 0.704050 0.405000
vt 0.660020 0.394600
vt 0.640280 0.335460
vt 0.672160 0.370230
vt 0.661130 0.321230
vt 0.706180 0.370690
vt 0.703600 0.341200
vt 0.683650 0.345960
vt 0.680450 0.314370
vt 0.694820 0.321730
vt 0.694030 0.263630
vt 0.713060 0.284940
vt 0.732100 0.306250
vt 0.618880 0.348710
vt 0.658980 0.393610
vt 0.699080 0.438520
vt 0.684850 0.341640
vt 0.657620 0.311150
vt 0.676650 0.289600
vt 0.698540 0.314110
vt 0.720440 0.338630
vt 0.712080 0.372130
vt 0.705470 0.405760
vt 0.671740 0.367980
vt 0.638000 0.330200
vt 0.745740 0.273750
vt 0.742160 0.282210
vt 0.724350 0.262270
vt 0.706530 0.242320
vt 0.710930 0.234760
vt 0.728340 0.254250
vt 0.715530 0.239120
vt 0.728680 0.253570
vt 0.741650 0.268360
vt 0.633840 0.444120
vt 0.583180 0.387390
vt 0.600520 0.367490
vt 0.646410 0.418880
vt 0.692300 0.470260
vt 0.684500 0.500850
vt 0.680220 0.516080
vt 0.627710 0.456750
vt 0.575200 0.397420
vt 0.634420 0.444180
vt 0.584870 0.386560
vt 0.683980 0.501800
vt 0.691550 0.471560
vt 0.647390 0.419200
vt 0.603240 0.366830
vt 0.621340 0.350230
vt 0.698710 0.438960
vt 0.660020 0.394600
vt 0.704050 0.405000
vt 0.672160 0.370230
vt 0.640280 0.335460
vt 0.661130 0.321230
vt 0.706180 0.370690
vt 0.683650 0.345960
vt 0.703600 0.341200
vt 0.694820 0.321730
vt 0.680450 0.314370
vt 0.713060 0.284940
vt 0.694030 0.263630
vt 0.732100 0.306250
vt 0.658980 0.393610
vt 0.618880 0.348710
vt 0.699080 0.438520
vt 0.676650 0.289600
vt 0.657620 0.311150
vt 0.684850 0.341640
vt 0.720440 0.338630
vt 0.698540 0.314110
vt 0.671740 0.367980
vt 0.705470 0.405760
vt 0.712080 0.372130
vt 0.638000 0.330200
vt 0.724350 0.262270
vt 0.742160 0.282210
vt 0.745740 0.273750
vt 0.710930 0.234760
vt 0.706530 0.242320
vt 0.728340 0.254250
vt 0.600520 0.367490
vt 0.583180 0.387390
vt 0.633840 0.444120
vt 0.692300 0.470260
vt 0.646410 0.418880
vt 0.627710 0.456750
vt 0.680220 0.516080
vt 0.684500 0.500850
vt 0.575200 0.397420
vt 0.584870 0.386560
vt 0.634420 0.444180
vt 0.691550 0.471560
vt 0.683980 0.501800
vt 0.603240 0.366830
vt 0.647390 0.419200
vt 0.621340 0.350230
vt 0.698710 0.438960
vt 0.704050 0.405000
vt 0.660020 0.394600
vt 0.640280 0.335460
vt 0.672160 0.370230
vt 0.661130 0.321230
vt 0.706180 0.370690
vt 0.703600 0.341200
vt 0.683650 0.345960
vt 0.680450 0.314370
vt 0.694820 0.321730
vt 0.694030 0.263630
vt 0.713060 0.284940
vt 0.732100 0.306250
vt 0.618880 0.348710
vt 0.658980 0.393610
vt 0.699080 0.438520
vt 0.684850 0.341640
vt 0.657620 0.311150
vt 0.676650 0.289600
vt 0.698540 0.314110
vt 0.720440 0.338630
vt 0.712080 0.372130
vt 0.705470 0.405760
vt 0.671740 0.367980
vt 0.638000 0.330200
vt 0.745740 0.273750
vt 0.742160 0.282210
vt 0.724350 0.262270
vt 0.706530 0.242320
vt 0.710930 0.234760
vt 0.728340 0.254250
vt 0.715530 0.239120
vt 0.728680 0.253570
vt 0.741650 0.268360
vt 0.633840 0.444120
vt 0.583180 0.387390
vt 0.600520 0.367490
vt 0.646410 0.418880
vt 0.692300 0.470260
vt 0.684500 0.500850
vt 0.680220 0.516080
vt 0.627710 0.456750
vt 0.575200 0.397420
vt 0.634420 0.444180
vt 0.584870 0.386560
vt 0.683980 0.501800
vt 0.691550 0.471560
vt 0.647390 0.419200
vt 0.603240 0.366830
vt 0.621340 0.350230
vt 0.698710 0.438960
vt 0.660020 0.394600
vt 0.704050 0.405000
vt 0.672160 0.370230
vt 0.640280 0.335460
vt 0.661130 0.321230
vt 0.706180 0.370690
vt 0.683650 0.345960
vt 0.703600 0.341200
vt 0.694820 0.321730
vt 0.680450 0.314370
vt 0.713060 0.284940
vt 0.694030 0.263630
vt 0.732100 0.306250
vt 0.658980 0.393610
vt 0.618880 0.348710
vt 0.699080 0.438520
vt 0.676650 0.289600
vt 0.657620 0.311150
vt 0.684850 0.341640
vt 0.720440 0.338630
vt 0.698540 0.314110
vt 0.671740 0.367980
vt 0.705470 0.405760
vt 0.712080 0.372130
vt 0.638000 0.330200
vt 0.724350 0.262270
vt 0.742160 0.282210
vt 0.745740 0.273750
vt 0.710930 0.234760
vt 0.706530 0.242320
vt 0.728340 0.254250
vt 0.600520 0.367490
vt 0.583180 0.387390
vt 0.633840 0.444120
vt 0.692300 0.470260
vt 0.646410 0.418880
vt 0.627710 0.456750
vt 0.680220 0.516080
vt 0.684500 0.500850
vt 0.575200 0.397420
vt 0.584870 0.386560
vt 0.634420 0.444180
vt 0.691550 0.471560
vt 0.683980 0.501800
vt 0.603240 0.366830
vt 0.647390 0.419200
vt 0.621340 0.350230
vt 0.698710 0.438960
vt 0.704050 0.405000
vt 0.660020 0.394600
vt 0.640280 0.335460
vt 0.672160 0.370230
vt 0.661130 0.321230
vt 0.706180 0.370690
vt 0.703600 0.341200
vt 0.683650 0.345960
vt 0.680450 0.314370
vt 0.694820 0.321730
vt 0.694030 0.263630
vt 0.713060 0.284940
vt 0.732100 0.306250
vt 0.618880 0.348710
vt 0.658980 0.393610
vt 0.699080 0.438520
vn -0.0416 0.6457 0.7624
vn -0.7277 0.3927 0.5624
vn -0.7128 0.3742 0.5932
vn -0.0223 0.6174 0.7864
vn 0.6821 0.3673 0.6324
vn 0.6700 0.3965 0.6276
vn 0.6530 0.4450 0.6128
vn -0.0698 0.6806 0.7294
vn -0.7501 0.4215 0.5097
vn 0.5323 -0.1511 0.8330
vn 0.6977 0.3447 0.6280
vn -0.0043 0.5930 0.8052
vn -0.7061 0.3582 0.6108
vn -0.5449 -0.1345 0.8276
vn 0.0611 0.4041 0.9127
vn -0.8825 0.4256 0.2001
vn 0.0000 0.0000 1.0000
vn -0.6979 -0.7031 0.1364
vn -0.8618 0.4217 0.2818
vn -0.8098 0.4462 0.3810
vn -0.1736 0.7451 0.6440
vn -0.2749 0.7942 0.5419
vn 0.5745 0.5420 0.6133
vn 0.4848 0.6649 0.5682
vn 0.3627 0.8225 0.4380
vn -0.4096 0.8264 0.3864
vn -0.9293 0.3343 0.1569
vn -0.9750 0.2156 0.0542
vn -0.5412 0.8062 0.2391
vn 0.2156 0.9385 0.2695
vn 0.1324 0.9885 -0.0725
vn -0.6055 0.7958 0.0010
vn -0.9823 0.1582 -0.1001
vn -0.9377 0.1858 -0.2936
vn 0.2093 0.8664 -0.4533
vn -0.5304 0.8033 -0.2709
vn 0.3935 0.7145 -0.5784
vn -0.3887 0.8514 -0.3522
vn -0.8636 0.2744 -0.4230
vn -0.7758 0.3542 -0.5221
vn 0.4606 0.6571 -0.5967
vn -0.2750 0.9094 -0.3119
vn 0.3846 0.5560 -0.7369
vn -0.0856 0.3450 -0.9347
vn -0.6026 0.3496 -0.7174
vn -0.0104 0.5990 0.8007
vn -0.7077 0.3624 0.6065
vn 0.6920 0.3515 0.6306
vn -0.7743 0.4483 0.4467
vn -0.1109 0.7162 0.6890
vn 0.6244 0.4978 0.6020
vn -0.6904 -0.5151 -0.5080
vn -0.6803 -0.5415 -0.4939
vn 0.0415 -0.6457 -0.7624
vn 0.7183 -0.4947 -0.4892
vn 0.0222 -0.6173 -0.7864
vn 0.0697 -0.6807 -0.7293
vn 0.7579 -0.4849 -0.4364
vn 0.7349 -0.4956 -0.4629
vn -0.6648 -0.5659 -0.4877
vn 0.0042 -0.5930 -0.8052
vn 0.7046 -0.4882 -0.5150
vn 0.5332 -0.8388 -0.1105
vn -0.5443 -0.8317 -0.1096
vn -0.6995 -0.4865 -0.5235
vn -0.0093 -0.5462 0.8376
vn -0.0050 -0.9887 -0.1500
vn -0.0092 -0.5538 0.8326
vn -0.0035 0.2843 0.9587
vn 0.1733 -0.7451 -0.6440
vn -0.5768 -0.6768 -0.4574
vn -0.4922 -0.7829 -0.3805
vn 0.8141 -0.4449 -0.3733
vn 0.2748 -0.7939 -0.5425
vn 0.4098 -0.8262 -0.3867
vn 0.9466 -0.2651 -0.1838
vn 0.8909 -0.3720 -0.2605
vn -0.3531 -0.8947 -0.2737
vn -0.2259 -0.9541 -0.1964
vn 0.5412 -0.8058 -0.2403
vn 0.6060 -0.7955 -0.0010
vn 0.9923 -0.0331 -0.1193
vn 0.9813 -0.1377 -0.1344
vn -0.1728 -0.9776 -0.1202
vn -0.2091 -0.9769 -0.0431
vn 0.9772 -0.2061 -0.0519
vn 0.9070 -0.4191 0.0412
vn 0.5298 -0.8029 0.2735
vn -0.3092 -0.9499 -0.0448
vn 0.3883 -0.8515 0.3525
vn -0.3847 -0.9106 -0.1510
vn 0.8245 -0.5594 -0.0855
vn 0.6804 -0.6608 -0.3168
vn 0.2752 -0.9094 0.3118
vn -0.2999 -0.8813 -0.3652
vn 0.2126 -0.7890 -0.5764
vn -0.6971 -0.4939 -0.5197
vn 0.0104 -0.5991 -0.8006
vn 0.7097 -0.4891 -0.5071
vn -0.6327 -0.6063 -0.4817
vn 0.1109 -0.7163 -0.6889
vn 0.7812 -0.4690 -0.4119
vn 0.0001 0.6931 0.7208
vn -0.6957 0.4376 0.5697
vn -0.6946 0.3967 0.6001
vn -0.0006 0.6424 0.7664
vn 0.6920 0.3865 0.6098
vn 0.6940 0.4274 0.5793
vn 0.6986 0.4836 0.5273
vn 0.0009 0.7494 0.6621
vn -0.6987 0.4939 0.5176
vn 0.5318 -0.1434 0.8346
vn 0.7001 0.3484 0.6233
vn -0.0012 0.5962 0.8028
vn -0.7035 0.3587 0.6135
vn -0.5454 -0.1355 0.8272
vn 0.0136 0.3211 0.9469
vn 0.0371 0.8687 0.4939
vn 0.0020 0.9346 0.3556
vn 0.0048 0.9498 0.3127
vn -0.6758 0.6920 0.2539
vn -0.6904 0.6096 0.3896
vn 0.0029 0.8678 0.4968
vn 0.6938 0.5994 0.3992
vn 0.6823 0.6820 0.2633
vn 0.6940 0.7163 0.0726
vn 0.0068 0.9972 0.0750
vn -0.6843 0.7264 0.0630
vn 0.0079 0.9969 -0.0780
vn -0.6959 0.7143 -0.0740
vn 0.7073 0.7040 -0.0642
vn 0.7074 0.6717 -0.2201
vn 0.0087 0.9767 -0.2146
vn -0.6942 0.6820 -0.2299
vn -0.6783 0.6077 -0.4130
vn 0.6929 0.5976 -0.4034
vn 0.0094 0.9294 -0.3690
vn 0.6740 0.5056 -0.5386
vn 0.0098 0.8745 -0.4849
vn -0.6589 0.5154 -0.5479
vn -0.6357 0.4145 -0.6512
vn 0.6508 0.4050 -0.6422
vn 0.0100 0.8293 -0.5588
vn 0.5534 0.2279 -0.8011
vn 0.0071 0.0154 -0.9999
vn -0.5388 0.2359 -0.8087
vn -0.0011 0.6075 0.7943
vn -0.6995 0.3693 0.6118
vn 0.6963 0.3590 0.6215
vn 0.0018 0.8088 0.5881
vn -0.6955 0.5565 0.4546
vn 0.6972 0.5462 0.4643
vn -0.7077 -0.5168 -0.4818
vn -0.7123 -0.5446 -0.4429
vn -0.0001 -0.6931 -0.7209
vn 0.7066 -0.5272 -0.4720
vn 0.0006 -0.6423 -0.7665
vn -0.0009 -0.7493 -0.6622
vn 0.7162 -0.5731 -0.3983
vn 0.7103 -0.5550 -0.4330
vn -0.7189 -0.5625 -0.4083
vn 0.0012 -0.5962 -0.8028
vn 0.7020 -0.4949 -0.5121
vn 0.5331 -0.8398 -0.1028
vn -0.5439 -0.8318 -0.1104
vn -0.7020 -0.4845 -0.5219
vn -0.0099 -0.5457 0.8379
vn -0.0063 -0.9893 -0.1461
vn -0.0046 0.2863 0.9581
vn -0.7208 -0.6198 -0.3104
vn -0.7470 -0.6412 -0.1760
vn -0.0048 -0.9495 -0.3137
vn 0.7158 -0.6304 -0.3004
vn -0.0029 -0.8669 -0.4985
vn -0.0069 -0.9972 -0.0739
vn 0.7274 -0.6856 -0.0289
vn 0.7398 -0.6521 -0.1656
vn -0.7369 -0.6748 -0.0391
vn -0.7299 -0.6828 0.0338
vn -0.0079 -0.9969 0.0781
vn 0.7279 -0.6826 0.0650
vn 0.7192 -0.6934 0.0440
vn -0.7387 -0.6718 0.0548
vn -0.0087 -0.9767 0.2145
vn -0.7205 -0.6892 0.0763
vn 0.7092 -0.6997 0.0862
vn 0.6787 -0.7248 0.1186
vn -0.0094 -0.9293 0.3692
vn -0.6909 -0.7147 0.1091
vn -0.0098 -0.8744 0.4851
vn -0.6613 -0.7429 0.1036
vn 0.6488 -0.7526 0.1127
vn 0.5420 -0.8400 -0.0258
vn -0.0100 -0.8291 0.5590
vn -0.5539 -0.8319 -0.0335
vn -0.0050 -0.9563 -0.2924
vn -0.7047 -0.4922 -0.5110
vn 0.0011 -0.6074 -0.7944
vn 0.7045 -0.5025 -0.5012
vn -0.7208 -0.5858 -0.3705
vn -0.0019 -0.8087 -0.5882
vn 0.7171 -0.5964 -0.3606
vn -0.6957 0.4376 0.5696
vn -0.6947 0.3967 0.6000
vn -0.0005 0.6424 0.7664
vn 0.6919 0.3865 0.6098
vn 0.6940 0.4274 0.5794
vn 0.6987 0.4836 0.5273
vn 0.0010 0.7494 0.6621
vn 0.5317 -0.1435 0.8347
vn -0.0011 0.5963 0.8028
vn -0.5453 -0.1354 0.8272
vn 0.0157 0.3820 0.9240
vn -0.0122 0.8683 0.4958
vn -0.0312 0.7550 0.6550
vn -0.6903 0.6096 0.3897
vn 0.0030 0.8678 0.4968
vn 0.6938 0.5994 0.3993
vn 0.6823 0.6820 0.2634
vn 0.6940 0.7163 0.0727
vn -0.6959 0.7143 -0.0739
vn 0.7074 0.6717 -0.2202
vn -0.6943 0.6820 -0.2298
vn 0.6740 0.5056 -0.5387
vn -0.6589 0.5155 -0.5479
vn 0.6507 0.4051 -0.6423
vn 0.0100 0.8292 -0.5588
vn 0.5534 0.2278 -0.8011
vn 0.0071 0.0155 -0.9999
vn -0.5388 0.2359 -0.8088
vn -0.0010 0.6074 0.7944
vn 0.0019 0.8088 0.5881
vn -0.6955 0.5565 0.4545
vn 0.7066 -0.5272 -0.4719
vn 0.0007 -0.6423 -0.7665
vn -0.7189 -0.5625 -0.4084
vn 0.0011 -0.5962 -0.8028
vn 0.7020 -0.4949 -0.5122
vn -0.5439 -0.8319 -0.1103
vn -0.7020 -0.4846 -0.5219
vn -0.0098 -0.5458 0.8379
vn -0.0046 0.2862 0.9581
vn -0.7208 -0.6198 -0.3105
vn -0.7470 -0.6411 -0.1760
vn 0.7158 -0.6304 -0.3005
vn -0.0028 -0.8669 -0.4984
vn -0.0068 -0.9972 -0.0739
vn 0.7273 -0.6857 -0.0288
vn 0.7398 -0.6521 -0.1657
vn 0.7192 -0.6934 0.0439
vn -0.0086 -0.9767 0.2145
vn -0.7205 -0.6892 0.0762
vn 0.7092 -0.6997 0.0863
vn -0.0094 -0.9293 0.3693
vn -0.6909 -0.7147 0.1090
vn -0.0099 -0.8744 0.4851
vn -0.6613 -0.7429 0.1035
vn 0.5421 -0.8399 -0.0258
vn 0.7044 -0.5026 -0.5012
vn -0.0018 -0.8087 -0.5882
vn 0.7171 -0.5964 -0.3605
vn 0.0363 0.7016 0.7117
vn -0.6573 0.3996 0.6389
vn -0.6729 0.3706 0.6402
vn 0.0151 0.6498 0.7600
vn 0.7124 0.4258 0.5578
vn 0.7284 0.4820 0.4869
vn 0.7508 0.5334 0.3896
vn 0.0708 0.7574 0.6491
vn -0.6382 0.4596 0.6176
vn 0.5395 -0.1309 0.8318
vn 0.7036 0.3676 0.6082
vn 0.0004 0.6025 0.7982
vn -0.7001 0.3491 0.6229
vn -0.5375 -0.1350 0.8324
vn -0.1158 0.2941 0.9487
vn -0.8361 0.5074 -0.2084
vn -0.6120 0.2406 -0.7534
vn 0.2940 0.8852 0.3607
vn -0.4735 0.7229 0.5032
vn -0.5434 0.6271 0.5581
vn 0.1909 0.8609 0.4717
vn 0.8136 0.5603 0.1552
vn 0.8715 0.4903 -0.0069
vn 0.9271 0.3275 -0.1822
vn 0.4790 0.8413 0.2503
vn -0.2955 0.8359 0.4625
vn 0.7279 0.6611 0.1821
vn -0.0208 0.8981 0.4393
vn 0.9676 0.0190 -0.2518
vn 0.9327 -0.3324 -0.1402
vn 0.8726 0.4004 0.2797
vn 0.1901 0.9075 0.3746
vn 0.8440 0.2026 0.4965
vn 0.3745 0.8660 0.3313
vn 0.8642 -0.5010 0.0457
vn 0.8196 -0.5581 0.1292
vn 0.7611 0.0726 0.6445
vn 0.4751 0.7726 0.4211
vn 0.7108 -0.0736 0.6995
vn 0.5396 0.6798 0.4968
vn 0.7933 -0.6043 0.0738
vn 0.8001 -0.5987 -0.0389
vn 0.9828 -0.1357 -0.1254
vn 0.8156 0.5236 0.2462
vn 0.0044 0.6139 0.7894
vn -0.6907 0.3560 0.6294
vn 0.7051 0.3826 0.5971
vn 0.1214 0.8128 0.5698
vn -0.6012 0.5413 0.5879
vn 0.7770 0.5659 0.2756
vn -0.7056 -0.5476 -0.4498
vn -0.7204 -0.5769 -0.3851
vn -0.0363 -0.7016 -0.7117
vn 0.6973 -0.5229 -0.4903
vn 0.7080 -0.5004 -0.4983
vn -0.0150 -0.6497 -0.7601
vn 0.6735 -0.5563 -0.4868
vn -0.7483 -0.5772 -0.3270
vn -0.0706 -0.7574 -0.6491
vn -0.0002 -0.6025 -0.7982
vn 0.7027 -0.4872 -0.5185
vn 0.5413 -0.8353 -0.0967
vn -0.5358 -0.8379 -0.1035
vn -0.7012 -0.5002 -0.5081
vn -0.0101 -0.5393 0.8421
vn -0.0069 -0.9904 -0.1384
vn -0.0101 -0.5356 0.8444
vn -0.0050 0.2900 0.9570
vn -0.8214 -0.5371 -0.1917
vn -0.8857 -0.4471 -0.1251
vn -0.2939 -0.8851 -0.3607
vn 0.4681 -0.7903 -0.3953
vn 0.5650 -0.7028 -0.4323
vn -0.1908 -0.8611 -0.4713
vn 0.2563 -0.9005 -0.3512
vn -0.9595 -0.2706 -0.0782
vn -0.4794 -0.8410 -0.2509
vn -0.9994 0.0307 -0.0131
vn -0.7285 -0.6600 -0.1837
vn -0.0701 -0.9630 -0.2603
vn -0.3629 -0.8804 -0.3054
vn -0.9232 0.3619 -0.1296
vn -0.8726 -0.4000 -0.2804
vn -0.7368 0.5549 -0.3864
vn -0.8443 -0.2033 -0.4959
vn -0.3886 -0.7570 -0.5253
vn -0.3004 -0.6568 -0.6916
vn -0.5582 0.6415 -0.5262
vn -0.7618 -0.0730 -0.6437
vn -0.3867 0.7553 -0.5291
vn -0.7114 0.0736 -0.6990
vn -0.2698 -0.5257 -0.8067
vn -0.2013 -0.3626 -0.9100
vn 0.0587 0.7145 -0.6971
vn 0.1327 -0.0046 -0.9911
vn -0.7027 -0.5123 -0.4937
vn -0.0043 -0.6138 -0.7894
vn 0.7065 -0.4895 -0.5112
vn -0.7816 -0.5625 -0.2696
vn -0.1212 -0.8129 -0.5697
vn 0.6300 -0.6147 -0.4746
vn -0.7277 0.3926 0.5624
vn -0.7127 0.3742 0.5933
vn -0.0222 0.6174 0.7864
vn 0.6820 0.3674 0.6324
vn 0.6700 0.3966 0.6276
vn -0.0698 0.6806 0.7293
vn -0.7501 0.4214 0.5097
vn 0.5324 -0.1509 0.8329
vn -0.0042 0.5930 0.8052
vn -0.7061 0.3581 0.6108
vn -0.5449 -0.1344 0.8276
vn 0.0911 0.2758 0.9569
vn -0.7483 0.1467 0.6469
vn -0.4154 0.9043 0.0986
vn -0.8618 0.4218 0.2819
vn 0.5745 0.5419 0.6134
vn 0.4848 0.6649 0.5683
vn 0.3628 0.8225 0.4380
vn -0.4096 0.8264 0.3863
vn -0.9293 0.3344 0.1570
vn -0.5412 0.8062 0.2390
vn 0.2157 0.9385 0.2695
vn -0.9823 0.1583 -0.1001
vn 0.2092 0.8665 -0.4533
vn 0.3936 0.7144 -0.5785
vn -0.7759 0.3542 -0.5221
vn 0.4605 0.6572 -0.5967
vn -0.2750 0.9094 -0.3120
vn 0.3846 0.5559 -0.7369
vn -0.6026 0.3494 -0.7175
vn -0.0104 0.5991 0.8006
vn 0.6920 0.3515 0.6305
vn -0.7742 0.4483 0.4468
vn -0.1110 0.7163 0.6890
vn 0.6243 0.4978 0.6020
vn -0.6905 -0.5151 -0.5079
vn -0.6804 -0.5415 -0.4939
vn 0.0415 -0.6457 -0.7625
vn 0.7183 -0.4946 -0.4892
vn 0.0222 -0.6174 -0.7864
vn 0.0698 -0.6806 -0.7293
vn 0.7349 -0.4956 -0.4630
vn -0.6648 -0.5658 -0.4877
vn 0.7046 -0.4881 -0.5150
vn 0.5333 -0.8387 -0.1104
vn -0.5442 -0.8318 -0.1096
vn -0.6994 -0.4865 -0.5236
vn -0.0092 -0.5462 0.8376
vn -0.0093 -0.5538 0.8326
vn 0.1734 -0.7451 -0.6440
vn -0.5768 -0.6769 -0.4573
vn 0.8141 -0.4450 -0.3732
vn 0.2748 -0.7939 -0.5424
vn 0.4097 -0.8262 -0.3867
vn 0.9466 -0.2650 -0.1838
vn -0.3531 -0.8947 -0.2736
vn -0.2260 -0.9541 -0.1963
vn 0.5413 -0.8058 -0.2403
vn 0.6059 -0.7955 -0.0011
vn 0.9771 -0.2061 -0.0519
vn 0.9070 -0.4191 0.0413
vn 0.5297 -0.8029 0.2734
vn -0.3092 -0.9500 -0.0447
vn 0.3884 -0.8514 0.3525
vn -0.3847 -0.9106 -0.1509
vn 0.8246 -0.5593 -0.0855
vn 0.6804 -0.6607 -0.3169
vn 0.2127 -0.7890 -0.5764
vn -0.6970 -0.4939 -0.5198
vn 0.0104 -0.5990 -0.8007
vn 0.7813 -0.4690 -0.4119
vn -0.6957 0.4377 0.5696
vn -0.0006 0.6423 0.7664
vn 0.6920 0.3865 0.6097
vn 0.5317 -0.1434 0.8347
vn -0.0640 0.4323 0.8995
vn -0.8486 0.4513 0.2759
vn 0.9446 0.0780 0.3189
vn 0.0048 0.9498 0.3128
vn -0.6758 0.6919 0.2539
vn 0.0030 0.8679 0.4968
vn 0.6941 0.7162 0.0726
vn 0.0087 0.9767 -0.2147
vn -0.6942 0.6821 -0.2298
vn -0.6783 0.6078 -0.4130
vn 0.6930 0.5975 -0.4034
vn 0.0098 0.8745 -0.4848
vn 0.6508 0.4051 -0.6422
vn -0.5388 0.2358 -0.8087
vn -0.6954 0.5565 0.4546
vn -0.7076 -0.5168 -0.4818
vn -0.7123 -0.5445 -0.4429
vn -0.0001 -0.6930 -0.7209
vn 0.7162 -0.5730 -0.3984
vn -0.7190 -0.5625 -0.4083
vn -0.5440 -0.8318 -0.1103
vn -0.0046 0.2862 0.9582
vn -0.7207 -0.6198 -0.3104
vn -0.7469 -0.6412 -0.1760
vn 0.7158 -0.6304 -0.3003
vn -0.0029 -0.8669 -0.4984
vn 0.7274 -0.6856 -0.0290
vn -0.7370 -0.6748 -0.0391
vn -0.7298 -0.6828 0.0338
vn 0.7278 -0.6827 0.0651
vn 0.7191 -0.6935 0.0440
vn -0.7205 -0.6893 0.0762
vn 0.7091 -0.6998 0.0862
vn 0.6787 -0.7248 0.1185
vn -0.6908 -0.7147 0.1090
vn 0.5421 -0.8399 -0.0259
vn 0.0010 -0.6074 -0.7944
vn -0.7208 -0.5858 -0.3706
vn 0.7171 -0.5965 -0.3605
vn 0.0002 0.7019 0.7122
vn -0.6952 0.4443 0.5651
vn -0.6942 0.4021 0.5970
vn -0.0005 0.6498 0.7601
vn 0.6916 0.3919 0.6067
vn 0.6937 0.4340 0.5748
vn 0.6983 0.4914 0.5204
vn 0.0011 0.7596 0.6504
vn -0.6982 0.5017 0.5107
vn 0.5314 -0.1373 0.8359
vn 0.6994 0.3546 0.6206
vn -0.0011 0.6024 0.7982
vn -0.7034 0.3628 0.6112
vn -0.5450 -0.1293 0.8284
vn -0.0259 0.3734 0.9273
vn -0.2653 0.7347 0.6244
vn 0.5375 0.7710 0.3415
vn 0.0043 0.9311 0.3648
vn -0.6937 0.6604 0.2874
vn -0.6901 0.6192 0.3747
vn 0.0031 0.8798 0.4753
vn 0.6938 0.6089 0.3844
vn 0.6993 0.6502 0.2970
vn 0.7078 0.6719 0.2181
vn 0.0051 0.9596 0.2814
vn -0.7008 0.6823 0.2083
vn 0.0051 0.9585 0.2851
vn -0.7154 0.6753 0.1795
vn 0.7227 0.6647 0.1895
vn 0.7397 0.6412 0.2043
vn 0.0039 0.9130 0.4080
vn -0.7329 0.6521 0.1941
vn -0.7167 0.6524 0.2466
vn 0.7227 0.6418 0.2566
vn 0.0020 0.8187 0.5742
vn 0.6971 0.6435 0.3163
vn 0.0005 0.7235 0.6904
vn -0.6919 0.6537 0.3066
vn -0.6697 0.6675 0.3255
vn 0.6748 0.6576 0.3349
vn -0.0005 0.6508 0.7593
vn 0.5872 0.7772 0.2259
vn 0.0076 0.9994 -0.0351
vn -0.5789 0.7858 0.2178
vn -0.0010 0.6139 0.7894
vn -0.6992 0.3738 0.6094
vn 0.6961 0.3635 0.6191
vn 0.0020 0.8201 0.5722
vn -0.6948 0.5655 0.4444
vn 0.6968 0.5552 0.4540
vn -0.7079 -0.5220 -0.4758
vn -0.7126 -0.5505 -0.4350
vn -0.0002 -0.7018 -0.7123
vn 0.7067 -0.5324 -0.4660
vn 0.0005 -0.6497 -0.7602
vn -0.0011 -0.7595 -0.6505
vn 0.7163 -0.5796 -0.3884
vn 0.7104 -0.5610 -0.4250
vn -0.7194 -0.5690 -0.3984
vn 0.0011 -0.6024 -0.7982
vn 0.7019 -0.4994 -0.5079
vn 0.5327 -0.8408 -0.0963
vn -0.5436 -0.8329 -0.1038
vn -0.7020 -0.4890 -0.5177
vn -0.0099 -0.5376 0.8431
vn -0.0063 -0.9903 -0.1385
vn -0.0046 0.2899 0.9570
vn -0.7217 -0.6271 -0.2931
vn -0.7267 -0.6501 -0.2218
vn -0.0043 -0.9312 -0.3646
vn 0.7164 -0.6377 -0.2831
vn -0.0032 -0.8798 -0.4754
vn -0.0051 -0.9597 -0.2811
vn 0.7120 -0.6795 -0.1773
vn 0.7201 -0.6608 -0.2117
vn -0.7193 -0.6690 -0.1872
vn -0.7099 -0.6692 -0.2197
vn -0.0051 -0.9584 -0.2854
vn 0.6948 -0.6289 -0.3488
vn 0.7029 -0.6796 -0.2098
vn -0.6992 -0.6186 -0.3585
vn -0.0039 -0.9129 -0.4083
vn -0.6847 -0.5003 -0.5300
vn 0.6845 -0.5104 -0.5205
vn 0.6730 -0.3844 -0.6319
vn -0.0020 -0.8189 -0.5739
vn -0.6697 -0.3744 -0.6413
vn -0.0005 -0.7238 -0.6901
vn -0.6545 -0.2506 -0.7133
vn 0.6606 -0.2603 -0.7042
vn 0.5863 -0.0421 -0.8090
vn 0.0005 -0.6510 -0.7591
vn -0.5756 -0.0335 -0.8171
vn 0.0087 0.2660 -0.9639
vn -0.7048 -0.4969 -0.5063
vn 0.0010 -0.6138 -0.7895
vn 0.7044 -0.5072 -0.4965
vn -0.7214 -0.5929 -0.3579
vn -0.0021 -0.8200 -0.5723
vn 0.7175 -0.6034 -0.3479
vn 0.0002 0.7019 0.7123
vn -0.6951 0.4443 0.5652
vn 0.6916 0.3919 0.6066
vn 0.6984 0.4914 0.5204
vn 0.5313 -0.1372 0.8360
vn 0.7001 0.3525 0.6210
vn -0.0011 0.6023 0.7982
vn -0.5449 -0.1293 0.8284
vn 0.0413 0.3827 0.9230
vn 0.0389 0.8113 0.5833
vn 0.6007 0.6868 0.4092
vn 0.0047 0.9453 0.3261
vn -0.6846 0.6802 0.2621
vn -0.6898 0.6193 0.3750
vn 0.0032 0.8798 0.4753
vn 0.6936 0.6091 0.3846
vn 0.6868 0.6756 0.2682
vn 0.7011 0.6996 0.1380
vn 0.0061 0.9860 0.1666
vn -0.6925 0.7099 0.1284
vn 0.0067 0.9961 0.0884
vn -0.7045 0.7084 0.0432
vn 0.7141 0.6980 0.0531
vn 0.7217 0.6914 -0.0319
vn 0.0069 0.9977 0.0677
vn -0.7110 0.7020 -0.0419
vn -0.6918 0.7068 -0.1477
vn 0.7041 0.6966 -0.1379
vn 0.0069 0.9981 0.0611
vn 0.6719 0.7040 -0.2303
vn 0.0070 0.9983 0.0582
vn -0.6581 0.7138 -0.2396
vn -0.6133 0.7118 -0.3423
vn 0.6284 0.7026 -0.3337
vn 0.4940 0.6886 -0.5309
vn 0.0101 0.6617 -0.7497
vn -0.4763 0.6958 -0.5376
vn -0.6993 0.3737 0.6094
vn 0.0021 0.8201 0.5722
vn -0.6949 0.5654 0.4443
vn 0.6968 0.5552 0.4541
vn -0.7078 -0.5220 -0.4759
vn -0.7125 -0.5505 -0.4350
vn 0.7066 -0.5325 -0.4660
vn -0.0010 -0.7595 -0.6505
vn 0.7164 -0.5796 -0.3884
vn 0.7103 -0.5610 -0.4250
vn 0.0011 -0.6023 -0.7982
vn 0.5326 -0.8408 -0.0964
vn -0.5436 -0.8329 -0.1039
vn -0.0098 -0.5376 0.8431
vn -0.0045 0.2899 0.9571
vn -0.7216 -0.6270 -0.2934
vn -0.7368 -0.6490 -0.1897
vn -0.0047 -0.9452 -0.3264
vn 0.7163 -0.6376 -0.2833
vn -0.0032 -0.8794 -0.4760
vn -0.0061 -0.9861 -0.1660
vn 0.7193 -0.6883 -0.0941
vn 0.7297 -0.6598 -0.1795
vn -0.7280 -0.6776 -0.1042
vn -0.7212 -0.6880 -0.0812
vn -0.0067 -0.9961 -0.0882
vn 0.7137 -0.6889 -0.1262
vn 0.7120 -0.6985 -0.0712
vn -0.7220 -0.6783 -0.1363
vn -0.0069 -0.9977 -0.0677
vn -0.7025 -0.6724 -0.2331
vn 0.6957 -0.6827 -0.2234
vn 0.6623 -0.6816 -0.3111
vn -0.0069 -0.9981 -0.0611
vn -0.6679 -0.6717 -0.3204
vn -0.0070 -0.9983 -0.0582
vn -0.6229 -0.6586 -0.4223
vn 0.6189 -0.6678 -0.4136
vn 0.4849 -0.6290 -0.6076
vn -0.4856 -0.6219 -0.6144
vn 0.0015 -0.5703 -0.8215
vn -0.7048 -0.4969 -0.5064
vn -0.7214 -0.5928 -0.3579
vn 0.7175 -0.6035 -0.3479
usemtl mat0.011
s 1
f 1/1/1 2/2/2 3/3/3
f 1/1/1 4/4/4 5/5/5
f 6/6/6 7/7/7 8/8/8
f 8/8/8 9/9/9 2/2/2
f 10/10/10 11/11/11 12/12/12
f 12/12/12 13/13/13 14/14/14
f 15/15/15 14/14/14 16/16/16
f 15/15/15 17/17/17 18/18/18
f 19/19/19 20/20/20 21/21/21
f 22/22/22 21/21/21 23/23/23
f 24/24/24 25/25/25 26/26/26
f 22/22/22 26/26/26 27/27/27
f 28/28/28 27/27/27 26/26/26
f 29/29/29 26/26/26 25/25/25
f 30/30/30 31/31/31 32/32/32
f 29/29/29 32/32/32 33/33/33
f 34/34/34 33/33/33 32/32/32
f 32/32/32 31/31/31 35/35/35
f 36/36/36 35/35/35 37/37/37
f 36/36/36 38/38/38 39/39/39
f 40/40/40 39/39/39 38/38/38
f 38/38/38 37/37/37 41/41/41
f 42/42/42 41/41/41 43/43/43
f 42/42/42 44/44/44 45/45/45
f 46/46/46 47/47/47 13/13/13
f 46/46/46 12/12/12 11/11/11
f 48/48/48 5/5/5 4/4/4
f 4/4/4 3/3/3 47/47/47
f 49/49/49 9/9/9 8/8/8
f 50/50/50 8/8/8 7/7/7
f 51/51/51 23/23/23 21/21/21
f 50/50/50 21/21/21 20/20/20
f 52/52/52 53/53/53 54/54/54
f 55/55/55 56/56/56 54/54/54
f 57/57/57 58/58/58 59/59/59
f 60/60/60 57/57/57 54/54/54
f 61/61/61 62/62/62 63/63/63
f 64/64/64 65/65/65 61/61/61
f 16/16/66 64/64/64 66/66/67
f 18/18/68 17/17/69 66/66/67
f 67/67/70 68/68/71 69/69/72
f 70/70/73 67/67/70 71/71/74
f 72/72/75 73/73/76 74/74/77
f 75/75/78 72/72/75 71/71/74
f 72/72/75 75/75/78 76/76/79
f 73/73/76 72/72/75 77/77/80
f 78/78/81 79/79/82 80/80/83
f 81/81/84 78/78/81 77/77/80
f 78/78/81 81/81/84 82/82/85
f 83/83/86 79/79/82 78/78/81
f 84/84/87 83/83/86 85/85/88
f 86/86/89 87/87/90 85/85/88
f 87/87/90 86/86/89 88/88/91
f 89/89/92 84/84/87 87/87/90
f 90/90/93 89/89/92 91/91/94
f 92/92/95 93/93/96 91/91/94
f 65/65/65 94/94/97 95/95/98
f 62/62/62 61/61/61 95/95/98
f 56/56/56 55/55/55 96/96/99
f 94/94/97 52/52/52 56/56/56
f 57/57/57 60/60/60 97/97/100
f 58/58/58 57/57/57 98/98/101
f 67/67/70 70/70/73 99/99/102
f 68/68/71 67/67/70 98/98/101
f 3/3/3 52/52/52 94/94/97
f 47/47/47 94/94/97 65/65/65
f 5/5/5 55/55/55 59/59/59
f 6/6/6 59/59/59 58/58/58
f 10/10/10 63/63/63 62/62/62
f 13/13/13 65/65/65 64/64/64
f 14/14/14 64/64/64 16/16/66
f 20/20/20 68/68/71 97/97/100
f 49/49/49 97/97/100 60/60/60
f 23/23/23 70/70/73 74/74/77
f 24/24/24 74/74/77 73/73/76
f 33/33/33 81/81/84 76/76/79
f 28/28/28 76/76/79 75/75/78
f 25/25/25 73/73/76 80/80/83
f 30/30/30 80/80/83 79/79/82
f 34/34/34 39/39/39 86/86/89
f 33/33/33 34/34/34 82/82/85
f 35/35/35 31/31/31 79/79/82
f 37/37/37 35/35/35 83/83/86
f 43/43/43 90/90/93 93/93/96
f 44/44/44 93/93/96 92/92/95
f 40/40/40 45/45/45 92/92/95
f 39/39/39 40/40/40 88/88/91
f 41/41/41 37/37/37 84/84/87
f 41/41/41 89/89/92 90/90/93
f 2/2/2 53/53/53 52/52/52
f 9/9/9 60/60/60 53/53/53
f 48/48/48 96/96/99 55/55/55
f 11/11/11 62/62/62 96/96/99
f 19/19/19 69/69/72 68/68/71
f 27/27/27 75/75/78 69/69/72
f 51/51/51 99/99/102 70/70/73
f 7/7/7 58/58/58 99/99/102
f 4/4/4 1/1/1 3/3/3
f 6/6/6 1/1/1 5/5/5
f 1/1/1 6/6/6 8/8/8
f 1/1/1 8/8/8 2/2/2
f 15/15/15 10/10/10 12/12/12
f 15/15/15 12/12/12 14/14/14
f 17/17/17 15/15/15 16/16/16
f 10/10/10 15/15/15 18/18/18
f 22/22/22 19/19/19 21/21/21
f 24/24/24 22/22/22 23/23/23
f 22/22/22 24/24/24 26/26/26
f 19/19/19 22/22/22 27/27/27
f 29/29/29 28/28/28 26/26/26
f 30/30/30 29/29/29 25/25/25
f 29/29/29 30/30/30 32/32/32
f 28/28/28 29/29/29 33/33/33
f 36/36/36 34/34/34 32/32/32
f 36/36/36 32/32/32 35/35/35
f 38/38/38 36/36/36 37/37/37
f 34/34/34 36/36/36 39/39/39
f 42/42/42 40/40/40 38/38/38
f 42/42/42 38/38/38 41/41/41
f 44/44/44 42/42/42 43/43/43
f 40/40/40 42/42/42 45/45/45
f 12/12/12 46/46/46 13/13/13
f 48/48/48 46/46/46 11/11/11
f 46/46/46 48/48/48 4/4/4
f 46/46/46 4/4/4 47/47/47
f 50/50/50 49/49/49 8/8/8
f 51/51/51 50/50/50 7/7/7
f 50/50/50 51/51/51 21/21/21
f 49/49/49 50/50/50 20/20/20
f 56/56/56 52/52/52 54/54/54
f 59/59/59 55/55/55 54/54/54
f 54/54/54 57/57/57 59/59/59
f 53/53/53 60/60/60 54/54/54
f 66/66/67 61/61/61 63/63/63
f 66/66/67 64/64/64 61/61/61
f 17/17/69 16/16/66 66/66/67
f 63/63/63 18/18/68 66/66/67
f 71/71/74 67/67/70 69/69/72
f 74/74/77 70/70/73 71/71/74
f 71/71/74 72/72/75 74/74/77
f 69/69/72 75/75/78 71/71/74
f 77/77/80 72/72/75 76/76/79
f 80/80/83 73/73/76 77/77/80
f 77/77/80 78/78/81 80/80/83
f 76/76/79 81/81/84 77/77/80
f 85/85/88 78/78/81 82/82/85
f 85/85/88 83/83/86 78/78/81
f 87/87/90 84/84/87 85/85/88
f 82/82/85 86/86/89 85/85/88
f 91/91/94 87/87/90 88/88/91
f 91/91/94 89/89/92 87/87/90
f 93/93/96 90/90/93 91/91/94
f 88/88/91 92/92/95 91/91/94
f 61/61/61 65/65/65 95/95/98
f 96/96/99 62/62/62 95/95/98
f 95/95/98 56/56/56 96/96/99
f 95/95/98 94/94/97 56/56/56
f 98/98/101 57/57/57 97/97/100
f 99/99/102 58/58/58 98/98/101
f 98/98/101 67/67/70 99/99/102
f 97/97/100 68/68/71 98/98/101
f 47/47/47 3/3/3 94/94/97
f 13/13/13 47/47/47 65/65/65
f 6/6/6 5/5/5 59/59/59
f 7/7/7 6/6/6 58/58/58
f 63/63/63 10/10/10 18/18/68
f 11/11/11 10/10/10 62/62/62
f 14/14/14 13/13/13 64/64/64
f 49/49/49 20/20/20 97/97/100
f 9/9/9 49/49/49 60/60/60
f 24/24/24 23/23/23 74/74/77
f 25/25/25 24/24/24 73/73/76
f 28/28/28 33/33/33 76/76/79
f 27/27/27 28/28/28 75/75/78
f 30/30/30 25/25/25 80/80/83
f 31/31/31 30/30/30 79/79/82
f 82/82/85 34/34/34 86/86/89
f 81/81/84 33/33/33 82/82/85
f 83/83/86 35/35/35 79/79/82
f 84/84/87 37/37/37 83/83/86
f 44/44/44 43/43/43 93/93/96
f 45/45/45 44/44/44 92/92/95
f 88/88/91 40/40/40 92/92/95
f 86/86/89 39/39/39 88/88/91
f 89/89/92 41/41/41 84/84/87
f 43/43/43 41/41/41 90/90/93
f 3/3/3 2/2/2 52/52/52
f 2/2/2 9/9/9 53/53/53
f 5/5/5 48/48/48 55/55/55
f 48/48/48 11/11/11 96/96/99
f 20/20/20 19/19/19 68/68/71
f 19/19/19 27/27/27 69/69/72
f 23/23/23 51/51/51 70/70/73
f 51/51/51 7/7/7 99/99/102
usemtl mat1.005
f 100/100/103 101/101/104 102/102/105
f 100/100/103 103/103/106 104/104/107
f 105/105/108 106/106/109 107/107/110
f 107/107/110 108/108/111 101/101/104
f 109/109/112 110/110/113 111/111/114
f 111/111/114 112/112/115 113/113/116
f 114/114/117 113/113/116 115/115/118
f 114/114/117 116/116/17 117/117/119
f 118/118/120 119/119/121 120/120/122
f 118/118/120 121/121/123 122/122/124
f 123/123/125 124/124/126 125/125/127
f 125/125/127 126/126/128 119/119/121
f 127/127/129 128/128/130 126/126/128
f 127/127/129 125/125/127 124/124/126
f 127/127/129 129/129/131 130/130/132
f 127/127/129 131/131/133 132/132/134
f 133/133/135 132/132/134 131/131/133
f 131/131/133 130/130/132 134/134/136
f 135/135/137 134/134/136 136/136/138
f 135/135/137 137/137/139 138/138/140
f 139/139/141 138/138/140 137/137/139
f 137/137/139 136/136/138 140/140/142
f 141/141/143 140/140/142 142/142/144
f 141/141/143 143/143/145 144/144/146
f 145/145/147 146/146/148 112/112/115
f 145/145/147 111/111/114 110/110/113
f 147/147/149 104/104/107 103/103/106
f 103/103/106 102/102/105 146/146/148
f 148/148/150 149/149/151 108/108/111
f 148/148/150 107/107/110 106/106/109
f 150/150/152 122/122/124 121/121/123
f 121/121/123 120/120/122 149/149/151
f 151/151/153 152/152/154 153/153/155
f 154/154/156 155/155/157 153/153/155
f 156/156/158 157/157/159 158/158/160
f 152/152/154 159/159/161 156/156/158
f 160/160/162 161/161/163 162/162/164
f 163/163/165 164/164/166 160/160/162
f 115/115/167 163/163/165 165/165/168
f 117/117/167 116/116/169 165/165/168
f 166/166/170 167/167/171 168/168/172
f 169/169/173 170/170/174 168/168/172
f 171/171/175 172/172/176 173/173/177
f 167/167/171 174/174/178 171/171/175
f 174/174/178 175/175/179 176/176/180
f 172/172/176 171/171/175 176/176/180
f 177/177/181 178/178/182 176/176/180
f 179/179/183 180/180/184 176/176/180
f 180/180/184 179/179/183 181/181/185
f 182/182/186 177/177/181 180/180/184
f 183/183/187 182/182/186 184/184/188
f 185/185/189 186/186/190 184/184/188
f 186/186/190 185/185/189 187/187/191
f 188/188/192 183/183/187 186/186/190
f 189/189/193 188/188/192 190/190/194
f 191/191/195 192/192/196 190/190/194
f 164/164/166 193/193/197 194/194/198
f 161/161/163 160/160/162 194/194/198
f 155/155/157 154/154/156 195/195/199
f 193/193/197 151/151/153 155/155/157
f 159/159/161 196/196/200 197/197/201
f 157/157/159 156/156/158 197/197/201
f 170/170/174 169/169/173 198/198/202
f 196/196/200 166/166/170 170/170/174
f 146/146/148 102/102/105 151/151/153
f 112/112/115 146/146/148 193/193/197
f 104/104/107 154/154/156 158/158/160
f 105/105/108 158/158/160 157/157/159
f 109/109/112 162/162/164 161/161/163
f 113/113/116 112/112/115 164/164/166
f 113/113/116 163/163/165 115/115/167
f 149/149/151 120/120/122 166/166/170
f 108/108/111 149/149/151 196/196/200
f 122/122/124 169/169/173 173/173/177
f 124/124/126 123/123/125 173/173/177
f 128/128/130 132/132/134 179/179/183
f 128/128/130 175/175/179 174/174/178
f 129/129/131 124/124/126 172/172/176
f 129/129/131 178/178/182 177/177/181
f 138/138/140 185/185/189 181/181/185
f 133/133/135 181/181/185 179/179/183
f 134/134/136 130/130/132 177/177/181
f 136/136/138 134/134/136 182/182/186
f 143/143/145 142/142/144 189/189/193
f 143/143/145 192/192/196 191/191/195
f 144/144/146 191/191/195 187/187/191
f 139/139/141 187/187/191 185/185/189
f 140/140/142 136/136/138 183/183/187
f 142/142/144 140/140/142 188/188/192
f 102/102/105 101/101/104 152/152/154
f 101/101/104 108/108/111 159/159/161
f 147/147/149 195/195/199 154/154/156
f 110/110/113 161/161/163 195/195/199
f 120/120/122 119/119/121 167/167/171
f 126/126/128 174/174/178 167/167/171
f 150/150/152 198/198/202 169/169/173
f 106/106/109 157/157/159 198/198/202
f 103/103/106 100/100/103 102/102/105
f 105/105/108 100/100/103 104/104/107
f 100/100/103 105/105/108 107/107/110
f 100/100/103 107/107/110 101/101/104
f 114/114/117 109/109/112 111/111/114
f 114/114/117 111/111/114 113/113/116
f 116/116/17 114/114/117 115/115/118
f 109/109/112 114/114/117 117/117/119
f 121/121/123 118/118/120 120/120/122
f 123/123/125 118/118/120 122/122/124
f 118/118/120 123/123/125 125/125/127
f 118/118/120 125/125/127 119/119/121
f 125/125/127 127/127/129 126/126/128
f 129/129/131 127/127/129 124/124/126
f 131/131/133 127/127/129 130/130/132
f 128/128/130 127/127/129 132/132/134
f 135/135/137 133/133/135 131/131/133
f 135/135/137 131/131/133 134/134/136
f 137/137/139 135/135/137 136/136/138
f 133/133/135 135/135/137 138/138/140
f 141/141/143 139/139/141 137/137/139
f 141/141/143 137/137/139 140/140/142
f 143/143/145 141/141/143 142/142/144
f 139/139/141 141/141/143 144/144/146
f 111/111/114 145/145/147 112/112/115
f 147/147/149 145/145/147 110/110/113
f 145/145/147 147/147/149 103/103/106
f 145/145/147 103/103/106 146/146/148
f 107/107/110 148/148/150 108/108/111
f 150/150/152 148/148/150 106/106/109
f 148/148/150 150/150/152 121/121/123
f 148/148/150 121/121/123 149/149/151
f 155/155/157 151/151/153 153/153/155
f 158/158/160 154/154/156 153/153/155
f 153/153/155 156/156/158 158/158/160
f 153/153/155 152/152/154 156/156/158
f 165/165/168 160/160/162 162/162/164
f 165/165/168 163/163/165 160/160/162
f 116/116/169 115/115/167 165/165/168
f 162/162/164 117/117/167 165/165/168
f 170/170/174 166/166/170 168/168/172
f 173/173/177 169/169/173 168/168/172
f 168/168/172 171/171/175 173/173/177
f 168/168/172 167/167/171 171/171/175
f 171/171/175 174/174/178 176/176/180
f 178/178/182 172/172/176 176/176/180
f 180/180/184 177/177/181 176/176/180
f 175/175/179 179/179/183 176/176/180
f 184/184/188 180/180/184 181/181/185
f 184/184/188 182/182/186 180/180/184
f 186/186/190 183/183/187 184/184/188
f 181/181/185 185/185/189 184/184/188
f 190/190/194 186/186/190 187/187/191
f 190/190/194 188/188/192 186/186/190
f 192/192/196 189/189/193 190/190/194
f 187/187/191 191/191/195 190/190/194
f 160/160/162 164/164/166 194/194/198
f 195/195/199 161/161/163 194/194/198
f 194/194/198 155/155/157 195/195/199
f 194/194/198 193/193/197 155/155/157
f 156/156/158 159/159/161 197/197/201
f 198/198/202 157/157/159 197/197/201
f 197/197/201 170/170/174 198/198/202
f 197/197/201 196/196/200 170/170/174
f 193/193/197 146/146/148 151/151/153
f 164/164/166 112/112/115 193/193/197
f 105/105/108 104/104/107 158/158/160
f 106/106/109 105/105/108 157/157/159
f 162/162/164 109/109/112 117/117/167
f 110/110/113 109/109/112 161/161/163
f 163/163/165 113/113/116 164/164/166
f 196/196/200 149/149/151 166/166/170
f 159/159/161 108/108/111 196/196/200
f 123/123/125 122/122/124 173/173/177
f 172/172/176 124/124/126 173/173/177
f 175/175/179 128/128/130 179/179/183
f 126/126/128 128/128/130 174/174/178
f 178/178/182 129/129/131 172/172/176
f 130/130/132 129/129/131 177/177/181
f 133/133/135 138/138/140 181/181/185
f 132/132/134 133/133/135 179/179/183
f 182/182/186 134/134/136 177/177/181
f 183/183/187 136/136/138 182/182/186
f 192/192/196 143/143/145 189/189/193
f 144/144/146 143/143/145 191/191/195
f 139/139/141 144/144/146 187/187/191
f 138/138/140 139/139/141 185/185/189
f 188/188/192 140/140/142 183/183/187
f 189/189/193 142/142/144 188/188/192
f 151/151/153 102/102/105 152/152/154
f 152/152/154 101/101/104 159/159/161
f 104/104/107 147/147/149 154/154/156
f 147/147/149 110/110/113 195/195/199
f 166/166/170 120/120/122 167/167/171
f 119/119/121 126/126/128 167/167/171
f 122/122/124 150/150/152 169/169/173
f 150/150/152 106/106/109 198/198/202
usemtl mat2.005
f 199/199/103 200/200/203 201/201/204
f 199/199/103 202/202/205 203/203/206
f 204/204/207 205/205/208 206/206/209
f 206/206/209 207/207/111 200/200/203
f 208/208/210 209/209/113 210/210/211
f 210/210/211 211/211/115 212/212/212
f 213/213/213 212/212/212 214/214/214
f 213/213/213 215/215/17 216/216/215
f 217/217/120 218/218/121 219/219/216
f 217/217/120 220/220/217 221/221/218
f 222/222/219 223/223/220 224/224/127
f 224/224/127 225/225/128 218/218/121
f 226/226/129 227/227/221 225/225/128
f 226/226/129 224/224/127 223/223/220
f 226/226/129 228/228/131 229/229/222
f 226/226/129 230/230/133 231/231/223
f 232/232/135 231/231/223 230/230/133
f 230/230/133 229/229/222 233/233/136
f 234/234/137 233/233/136 235/235/224
f 234/234/137 236/236/139 237/237/225
f 238/238/141 237/237/225 236/236/139
f 236/236/139 235/235/224 239/239/226
f 240/240/227 239/239/226 241/241/228
f 240/240/227 242/242/229 243/243/230
f 244/244/231 245/245/148 211/211/115
f 244/244/231 210/210/211 209/209/113
f 246/246/149 203/203/206 202/202/205
f 202/202/205 201/201/204 245/245/148
f 247/247/232 248/248/233 207/207/111
f 247/247/232 206/206/209 205/205/208
f 249/249/152 221/221/218 220/220/217
f 220/220/217 219/219/216 248/248/233
f 250/250/153 251/251/154 252/252/155
f 253/253/234 254/254/235 252/252/155
f 255/255/158 256/256/159 257/257/160
f 251/251/154 258/258/236 255/255/158
f 259/259/237 260/260/238 261/261/164
f 262/262/239 263/263/240 259/259/237
f 214/214/241 262/262/239 264/264/168
f 216/216/241 215/215/242 264/264/168
f 265/265/243 266/266/244 267/267/172
f 268/268/245 269/269/246 267/267/172
f 270/270/247 271/271/248 272/272/249
f 266/266/244 273/273/178 270/270/247
f 273/273/178 274/274/179 275/275/180
f 271/271/248 270/270/247 275/275/180
f 276/276/181 277/277/250 275/275/180
f 278/278/183 279/279/251 275/275/180
f 279/279/251 278/278/183 280/280/252
f 281/281/253 276/276/181 279/279/251
f 282/282/187 281/281/253 283/283/254
f 284/284/255 285/285/256 283/283/254
f 285/285/256 284/284/255 286/286/257
f 287/287/192 282/282/187 285/285/256
f 288/288/258 287/287/192 289/289/194
f 290/290/195 291/291/196 289/289/194
f 263/263/240 292/292/197 293/293/198
f 260/260/238 259/259/237 293/293/198
f 254/254/235 253/253/234 294/294/259
f 292/292/197 250/250/153 254/254/235
f 258/258/236 295/295/200 296/296/260
f 256/256/159 255/255/158 296/296/260
f 269/269/246 268/268/245 297/297/261
f 295/295/200 265/265/243 269/269/246
f 245/245/148 201/201/204 250/250/153
f 211/211/115 245/245/148 292/292/197
f 203/203/206 253/253/234 257/257/160
f 204/204/207 257/257/160 256/256/159
f 208/208/210 261/261/164 260/260/238
f 212/212/212 211/211/115 263/263/240
f 212/212/212 262/262/239 214/214/241
f 248/248/233 219/219/216 265/265/243
f 207/207/111 248/248/233 295/295/200
f 221/221/218 268/268/245 272/272/249
f 223/223/220 222/222/219 272/272/249
f 227/227/221 231/231/223 278/278/183
f 227/227/221 274/274/179 273/273/178
f 228/228/131 223/223/220 271/271/248
f 228/228/131 277/277/250 276/276/181
f 237/237/225 284/284/255 280/280/252
f 232/232/135 280/280/252 278/278/183
f 233/233/136 229/229/222 276/276/181
f 235/235/224 233/233/136 281/281/253
f 242/242/229 241/241/228 288/288/258
f 242/242/229 291/291/196 290/290/195
f 243/243/230 290/290/195 286/286/257
f 238/238/141 286/286/257 284/284/255
f 239/239/226 235/235/224 282/282/187
f 241/241/228 239/239/226 287/287/192
f 201/201/204 200/200/203 251/251/154
f 200/200/203 207/207/111 258/258/236
f 246/246/149 294/294/259 253/253/234
f 209/209/113 260/260/238 294/294/259
f 219/219/216 218/218/121 266/266/244
f 225/225/128 273/273/178 266/266/244
f 249/249/152 297/297/261 268/268/245
f 205/205/208 256/256/159 297/297/261
f 202/202/205 199/199/103 201/201/204
f 204/204/207 199/199/103 203/203/206
f 199/199/103 204/204/207 206/206/209
f 199/199/103 206/206/209 200/200/203
f 213/213/213 208/208/210 210/210/211
f 213/213/213 210/210/211 212/212/212
f 215/215/17 213/213/213 214/214/214
f 208/208/210 213/213/213 216/216/215
f 220/220/217 217/217/120 219/219/216
f 222/222/219 217/217/120 221/221/218
f 217/217/120 222/222/219 224/224/127
f 217/217/120 224/224/127 218/218/121
f 224/224/127 226/226/129 225/225/128
f 228/228/131 226/226/129 223/223/220
f 230/230/133 226/226/129 229/229/222
f 227/227/221 226/226/129 231/231/223
f 234/234/137 232/232/135 230/230/133
f 234/234/137 230/230/133 233/233/136
f 236/236/139 234/234/137 235/235/224
f 232/232/135 234/234/137 237/237/225
f 240/240/227 238/238/141 236/236/139
f 240/240/227 236/236/139 239/239/226
f 242/242/229 240/240/227 241/241/228
f 238/238/141 240/240/227 243/243/230
f 210/210/211 244/244/231 211/211/115
f 246/246/149 244/244/231 209/209/113
f 244/244/231 246/246/149 202/202/205
f 244/244/231 202/202/205 245/245/148
f 206/206/209 247/247/232 207/207/111
f 249/249/152 247/247/232 205/205/208
f 247/247/232 249/249/152 220/220/217
f 247/247/232 220/220/217 248/248/233
f 254/254/235 250/250/153 252/252/155
f 257/257/160 253/253/234 252/252/155
f 252/252/155 255/255/158 257/257/160
f 252/252/155 251/251/154 255/255/158
f 264/264/168 259/259/237 261/261/164
f 264/264/168 262/262/239 259/259/237
f 215/215/242 214/214/241 264/264/168
f 261/261/164 216/216/241 264/264/168
f 269/269/246 265/265/243 267/267/172
f 272/272/249 268/268/245 267/267/172
f 267/267/172 270/270/247 272/272/249
f 267/267/172 266/266/244 270/270/247
f 270/270/247 273/273/178 275/275/180
f 277/277/250 271/271/248 275/275/180
f 279/279/251 276/276/181 275/275/180
f 274/274/179 278/278/183 275/275/180
f 283/283/254 279/279/251 280/280/252
f 283/283/254 281/281/253 279/279/251
f 285/285/256 282/282/187 283/283/254
f 280/280/252 284/284/255 283/283/254
f 289/289/194 285/285/256 286/286/257
f 289/289/194 287/287/192 285/285/256
f 291/291/196 288/288/258 289/289/194
f 286/286/257 290/290/195 289/289/194
f 259/259/237 263/263/240 293/293/198
f 294/294/259 260/260/238 293/293/198
f 293/293/198 254/254/235 294/294/259
f 293/293/198 292/292/197 254/254/235
f 255/255/158 258/258/236 296/296/260
f 297/297/261 256/256/159 296/296/260
f 296/296/260 269/269/246 297/297/261
f 296/296/260 295/295/200 269/269/246
f 292/292/197 245/245/148 250/250/153
f 263/263/240 211/211/115 292/292/197
f 204/204/207 203/203/206 257/257/160
f 205/205/208 204/204/207 256/256/159
f 261/261/164 208/208/210 216/216/241
f 209/209/113 208/208/210 260/260/238
f 262/262/239 212/212/212 263/263/240
f 295/295/200 248/248/233 265/265/243
f 258/258/236 207/207/111 295/295/200
f 222/222/219 221/221/218 272/272/249
f 271/271/248 223/223/220 272/272/249
f 274/274/179 227/227/221 278/278/183
f 225/225/128 227/227/221 273/273/178
f 277/277/250 228/228/131 271/271/248
f 229/229/222 228/228/131 276/276/181
f 232/232/135 237/237/225 280/280/252
f 231/231/223 232/232/135 278/278/183
f 281/281/253 233/233/136 276/276/181
f 282/282/187 235/235/224 281/281/253
f 291/291/196 242/242/229 288/288/258
f 243/243/230 242/242/229 290/290/195
f 238/238/141 243/243/230 286/286/257
f 237/237/225 238/238/141 284/284/255
f 287/287/192 239/239/226 282/282/187
f 288/288/258 241/241/228 287/287/192
f 250/250/153 201/201/204 251/251/154
f 251/251/154 200/200/203 258/258/236
f 203/203/206 246/246/149 253/253/234
f 246/246/149 209/209/113 294/294/259
f 265/265/243 219/219/216 266/266/244
f 218/218/121 225/225/128 266/266/244
f 221/221/218 249/249/152 268/268/245
f 249/249/152 205/205/208 297/297/261
usemtl mat3.005
f 298/298/262 299/299/263 300/300/264
f 301/301/265 302/302/266 303/303/267
f 298/298/262 303/303/267 304/304/268
f 305/305/269 306/306/270 299/299/263
f 307/307/271 308/308/272 309/309/273
f 309/309/273 310/310/274 311/311/275
f 312/312/276 311/311/275 313/313/277
f 312/312/276 314/314/17 315/315/278
f 316/316/279 317/317/280 318/318/281
f 319/319/282 320/320/283 321/321/284
f 316/316/279 321/321/284 322/322/285
f 323/323/286 324/324/287 317/317/280
f 325/325/288 326/326/289 324/324/287
f 323/323/286 322/322/285 327/327/290
f 325/325/288 327/327/290 328/328/291
f 329/329/292 330/330/293 326/326/289
f 331/331/294 332/332/295 330/330/293
f 329/329/292 328/328/291 333/333/296
f 331/331/294 333/333/296 334/334/297
f 331/331/294 335/335/298 336/336/299
f 337/337/300 338/338/301 336/336/299
f 335/335/298 334/334/297 339/339/302
f 337/337/300 339/339/302 340/340/303
f 337/337/300 341/341/304 342/342/305
f 343/343/306 344/344/307 310/310/274
f 343/343/306 309/309/273 308/308/272
f 345/345/308 302/302/266 301/301/265
f 301/301/265 300/300/264 344/344/307
f 346/346/309 347/347/310 306/306/270
f 305/305/269 304/304/268 348/348/311
f 346/346/309 348/348/311 320/320/283
f 319/319/282 318/318/281 347/347/310
f 349/349/312 350/350/313 351/351/314
f 352/352/315 353/353/316 354/354/317
f 355/355/318 352/352/315 351/351/314
f 350/350/313 356/356/319 357/357/320
f 358/358/321 359/359/322 360/360/323
f 361/361/324 362/362/325 358/358/321
f 313/313/326 361/361/324 363/363/327
f 315/315/328 314/314/329 363/363/327
f 364/364/330 365/365/331 366/366/332
f 367/367/333 368/368/334 369/369/335
f 370/370/336 367/367/333 366/366/332
f 365/365/331 371/371/337 372/372/338
f 371/371/337 373/373/339 374/374/340
f 375/375/341 370/370/336 372/372/338
f 376/376/342 375/375/341 374/374/340
f 373/373/339 377/377/343 378/378/344
f 377/377/343 379/379/345 380/380/346
f 381/381/347 376/376/342 378/378/344
f 382/382/348 381/381/347 380/380/346
f 383/383/349 384/384/350 380/380/346
f 383/383/349 385/385/351 386/386/352
f 387/387/353 382/382/348 384/384/350
f 388/388/354 387/387/353 386/386/352
f 389/389/355 390/390/356 386/386/352
f 362/362/325 391/391/357 392/392/358
f 359/359/322 358/358/321 392/392/358
f 354/354/317 353/353/316 393/393/359
f 391/391/357 349/349/312 354/354/317
f 356/356/319 394/394/360 395/395/361
f 396/396/362 355/355/318 357/357/320
f 368/368/334 396/396/362 395/395/361
f 394/394/360 364/364/330 369/369/335
f 344/344/307 300/300/264 349/349/312
f 310/310/274 344/344/307 391/391/357
f 303/303/267 302/302/266 353/353/316
f 304/304/268 303/303/267 352/352/315
f 308/308/272 307/307/271 360/360/323
f 311/311/275 310/310/274 362/362/325
f 311/311/275 361/361/324 313/313/326
f 347/347/310 318/318/281 364/364/330
f 306/306/270 347/347/310 394/394/360
f 321/321/284 320/320/283 368/368/334
f 322/322/285 321/321/284 367/367/333
f 326/326/289 330/330/293 377/377/343
f 324/324/287 326/326/289 373/373/339
f 327/327/290 322/322/285 370/370/336
f 328/328/291 327/327/290 375/375/341
f 332/332/295 336/336/299 383/383/349
f 330/330/293 332/332/295 379/379/345
f 333/333/296 328/328/291 376/376/342
f 333/333/296 381/381/347 382/382/348
f 340/340/303 388/388/354 390/390/356
f 341/341/304 390/390/356 389/389/355
f 338/338/301 342/342/305 389/389/355
f 336/336/299 338/338/301 385/385/351
f 339/339/302 334/334/297 382/382/348
f 340/340/303 339/339/302 387/387/353
f 300/300/264 299/299/263 350/350/313
f 299/299/263 306/306/270 356/356/319
f 345/345/308 393/393/359 353/353/316
f 308/308/272 359/359/322 393/393/359
f 318/318/281 317/317/280 365/365/331
f 317/317/280 324/324/287 371/371/337
f 320/320/283 348/348/311 396/396/362
f 348/348/311 304/304/268 355/355/318
f 301/301/265 298/298/262 300/300/264
f 298/298/262 301/301/265 303/303/267
f 305/305/269 298/298/262 304/304/268
f 298/298/262 305/305/269 299/299/263
f 312/312/276 307/307/271 309/309/273
f 312/312/276 309/309/273 311/311/275
f 314/314/17 312/312/276 313/313/277
f 307/307/271 312/312/276 315/315/278
f 319/319/282 316/316/279 318/318/281
f 316/316/279 319/319/282 321/321/284
f 323/323/286 316/316/279 322/322/285
f 316/316/279 323/323/286 317/317/280
f 323/323/286 325/325/288 324/324/287
f 325/325/288 323/323/286 327/327/290
f 329/329/292 325/325/288 328/328/291
f 325/325/288 329/329/292 326/326/289
f 329/329/292 331/331/294 330/330/293
f 331/331/294 329/329/292 333/333/296
f 335/335/298 331/331/294 334/334/297
f 332/332/295 331/331/294 336/336/299
f 335/335/298 337/337/300 336/336/299
f 337/337/300 335/335/298 339/339/302
f 341/341/304 337/337/300 340/340/303
f 338/338/301 337/337/300 342/342/305
f 309/309/273 343/343/306 310/310/274
f 345/345/308 343/343/306 308/308/272
f 343/343/306 345/345/308 301/301/265
f 343/343/306 301/301/265 344/344/307
f 305/305/269 346/346/309 306/306/270
f 346/346/309 305/305/269 348/348/311
f 319/319/282 346/346/309 320/320/283
f 346/346/309 319/319/282 347/347/310
f 354/354/317 349/349/312 351/351/314
f 351/351/314 352/352/315 354/354/317
f 357/357/320 355/355/318 351/351/314
f 351/351/314 350/350/313 357/357/320
f 363/363/327 358/358/321 360/360/323
f 363/363/327 361/361/324 358/358/321
f 314/314/329 313/313/326 363/363/327
f 360/360/323 315/315/328 363/363/327
f 369/369/335 364/364/330 366/366/332
f 366/366/332 367/367/333 369/369/335
f 372/372/338 370/370/336 366/366/332
f 366/366/332 365/365/331 372/372/338
f 372/372/338 371/371/337 374/374/340
f 374/374/340 375/375/341 372/372/338
f 378/378/344 376/376/342 374/374/340
f 374/374/340 373/373/339 378/378/344
f 378/378/344 377/377/343 380/380/346
f 380/380/346 381/381/347 378/378/344
f 384/384/350 382/382/348 380/380/346
f 379/379/345 383/383/349 380/380/346
f 384/384/350 383/383/349 386/386/352
f 386/386/352 387/387/353 384/384/350
f 390/390/356 388/388/354 386/386/352
f 385/385/351 389/389/355 386/386/352
f 358/358/321 362/362/325 392/392/358
f 393/393/359 359/359/322 392/392/358
f 392/392/358 354/354/317 393/393/359
f 392/392/358 391/391/357 354/354/317
f 357/357/320 356/356/319 395/395/361
f 395/395/361 396/396/362 357/357/320
f 369/369/335 368/368/334 395/395/361
f 395/395/361 394/394/360 369/369/335
f 391/391/357 344/344/307 349/349/312
f 362/362/325 310/310/274 391/391/357
f 352/352/315 303/303/267 353/353/316
f 355/355/318 304/304/268 352/352/315
f 360/360/323 307/307/271 315/315/328
f 359/359/322 308/308/272 360/360/323
f 361/361/324 311/311/275 362/362/325
f 394/394/360 347/347/310 364/364/330
f 356/356/319 306/306/270 394/394/360
f 367/367/333 321/321/284 368/368/334
f 370/370/336 322/322/285 367/367/333
f 373/373/339 326/326/289 377/377/343
f 371/371/337 324/324/287 373/373/339
f 375/375/341 327/327/290 370/370/336
f 376/376/342 328/328/291 375/375/341
f 379/379/345 332/332/295 383/383/349
f 377/377/343 330/330/293 379/379/345
f 381/381/347 333/333/296 376/376/342
f 334/334/297 333/333/296 382/382/348
f 341/341/304 340/340/303 390/390/356
f 342/342/305 341/341/304 389/389/355
f 385/385/351 338/338/301 389/389/355
f 383/383/349 336/336/299 385/385/351
f 387/387/353 339/339/302 382/382/348
f 388/388/354 340/340/303 387/387/353
f 349/349/312 300/300/264 350/350/313
f 350/350/313 299/299/263 356/356/319
f 302/302/266 345/345/308 353/353/316
f 345/345/308 308/308/272 393/393/359
f 364/364/330 318/318/281 365/365/331
f 365/365/331 317/317/280 371/371/337
f 368/368/334 320/320/283 396/396/362
f 396/396/362 348/348/311 355/355/318
usemtl mat4.005
f 397/397/1 398/398/363 399/399/364
f 397/397/1 400/400/365 401/401/366
f 402/402/367 403/403/7 404/404/368
f 404/404/368 405/405/369 398/398/363
f 406/406/370 407/407/11 408/408/371
f 408/408/371 409/409/372 410/410/373
f 411/411/374 410/410/373 412/412/375
f 411/411/374 413/413/17 414/414/376
f 415/415/377 416/416/20 417/417/21
f 418/418/22 417/417/21 419/419/378
f 420/420/379 421/421/380 422/422/381
f 418/418/22 422/422/381 423/423/382
f 424/424/28 423/423/382 422/422/381
f 425/425/383 422/422/381 421/421/380
f 426/426/384 427/427/31 428/428/32
f 425/425/383 428/428/32 429/429/385
f 430/430/34 429/429/385 428/428/32
f 428/428/32 427/427/31 431/431/386
f 432/432/36 431/431/386 433/433/387
f 432/432/36 434/434/38 435/435/39
f 436/436/388 435/435/39 434/434/38
f 434/434/38 433/433/387 437/437/389
f 438/438/390 437/437/389 439/439/391
f 438/438/390 440/440/44 441/441/392
f 442/442/393 443/443/47 409/409/372
f 442/442/393 408/408/371 407/407/11
f 444/444/394 401/401/366 400/400/365
f 400/400/365 399/399/364 443/443/47
f 445/445/395 405/405/369 404/404/368
f 446/446/396 404/404/368 403/403/7
f 447/447/397 419/419/378 417/417/21
f 446/446/396 417/417/21 416/416/20
f 448/448/398 449/449/399 450/450/400
f 451/451/401 452/452/402 450/450/400
f 453/453/403 454/454/58 455/455/404
f 456/456/405 453/453/403 450/450/400
f 457/457/61 458/458/406 459/459/407
f 460/460/408 461/461/409 457/457/61
f 412/412/410 460/460/408 462/462/67
f 414/414/411 413/413/69 462/462/67
f 463/463/412 464/464/413 465/465/72
f 466/466/414 463/463/412 467/467/415
f 468/468/416 469/469/417 470/470/77
f 471/471/418 468/468/416 467/467/415
f 468/468/416 471/471/418 472/472/419
f 469/469/417 468/468/416 473/473/420
f 474/474/421 475/475/82 476/476/83
f 477/477/84 474/474/421 473/473/420
f 474/474/421 477/477/84 478/478/85
f 479/479/422 475/475/82 474/474/421
f 480/480/423 479/479/422 481/481/424
f 482/482/425 483/483/426 481/481/424
f 483/483/426 482/482/425 484/484/427
f 485/485/428 480/480/423 483/483/426
f 486/486/429 485/485/428 487/487/94
f 488/488/95 489/489/430 487/487/94
f 461/461/409 490/490/431 491/491/432
f 458/458/406 457/457/61 491/491/432
f 452/452/402 451/451/401 492/492/99
f 490/490/431 448/448/398 452/452/402
f 453/453/403 456/456/405 493/493/100
f 454/454/58 453/453/403 494/494/101
f 463/463/412 466/466/414 495/495/433
f 464/464/413 463/463/412 494/494/101
f 399/399/364 448/448/398 490/490/431
f 443/443/47 490/490/431 461/461/409
f 401/401/366 451/451/401 455/455/404
f 402/402/367 455/455/404 454/454/58
f 406/406/370 459/459/407 458/458/406
f 409/409/372 461/461/409 460/460/408
f 410/410/373 460/460/408 412/412/410
f 416/416/20 464/464/413 493/493/100
f 445/445/395 493/493/100 456/456/405
f 419/419/378 466/466/414 470/470/77
f 420/420/379 470/470/77 469/469/417
f 429/429/385 477/477/84 472/472/419
f 424/424/28 472/472/419 471/471/418
f 421/421/380 469/469/417 476/476/83
f 426/426/384 476/476/83 475/475/82
f 430/430/34 435/435/39 482/482/425
f 429/429/385 430/430/34 478/478/85
f 431/431/386 427/427/31 475/475/82
f 433/433/387 431/431/386 479/479/422
f 439/439/391 486/486/429 489/489/430
f 440/440/44 489/489/430 488/488/95
f 436/436/388 441/441/392 488/488/95
f 435/435/39 436/436/388 484/484/427
f 437/437/389 433/433/387 480/480/423
f 437/437/389 485/485/428 486/486/429
f 398/398/363 449/449/399 448/448/398
f 405/405/369 456/456/405 449/449/399
f 444/444/394 492/492/99 451/451/401
f 407/407/11 458/458/406 492/492/99
f 415/415/377 465/465/72 464/464/413
f 423/423/382 471/471/418 465/465/72
f 447/447/397 495/495/433 466/466/414
f 403/403/7 454/454/58 495/495/433
f 400/400/365 397/397/1 399/399/364
f 402/402/367 397/397/1 401/401/366
f 397/397/1 402/402/367 404/404/368
f 397/397/1 404/404/368 398/398/363
f 411/411/374 406/406/370 408/408/371
f 411/411/374 408/408/371 410/410/373
f 413/413/17 411/411/374 412/412/375
f 406/406/370 411/411/374 414/414/376
f 418/418/22 415/415/377 417/417/21
f 420/420/379 418/418/22 419/419/378
f 418/418/22 420/420/379 422/422/381
f 415/415/377 418/418/22 423/423/382
f 425/425/383 424/424/28 422/422/381
f 426/426/384 425/425/383 421/421/380
f 425/425/383 426/426/384 428/428/32
f 424/424/28 425/425/383 429/429/385
f 432/432/36 430/430/34 428/428/32
f 432/432/36 428/428/32 431/431/386
f 434/434/38 432/432/36 433/433/387
f 430/430/34 432/432/36 435/435/39
f 438/438/390 436/436/388 434/434/38
f 438/438/390 434/434/38 437/437/389
f 440/440/44 438/438/390 439/439/391
f 436/436/388 438/438/390 441/441/392
f 408/408/371 442/442/393 409/409/372
f 444/444/394 442/442/393 407/407/11
f 442/442/393 444/444/394 400/400/365
f 442/442/393 400/400/365 443/443/47
f 446/446/396 445/445/395 404/404/368
f 447/447/397 446/446/396 403/403/7
f 446/446/396 447/447/397 417/417/21
f 445/445/395 446/446/396 416/416/20
f 452/452/402 448/448/398 450/450/400
f 455/455/404 451/451/401 450/450/400
f 450/450/400 453/453/403 455/455/404
f 449/449/399 456/456/405 450/450/400
f 462/462/67 457/457/61 459/459/407
f 462/462/67 460/460/408 457/457/61
f 413/413/69 412/412/410 462/462/67
f 459/459/407 414/414/411 462/462/67
f 467/467/415 463/463/412 465/465/72
f 470/470/77 466/466/414 467/467/415
f 467/467/415 468/468/416 470/470/77
f 465/465/72 471/471/418 467/467/415
f 473/473/420 468/468/416 472/472/419
f 476/476/83 469/469/417 473/473/420
f 473/473/420 474/474/421 476/476/83
f 472/472/419 477/477/84 473/473/420
f 481/481/424 474/474/421 478/478/85
f 481/481/424 479/479/422 474/474/421
f 483/483/426 480/480/423 481/481/424
f 478/478/85 482/482/425 481/481/424
f 487/487/94 483/483/426 484/484/427
f 487/487/94 485/485/428 483/483/426
f 489/489/430 486/486/429 487/487/94
f 484/484/427 488/488/95 487/487/94
f 457/457/61 461/461/409 491/491/432
f 492/492/99 458/458/406 491/491/432
f 491/491/432 452/452/402 492/492/99
f 491/491/432 490/490/431 452/452/402
f 494/494/101 453/453/403 493/493/100
f 495/495/433 454/454/58 494/494/101
f 494/494/101 463/463/412 495/495/433
f 493/493/100 464/464/413 494/494/101
f 443/443/47 399/399/364 490/490/431
f 409/409/372 443/443/47 461/461/409
f 402/402/367 401/401/366 455/455/404
f 403/403/7 402/402/367 454/454/58
f 459/459/407 406/406/370 414/414/411
f 407/407/11 406/406/370 458/458/406
f 410/410/373 409/409/372 460/460/408
f 445/445/395 416/416/20 493/493/100
f 405/405/369 445/445/395 456/456/405
f 420/420/379 419/419/378 470/470/77
f 421/421/380 420/420/379 469/469/417
f 424/424/28 429/429/385 472/472/419
f 423/423/382 424/424/28 471/471/418
f 426/426/384 421/421/380 476/476/83
f 427/427/31 426/426/384 475/475/82
f 478/478/85 430/430/34 482/482/425
f 477/477/84 429/429/385 478/478/85
f 479/479/422 431/431/386 475/475/82
f 480/480/423 433/433/387 479/479/422
f 440/440/44 439/439/391 489/489/430
f 441/441/392 440/440/44 488/488/95
f 484/484/427 436/436/388 488/488/95
f 482/482/425 435/435/39 484/484/427
f 485/485/428 437/437/389 480/480/423
f 439/439/391 437/437/389 486/486/429
f 399/399/364 398/398/363 448/448/398
f 398/398/363 405/405/369 449/449/399
f 401/401/366 444/444/394 451/451/401
f 444/444/394 407/407/11 492/492/99
f 416/416/20 415/415/377 464/464/413
f 415/415/377 423/423/382 465/465/72
f 419/419/378 447/447/397 466/466/414
f 447/447/397 403/403/7 495/495/433
usemtl mat5.005
f 496/496/103 497/497/434 498/498/105
f 496/496/103 499/499/435 500/500/436
f 501/501/108 502/502/109 503/503/110
f 503/503/110 504/504/111 497/497/434
f 505/505/437 506/506/113 507/507/114
f 507/507/114 508/508/115 509/509/116
f 510/510/438 509/509/116 511/511/439
f 510/510/438 512/512/17 513/513/440
f 514/514/441 515/515/442 516/516/122
f 514/514/441 517/517/443 518/518/124
f 519/519/125 520/520/444 521/521/127
f 521/521/127 522/522/128 515/515/442
f 523/523/129 524/524/221 522/522/128
f 523/523/129 521/521/127 520/520/444
f 523/523/129 525/525/131 526/526/132
f 523/523/129 527/527/445 528/528/446
f 529/529/447 528/528/446 527/527/445
f 527/527/445 526/526/132 530/530/448
f 531/531/137 530/530/448 532/532/138
f 531/531/137 533/533/449 534/534/140
f 535/535/141 534/534/140 533/533/449
f 533/533/449 532/532/138 536/536/450
f 537/537/143 536/536/450 538/538/144
f 537/537/143 539/539/229 540/540/451
f 541/541/147 542/542/148 508/508/115
f 541/541/147 507/507/114 506/506/113
f 543/543/149 500/500/436 499/499/435
f 499/499/435 498/498/105 542/542/148
f 544/544/232 545/545/452 504/504/111
f 544/544/232 503/503/110 502/502/109
f 546/546/152 518/518/124 517/517/443
f 517/517/443 516/516/122 545/545/452
f 547/547/453 548/548/454 549/549/455
f 550/550/234 551/551/157 549/549/455
f 552/552/158 553/553/456 554/554/160
f 548/548/454 555/555/457 552/552/158
f 556/556/162 557/557/163 558/558/164
f 559/559/458 560/560/240 556/556/162
f 511/511/167 559/559/458 561/561/168
f 513/513/167 512/512/459 561/561/168
f 562/562/460 563/563/461 564/564/172
f 565/565/462 566/566/463 564/564/172
f 567/567/247 568/568/464 569/569/249
f 563/563/461 570/570/465 567/567/247
f 570/570/465 571/571/466 572/572/180
f 568/568/464 567/567/247 572/572/180
f 573/573/467 574/574/468 572/572/180
f 575/575/183 576/576/184 572/572/180
f 576/576/184 575/575/183 577/577/469
f 578/578/470 573/573/467 576/576/184
f 579/579/471 578/578/470 580/580/254
f 581/581/472 582/582/256 580/580/254
f 582/582/256 581/581/472 583/583/191
f 584/584/192 579/579/471 582/582/256
f 585/585/473 584/584/192 586/586/194
f 587/587/195 588/588/196 586/586/194
f 560/560/240 589/589/197 590/590/474
f 557/557/163 556/556/162 590/590/474
f 551/551/157 550/550/234 591/591/199
f 589/589/197 547/547/453 551/551/157
f 555/555/457 592/592/475 593/593/260
f 553/553/456 552/552/158 593/593/260
f 566/566/463 565/565/462 594/594/476
f 592/592/475 562/562/460 566/566/463
f 542/542/148 498/498/105 547/547/453
f 508/508/115 542/542/148 589/589/197
f 500/500/436 550/550/234 554/554/160
f 501/501/108 554/554/160 553/553/456
f 505/505/437 558/558/164 557/557/163
f 509/509/116 508/508/115 560/560/240
f 509/509/116 559/559/458 511/511/167
f 545/545/452 516/516/122 562/562/460
f 504/504/111 545/545/452 592/592/475
f 518/518/124 565/565/462 569/569/249
f 520/520/444 519/519/125 569/569/249
f 524/524/221 528/528/446 575/575/183
f 524/524/221 571/571/466 570/570/465
f 525/525/131 520/520/444 568/568/464
f 525/525/131 574/574/468 573/573/467
f 534/534/140 581/581/472 577/577/469
f 529/529/447 577/577/469 575/575/183
f 530/530/448 526/526/132 573/573/467
f 532/532/138 530/530/448 578/578/470
f 539/539/229 538/538/144 585/585/473
f 539/539/229 588/588/196 587/587/195
f 540/540/451 587/587/195 583/583/191
f 535/535/141 583/583/191 581/581/472
f 536/536/450 532/532/138 579/579/471
f 538/538/144 536/536/450 584/584/192
f 498/498/105 497/497/434 548/548/454
f 497/497/434 504/504/111 555/555/457
f 543/543/149 591/591/199 550/550/234
f 506/506/113 557/557/163 591/591/199
f 516/516/122 515/515/442 563/563/461
f 522/522/128 570/570/465 563/563/461
f 546/546/152 594/594/476 565/565/462
f 502/502/109 553/553/456 594/594/476
f 499/499/435 496/496/103 498/498/105
f 501/501/108 496/496/103 500/500/436
f 496/496/103 501/501/108 503/503/110
f 496/496/103 503/503/110 497/497/434
f 510/510/438 505/505/437 507/507/114
f 510/510/438 507/507/114 509/509/116
f 512/512/17 510/510/438 511/511/439
f 505/505/437 510/510/438 513/513/440
f 517/517/443 514/514/441 516/516/122
f 519/519/125 514/514/441 518/518/124
f 514/514/441 519/519/125 521/521/127
f 514/514/441 521/521/127 515/515/442
f 521/521/127 523/523/129 522/522/128
f 525/525/131 523/523/129 520/520/444
f 527/527/445 523/523/129 526/526/132
f 524/524/221 523/523/129 528/528/446
f 531/531/137 529/529/447 527/527/445
f 531/531/137 527/527/445 530/530/448
f 533/533/449 531/531/137 532/532/138
f 529/529/447 531/531/137 534/534/140
f 537/537/143 535/535/141 533/533/449
f 537/537/143 533/533/449 536/536/450
f 539/539/229 537/537/143 538/538/144
f 535/535/141 537/537/143 540/540/451
f 507/507/114 541/541/147 508/508/115
f 543/543/149 541/541/147 506/506/113
f 541/541/147 543/543/149 499/499/435
f 541/541/147 499/499/435 542/542/148
f 503/503/110 544/544/232 504/504/111
f 546/546/152 544/544/232 502/502/109
f 544/544/232 546/546/152 517/517/443
f 544/544/232 517/517/443 545/545/452
f 551/551/157 547/547/453 549/549/455
f 554/554/160 550/550/234 549/549/455
f 549/549/455 552/552/158 554/554/160
f 549/549/455 548/548/454 552/552/158
f 561/561/168 556/556/162 558/558/164
f 561/561/168 559/559/458 556/556/162
f 512/512/459 511/511/167 561/561/168
f 558/558/164 513/513/167 561/561/168
f 566/566/463 562/562/460 564/564/172
f 569/569/249 565/565/462 564/564/172
f 564/564/172 567/567/247 569/569/249
f 564/564/172 563/563/461 567/567/247
f 567/567/247 570/570/465 572/572/180
f 574/574/468 568/568/464 572/572/180
f 576/576/184 573/573/467 572/572/180
f 571/571/466 575/575/183 572/572/180
f 580/580/254 576/576/184 577/577/469
f 580/580/254 578/578/470 576/576/184
f 582/582/256 579/579/471 580/580/254
f 577/577/469 581/581/472 580/580/254
f 586/586/194 582/582/256 583/583/191
f 586/586/194 584/584/192 582/582/256
f 588/588/196 585/585/473 586/586/194
f 583/583/191 587/587/195 586/586/194
f 556/556/162 560/560/240 590/590/474
f 591/591/199 557/557/163 590/590/474
f 590/590/474 551/551/157 591/591/199
f 590/590/474 589/589/197 551/551/157
f 552/552/158 555/555/457 593/593/260
f 594/594/476 553/553/456 593/593/260
f 593/593/260 566/566/463 594/594/476
f 593/593/260 592/592/475 566/566/463
f 589/589/197 542/542/148 547/547/453
f 560/560/240 508/508/115 589/589/197
f 501/501/108 500/500/436 554/554/160
f 502/502/109 501/501/108 553/553/456
f 558/558/164 505/505/437 513/513/167
f 506/506/113 505/505/437 557/557/163
f 559/559/458 509/509/116 560/560/240
f 592/592/475 545/545/452 562/562/460
f 555/555/457 504/504/111 592/592/475
f 519/519/125 518/518/124 569/569/249
f 568/568/464 520/520/444 569/569/249
f 571/571/466 524/524/221 575/575/183
f 522/522/128 524/524/221 570/570/465
f 574/574/468 525/525/131 568/568/464
f 526/526/132 525/525/131 573/573/467
f 529/529/447 534/534/140 577/577/469
f 528/528/446 529/529/447 575/575/183
f 578/578/470 530/530/448 573/573/467
f 579/579/471 532/532/138 578/578/470
f 588/588/196 539/539/229 585/585/473
f 540/540/451 539/539/229 587/587/195
f 535/535/141 540/540/451 583/583/191
f 534/534/140 535/535/141 581/581/472
f 584/584/192 536/536/450 579/579/471
f 585/585/473 538/538/144 584/584/192
f 547/547/453 498/498/105 548/548/454
f 548/548/454 497/497/434 555/555/457
f 500/500/436 543/543/149 550/550/234
f 543/543/149 506/506/113 591/591/199
f 562/562/460 516/516/122 563/563/461
f 515/515/442 522/522/128 563/563/461
f 518/518/124 546/546/152 565/565/462
f 546/546/152 502/502/109 594/594/476
usemtl mat6.001
f 595/595/477 596/596/478 597/597/479
f 595/595/477 598/598/480 599/599/481
f 600/600/482 601/601/483 602/602/484
f 602/602/484 603/603/485 596/596/478
f 604/604/486 605/605/487 606/606/488
f 606/606/488 607/607/489 608/608/490
f 609/609/491 608/608/490 610/610/492
f 609/609/491 611/611/17 612/612/493
f 613/613/494 614/614/495 615/615/496
f 613/613/494 616/616/497 617/617/498
f 618/618/499 619/619/500 620/620/501
f 620/620/501 621/621/502 614/614/495
f 622/622/503 623/623/504 621/621/502
f 622/622/503 620/620/501 619/619/500
f 622/622/503 624/624/505 625/625/506
f 622/622/503 626/626/507 627/627/508
f 628/628/509 627/627/508 626/626/507
f 626/626/507 625/625/506 629/629/510
f 630/630/511 629/629/510 631/631/512
f 630/630/511 632/632/513 633/633/514
f 634/634/515 633/633/514 632/632/513
f 632/632/513 631/631/512 635/635/516
f 636/636/517 635/635/516 637/637/518
f 636/636/517 638/638/519 639/639/520
f 640/640/521 641/641/522 607/607/489
f 640/640/521 606/606/488 605/605/487
f 642/642/523 599/599/481 598/598/480
f 598/598/480 597/597/479 641/641/522
f 643/643/524 644/644/525 603/603/485
f 643/643/524 602/602/484 601/601/483
f 645/645/526 617/617/498 616/616/497
f 616/616/497 615/615/496 644/644/525
f 646/646/527 647/647/528 648/648/529
f 649/649/530 650/650/531 648/648/529
f 651/651/532 652/652/533 653/653/534
f 647/647/528 654/654/535 651/651/532
f 655/655/536 656/656/537 657/657/538
f 658/658/539 659/659/540 655/655/536
f 610/610/541 658/658/539 660/660/542
f 612/612/541 611/611/543 660/660/542
f 661/661/544 662/662/545 663/663/546
f 664/664/547 665/665/548 663/663/546
f 666/666/549 667/667/550 668/668/551
f 662/662/545 669/669/552 666/666/549
f 669/669/552 670/670/553 671/671/554
f 667/667/550 666/666/549 671/671/554
f 672/672/555 673/673/556 671/671/554
f 674/674/557 675/675/558 671/671/554
f 675/675/558 674/674/557 676/676/559
f 677/677/560 672/672/555 675/675/558
f 678/678/561 677/677/560 679/679/562
f 680/680/563 681/681/564 679/679/562
f 681/681/564 680/680/563 682/682/565
f 683/683/566 678/678/561 681/681/564
f 684/684/567 683/683/566 685/685/568
f 686/686/569 687/687/570 685/685/568
f 659/659/540 688/688/571 689/689/572
f 656/656/537 655/655/536 689/689/572
f 650/650/531 649/649/530 690/690/573
f 688/688/571 646/646/527 650/650/531
f 654/654/535 691/691/574 692/692/575
f 652/652/533 651/651/532 692/692/575
f 665/665/548 664/664/547 693/693/576
f 691/691/574 661/661/544 665/665/548
f 641/641/522 597/597/479 646/646/527
f 607/607/489 641/641/522 688/688/571
f 599/599/481 649/649/530 653/653/534
f 600/600/482 653/653/534 652/652/533
f 605/605/487 604/604/486 657/657/538
f 607/607/489 659/659/540 658/658/539
f 608/608/490 658/658/539 610/610/541
f 644/644/525 615/615/496 661/661/544
f 603/603/485 644/644/525 691/691/574
f 617/617/498 664/664/547 668/668/551
f 619/619/500 618/618/499 668/668/551
f 627/627/508 674/674/557 670/670/553
f 623/623/504 670/670/553 669/669/552
f 624/624/505 619/619/500 667/667/550
f 625/625/506 624/624/505 673/673/556
f 628/628/509 633/633/514 680/680/563
f 627/627/508 628/628/509 676/676/559
f 625/625/506 672/672/555 677/677/560
f 629/629/510 677/677/560 678/678/561
f 637/637/518 684/684/567 687/687/570
f 639/639/520 638/638/519 687/687/570
f 634/634/515 639/639/520 686/686/569
f 633/633/514 634/634/515 682/682/565
f 631/631/512 678/678/561 683/683/566
f 635/635/516 683/683/566 684/684/567
f 597/597/479 596/596/478 647/647/528
f 596/596/478 603/603/485 654/654/535
f 642/642/523 690/690/573 649/649/530
f 605/605/487 656/656/537 690/690/573
f 615/615/496 614/614/495 662/662/545
f 621/621/502 669/669/552 662/662/545
f 645/645/526 693/693/576 664/664/547
f 601/601/483 652/652/533 693/693/576
f 598/598/480 595/595/477 597/597/479
f 600/600/482 595/595/477 599/599/481
f 595/595/477 600/600/482 602/602/484
f 595/595/477 602/602/484 596/596/478
f 609/609/491 604/604/486 606/606/488
f 609/609/491 606/606/488 608/608/490
f 611/611/17 609/609/491 610/610/492
f 604/604/486 609/609/491 612/612/493
f 616/616/497 613/613/494 615/615/496
f 618/618/499 613/613/494 617/617/498
f 613/613/494 618/618/499 620/620/501
f 613/613/494 620/620/501 614/614/495
f 620/620/501 622/622/503 621/621/502
f 624/624/505 622/622/503 619/619/500
f 626/626/507 622/622/503 625/625/506
f 623/623/504 622/622/503 627/627/508
f 630/630/511 628/628/509 626/626/507
f 630/630/511 626/626/507 629/629/510
f 632/632/513 630/630/511 631/631/512
f 628/628/509 630/630/511 633/633/514
f 636/636/517 634/634/515 632/632/513
f 636/636/517 632/632/513 635/635/516
f 638/638/519 636/636/517 637/637/518
f 634/634/515 636/636/517 639/639/520
f 606/606/488 640/640/521 607/607/489
f 642/642/523 640/640/521 605/605/487
f 640/640/521 642/642/523 598/598/480
f 640/640/521 598/598/480 641/641/522
f 602/602/484 643/643/524 603/603/485
f 645/645/526 643/643/524 601/601/483
f 643/643/524 645/645/526 616/616/497
f 643/643/524 616/616/497 644/644/525
f 650/650/531 646/646/527 648/648/529
f 653/653/534 649/649/530 648/648/529
f 648/648/529 651/651/532 653/653/534
f 648/648/529 647/647/528 651/651/532
f 660/660/542 655/655/536 657/657/538
f 660/660/542 658/658/539 655/655/536
f 611/611/543 610/610/541 660/660/542
f 657/657/538 612/612/541 660/660/542
f 665/665/548 661/661/544 663/663/546
f 668/668/551 664/664/547 663/663/546
f 663/663/546 666/666/549 668/668/551
f 663/663/546 662/662/545 666/666/549
f 666/666/549 669/669/552 671/671/554
f 673/673/556 667/667/550 671/671/554
f 675/675/558 672/672/555 671/671/554
f 670/670/553 674/674/557 671/671/554
f 679/679/562 675/675/558 676/676/559
f 679/679/562 677/677/560 675/675/558
f 681/681/564 678/678/561 679/679/562
f 676/676/559 680/680/563 679/679/562
f 685/685/568 681/681/564 682/682/565
f 685/685/568 683/683/566 681/681/564
f 687/687/570 684/684/567 685/685/568
f 682/682/565 686/686/569 685/685/568
f 655/655/536 659/659/540 689/689/572
f 690/690/573 656/656/537 689/689/572
f 689/689/572 650/650/531 690/690/573
f 689/689/572 688/688/571 650/650/531
f 651/651/532 654/654/535 692/692/575
f 693/693/576 652/652/533 692/692/575
f 692/692/575 665/665/548 693/693/576
f 692/692/575 691/691/574 665/665/548
f 688/688/571 641/641/522 646/646/527
f 659/659/540 607/607/489 688/688/571
f 600/600/482 599/599/481 653/653/534
f 601/601/483 600/600/482 652/652/533
f 657/657/538 604/604/486 612/612/541
f 656/656/537 605/605/487 657/657/538
f 608/608/490 607/607/489 658/658/539
f 691/691/574 644/644/525 661/661/544
f 654/654/535 603/603/485 691/691/574
f 618/618/499 617/617/498 668/668/551
f 667/667/550 619/619/500 668/668/551
f 623/623/504 627/627/508 670/670/553
f 621/621/502 623/623/504 669/669/552
f 673/673/556 624/624/505 667/667/550
f 672/672/555 625/625/506 673/673/556
f 676/676/559 628/628/509 680/680/563
f 674/674/557 627/627/508 676/676/559
f 629/629/510 625/625/506 677/677/560
f 631/631/512 629/629/510 678/678/561
f 638/638/519 637/637/518 687/687/570
f 686/686/569 639/639/520 687/687/570
f 682/682/565 634/634/515 686/686/569
f 680/680/563 633/633/514 682/682/565
f 635/635/516 631/631/512 683/683/566
f 637/637/518 635/635/516 684/684/567
f 646/646/527 597/597/479 647/647/528
f 647/647/528 596/596/478 654/654/535
f 599/599/481 642/642/523 649/649/530
f 642/642/523 605/605/487 690/690/573
f 661/661/544 615/615/496 662/662/545
f 614/614/495 621/621/502 662/662/545
f 617/617/498 645/645/526 664/664/547
f 645/645/526 601/601/483 693/693/576
usemtl mat7
f 694/694/577 695/695/578 696/696/479
f 694/694/577 697/697/480 698/698/579
f 699/699/482 700/700/580 701/701/484
f 701/701/484 702/702/485 695/695/578
f 703/703/581 704/704/582 705/705/583
f 705/705/583 706/706/489 707/707/584
f 708/708/585 707/707/584 709/709/586
f 708/708/585 710/710/17 711/711/587
f 712/712/588 713/713/589 714/714/590
f 712/712/588 715/715/591 716/716/592
f 717/717/593 718/718/594 719/719/595
f 719/719/595 720/720/596 713/713/589
f 721/721/597 722/722/598 720/720/596
f 721/721/597 719/719/595 718/718/594
f 721/721/597 723/723/599 724/724/600
f 721/721/597 725/725/601 726/726/602
f 727/727/603 726/726/602 725/725/601
f 725/725/601 724/724/600 728/728/604
f 729/729/605 728/728/604 730/730/606
f 729/729/605 731/731/607 732/732/608
f 733/733/609 732/732/608 731/731/607
f 731/731/607 730/730/606 734/734/610
f 735/735/607 734/734/610 736/736/611
f 735/735/607 737/737/612 738/738/613
f 739/739/521 740/740/614 706/706/489
f 739/739/521 705/705/583 704/704/582
f 741/741/523 698/698/579 697/697/480
f 697/697/480 696/696/479 740/740/614
f 742/742/615 743/743/616 702/702/485
f 742/742/615 701/701/484 700/700/580
f 744/744/617 716/716/592 715/715/591
f 715/715/591 714/714/590 743/743/616
f 745/745/618 746/746/619 747/747/529
f 748/748/620 749/749/531 747/747/529
f 750/750/621 751/751/622 752/752/623
f 746/746/619 753/753/535 750/750/621
f 754/754/624 755/755/537 756/756/625
f 757/757/626 758/758/540 754/754/624
f 709/709/627 757/757/626 759/759/542
f 711/711/627 710/710/628 759/759/542
f 760/760/629 761/761/630 762/762/631
f 763/763/632 764/764/633 762/762/631
f 765/765/634 766/766/635 767/767/636
f 761/761/630 768/768/637 765/765/634
f 768/768/637 769/769/638 770/770/639
f 766/766/635 765/765/634 770/770/639
f 771/771/640 772/772/641 770/770/639
f 773/773/642 774/774/643 770/770/639
f 774/774/643 773/773/642 775/775/644
f 776/776/645 771/771/640 774/774/643
f 777/777/646 776/776/645 778/778/647
f 779/779/648 780/780/649 778/778/647
f 780/780/649 779/779/648 781/781/650
f 782/782/651 777/777/646 780/780/649
f 783/783/652 782/782/651 784/784/649
f 785/785/653 786/786/654 784/784/649
f 758/758/540 787/787/655 788/788/572
f 755/755/537 754/754/624 788/788/572
f 749/749/531 748/748/620 789/789/573
f 787/787/655 745/745/618 749/749/531
f 753/753/535 790/790/656 791/791/575
f 751/751/622 750/750/621 791/791/575
f 764/764/633 763/763/632 792/792/657
f 790/790/656 760/760/629 764/764/633
f 740/740/614 696/696/479 745/745/618
f 706/706/489 740/740/614 787/787/655
f 698/698/579 748/748/620 752/752/623
f 699/699/482 752/752/623 751/751/622
f 704/704/582 703/703/581 756/756/625
f 706/706/489 758/758/540 757/757/626
f 707/707/584 757/757/626 709/709/627
f 743/743/616 714/714/590 760/760/629
f 702/702/485 743/743/616 790/790/656
f 716/716/592 763/763/632 767/767/636
f 718/718/594 717/717/593 767/767/636
f 726/726/602 773/773/642 769/769/638
f 722/722/598 769/769/638 768/768/637
f 723/723/599 718/718/594 766/766/635
f 724/724/600 723/723/599 772/772/641
f 732/732/608 779/779/648 775/775/644
f 727/727/603 775/775/644 773/773/642
f 728/728/604 724/724/600 771/771/640
f 730/730/606 728/728/604 776/776/645
f 737/737/612 736/736/611 783/783/652
f 738/738/613 737/737/612 786/786/654
f 733/733/609 738/738/613 785/785/653
f 732/732/608 733/733/609 781/781/650
f 734/734/610 730/730/606 777/777/646
f 736/736/611 734/734/610 782/782/651
f 696/696/479 695/695/578 746/746/619
f 695/695/578 702/702/485 753/753/535
f 741/741/523 789/789/573 748/748/620
f 704/704/582 755/755/537 789/789/573
f 714/714/590 713/713/589 761/761/630
f 720/720/596 768/768/637 761/761/630
f 744/744/617 792/792/657 763/763/632
f 700/700/580 751/751/622 792/792/657
f 697/697/480 694/694/577 696/696/479
f 699/699/482 694/694/577 698/698/579
f 694/694/577 699/699/482 701/701/484
f 694/694/577 701/701/484 695/695/578
f 708/708/585 703/703/581 705/705/583
f 708/708/585 705/705/583 707/707/584
f 710/710/17 708/708/585 709/709/586
f 703/703/581 708/708/585 711/711/587
f 715/715/591 712/712/588 714/714/590
f 717/717/593 712/712/588 716/716/592
f 712/712/588 717/717/593 719/719/595
f 712/712/588 719/719/595 713/713/589
f 719/719/595 721/721/597 720/720/596
f 723/723/599 721/721/597 718/718/594
f 725/725/601 721/721/597 724/724/600
f 722/722/598 721/721/597 726/726/602
f 729/729/605 727/727/603 725/725/601
f 729/729/605 725/725/601 728/728/604
f 731/731/607 729/729/605 730/730/606
f 727/727/603 729/729/605 732/732/608
f 735/735/607 733/733/609 731/731/607
f 735/735/607 731/731/607 734/734/610
f 737/737/612 735/735/607 736/736/611
f 733/733/609 735/735/607 738/738/613
f 705/705/583 739/739/521 706/706/489
f 741/741/523 739/739/521 704/704/582
f 739/739/521 741/741/523 697/697/480
f 739/739/521 697/697/480 740/740/614
f 701/701/484 742/742/615 702/702/485
f 744/744/617 742/742/615 700/700/580
f 742/742/615 744/744/617 715/715/591
f 742/742/615 715/715/591 743/743/616
f 749/749/531 745/745/618 747/747/529
f 752/752/623 748/748/620 747/747/529
f 747/747/529 750/750/621 752/752/623
f 747/747/529 746/746/619 750/750/621
f 759/759/542 754/754/624 756/756/625
f 759/759/542 757/757/626 754/754/624
f 710/710/628 709/709/627 759/759/542
f 756/756/625 711/711/627 759/759/542
f 764/764/633 760/760/629 762/762/631
f 767/767/636 763/763/632 762/762/631
f 762/762/631 765/765/634 767/767/636
f 762/762/631 761/761/630 765/765/634
f 765/765/634 768/768/637 770/770/639
f 772/772/641 766/766/635 770/770/639
f 774/774/643 771/771/640 770/770/639
f 769/769/638 773/773/642 770/770/639
f 778/778/647 774/774/643 775/775/644
f 778/778/647 776/776/645 774/774/643
f 780/780/649 777/777/646 778/778/647
f 775/775/644 779/779/648 778/778/647
f 784/784/649 780/780/649 781/781/650
f 784/784/649 782/782/651 780/780/649
f 786/786/654 783/783/652 784/784/649
f 781/781/650 785/785/653 784/784/649
f 754/754/624 758/758/540 788/788/572
f 789/789/573 755/755/537 788/788/572
f 788/788/572 749/749/531 789/789/573
f 788/788/572 787/787/655 749/749/531
f 750/750/621 753/753/535 791/791/575
f 792/792/657 751/751/622 791/791/575
f 791/791/575 764/764/633 792/792/657
f 791/791/575 790/790/656 764/764/633
f 787/787/655 740/740/614 745/745/618
f 758/758/540 706/706/489 787/787/655
f 699/699/482 698/698/579 752/752/623
f 700/700/580 699/699/482 751/751/622
f 756/756/625 703/703/581 711/711/627
f 755/755/537 704/704/582 756/756/625
f 707/707/584 706/706/489 757/757/626
f 790/790/656 743/743/616 760/760/629
f 753/753/535 702/702/485 790/790/656
f 717/717/593 716/716/592 767/767/636
f 766/766/635 718/718/594 767/767/636
f 722/722/598 726/726/602 769/769/638
f 720/720/596 722/722/598 768/768/637
f 772/772/641 723/723/599 766/766/635
f 771/771/640 724/724/600 772/772/641
f 727/727/603 732/732/608 775/775/644
f 726/726/602 727/727/603 773/773/642
f 776/776/645 728/728/604 771/771/640
f 777/777/646 730/730/606 776/776/645
f 786/786/654 737/737/612 783/783/652
f 785/785/653 738/738/613 786/786/654
f 781/781/650 733/733/609 785/785/653
f 779/779/648 732/732/608 781/781/650
f 782/782/651 734/734/610 777/777/646
f 783/783/652 736/736/611 782/782/651
f 745/745/618 696/696/479 746/746/619
f 746/746/619 695/695/578 753/753/535
f 698/698/579 741/741/523 748/748/620
f 741/741/523 704/704/582 789/789/573
f 760/760/629 714/714/590 761/761/630
f 713/713/589 720/720/596 761/761/630
f 716/716/592 744/744/617 763/763/632
f 744/744/617 700/700/580 792/792/657
