# Blender v3.0.1 OBJ File: ''
# www.blender.org
mtllib calyx3.mtl
o obj5.003
v -0.001691 0.001307 -0.000688
v -0.002386 0.001239 0.000063
v -0.002008 0.000865 0.000276
v -0.001365 0.000928 -0.000419
v -0.000721 0.000991 -0.001115
v -0.000996 0.001375 -0.001438
v -0.001282 0.001710 -0.001761
v -0.002021 0.001638 -0.000963
v -0.002760 0.001565 -0.000166
v -0.000165 0.000102 -0.000476
v -0.000234 0.000216 -0.000555
v -0.000789 0.000162 0.000044
v -0.001344 0.000107 0.000643
v -0.001249 -0.000004 0.000696
v -0.000707 0.000049 0.000110
v -0.001114 0.000009 0.000549
v -0.000707 0.000049 0.000110
v -0.000300 0.000088 -0.000329
v -0.003076 0.002334 -0.001877
v -0.003886 0.002255 -0.001003
v -0.003499 0.002079 -0.000705
v -0.002711 0.002156 -0.001555
v -0.001923 0.002233 -0.002406
v -0.002266 0.002413 -0.002752
v -0.002790 0.002462 -0.003266
v -0.003616 0.002381 -0.002374
v -0.004443 0.002300 -0.001481
v -0.004493 0.002220 -0.003200
v -0.005325 0.002138 -0.002301
v -0.003660 0.002301 -0.004099
v -0.004625 0.001981 -0.004938
v -0.005416 0.001904 -0.004084
v -0.006207 0.001827 -0.003230
v -0.006765 0.001424 -0.004035
v -0.005433 0.001554 -0.005473
v -0.006099 0.001489 -0.004754
v -0.006100 0.001092 -0.005789
v -0.006596 0.001043 -0.005254
v -0.007091 0.000995 -0.004719
v -0.007276 0.000604 -0.005284
v -0.006641 0.000666 -0.005969
v -0.006958 0.000635 -0.005627
v -0.007034 0.000358 -0.006018
v -0.007255 0.000246 -0.005936
v -0.007328 0.000329 -0.005700
v -0.001036 0.000501 -0.000154
v -0.001629 0.000443 0.000486
v -0.000443 0.000558 -0.000794
v -0.002360 0.001922 -0.001252
v -0.003127 0.001847 -0.000424
v -0.001593 0.001997 -0.002080
v -0.002103 0.000721 0.000175
v -0.002473 0.001086 -0.000032
v -0.001778 0.001153 -0.000782
v -0.000816 0.000847 -0.001216
v -0.001459 0.000784 -0.000520
v -0.002098 0.001474 -0.001050
v -0.001360 0.001547 -0.001847
v -0.001083 0.001221 -0.001532
v -0.002837 0.001402 -0.000252
v -0.000891 0.000026 -0.000062
v -0.000336 0.000080 -0.000662
v -0.000266 -0.000034 -0.000582
v -0.001351 -0.000140 0.000589
v -0.001446 -0.000028 0.000537
v -0.000808 -0.000087 0.000004
v -0.003549 0.001896 -0.000768
v -0.003907 0.002060 -0.001041
v -0.003098 0.002139 -0.001915
v -0.001974 0.002050 -0.002469
v -0.002761 0.001973 -0.001618
v -0.003602 0.002182 -0.002379
v -0.002775 0.002262 -0.003271
v -0.002288 0.002218 -0.002789
v -0.004429 0.002101 -0.001486
v -0.005289 0.001942 -0.002285
v -0.004456 0.002024 -0.003184
v -0.004570 0.001792 -0.004903
v -0.003624 0.002105 -0.004083
v -0.006152 0.001638 -0.003195
v -0.005361 0.001715 -0.004049
v -0.006689 0.001248 -0.003980
v -0.005357 0.001378 -0.005418
v -0.006008 0.000929 -0.005718
v -0.006023 0.001313 -0.004699
v -0.006999 0.000832 -0.004648
v -0.006503 0.000881 -0.005183
v -0.007174 0.000452 -0.005203
v -0.006539 0.000514 -0.005889
v -0.006928 0.000210 -0.005933
v -0.006857 0.000483 -0.005546
v -0.007222 0.000182 -0.005616
v -0.007149 0.000099 -0.005852
v -0.001729 0.000305 0.000381
v -0.001136 0.000363 -0.000259
v -0.000543 0.000421 -0.000899
v -0.003192 0.001674 -0.000500
v -0.002425 0.001749 -0.001327
v -0.001658 0.001824 -0.002155
v -0.001990 0.001238 -0.000080
v -0.002168 0.001210 0.000930
v -0.001728 0.000853 0.000920
v -0.001563 0.000879 -0.000015
v -0.001399 0.000905 -0.000949
v -0.001812 0.001266 -0.001089
v -0.002234 0.001578 -0.001220
v -0.002422 0.001548 -0.000147
v -0.002611 0.001518 0.000925
v -0.000569 0.000059 -0.000675
v -0.000673 0.000168 -0.000709
v -0.000814 0.000145 0.000097
v -0.000956 0.000122 0.000903
v -0.000846 0.000014 0.000900
v -0.000707 0.000037 0.000112
v -0.000811 0.000020 0.000703
v -0.000707 0.000037 0.000112
v -0.000603 0.000053 -0.000478
v -0.003815 0.002168 -0.000375
v -0.004022 0.002135 0.000801
v -0.003533 0.001986 0.000850
v -0.003331 0.002018 -0.000294
v -0.003130 0.002050 -0.001438
v -0.003608 0.002201 -0.001551
v -0.004330 0.002269 -0.001702
v -0.004542 0.002236 -0.000501
v -0.004753 0.002202 0.000700
v -0.005735 0.002197 -0.000712
v -0.005948 0.002163 0.000497
v -0.005522 0.002231 -0.001921
v -0.006803 0.002144 -0.002087
v -0.007005 0.002112 -0.000938
v -0.007208 0.002079 0.000210
v -0.008135 0.002013 -0.000142
v -0.007794 0.002067 -0.002076
v -0.007964 0.002040 -0.001109
v -0.008550 0.002003 -0.001956
v -0.008677 0.001982 -0.001236
v -0.008803 0.001962 -0.000517
v -0.009288 0.001927 -0.000870
v -0.009126 0.001952 -0.001792
v -0.009207 0.001940 -0.001331
v -0.009498 0.001919 -0.001603
v -0.009646 0.001904 -0.001409
v -0.009574 0.001907 -0.001176
v -0.001136 0.000470 0.000049
v -0.001287 0.000446 0.000910
v -0.000984 0.000494 -0.000812
v -0.002868 0.001809 -0.000218
v -0.003064 0.001778 0.000895
v -0.002672 0.001841 -0.001332
v -0.001858 0.000703 0.000893
v -0.002287 0.001051 0.000904
v -0.002109 0.001079 -0.000105
v -0.001529 0.000756 -0.000976
v -0.001693 0.000730 -0.000042
v -0.002528 0.001380 -0.000170
v -0.002339 0.001410 -0.001243
v -0.001931 0.001108 -0.001114
v -0.002717 0.001349 0.000902
v -0.000953 0.000004 0.000068
v -0.000811 0.000026 -0.000738
v -0.000708 -0.000083 -0.000704
v -0.000985 -0.000127 0.000872
v -0.001095 -0.000019 0.000874
v -0.000846 -0.000105 0.000084
v -0.003601 0.001798 0.000833
v -0.004059 0.001939 0.000789
v -0.003852 0.001972 -0.000387
v -0.003198 0.001862 -0.001455
v -0.003399 0.001830 -0.000311
v -0.004547 0.002036 -0.000507
v -0.004335 0.002070 -0.001708
v -0.003645 0.002005 -0.001563
v -0.004758 0.002002 0.000693
v -0.005937 0.001963 0.000493
v -0.005724 0.001997 -0.000716
v -0.006788 0.001944 -0.002090
v -0.005511 0.002031 -0.001925
v -0.007193 0.001880 0.000207
v -0.006991 0.001912 -0.000941
v -0.008119 0.001813 -0.000145
v -0.007778 0.001868 -0.002079
v -0.008533 0.001803 -0.001958
v -0.007948 0.001841 -0.001112
v -0.008787 0.001763 -0.000519
v -0.008660 0.001783 -0.001239
v -0.009271 0.001727 -0.000873
v -0.009109 0.001753 -0.001794
v -0.009482 0.001720 -0.001606
v -0.009190 0.001740 -0.001333
v -0.009557 0.001708 -0.001179
v -0.009629 0.001705 -0.001412
v -0.001424 0.000303 0.000882
v -0.001272 0.000327 0.000021
v -0.001121 0.000351 -0.000840
v -0.003153 0.001600 0.000874
v -0.002957 0.001631 -0.000239
v -0.002761 0.001662 -0.001352
v 0.000379 0.001466 0.000253
v 0.000481 0.001488 -0.000767
v 0.000109 0.001055 -0.000738
v 0.000014 0.001034 0.000207
v -0.000080 0.001014 0.001151
v 0.000277 0.001444 0.001273
v 0.000650 0.001828 0.001383
v 0.000758 0.001852 0.000299
v 0.000867 0.001875 -0.000785
v -0.000778 0.000032 0.000910
v -0.000691 0.000158 0.000940
v -0.000609 0.000175 0.000126
v -0.000528 0.000193 -0.000689
v -0.000618 0.000067 -0.000682
v -0.000698 0.000049 0.000114
v -0.000638 0.000062 -0.000483
v -0.000698 0.000049 0.000114
v -0.000758 0.000036 0.000711
v 0.002040 0.002728 0.000447
v 0.002159 0.002754 -0.000742
v 0.001700 0.002512 -0.000760
v 0.001584 0.002487 0.000396
v 0.001469 0.002461 0.001551
v 0.001921 0.002703 0.001635
v 0.002636 0.002846 0.001735
v 0.002757 0.002872 0.000522
v 0.002879 0.002899 -0.000692
v 0.003966 0.002871 0.000643
v 0.004089 0.002898 -0.000579
v 0.003844 0.002845 0.001864
v 0.005153 0.002702 0.001931
v 0.005269 0.002727 0.000770
v 0.005385 0.002753 -0.000390
v 0.006366 0.002463 -0.000113
v 0.006170 0.002421 0.001841
v 0.006268 0.002442 0.000864
v 0.006949 0.002077 0.001659
v 0.007021 0.002092 0.000932
v 0.007094 0.002108 0.000205
v 0.007635 0.001766 0.000516
v 0.007542 0.001746 0.001447
v 0.007589 0.001756 0.000981
v 0.007923 0.001504 0.001227
v 0.008063 0.001426 0.001022
v 0.007966 0.001513 0.000796
v -0.000344 0.000554 0.000161
v -0.000256 0.000573 -0.000709
v -0.000431 0.000535 0.001031
v 0.001159 0.002193 0.000347
v 0.001271 0.002218 -0.000778
v 0.001046 0.002169 0.001472
v 0.000265 0.000930 -0.000725
v 0.000628 0.001353 -0.000755
v 0.000526 0.001331 0.000265
v 0.000075 0.000889 0.001164
v 0.000170 0.000909 0.000220
v 0.000894 0.001705 0.000310
v 0.000785 0.001681 0.001393
v 0.000424 0.001309 0.001284
v 0.001002 0.001729 -0.000774
v -0.000447 0.000060 0.000140
v -0.000528 0.000042 0.000954
v -0.000615 -0.000083 0.000924
v -0.000455 -0.000049 -0.000668
v -0.000365 0.000078 -0.000675
v -0.000535 -0.000066 0.000128
v 0.001803 0.002341 -0.000753
v 0.002226 0.002566 -0.000739
v 0.002107 0.002540 0.000449
v 0.001572 0.002290 0.001558
v 0.001688 0.002315 0.000402
v 0.002777 0.002673 0.000519
v 0.002656 0.002647 0.001733
v 0.001988 0.002514 0.001638
v 0.002899 0.002700 -0.000694
v 0.004078 0.002698 -0.000584
v 0.003956 0.002672 0.000637
v 0.005115 0.002506 0.001923
v 0.003833 0.002645 0.001859
v 0.005347 0.002556 -0.000398
v 0.005231 0.002531 0.000762
v 0.006297 0.002276 -0.000124
v 0.006101 0.002233 0.001830
v 0.006856 0.001900 0.001646
v 0.006199 0.002254 0.000853
v 0.007002 0.001931 0.000192
v 0.006929 0.001915 0.000919
v 0.007528 0.001598 0.000501
v 0.007435 0.001578 0.001433
v 0.007810 0.001340 0.001213
v 0.007482 0.001588 0.000967
v 0.007853 0.001349 0.000781
v 0.007950 0.001262 0.001007
v -0.000095 0.000455 -0.000696
v -0.000183 0.000436 0.000174
v -0.000270 0.000417 0.001044
v 0.001392 0.002059 -0.000770
v 0.001280 0.002034 0.000355
v 0.001167 0.002010 0.001480
v 0.000101 0.001425 -0.000659
v -0.000505 0.001433 -0.001484
v -0.000717 0.000986 -0.001151
v -0.000157 0.001003 -0.000386
v 0.000403 0.001021 0.000380
v 0.000707 0.001417 0.000165
v 0.001008 0.001752 -0.000079
v 0.000362 0.001802 -0.000952
v -0.000283 0.001851 -0.001825
v -0.000224 0.000067 0.000750
v -0.000145 0.000190 0.000705
v -0.000627 0.000161 0.000044
v -0.001109 0.000132 -0.000616
v -0.001166 0.000008 -0.000542
v -0.000695 0.000038 0.000104
v -0.001048 0.000016 -0.000380
v -0.000695 0.000038 0.000104
v -0.000342 0.000060 0.000589
v 0.001248 0.002678 -0.001932
v 0.000548 0.002971 -0.002846
v 0.000245 0.002620 -0.002497
v 0.000932 0.002430 -0.001586
v 0.001619 0.002240 -0.000675
v 0.001947 0.002385 -0.001017
v 0.002395 0.002513 -0.001628
v 0.001737 0.002985 -0.002462
v 0.001080 0.003457 -0.003296
v 0.002553 0.003454 -0.003342
v 0.002043 0.004236 -0.003935
v 0.003063 0.002673 -0.002749
v 0.003861 0.002921 -0.003822
v 0.003522 0.003930 -0.004151
v 0.003183 0.004940 -0.004481
v 0.004472 0.004256 -0.004470
v 0.004249 0.005198 -0.004652
v 0.004696 0.003314 -0.004289
v 0.005467 0.003774 -0.004407
v 0.005336 0.004498 -0.004492
v 0.005204 0.005222 -0.004577
v 0.006046 0.004723 -0.004411
v 0.006016 0.005222 -0.004387
v 0.006077 0.004223 -0.004434
v 0.006491 0.004624 -0.004386
v 0.006680 0.004939 -0.004277
v 0.006552 0.005146 -0.004236
v -0.000424 0.000533 -0.000135
v -0.000939 0.000505 -0.000840
v 0.000091 0.000560 0.000571
v 0.000638 0.002137 -0.001260
v -0.000033 0.002247 -0.002160
v 0.001309 0.002028 -0.000361
v -0.000590 0.000861 -0.001241
v -0.000387 0.001298 -0.001573
v 0.000217 0.001287 -0.000746
v 0.000820 0.001276 0.000080
v 0.000527 0.000892 0.000291
v -0.000032 0.000876 -0.000475
v 0.001105 0.001598 -0.000161
v -0.000176 0.001707 -0.001913
v 0.000465 0.001652 -0.001037
v -0.000494 0.000044 -0.000048
v -0.000012 0.000073 0.000613
v -0.000091 -0.000051 0.000658
v -0.001033 -0.000109 -0.000634
v -0.000976 0.000015 -0.000709
v -0.000562 -0.000080 0.000012
v 0.000317 0.002456 -0.002587
v 0.000596 0.002802 -0.002942
v 0.001279 0.002500 -0.002018
v 0.001961 0.002200 -0.001092
v 0.001668 0.002061 -0.000750
v 0.000993 0.002258 -0.001669
v 0.002362 0.002336 -0.001715
v 0.001095 0.003295 -0.003412
v 0.001728 0.002814 -0.002565
v 0.002017 0.004105 -0.004084
v 0.002500 0.003316 -0.003476
v 0.002985 0.002531 -0.002865
v 0.003784 0.002830 -0.003983
v 0.003145 0.004857 -0.004659
v 0.003465 0.003843 -0.004322
v 0.004239 0.005154 -0.004847
v 0.004453 0.004210 -0.004664
v 0.004666 0.003265 -0.004481
v 0.005472 0.003754 -0.004606
v 0.005227 0.005204 -0.004775
v 0.005350 0.004479 -0.004691
v 0.006056 0.005233 -0.004582
v 0.006074 0.004733 -0.004608
v 0.006092 0.004233 -0.004634
v 0.006509 0.004653 -0.004583
v 0.006595 0.005173 -0.004429
v 0.006710 0.004967 -0.004473
v -0.000808 0.000386 -0.000932
v -0.000293 0.000413 -0.000227
v 0.000222 0.000440 0.000479
v 0.000059 0.002092 -0.002248
v 0.000722 0.001976 -0.001344
v 0.001385 0.001860 -0.000439
v -0.001718 0.001331 0.000923
v -0.001040 0.001319 0.001694
v -0.000755 0.000935 0.001367
v -0.001380 0.000920 0.000653
v -0.002006 0.000905 -0.000061
v -0.002396 0.001343 0.000152
v -0.002785 0.001768 0.000381
v -0.002061 0.001715 0.001200
v -0.001337 0.001663 0.002019
v -0.001232 0.000001 -0.000485
v -0.001328 0.000115 -0.000432
v -0.000790 0.000149 0.000184
v -0.000253 0.000182 0.000800
v -0.000181 0.000072 0.000719
v -0.000706 0.000037 0.000117
v -0.000312 0.000063 0.000569
v -0.000706 0.000037 0.000117
v -0.001100 0.000010 -0.000335
v -0.002354 0.002394 0.003002
v -0.002000 0.002214 0.002661
v -0.002783 0.002408 0.001791
v -0.003166 0.002725 0.002113
v -0.003565 0.002603 0.000921
v -0.003978 0.003055 0.001224
v -0.004541 0.003520 0.001742
v -0.003719 0.003013 0.002624
v -0.002896 0.002507 0.003506
v -0.003803 0.002551 0.004317
v -0.004594 0.003265 0.003494
v -0.005384 0.003978 0.002672
v -0.006251 0.004111 0.003664
v -0.005532 0.003324 0.004396
v -0.004814 0.002536 0.005129
v -0.005668 0.002470 0.005634
v -0.006885 0.003601 0.004371
v -0.006276 0.003036 0.005002
v -0.007313 0.002907 0.004910
v -0.006845 0.002640 0.005415
v -0.006376 0.002373 0.005919
v -0.006953 0.002269 0.006072
v -0.007565 0.002486 0.005399
v -0.007259 0.002378 0.005736
v -0.007653 0.002268 0.005784
v -0.007595 0.002182 0.006011
v -0.007368 0.002193 0.006101
v -0.001043 0.000485 0.000385
v -0.000468 0.000513 0.001043
v -0.001619 0.000456 -0.000274
v -0.001659 0.001966 0.002337
v -0.002415 0.002073 0.001488
v -0.003171 0.002181 0.000639
v -0.000857 0.000791 0.001460
v -0.001140 0.001168 0.001779
v -0.001820 0.001183 0.001011
v -0.002112 0.000764 0.000033
v -0.001485 0.000778 0.000747
v -0.002162 0.001561 0.001278
v -0.002889 0.001617 0.000463
v -0.002501 0.001197 0.000242
v -0.001434 0.001505 0.002094
v -0.000896 0.000010 0.000283
v -0.001434 -0.000023 -0.000333
v -0.001337 -0.000137 -0.000385
v -0.000285 -0.000067 0.000818
v -0.000357 0.000043 0.000899
v -0.000811 -0.000102 0.000216
v -0.002883 0.002243 0.001842
v -0.002092 0.002041 0.002702
v -0.002440 0.002214 0.003010
v -0.003673 0.002446 0.000980
v -0.003263 0.002551 0.002134
v -0.003810 0.002836 0.002604
v -0.004643 0.003348 0.001735
v -0.004086 0.002890 0.001257
v -0.002975 0.002326 0.003473
v -0.003881 0.002380 0.004249
v -0.004681 0.003095 0.003436
v -0.005594 0.003161 0.004297
v -0.006312 0.003949 0.003564
v -0.005480 0.003810 0.002622
v -0.004875 0.002374 0.005030
v -0.005691 0.002309 0.005518
v -0.006884 0.003450 0.004240
v -0.007280 0.002752 0.004788
v -0.006288 0.002879 0.004878
v -0.006368 0.002204 0.005813
v -0.006824 0.002477 0.005300
v -0.006927 0.002091 0.005984
v -0.007527 0.002316 0.005302
v -0.007615 0.002092 0.005698
v -0.007227 0.002203 0.005643
v -0.007336 0.002013 0.006019
v -0.007560 0.002004 0.005928
v -0.000572 0.000373 0.001140
v -0.001148 0.000345 0.000482
v -0.001724 0.000318 -0.000176
v -0.001753 0.001800 0.002398
v -0.002514 0.001913 0.001554
v -0.003275 0.002026 0.000710
v -0.000543 0.001617 -0.001252
v -0.001544 0.001470 -0.001415
v -0.001455 0.001019 -0.001085
v -0.000527 0.001154 -0.000934
v 0.000401 0.001290 -0.000783
v 0.000459 0.001763 -0.001089
v 0.000515 0.002190 -0.001416
v -0.000549 0.002034 -0.001589
v -0.001613 0.001879 -0.001763
v 0.000308 0.000225 -0.000201
v 0.000319 0.000361 -0.000273
v -0.000481 0.000244 -0.000403
v -0.001280 0.000128 -0.000534
v -0.001255 -0.000003 -0.000456
v -0.000473 0.000111 -0.000329
v -0.001059 0.000025 -0.000424
v -0.000473 0.000111 -0.000329
v 0.000113 0.000197 -0.000233
v -0.000500 0.003020 -0.002773
v -0.001667 0.002850 -0.002963
v -0.001664 0.002574 -0.002529
v -0.000529 0.002739 -0.002344
v 0.000606 0.002905 -0.002159
v 0.000667 0.003191 -0.002582
v 0.000752 0.003527 -0.003252
v -0.000439 0.003353 -0.003446
v -0.001630 0.003179 -0.003641
v -0.000326 0.003841 -0.004576
v -0.001525 0.003665 -0.004772
v 0.000874 0.004016 -0.004381
v 0.000920 0.004608 -0.005582
v -0.000219 0.004441 -0.005768
v -0.001359 0.004275 -0.005953
v -0.001137 0.004974 -0.006783
v 0.000782 0.005254 -0.006470
v -0.000178 0.005114 -0.006626
v 0.000536 0.005895 -0.007115
v -0.000178 0.005791 -0.007231
v -0.000892 0.005686 -0.007347
v -0.000655 0.006336 -0.007735
v 0.000260 0.006469 -0.007586
v -0.000197 0.006402 -0.007661
v -0.000007 0.006868 -0.007883
v -0.000226 0.006982 -0.008003
v -0.000431 0.006806 -0.007952
v -0.000502 0.000645 -0.000628
v -0.001357 0.000520 -0.000768
v 0.000352 0.000770 -0.000489
v -0.000545 0.002410 -0.001952
v -0.001649 0.002248 -0.002132
v 0.000560 0.002571 -0.001771
v -0.001412 0.000914 -0.001251
v -0.001502 0.001354 -0.001573
v -0.000500 0.001501 -0.001409
v 0.000443 0.001185 -0.000948
v -0.000485 0.001050 -0.001100
v -0.000506 0.001905 -0.001736
v 0.000558 0.002060 -0.001562
v 0.000501 0.001647 -0.001246
v -0.001570 0.001749 -0.001909
v -0.000439 0.000150 -0.000575
v 0.000361 0.000267 -0.000445
v 0.000350 0.000131 -0.000373
v -0.001213 -0.000097 -0.000627
v -0.001239 0.000034 -0.000705
v -0.000432 0.000017 -0.000500
v -0.001622 0.002416 -0.002645
v -0.001626 0.002678 -0.003058
v -0.000460 0.002849 -0.002867
v 0.000648 0.002747 -0.002275
v -0.000487 0.002581 -0.002460
v -0.000400 0.003174 -0.003526
v 0.000792 0.003348 -0.003331
v 0.000707 0.003019 -0.002677
v -0.001591 0.003000 -0.003720
v -0.001486 0.003486 -0.004852
v -0.000287 0.003662 -0.004656
v 0.000961 0.004441 -0.005685
v 0.000913 0.003837 -0.004461
v -0.001318 0.004108 -0.006056
v -0.000178 0.004275 -0.005871
v -0.001095 0.004831 -0.006916
v 0.000824 0.005111 -0.006603
v 0.000579 0.005774 -0.007268
v -0.000135 0.004971 -0.006759
v -0.000849 0.005565 -0.007501
v -0.000135 0.005670 -0.007384
v -0.000613 0.006231 -0.007900
v 0.000302 0.006365 -0.007751
v 0.000035 0.006770 -0.008052
v -0.000155 0.006298 -0.007826
v -0.000389 0.006708 -0.008121
v -0.000184 0.006884 -0.008172
v -0.001315 0.000423 -0.000938
v -0.000461 0.000548 -0.000798
v 0.000394 0.000673 -0.000659
v -0.001607 0.002105 -0.002264
v -0.000502 0.002266 -0.002084
v 0.000603 0.002428 -0.001904
v -0.000504 0.001343 0.001293
v 0.000484 0.001429 0.001033
v 0.000341 0.001028 0.000658
v -0.000574 0.000949 0.000900
v -0.001488 0.000870 0.001142
v -0.001491 0.001257 0.001554
v -0.001477 0.001598 0.001973
v -0.000427 0.001689 0.001696
v 0.000622 0.001780 0.001419
v -0.001472 -0.000030 0.000322
v -0.001474 0.000086 0.000424
v -0.000685 0.000154 0.000216
v 0.000104 0.000222 0.000008
v 0.000070 0.000104 -0.000085
v -0.000701 0.000037 0.000119
v -0.000123 0.000087 -0.000034
v -0.000701 0.000037 0.000119
v -0.001279 -0.000013 0.000271
v -0.000142 0.002428 0.003018
v 0.001009 0.002527 0.002714
v 0.000871 0.002333 0.002259
v -0.000248 0.002236 0.002555
v -0.001367 0.002139 0.002850
v -0.001293 0.002328 0.003322
v -0.001142 0.002457 0.004036
v 0.000033 0.002559 0.003726
v 0.001208 0.002661 0.003416
v 0.000337 0.002626 0.004898
v 0.001520 0.002729 0.004585
v -0.000846 0.002524 0.005210
v -0.000459 0.002557 0.006445
v 0.000665 0.002654 0.006148
v 0.001789 0.002752 0.005851
v 0.001860 0.002750 0.006843
v -0.000033 0.002586 0.007343
v 0.000913 0.002668 0.007093
v 0.000394 0.002613 0.007981
v 0.001098 0.002674 0.007795
v 0.001802 0.002735 0.007609
v 0.001687 0.002717 0.008198
v 0.000785 0.002639 0.008436
v 0.001236 0.002678 0.008317
v 0.001112 0.002663 0.008697
v 0.001350 0.002682 0.008750
v 0.001530 0.002699 0.008586
v -0.000638 0.000505 0.000509
v 0.000204 0.000578 0.000286
v -0.001481 0.000432 0.000731
v -0.000342 0.001988 0.002115
v 0.000747 0.002082 0.001828
v -0.001432 0.001894 0.002403
v 0.000390 0.000891 0.000796
v 0.000530 0.001282 0.001160
v -0.000457 0.001196 0.001421
v -0.001440 0.000733 0.001279
v -0.000525 0.000812 0.001037
v -0.000383 0.001531 0.001811
v -0.001433 0.001440 0.002088
v -0.001445 0.001111 0.001682
v 0.000666 0.001622 0.001534
v -0.000636 0.000026 0.000362
v -0.001424 -0.000042 0.000570
v -0.001422 -0.000158 0.000468
v 0.000119 -0.000024 0.000061
v 0.000153 0.000095 0.000153
v -0.000651 -0.000091 0.000264
v 0.000908 0.002153 0.002339
v 0.001038 0.002336 0.002764
v -0.000112 0.002236 0.003068
v -0.001331 0.001959 0.002930
v -0.000211 0.002056 0.002634
v 0.000055 0.002361 0.003744
v -0.001120 0.002260 0.004055
v -0.001263 0.002136 0.003372
v 0.001230 0.002463 0.003434
v 0.001538 0.002530 0.004588
v 0.000355 0.002427 0.004901
v -0.000442 0.002357 0.006444
v -0.000828 0.002325 0.005213
v 0.001806 0.002552 0.005851
v 0.000682 0.002455 0.006148
v 0.001876 0.002551 0.006841
v -0.000016 0.002386 0.007341
v 0.000411 0.002413 0.007978
v 0.000930 0.002469 0.007091
v 0.001819 0.002536 0.007606
v 0.001115 0.002474 0.007792
v 0.001703 0.002518 0.008195
v 0.000801 0.002440 0.008434
v 0.001129 0.002464 0.008694
v 0.001252 0.002479 0.008314
v 0.001547 0.002500 0.008584
v 0.001366 0.002483 0.008747
v 0.000254 0.000448 0.000430
v -0.000589 0.000375 0.000652
v -0.001432 0.000302 0.000875
v 0.000788 0.001913 0.001927
v -0.000302 0.001819 0.002214
v -0.001391 0.001725 0.002502
vt 0.684850 0.341640
vt 0.657620 0.311150
vt 0.676650 0.289600
vt 0.698540 0.314110
vt 0.720440 0.338630
vt 0.712080 0.372130
vt 0.705470 0.405760
vt 0.671740 0.367980
vt 0.638000 0.330200
vt 0.745740 0.273750
vt 0.742160 0.282210
vt 0.724350 0.262270
vt 0.706530 0.242320
vt 0.710930 0.234760
vt 0.728340 0.254250
vt 0.715530 0.239120
vt 0.728680 0.253570
vt 0.741650 0.268360
vt 0.633840 0.444120
vt 0.583180 0.387390
vt 0.600520 0.367490
vt 0.646410 0.418880
vt 0.692300 0.470260
vt 0.684500 0.500850
vt 0.680220 0.516080
vt 0.627710 0.456750
vt 0.575200 0.397420
vt 0.634420 0.444180
vt 0.584870 0.386560
vt 0.683980 0.501800
vt 0.691550 0.471560
vt 0.647390 0.419200
vt 0.603240 0.366830
vt 0.621340 0.350230
vt 0.698710 0.438960
vt 0.660020 0.394600
vt 0.704050 0.405000
vt 0.672160 0.370230
vt 0.640280 0.335460
vt 0.661130 0.321230
vt 0.706180 0.370690
vt 0.683650 0.345960
vt 0.703600 0.341200
vt 0.694820 0.321730
vt 0.680450 0.314370
vt 0.713060 0.284940
vt 0.694030 0.263630
vt 0.732100 0.306250
vt 0.658980 0.393610
vt 0.618880 0.348710
vt 0.699080 0.438520
vt 0.676650 0.289600
vt 0.657620 0.311150
vt 0.684850 0.341640
vt 0.720440 0.338630
vt 0.698540 0.314110
vt 0.671740 0.367980
vt 0.705470 0.405760
vt 0.712080 0.372130
vt 0.638000 0.330200
vt 0.724350 0.262270
vt 0.742160 0.282210
vt 0.745740 0.273750
vt 0.710930 0.234760
vt 0.706530 0.242320
vt 0.728340 0.254250
vt 0.600520 0.367490
vt 0.583180 0.387390
vt 0.633840 0.444120
vt 0.692300 0.470260
vt 0.646410 0.418880
vt 0.627710 0.456750
vt 0.680220 0.516080
vt 0.684500 0.500850
vt 0.575200 0.397420
vt 0.584870 0.386560
vt 0.634420 0.444180
vt 0.691550 0.471560
vt 0.683980 0.501800
vt 0.603240 0.366830
vt 0.647390 0.419200
vt 0.621340 0.350230
vt 0.698710 0.438960
vt 0.704050 0.405000
vt 0.660020 0.394600
vt 0.640280 0.335460
vt 0.672160 0.370230
vt 0.661130 0.321230
vt 0.706180 0.370690
vt 0.703600 0.341200
vt 0.683650 0.345960
vt 0.680450 0.314370
vt 0.694820 0.321730
vt 0.694030 0.263630
vt 0.713060 0.284940
vt 0.732100 0.306250
vt 0.618880 0.348710
vt 0.658980 0.393610
vt 0.699080 0.438520
vt 0.684850 0.341640
vt 0.657620 0.311150
vt 0.676650 0.289600
vt 0.698540 0.314110
vt 0.720440 0.338630
vt 0.712080 0.372130
vt 0.705470 0.405760
vt 0.671740 0.367980
vt 0.638000 0.330200
vt 0.745740 0.273750
vt 0.742160 0.282210
vt 0.724350 0.262270
vt 0.706530 0.242320
vt 0.710930 0.234760
vt 0.728340 0.254250
vt 0.715530 0.239120
vt 0.728680 0.253570
vt 0.741650 0.268360
vt 0.633840 0.444120
vt 0.583180 0.387390
vt 0.600520 0.367490
vt 0.646410 0.418880
vt 0.692300 0.470260
vt 0.684500 0.500850
vt 0.680220 0.516080
vt 0.627710 0.456750
vt 0.575200 0.397420
vt 0.634420 0.444180
vt 0.584870 0.386560
vt 0.683980 0.501800
vt 0.691550 0.471560
vt 0.647390 0.419200
vt 0.603240 0.366830
vt 0.621340 0.350230
vt 0.698710 0.438960
vt 0.660020 0.394600
vt 0.704050 0.405000
vt 0.672160 0.370230
vt 0.640280 0.335460
vt 0.661130 0.321230
vt 0.706180 0.370690
vt 0.683650 0.345960
vt 0.703600 0.341200
vt 0.694820 0.321730
vt 0.680450 0.314370
vt 0.713060 0.284940
vt 0.694030 0.263630
vt 0.732100 0.306250
vt 0.658980 0.393610
vt 0.618880 0.348710
vt 0.699080 0.438520
vt 0.676650 0.289600
vt 0.657620 0.311150
vt 0.684850 0.341640
vt 0.720440 0.338630
vt 0.698540 0.314110
vt 0.671740 0.367980
vt 0.705470 0.405760
vt 0.712080 0.372130
vt 0.638000 0.330200
vt 0.724350 0.262270
vt 0.742160 0.282210
vt 0.745740 0.273750
vt 0.710930 0.234760
vt 0.706530 0.242320
vt 0.728340 0.254250
vt 0.600520 0.367490
vt 0.583180 0.387390
vt 0.633840 0.444120
vt 0.692300 0.470260
vt 0.646410 0.418880
vt 0.627710 0.456750
vt 0.680220 0.516080
vt 0.684500 0.500850
vt 0.575200 0.397420
vt 0.584870 0.386560
vt 0.634420 0.444180
vt 0.691550 0.471560
vt 0.683980 0.501800
vt 0.603240 0.366830
vt 0.647390 0.419200
vt 0.621340 0.350230
vt 0.698710 0.438960
vt 0.704050 0.405000
vt 0.660020 0.394600
vt 0.640280 0.335460
vt 0.672160 0.370230
vt 0.661130 0.321230
vt 0.706180 0.370690
vt 0.703600 0.341200
vt 0.683650 0.345960
vt 0.680450 0.314370
vt 0.694820 0.321730
vt 0.694030 0.263630
vt 0.713060 0.284940
vt 0.732100 0.306250
vt 0.618880 0.348710
vt 0.658980 0.393610
vt 0.699080 0.438520
vt 0.684850 0.341640
vt 0.657620 0.311150
vt 0.676650 0.289600
vt 0.698540 0.314110
vt 0.720440 0.338630
vt 0.712080 0.372130
vt 0.705470 0.405760
vt 0.671740 0.367980
vt 0.638000 0.330200
vt 0.745740 0.273750
vt 0.742160 0.282210
vt 0.724350 0.262270
vt 0.706530 0.242320
vt 0.710930 0.234760
vt 0.728340 0.254250
vt 0.715530 0.239120
vt 0.728680 0.253570
vt 0.741650 0.268360
vt 0.633840 0.444120
vt 0.583180 0.387390
vt 0.600520 0.367490
vt 0.646410 0.418880
vt 0.692300 0.470260
vt 0.684500 0.500850
vt 0.680220 0.516080
vt 0.627710 0.456750
vt 0.575200 0.397420
vt 0.634420 0.444180
vt 0.584870 0.386560
vt 0.683980 0.501800
vt 0.691550 0.471560
vt 0.647390 0.419200
vt 0.603240 0.366830
vt 0.621340 0.350230
vt 0.698710 0.438960
vt 0.660020 0.394600
vt 0.704050 0.405000
vt 0.672160 0.370230
vt 0.640280 0.335460
vt 0.661130 0.321230
vt 0.706180 0.370690
vt 0.683650 0.345960
vt 0.703600 0.341200
vt 0.694820 0.321730
vt 0.680450 0.314370
vt 0.713060 0.284940
vt 0.694030 0.263630
vt 0.732100 0.306250
vt 0.658980 0.393610
vt 0.618880 0.348710
vt 0.699080 0.438520
vt 0.676650 0.289600
vt 0.657620 0.311150
vt 0.684850 0.341640
vt 0.720440 0.338630
vt 0.698540 0.314110
vt 0.671740 0.367980
vt 0.705470 0.405760
vt 0.712080 0.372130
vt 0.638000 0.330200
vt 0.724350 0.262270
vt 0.742160 0.282210
vt 0.745740 0.273750
vt 0.710930 0.234760
vt 0.706530 0.242320
vt 0.728340 0.254250
vt 0.600520 0.367490
vt 0.583180 0.387390
vt 0.633840 0.444120
vt 0.692300 0.470260
vt 0.646410 0.418880
vt 0.627710 0.456750
vt 0.680220 0.516080
vt 0.684500 0.500850
vt 0.575200 0.397420
vt 0.584870 0.386560
vt 0.634420 0.444180
vt 0.691550 0.471560
vt 0.683980 0.501800
vt 0.603240 0.366830
vt 0.647390 0.419200
vt 0.621340 0.350230
vt 0.698710 0.438960
vt 0.704050 0.405000
vt 0.660020 0.394600
vt 0.640280 0.335460
vt 0.672160 0.370230
vt 0.661130 0.321230
vt 0.706180 0.370690
vt 0.703600 0.341200
vt 0.683650 0.345960
vt 0.680450 0.314370
vt 0.694820 0.321730
vt 0.694030 0.263630
vt 0.713060 0.284940
vt 0.732100 0.306250
vt 0.618880 0.348710
vt 0.658980 0.393610
vt 0.699080 0.438520
vt 0.684850 0.341640
vt 0.657620 0.311150
vt 0.676650 0.289600
vt 0.698540 0.314110
vt 0.720440 0.338630
vt 0.712080 0.372130
vt 0.705470 0.405760
vt 0.671740 0.367980
vt 0.638000 0.330200
vt 0.745740 0.273750
vt 0.742160 0.282210
vt 0.724350 0.262270
vt 0.706530 0.242320
vt 0.710930 0.234760
vt 0.728340 0.254250
vt 0.715530 0.239120
vt 0.728680 0.253570
vt 0.741650 0.268360
vt 0.633840 0.444120
vt 0.583180 0.387390
vt 0.600520 0.367490
vt 0.646410 0.418880
vt 0.692300 0.470260
vt 0.684500 0.500850
vt 0.680220 0.516080
vt 0.627710 0.456750
vt 0.575200 0.397420
vt 0.634420 0.444180
vt 0.584870 0.386560
vt 0.683980 0.501800
vt 0.691550 0.471560
vt 0.647390 0.419200
vt 0.603240 0.366830
vt 0.660020 0.394600
vt 0.621340 0.350230
vt 0.698710 0.438960
vt 0.704050 0.405000
vt 0.672160 0.370230
vt 0.640280 0.335460
vt 0.683650 0.345960
vt 0.661130 0.321230
vt 0.706180 0.370690
vt 0.703600 0.341200
vt 0.694820 0.321730
vt 0.680450 0.314370
vt 0.713060 0.284940
vt 0.694030 0.263630
vt 0.732100 0.306250
vt 0.658980 0.393610
vt 0.618880 0.348710
vt 0.699080 0.438520
vt 0.676650 0.289600
vt 0.657620 0.311150
vt 0.684850 0.341640
vt 0.712080 0.372130
vt 0.720440 0.338630
vt 0.698540 0.314110
vt 0.705470 0.405760
vt 0.638000 0.330200
vt 0.671740 0.367980
vt 0.724350 0.262270
vt 0.742160 0.282210
vt 0.745740 0.273750
vt 0.710930 0.234760
vt 0.706530 0.242320
vt 0.728340 0.254250
vt 0.600520 0.367490
vt 0.583180 0.387390
vt 0.633840 0.444120
vt 0.684500 0.500850
vt 0.692300 0.470260
vt 0.646410 0.418880
vt 0.680220 0.516080
vt 0.575200 0.397420
vt 0.627710 0.456750
vt 0.584870 0.386560
vt 0.634420 0.444180
vt 0.683980 0.501800
vt 0.691550 0.471560
vt 0.603240 0.366830
vt 0.647390 0.419200
vt 0.621340 0.350230
vt 0.660020 0.394600
vt 0.698710 0.438960
vt 0.704050 0.405000
vt 0.640280 0.335460
vt 0.672160 0.370230
vt 0.661130 0.321230
vt 0.683650 0.345960
vt 0.706180 0.370690
vt 0.703600 0.341200
vt 0.680450 0.314370
vt 0.694820 0.321730
vt 0.694030 0.263630
vt 0.713060 0.284940
vt 0.732100 0.306250
vt 0.618880 0.348710
vt 0.658980 0.393610
vt 0.699080 0.438520
vt 0.684850 0.341640
vt 0.657620 0.311150
vt 0.676650 0.289600
vt 0.698540 0.314110
vt 0.720440 0.338630
vt 0.712080 0.372130
vt 0.705470 0.405760
vt 0.671740 0.367980
vt 0.638000 0.330200
vt 0.745740 0.273750
vt 0.742160 0.282210
vt 0.724350 0.262270
vt 0.706530 0.242320
vt 0.710930 0.234760
vt 0.728340 0.254250
vt 0.715530 0.239120
vt 0.728680 0.253570
vt 0.741650 0.268360
vt 0.583180 0.387390
vt 0.600520 0.367490
vt 0.646410 0.418880
vt 0.633840 0.444120
vt 0.692300 0.470260
vt 0.684500 0.500850
vt 0.680220 0.516080
vt 0.627710 0.456750
vt 0.575200 0.397420
vt 0.584870 0.386560
vt 0.634420 0.444180
vt 0.683980 0.501800
vt 0.691550 0.471560
vt 0.647390 0.419200
vt 0.603240 0.366830
vt 0.621340 0.350230
vt 0.698710 0.438960
vt 0.660020 0.394600
vt 0.704050 0.405000
vt 0.672160 0.370230
vt 0.640280 0.335460
vt 0.661130 0.321230
vt 0.706180 0.370690
vt 0.683650 0.345960
vt 0.703600 0.341200
vt 0.694820 0.321730
vt 0.680450 0.314370
vt 0.713060 0.284940
vt 0.694030 0.263630
vt 0.732100 0.306250
vt 0.618880 0.348710
vt 0.658980 0.393610
vt 0.699080 0.438520
vt 0.676650 0.289600
vt 0.657620 0.311150
vt 0.684850 0.341640
vt 0.720440 0.338630
vt 0.698540 0.314110
vt 0.671740 0.367980
vt 0.705470 0.405760
vt 0.712080 0.372130
vt 0.638000 0.330200
vt 0.724350 0.262270
vt 0.742160 0.282210
vt 0.745740 0.273750
vt 0.710930 0.234760
vt 0.706530 0.242320
vt 0.728340 0.254250
vt 0.646410 0.418880
vt 0.600520 0.367490
vt 0.583180 0.387390
vt 0.692300 0.470260
vt 0.633840 0.444120
vt 0.627710 0.456750
vt 0.680220 0.516080
vt 0.684500 0.500850
vt 0.575200 0.397420
vt 0.584870 0.386560
vt 0.634420 0.444180
vt 0.647390 0.419200
vt 0.691550 0.471560
vt 0.683980 0.501800
vt 0.603240 0.366830
vt 0.621340 0.350230
vt 0.698710 0.438960
vt 0.704050 0.405000
vt 0.660020 0.394600
vt 0.640280 0.335460
vt 0.672160 0.370230
vt 0.661130 0.321230
vt 0.706180 0.370690
vt 0.703600 0.341200
vt 0.683650 0.345960
vt 0.680450 0.314370
vt 0.694820 0.321730
vt 0.694030 0.263630
vt 0.713060 0.284940
vt 0.732100 0.306250
vt 0.618880 0.348710
vt 0.658980 0.393610
vt 0.699080 0.438520
vt 0.684850 0.341640
vt 0.657620 0.311150
vt 0.676650 0.289600
vt 0.698540 0.314110
vt 0.720440 0.338630
vt 0.712080 0.372130
vt 0.705470 0.405760
vt 0.671740 0.367980
vt 0.638000 0.330200
vt 0.745740 0.273750
vt 0.742160 0.282210
vt 0.724350 0.262270
vt 0.706530 0.242320
vt 0.710930 0.234760
vt 0.728340 0.254250
vt 0.715530 0.239120
vt 0.728680 0.253570
vt 0.741650 0.268360
vt 0.633840 0.444120
vt 0.583180 0.387390
vt 0.600520 0.367490
vt 0.646410 0.418880
vt 0.692300 0.470260
vt 0.684500 0.500850
vt 0.680220 0.516080
vt 0.627710 0.456750
vt 0.575200 0.397420
vt 0.634420 0.444180
vt 0.584870 0.386560
vt 0.683980 0.501800
vt 0.691550 0.471560
vt 0.647390 0.419200
vt 0.603240 0.366830
vt 0.621340 0.350230
vt 0.698710 0.438960
vt 0.660020 0.394600
vt 0.704050 0.405000
vt 0.672160 0.370230
vt 0.640280 0.335460
vt 0.661130 0.321230
vt 0.706180 0.370690
vt 0.683650 0.345960
vt 0.703600 0.341200
vt 0.694820 0.321730
vt 0.680450 0.314370
vt 0.713060 0.284940
vt 0.694030 0.263630
vt 0.732100 0.306250
vt 0.658980 0.393610
vt 0.618880 0.348710
vt 0.699080 0.438520
vt 0.676650 0.289600
vt 0.657620 0.311150
vt 0.684850 0.341640
vt 0.720440 0.338630
vt 0.698540 0.314110
vt 0.671740 0.367980
vt 0.705470 0.405760
vt 0.712080 0.372130
vt 0.638000 0.330200
vt 0.724350 0.262270
vt 0.742160 0.282210
vt 0.745740 0.273750
vt 0.710930 0.234760
vt 0.706530 0.242320
vt 0.728340 0.254250
vt 0.600520 0.367490
vt 0.583180 0.387390
vt 0.633840 0.444120
vt 0.692300 0.470260
vt 0.646410 0.418880
vt 0.627710 0.456750
vt 0.680220 0.516080
vt 0.684500 0.500850
vt 0.575200 0.397420
vt 0.584870 0.386560
vt 0.634420 0.444180
vt 0.691550 0.471560
vt 0.683980 0.501800
vt 0.603240 0.366830
vt 0.647390 0.419200
vt 0.621340 0.350230
vt 0.698710 0.438960
vt 0.704050 0.405000
vt 0.660020 0.394600
vt 0.640280 0.335460
vt 0.672160 0.370230
vt 0.661130 0.321230
vt 0.706180 0.370690
vt 0.703600 0.341200
vt 0.683650 0.345960
vt 0.680450 0.314370
vt 0.694820 0.321730
vt 0.694030 0.263630
vt 0.713060 0.284940
vt 0.732100 0.306250
vt 0.618880 0.348710
vt 0.658980 0.393610
vt 0.699080 0.438520
vt 0.684850 0.341640
vt 0.657620 0.311150
vt 0.676650 0.289600
vt 0.698540 0.314110
vt 0.720440 0.338630
vt 0.712080 0.372130
vt 0.705470 0.405760
vt 0.671740 0.367980
vt 0.638000 0.330200
vt 0.745740 0.273750
vt 0.742160 0.282210
vt 0.724350 0.262270
vt 0.706530 0.242320
vt 0.710930 0.234760
vt 0.728340 0.254250
vt 0.715530 0.239120
vt 0.728680 0.253570
vt 0.741650 0.268360
vt 0.633840 0.444120
vt 0.583180 0.387390
vt 0.600520 0.367490
vt 0.646410 0.418880
vt 0.692300 0.470260
vt 0.684500 0.500850
vt 0.680220 0.516080
vt 0.627710 0.456750
vt 0.575200 0.397420
vt 0.634420 0.444180
vt 0.584870 0.386560
vt 0.683980 0.501800
vt 0.691550 0.471560
vt 0.647390 0.419200
vt 0.603240 0.366830
vt 0.621340 0.350230
vt 0.698710 0.438960
vt 0.660020 0.394600
vt 0.704050 0.405000
vt 0.672160 0.370230
vt 0.640280 0.335460
vt 0.661130 0.321230
vt 0.706180 0.370690
vt 0.683650 0.345960
vt 0.703600 0.341200
vt 0.694820 0.321730
vt 0.680450 0.314370
vt 0.713060 0.284940
vt 0.694030 0.263630
vt 0.732100 0.306250
vt 0.658980 0.393610
vt 0.618880 0.348710
vt 0.699080 0.438520
vt 0.676650 0.289600
vt 0.657620 0.311150
vt 0.684850 0.341640
vt 0.720440 0.338630
vt 0.698540 0.314110
vt 0.671740 0.367980
vt 0.705470 0.405760
vt 0.712080 0.372130
vt 0.638000 0.330200
vt 0.724350 0.262270
vt 0.742160 0.282210
vt 0.745740 0.273750
vt 0.710930 0.234760
vt 0.706530 0.242320
vt 0.728340 0.254250
vt 0.600520 0.367490
vt 0.583180 0.387390
vt 0.633840 0.444120
vt 0.692300 0.470260
vt 0.646410 0.418880
vt 0.627710 0.456750
vt 0.680220 0.516080
vt 0.684500 0.500850
vt 0.575200 0.397420
vt 0.584870 0.386560
vt 0.634420 0.444180
vt 0.691550 0.471560
vt 0.683980 0.501800
vt 0.603240 0.366830
vt 0.647390 0.419200
vt 0.621340 0.350230
vt 0.698710 0.438960
vt 0.704050 0.405000
vt 0.660020 0.394600
vt 0.640280 0.335460
vt 0.672160 0.370230
vt 0.661130 0.321230
vt 0.706180 0.370690
vt 0.703600 0.341200
vt 0.683650 0.345960
vt 0.680450 0.314370
vt 0.694820 0.321730
vt 0.694030 0.263630
vt 0.713060 0.284940
vt 0.732100 0.306250
vt 0.618880 0.348710
vt 0.658980 0.393610
vt 0.699080 0.438520
vn 0.1665 0.7416 0.6498
vn -0.5073 0.4146 0.7555
vn -0.4916 0.3762 0.7853
vn 0.1867 0.6945 0.6949
vn 0.8100 0.4907 0.3211
vn 0.7972 0.5293 0.2903
vn 0.7780 0.5816 0.2377
vn 0.1415 0.7932 0.5923
vn -0.5338 0.4663 0.7055
vn 0.7934 -0.0336 0.6078
vn 0.8263 0.4546 0.3325
vn 0.2034 0.6513 0.7311
vn -0.4913 0.3387 0.8024
vn -0.2177 -0.1223 0.9683
vn 0.0805 0.3675 0.9265
vn -0.7729 0.6345 0.0064
vn 0.0000 0.0000 1.0000
vn -0.4880 0.8535 -0.1831
vn 0.0059 0.9669 0.2550
vn -0.6225 0.6457 0.4422
vn -0.5816 0.5725 0.5779
vn 0.0749 0.8989 0.4317
vn 0.7178 0.6868 0.1146
vn 0.6524 0.7577 -0.0123
vn 0.5956 0.7788 -0.1967
vn -0.0772 0.9966 0.0293
vn -0.6983 0.6651 0.2647
vn -0.1276 0.9852 -0.1148
vn -0.7538 0.6419 0.1404
vn 0.5634 0.7577 -0.3293
vn 0.5147 0.7141 -0.4745
vn -0.1705 0.9550 -0.2426
vn -0.8011 0.5985 -0.0053
vn -0.8396 0.5125 -0.1798
vn 0.4477 0.6258 -0.6388
vn -0.2165 0.8968 -0.3859
vn 0.3946 0.5227 -0.7557
vn -0.2490 0.8338 -0.4927
vn -0.8567 0.4127 -0.3095
vn -0.8586 0.3069 -0.4105
vn 0.3490 0.4131 -0.8412
vn -0.2688 0.7834 -0.5604
vn 0.2239 0.2167 -0.9502
vn -0.3308 -0.0577 -0.9419
vn -0.8014 0.1266 -0.5846
vn 0.1995 0.6618 0.7226
vn -0.4893 0.3494 0.7990
vn 0.8210 0.4646 0.3318
vn 0.1110 0.8469 0.5201
vn -0.5587 0.5241 0.6427
vn 0.7486 0.6391 0.1765
vn -0.7675 -0.6120 -0.1906
vn -0.7557 -0.6372 -0.1514
vn -0.1666 -0.7416 -0.6499
vn 0.5602 -0.4953 -0.6640
vn -0.1868 -0.6944 -0.6949
vn -0.1415 -0.7932 -0.5924
vn 0.5988 -0.5346 -0.5963
vn 0.5796 -0.5198 -0.6276
vn -0.7484 -0.6531 -0.1160
vn -0.2034 -0.6513 -0.7311
vn 0.5388 -0.4666 -0.7014
vn 0.5558 -0.7941 -0.2460
vn -0.4552 -0.8830 0.1146
vn -0.7792 -0.5825 -0.2314
vn 0.3317 -0.4812 0.8115
vn 0.0530 -0.9939 -0.0965
vn 0.2863 0.3545 0.8901
vn -0.7110 -0.7029 -0.0211
vn -0.6880 -0.7166 0.1148
vn -0.0063 -0.9667 -0.2560
vn 0.6376 -0.5843 -0.5020
vn -0.0756 -0.8981 -0.4333
vn 0.0776 -0.9966 -0.0282
vn 0.7456 -0.6182 -0.2489
vn 0.7077 -0.5938 -0.3829
vn -0.6290 -0.7390 0.2413
vn -0.5970 -0.7409 0.3077
vn 0.1276 -0.9851 0.1149
vn 0.7773 -0.6082 -0.1610
vn 0.7632 -0.6213 -0.1774
vn -0.5995 -0.7292 0.3300
vn 0.1704 -0.9551 0.2425
vn -0.5733 -0.7433 0.3446
vn 0.7688 -0.6253 -0.1340
vn 0.7538 -0.6506 -0.0923
vn 0.2165 -0.8966 0.3862
vn -0.5318 -0.7636 0.3662
vn 0.2491 -0.8336 0.4930
vn -0.5029 -0.7894 0.3521
vn 0.7270 -0.6812 -0.0865
vn 0.5901 -0.7878 -0.1767
vn 0.2688 -0.7832 0.5606
vn -0.4388 -0.8782 0.1902
vn 0.0014 -0.9718 -0.2356
vn -0.7773 -0.5895 -0.2199
vn -0.1995 -0.6618 -0.7227
vn 0.5456 -0.4732 -0.6917
vn -0.7349 -0.6736 -0.0789
vn -0.1110 -0.8468 -0.5202
vn 0.6149 -0.5549 -0.5603
vn 0.1628 0.7497 0.6414
vn -0.5090 0.4209 0.7508
vn -0.4929 0.3814 0.7821
vn 0.1839 0.7014 0.6887
vn 0.8081 0.4958 0.3182
vn 0.7947 0.5354 0.2859
vn 0.7746 0.5888 0.2310
vn 0.1365 0.8025 0.5808
vn -0.5365 0.4736 0.6985
vn 0.7928 -0.0273 0.6088
vn 0.8251 0.4585 0.3303
vn 0.2013 0.6571 0.7265
vn -0.4924 0.3427 0.8001
vn -0.2175 -0.1161 0.9691
vn -0.0545 -0.0233 0.9982
vn 0.4473 -0.6315 0.6334
vn 0.0016 0.0013 -1.0000
vn 0.4221 -0.6542 0.6276
vn 0.0108 0.9634 0.2678
vn -0.6267 0.6338 0.4534
vn -0.5870 0.5811 0.5636
vn 0.0667 0.9092 0.4110
vn 0.7116 0.6953 0.1006
vn 0.6645 0.7473 -0.0070
vn 0.6260 0.7677 -0.1371
vn -0.0459 0.9922 0.1160
vn -0.6823 0.6527 0.3294
vn -0.0727 0.9965 0.0419
vn -0.7219 0.6439 0.2535
vn 0.6098 0.7610 -0.2213
vn 0.5892 0.7489 -0.3035
vn -0.0796 0.9966 0.0224
vn -0.7558 0.6306 0.1762
vn -0.7739 0.6294 0.0701
vn 0.5365 0.7446 -0.3971
vn -0.0819 0.9965 0.0161
vn 0.4745 0.7423 -0.4732
vn -0.0828 0.9965 0.0134
vn -0.7741 0.6325 -0.0279
vn -0.7664 0.6270 -0.1398
vn 0.3992 0.7295 -0.5554
vn 0.2088 0.6889 -0.6941
vn -0.3145 0.6030 -0.7331
vn -0.7021 0.6089 -0.3692
vn 0.1972 0.6679 0.7177
vn -0.4903 0.3537 0.7965
vn 0.8196 0.4688 0.3294
vn 0.1046 0.8570 0.5046
vn -0.5626 0.5323 0.6326
vn 0.7438 0.6472 0.1667
vn -0.7651 -0.6168 -0.1847
vn -0.7527 -0.6425 -0.1436
vn -0.1628 -0.7497 -0.6415
vn 0.5627 -0.5001 -0.6582
vn -0.1839 -0.7013 -0.6888
vn -0.1366 -0.8024 -0.5809
vn 0.6030 -0.5403 -0.5869
vn 0.5831 -0.5250 -0.6200
vn -0.7447 -0.6589 -0.1062
vn -0.2013 -0.6570 -0.7265
vn 0.5406 -0.4707 -0.6973
vn 0.5577 -0.7946 -0.2397
vn -0.4526 -0.8835 0.1206
vn -0.7773 -0.5867 -0.2273
vn 0.0556 -0.9944 -0.0893
vn 0.2799 -0.7493 0.6001
vn -0.7053 -0.7089 -0.0046
vn -0.6822 -0.7244 0.0988
vn -0.0109 -0.9633 -0.2681
vn 0.6446 -0.5902 -0.4859
vn -0.0669 -0.9089 -0.4117
vn 0.0461 -0.9922 -0.1154
vn 0.7165 -0.6263 -0.3072
vn 0.6944 -0.6034 -0.3921
vn -0.6422 -0.7457 0.1772
vn -0.6270 -0.7537 0.1970
vn 0.0727 -0.9965 -0.0418
vn 0.7005 -0.6299 -0.3355
vn 0.7185 -0.6354 -0.2828
vn -0.6473 -0.7483 0.1452
vn 0.0797 -0.9966 -0.0224
vn -0.6622 -0.7478 0.0472
vn 0.6504 -0.6324 -0.4208
vn 0.5896 -0.6407 -0.4919
vn 0.0819 -0.9965 -0.0161
vn -0.6592 -0.7505 -0.0465
vn 0.0828 -0.9965 -0.0134
vn -0.6527 -0.7409 -0.1581
vn 0.5130 -0.6384 -0.5738
vn 0.3181 -0.6263 -0.7117
vn -0.5928 -0.7063 -0.3869
vn -0.2122 -0.6268 -0.7497
vn -0.7752 -0.5939 -0.2154
vn -0.1973 -0.6677 -0.7178
vn 0.5476 -0.4775 -0.6871
vn -0.7305 -0.6797 -0.0666
vn -0.1046 -0.8569 -0.5047
vn 0.6203 -0.5610 -0.5482
vn -0.4916 0.3763 0.7853
vn 0.8100 0.4906 0.3212
vn 0.1415 0.7933 0.5922
vn -0.5337 0.4663 0.7055
vn 0.7934 -0.0335 0.6078
vn -0.4913 0.3388 0.8024
vn -0.2176 -0.1224 0.9683
vn 0.1228 0.5497 0.8263
vn 0.1807 0.9184 0.3521
vn -0.0781 0.8829 0.4630
vn -0.6224 0.6457 0.4423
vn -0.5815 0.5725 0.5779
vn 0.6525 0.7577 -0.0123
vn -0.6983 0.6651 0.2646
vn -0.1275 0.9852 -0.1148
vn -0.7538 0.6420 0.1405
vn 0.5635 0.7577 -0.3293
vn -0.8011 0.5984 -0.0054
vn 0.4476 0.6258 -0.6388
vn -0.2165 0.8968 -0.3860
vn -0.8567 0.4128 -0.3094
vn -0.8586 0.3070 -0.4105
vn -0.2687 0.7834 -0.5605
vn 0.2239 0.2168 -0.9502
vn 0.1995 0.6619 0.7226
vn -0.4893 0.3495 0.7990
vn -0.5587 0.5241 0.6428
vn -0.7675 -0.6121 -0.1905
vn -0.7557 -0.6371 -0.1514
vn -0.1666 -0.7415 -0.6499
vn 0.5586 -0.4968 -0.6642
vn -0.1415 -0.7932 -0.5923
vn 0.5988 -0.5346 -0.5964
vn 0.5389 -0.4665 -0.7014
vn 0.5559 -0.7941 -0.2459
vn 0.3316 -0.4811 0.8115
vn 0.2863 0.3546 0.8901
vn -0.6880 -0.7165 0.1148
vn 0.6376 -0.5844 -0.5020
vn -0.0755 -0.8981 -0.4333
vn 0.7456 -0.6181 -0.2489
vn 0.7077 -0.5938 -0.3828
vn -0.6290 -0.7390 0.2412
vn -0.5969 -0.7409 0.3077
vn 0.1276 -0.9852 0.1149
vn 0.7633 -0.6212 -0.1774
vn -0.5995 -0.7292 0.3299
vn -0.5733 -0.7434 0.3446
vn 0.2166 -0.8967 0.3862
vn -0.5319 -0.7636 0.3662
vn -0.5028 -0.7894 0.3522
vn 0.7270 -0.6812 -0.0864
vn 0.2688 -0.7833 0.5606
vn -0.4387 -0.8782 0.1902
vn 0.0015 -0.9718 -0.2356
vn -0.1996 -0.6618 -0.7226
vn 0.5456 -0.4731 -0.6917
vn -0.7349 -0.6736 -0.0790
vn -0.1111 -0.8468 -0.5203
vn 0.6149 -0.5550 -0.5603
vn 0.1965 0.7526 0.6285
vn -0.4440 0.3853 0.8089
vn -0.4551 0.3552 0.8166
vn 0.1984 0.7027 0.6832
vn 0.8074 0.5277 0.2638
vn 0.7924 0.5798 0.1895
vn 0.7751 0.6256 0.0886
vn 0.2016 0.8065 0.5559
vn -0.4399 0.4449 0.7801
vn 0.7984 -0.0207 0.6017
vn 0.8223 0.4729 0.3165
vn 0.2026 0.6573 0.7259
vn -0.4839 0.3301 0.8105
vn -0.2098 -0.1140 0.9711
vn 0.1236 0.5036 0.8550
vn -0.0828 0.9665 0.2428
vn -0.7949 0.3118 0.5205
vn 0.2996 0.9320 0.2038
vn -0.3530 0.7128 0.6061
vn -0.3894 0.6154 0.6853
vn 0.2431 0.9069 0.3442
vn 0.7522 0.6407 -0.1540
vn 0.7596 0.5643 -0.3234
vn 0.7705 0.3946 -0.5006
vn 0.4405 0.8969 0.0386
vn -0.2123 0.8380 0.5028
vn 0.6701 0.7351 -0.1033
vn 0.0302 0.9226 0.3846
vn 0.8187 0.0866 -0.5677
vn 0.8617 -0.2572 -0.4374
vn 0.8666 0.4963 -0.0511
vn 0.2047 0.9460 0.2514
vn 0.9343 0.3133 0.1701
vn 0.3672 0.9181 0.1494
vn 0.8786 -0.4171 -0.2328
vn 0.8711 -0.4716 -0.1368
vn 0.9206 0.1876 0.3424
vn 0.5016 0.8409 0.2030
vn 0.9079 0.0419 0.4170
vn 0.5975 0.7600 0.2557
vn 0.8329 -0.5239 -0.1781
vn 0.8008 -0.5260 -0.2864
vn 0.8922 -0.0562 -0.4482
vn 0.7887 0.6111 -0.0677
vn 0.2021 0.6684 0.7159
vn -0.4736 0.3384 0.8131
vn 0.8185 0.4870 0.3049
vn 0.2162 0.8601 0.4620
vn -0.4241 0.5273 0.7363
vn 0.7578 0.6519 -0.0286
vn -0.7514 -0.6401 -0.1600
vn -0.7404 -0.6657 -0.0931
vn -0.1956 -0.7493 -0.6327
vn 0.5448 -0.4931 -0.6783
vn 0.5495 -0.4706 -0.6903
vn -0.1984 -0.7027 -0.6833
vn 0.5273 -0.5283 -0.6655
vn -0.7470 -0.6642 -0.0290
vn -0.2014 -0.8065 -0.5559
vn -0.2026 -0.6573 -0.7259
vn 0.5365 -0.4594 -0.7079
vn 0.5650 -0.7884 -0.2432
vn -0.4447 -0.8878 0.1185
vn -0.7721 -0.5969 -0.2181
vn 0.3321 -0.4745 0.8152
vn 0.0551 -0.9945 -0.0890
vn 0.3325 -0.4707 0.8172
vn 0.2850 0.3581 0.8891
vn -0.7744 -0.6210 0.1214
vn -0.8219 -0.5325 0.2024
vn -0.2996 -0.9321 -0.2038
vn 0.3913 -0.7724 -0.5003
vn 0.4602 -0.6794 -0.5716
vn -0.2429 -0.9071 -0.3438
vn 0.2202 -0.8975 -0.3822
vn -0.8945 -0.3602 0.2648
vn -0.4410 -0.8966 -0.0391
vn -0.9428 -0.0597 0.3280
vn -0.6712 -0.7342 0.1021
vn -0.0480 -0.9819 -0.1830
vn -0.3461 -0.9294 -0.1285
vn -0.9467 0.2674 0.1796
vn -0.8669 -0.4960 0.0503
vn -0.8796 0.4568 -0.1328
vn -0.9342 -0.3139 -0.1694
vn -0.4574 -0.8253 -0.3312
vn -0.4417 -0.7302 -0.5213
vn -0.7689 0.5485 -0.3284
vn -0.9209 -0.1881 -0.3414
vn -0.6219 0.6767 -0.3941
vn -0.9083 -0.0420 -0.4163
vn -0.4660 -0.6057 -0.6449
vn -0.4544 -0.4452 -0.7716
vn -0.2571 0.6636 -0.7025
vn -0.2082 -0.0656 -0.9759
vn -0.7674 -0.6080 -0.2037
vn -0.2022 -0.6683 -0.7159
vn 0.5428 -0.4607 -0.7022
vn -0.7605 -0.6484 0.0356
vn -0.2161 -0.8603 -0.4618
vn 0.4970 -0.5893 -0.6369
vn 0.1468 0.6938 0.7050
vn -0.5348 0.3665 0.7613
vn -0.5085 0.3517 0.7859
vn 0.1759 0.6692 0.7219
vn 0.8104 0.4724 0.3465
vn 0.7944 0.4999 0.3450
vn 0.7682 0.5455 0.3351
vn 0.1055 0.7235 0.6822
vn -0.5766 0.3891 0.7184
vn 0.7942 -0.0410 0.6062
vn 0.8261 0.4509 0.3380
vn 0.2017 0.6480 0.7344
vn -0.4946 0.3376 0.8009
vn -0.2173 -0.1214 0.9685
vn 0.1550 0.2875 0.9451
vn 0.6734 0.7392 -0.0113
vn 0.9457 0.1621 -0.2816
vn -0.7576 0.3628 0.5426
vn -0.6784 0.3989 0.6170
vn -0.0275 0.7721 0.6349
vn -0.1620 0.8042 0.5718
vn 0.6844 0.6349 0.3586
vn 0.5720 0.7455 0.3421
vn 0.3967 0.8817 0.2554
vn -0.3436 0.8127 0.4706
vn -0.8532 0.2606 0.4519
vn -0.9175 0.1310 0.3756
vn -0.5140 0.7701 0.3779
vn 0.1899 0.9714 0.1428
vn -0.0083 0.9884 -0.1518
vn -0.6530 0.7365 0.1767
vn -0.9699 0.0620 0.2354
vn -0.9962 0.0791 0.0375
vn -0.0510 0.8459 -0.5309
vn -0.6748 0.7306 -0.1045
vn 0.0960 0.7022 -0.7055
vn -0.5748 0.7849 -0.2311
vn -0.9800 0.1641 -0.1129
vn -0.9398 0.2440 -0.2391
vn 0.1588 0.6499 -0.7432
vn -0.4612 0.8558 -0.2344
vn 0.0518 0.5322 -0.8450
vn -0.4316 0.2660 -0.8620
vn -0.8428 0.2405 -0.4815
vn 0.1938 0.6531 0.7321
vn -0.4980 0.3415 0.7971
vn 0.8207 0.4576 0.3421
vn -0.6233 0.4091 0.6665
vn 0.0495 0.7523 0.6570
vn 0.7319 0.5947 0.3326
vn -0.7602 -0.6109 -0.2211
vn -0.7433 -0.6350 -0.2103
vn -0.1467 -0.6939 -0.7050
vn 0.5618 -0.4632 -0.6855
vn -0.1760 -0.6692 -0.7220
vn -0.1055 -0.7236 -0.6822
vn 0.6155 -0.4461 -0.6498
vn 0.5861 -0.4607 -0.6665
vn -0.7240 -0.6574 -0.2089
vn -0.2018 -0.6480 -0.7344
vn 0.5396 -0.4599 -0.7053
vn 0.5533 -0.7936 -0.2532
vn -0.4553 -0.8829 0.1154
vn -0.7772 -0.5842 -0.2337
vn 0.3322 -0.4816 0.8110
vn 0.0528 -0.9935 -0.1007
vn 0.3314 -0.4895 0.8066
vn 0.2877 0.3527 0.8904
vn 0.0272 -0.7721 -0.6349
vn -0.6194 -0.7576 -0.2061
vn -0.5030 -0.8496 -0.1587
vn 0.6848 -0.3966 -0.6113
vn 0.1615 -0.8039 -0.5724
vn 0.3436 -0.8125 -0.4709
vn 0.8528 -0.1922 -0.4856
vn 0.7866 -0.3092 -0.5344
vn -0.3246 -0.9404 -0.1014
vn -0.1732 -0.9824 -0.0701
vn 0.5136 -0.7697 -0.3792
vn 0.6533 -0.7361 -0.1770
vn 0.8919 0.0470 -0.4497
vn 0.8880 -0.0590 -0.4560
vn -0.0954 -0.9953 -0.0158
vn -0.1036 -0.9922 0.0690
vn 0.9193 -0.1213 -0.3745
vn 0.9082 -0.3321 -0.2548
vn 0.6750 -0.7300 0.1070
vn -0.2007 -0.9745 0.1006
vn 0.5745 -0.7851 0.2316
vn -0.3112 -0.9500 0.0252
vn 0.8038 -0.4881 -0.3401
vn 0.6023 -0.6189 -0.5042
vn 0.4614 -0.8557 0.2342
vn -0.3072 -0.9291 -0.2062
vn 0.0915 -0.8072 -0.5831
vn -0.7728 -0.5911 -0.2308
vn -0.1937 -0.6531 -0.7320
vn 0.5471 -0.4598 -0.6995
vn -0.6876 -0.6943 -0.2126
vn -0.0494 -0.7524 -0.6568
vn 0.6438 -0.4263 -0.6354
vn -0.5091 0.4209 0.7508
vn -0.4928 0.3814 0.7821
vn 0.1839 0.7014 0.6886
vn 0.8081 0.4957 0.3182
vn 0.7947 0.5354 0.2860
vn 0.7745 0.5889 0.2310
vn 0.7928 -0.0272 0.6088
vn 0.8251 0.4584 0.3303
vn -0.2175 -0.1160 0.9691
vn 0.3338 -0.0145 0.9425
vn 0.0619 -0.5540 0.8302
vn -0.0012 0.0016 -1.0000
vn 0.5528 -0.7165 0.4256
vn 0.0250 0.9521 0.3048
vn -0.6246 0.6152 0.4811
vn -0.5873 0.5809 0.5635
vn 0.0666 0.9092 0.4110
vn 0.7118 0.6952 0.1002
vn 0.6831 0.7302 0.0147
vn 0.6622 0.7467 -0.0631
vn -0.0054 0.9743 0.2251
vn -0.6601 0.6305 0.4083
vn -0.0040 0.9735 0.2286
vn -0.6827 0.6200 0.3867
vn 0.6673 0.7387 -0.0948
vn 0.6907 0.7180 -0.0858
vn 0.0411 0.9372 0.3462
vn -0.6917 0.5965 0.4072
vn -0.6589 0.6022 0.4509
vn 0.6923 0.7210 -0.0309
vn 0.1054 0.8557 0.5066
vn 0.6882 0.7247 0.0338
vn 0.1534 0.7695 0.6199
vn -0.6156 0.6101 0.4988
vn -0.5901 0.6272 0.5084
vn 0.6721 0.7382 0.0583
vn 0.1835 0.7023 0.6878
vn 0.5405 0.8411 -0.0187
vn -0.1137 0.9907 -0.0745
vn -0.5541 0.7449 0.3716
vn -0.4904 0.3537 0.7965
vn 0.8195 0.4689 0.3294
vn -0.5625 0.5324 0.6326
vn 0.7439 0.6472 0.1667
vn -0.7651 -0.6169 -0.1847
vn -0.1639 -0.7484 -0.6427
vn -0.1839 -0.7013 -0.6887
vn 0.5831 -0.5251 -0.6200
vn -0.7448 -0.6588 -0.1062
vn 0.5406 -0.4708 -0.6972
vn 0.5578 -0.7946 -0.2397
vn -0.7773 -0.5866 -0.2273
vn -0.7052 -0.7090 -0.0042
vn -0.6835 -0.7270 0.0653
vn -0.0249 -0.9522 -0.3046
vn 0.6448 -0.5903 -0.4856
vn -0.0666 -0.9092 -0.4111
vn 0.0055 -0.9744 -0.2249
vn 0.6807 -0.6244 -0.3831
vn 0.6747 -0.6076 -0.4191
vn -0.6629 -0.7425 0.0960
vn -0.6649 -0.7443 0.0623
vn 0.0039 -0.9734 -0.2289
vn 0.6016 -0.5883 -0.5404
vn 0.6613 -0.6277 -0.4107
vn -0.7070 -0.7033 -0.0738
vn -0.0412 -0.9371 -0.3465
vn -0.7640 -0.5972 -0.2444
vn 0.5213 -0.4841 -0.7027
vn 0.4593 -0.3682 -0.8083
vn -0.1053 -0.8559 -0.5063
vn -0.8011 -0.4791 -0.3588
vn -0.1533 -0.7698 -0.6196
vn -0.8246 -0.3600 -0.4365
vn 0.4100 -0.2514 -0.8768
vn 0.2815 -0.0490 -0.9583
vn -0.1834 -0.7025 -0.6876
vn -0.8092 -0.1449 -0.5693
vn -0.3446 0.1939 -0.9185
vn -0.7752 -0.5938 -0.2153
vn -0.1972 -0.6678 -0.7177
vn -0.7304 -0.6797 -0.0665
vn -0.1046 -0.8569 -0.5048
vn 0.6203 -0.5609 -0.5482
vn 0.1628 0.7497 0.6415
vn -0.5091 0.4208 0.7509
vn 0.1840 0.7014 0.6887
vn 0.7745 0.5889 0.2309
vn 0.1366 0.8025 0.5808
vn 0.7928 -0.0274 0.6088
vn 0.2012 0.6570 0.7265
vn -0.4924 0.3426 0.8001
vn -0.0090 0.4059 0.9139
vn 0.1648 0.9474 0.2744
vn 0.0187 0.9557 0.2938
vn -0.6268 0.6337 0.4534
vn -0.5870 0.5811 0.5637
vn 0.7117 0.6953 0.1004
vn 0.6645 0.7473 -0.0069
vn -0.6822 0.6527 0.3295
vn -0.7218 0.6439 0.2536
vn 0.5891 0.7489 -0.3034
vn -0.7558 0.6307 0.1761
vn 0.5365 0.7446 -0.3972
vn 0.4745 0.7423 -0.4731
vn -0.7740 0.6325 -0.0280
vn 0.3993 0.7294 -0.5554
vn 0.2089 0.6890 -0.6940
vn -0.3144 0.6029 -0.7332
vn 0.1973 0.6679 0.7177
vn 0.8196 0.4689 0.3294
vn 0.1045 0.8570 0.5046
vn -0.5626 0.5324 0.6325
vn 0.7438 0.6472 0.1668
vn -0.1629 -0.7497 -0.6415
vn 0.5627 -0.5001 -0.6583
vn -0.1840 -0.7013 -0.6887
vn -0.1365 -0.8024 -0.5810
vn 0.5831 -0.5251 -0.6199
vn -0.7448 -0.6588 -0.1063
vn 0.5577 -0.7947 -0.2397
vn -0.4526 -0.8835 0.1207
vn -0.7773 -0.5867 -0.2272
vn 0.3326 -0.4727 0.8160
vn 0.2855 0.3581 0.8890
vn -0.7053 -0.7089 -0.0045
vn -0.6822 -0.7245 0.0987
vn -0.0109 -0.9633 -0.2680
vn -0.0668 -0.9089 -0.4117
vn 0.7164 -0.6263 -0.3073
vn 0.6944 -0.6034 -0.3920
vn -0.6422 -0.7458 0.1772
vn -0.6242 -0.7531 0.2077
vn 0.0727 -0.9965 -0.0417
vn 0.7006 -0.6298 -0.3355
vn 0.7185 -0.6354 -0.2827
vn 0.0796 -0.9966 -0.0224
vn -0.6622 -0.7478 0.0473
vn 0.5895 -0.6407 -0.4918
vn -0.6592 -0.7505 -0.0464
vn 0.5129 -0.6384 -0.5738
vn 0.3182 -0.6263 -0.7117
vn -0.5928 -0.7064 -0.3868
vn -0.2123 -0.6268 -0.7497
vn -0.7752 -0.5938 -0.2154
vn -0.7305 -0.6797 -0.0665
vn -0.1047 -0.8569 -0.5047
usemtl mat4.003
s 1
f 1/1/1 2/2/2 3/3/3
f 1/1/1 4/4/4 5/5/5
f 6/6/6 7/7/7 8/8/8
f 8/8/8 9/9/9 2/2/2
f 10/10/10 11/11/11 12/12/12
f 12/12/12 13/13/13 14/14/14
f 15/15/15 14/14/14 16/16/16
f 15/15/15 17/17/17 18/18/18
f 19/19/19 20/20/20 21/21/21
f 19/19/19 22/22/22 23/23/23
f 24/24/24 25/25/25 26/26/26
f 26/26/26 27/27/27 20/20/20
f 28/28/28 29/29/29 27/27/27
f 28/28/28 26/26/26 25/25/25
f 28/28/28 30/30/30 31/31/31
f 28/28/28 32/32/32 33/33/33
f 34/34/34 33/33/33 32/32/32
f 32/32/32 31/31/31 35/35/35
f 36/36/36 35/35/35 37/37/37
f 36/36/36 38/38/38 39/39/39
f 40/40/40 39/39/39 38/38/38
f 38/38/38 37/37/37 41/41/41
f 42/42/42 41/41/41 43/43/43
f 42/42/42 44/44/44 45/45/45
f 46/46/46 47/47/47 13/13/13
f 46/46/46 12/12/12 11/11/11
f 48/48/48 5/5/5 4/4/4
f 4/4/4 3/3/3 47/47/47
f 49/49/49 50/50/50 9/9/9
f 49/49/49 8/8/8 7/7/7
f 51/51/51 23/23/23 22/22/22
f 22/22/22 21/21/21 50/50/50
f 52/52/52 53/53/53 54/54/54
f 55/55/55 56/56/56 54/54/54
f 57/57/57 58/58/58 59/59/59
f 53/53/53 60/60/60 57/57/57
f 61/61/61 62/62/62 63/63/63
f 64/64/64 65/65/65 61/61/61
f 16/16/66 64/64/64 66/66/67
f 18/18/66 17/17/68 66/66/67
f 67/67/69 68/68/70 69/69/71
f 70/70/72 71/71/73 69/69/71
f 72/72/74 73/73/75 74/74/76
f 68/68/70 75/75/77 72/72/74
f 75/75/77 76/76/78 77/77/79
f 73/73/75 72/72/74 77/77/79
f 78/78/80 79/79/81 77/77/79
f 80/80/82 81/81/83 77/77/79
f 81/81/83 80/80/82 82/82/84
f 83/83/85 78/78/80 81/81/83
f 84/84/86 83/83/85 85/85/87
f 86/86/88 87/87/89 85/85/87
f 87/87/89 86/86/88 88/88/90
f 89/89/91 84/84/86 87/87/89
f 90/90/92 89/89/91 91/91/93
f 92/92/94 93/93/95 91/91/93
f 65/65/65 94/94/96 95/95/97
f 62/62/62 61/61/61 95/95/97
f 56/56/56 55/55/55 96/96/98
f 94/94/96 52/52/52 56/56/56
f 60/60/60 97/97/99 98/98/100
f 58/58/58 57/57/57 98/98/100
f 71/71/73 70/70/72 99/99/101
f 97/97/99 67/67/69 71/71/73
f 47/47/47 3/3/3 52/52/52
f 13/13/13 47/47/47 94/94/96
f 5/5/5 55/55/55 59/59/59
f 6/6/6 59/59/59 58/58/58
f 10/10/10 63/63/63 62/62/62
f 14/14/14 13/13/13 65/65/65
f 14/14/14 64/64/64 16/16/66
f 50/50/50 21/21/21 67/67/69
f 9/9/9 50/50/50 97/97/99
f 23/23/23 70/70/72 74/74/76
f 25/25/25 24/24/24 74/74/76
f 29/29/29 33/33/33 80/80/82
f 29/29/29 76/76/78 75/75/77
f 30/30/30 25/25/25 73/73/75
f 30/30/30 79/79/81 78/78/80
f 39/39/39 86/86/88 82/82/84
f 34/34/34 82/82/84 80/80/82
f 35/35/35 31/31/31 78/78/80
f 37/37/37 35/35/35 83/83/85
f 44/44/44 43/43/43 90/90/92
f 44/44/44 93/93/95 92/92/94
f 45/45/45 92/92/94 88/88/90
f 40/40/40 88/88/90 86/86/88
f 41/41/41 37/37/37 84/84/86
f 43/43/43 41/41/41 89/89/91
f 3/3/3 2/2/2 53/53/53
f 2/2/2 9/9/9 60/60/60
f 48/48/48 96/96/98 55/55/55
f 11/11/11 62/62/62 96/96/98
f 21/21/21 20/20/20 68/68/70
f 27/27/27 75/75/77 68/68/70
f 51/51/51 99/99/101 70/70/72
f 7/7/7 58/58/58 99/99/101
f 4/4/4 1/1/1 3/3/3
f 6/6/6 1/1/1 5/5/5
f 1/1/1 6/6/6 8/8/8
f 1/1/1 8/8/8 2/2/2
f 15/15/15 10/10/10 12/12/12
f 15/15/15 12/12/12 14/14/14
f 17/17/17 15/15/15 16/16/16
f 10/10/10 15/15/15 18/18/18
f 22/22/22 19/19/19 21/21/21
f 24/24/24 19/19/19 23/23/23
f 19/19/19 24/24/24 26/26/26
f 19/19/19 26/26/26 20/20/20
f 26/26/26 28/28/28 27/27/27
f 30/30/30 28/28/28 25/25/25
f 32/32/32 28/28/28 31/31/31
f 29/29/29 28/28/28 33/33/33
f 36/36/36 34/34/34 32/32/32
f 36/36/36 32/32/32 35/35/35
f 38/38/38 36/36/36 37/37/37
f 34/34/34 36/36/36 39/39/39
f 42/42/42 40/40/40 38/38/38
f 42/42/42 38/38/38 41/41/41
f 44/44/44 42/42/42 43/43/43
f 40/40/40 42/42/42 45/45/45
f 12/12/12 46/46/46 13/13/13
f 48/48/48 46/46/46 11/11/11
f 46/46/46 48/48/48 4/4/4
f 46/46/46 4/4/4 47/47/47
f 8/8/8 49/49/49 9/9/9
f 51/51/51 49/49/49 7/7/7
f 49/49/49 51/51/51 22/22/22
f 49/49/49 22/22/22 50/50/50
f 56/56/56 52/52/52 54/54/54
f 59/59/59 55/55/55 54/54/54
f 54/54/54 57/57/57 59/59/59
f 54/54/54 53/53/53 57/57/57
f 66/66/67 61/61/61 63/63/63
f 66/66/67 64/64/64 61/61/61
f 17/17/68 16/16/66 66/66/67
f 63/63/63 18/18/66 66/66/67
f 71/71/73 67/67/69 69/69/71
f 74/74/76 70/70/72 69/69/71
f 69/69/71 72/72/74 74/74/76
f 69/69/71 68/68/70 72/72/74
f 72/72/74 75/75/77 77/77/79
f 79/79/81 73/73/75 77/77/79
f 81/81/83 78/78/80 77/77/79
f 76/76/78 80/80/82 77/77/79
f 85/85/87 81/81/83 82/82/84
f 85/85/87 83/83/85 81/81/83
f 87/87/89 84/84/86 85/85/87
f 82/82/84 86/86/88 85/85/87
f 91/91/93 87/87/89 88/88/90
f 91/91/93 89/89/91 87/87/89
f 93/93/95 90/90/92 91/91/93
f 88/88/90 92/92/94 91/91/93
f 61/61/61 65/65/65 95/95/97
f 96/96/98 62/62/62 95/95/97
f 95/95/97 56/56/56 96/96/98
f 95/95/97 94/94/96 56/56/56
f 57/57/57 60/60/60 98/98/100
f 99/99/101 58/58/58 98/98/100
f 98/98/100 71/71/73 99/99/101
f 98/98/100 97/97/99 71/71/73
f 94/94/96 47/47/47 52/52/52
f 65/65/65 13/13/13 94/94/96
f 6/6/6 5/5/5 59/59/59
f 7/7/7 6/6/6 58/58/58
f 63/63/63 10/10/10 18/18/66
f 11/11/11 10/10/10 62/62/62
f 64/64/64 14/14/14 65/65/65
f 97/97/99 50/50/50 67/67/69
f 60/60/60 9/9/9 97/97/99
f 24/24/24 23/23/23 74/74/76
f 73/73/75 25/25/25 74/74/76
f 76/76/78 29/29/29 80/80/82
f 27/27/27 29/29/29 75/75/77
f 79/79/81 30/30/30 73/73/75
f 31/31/31 30/30/30 78/78/80
f 34/34/34 39/39/39 82/82/84
f 33/33/33 34/34/34 80/80/82
f 83/83/85 35/35/35 78/78/80
f 84/84/86 37/37/37 83/83/85
f 93/93/95 44/44/44 90/90/92
f 45/45/45 44/44/44 92/92/94
f 40/40/40 45/45/45 88/88/90
f 39/39/39 40/40/40 86/86/88
f 89/89/91 41/41/41 84/84/86
f 90/90/92 43/43/43 89/89/91
f 52/52/52 3/3/3 53/53/53
f 53/53/53 2/2/2 60/60/60
f 5/5/5 48/48/48 55/55/55
f 48/48/48 11/11/11 96/96/98
f 67/67/69 21/21/21 68/68/70
f 20/20/20 27/27/27 68/68/70
f 23/23/23 51/51/51 70/70/72
f 51/51/51 7/7/7 99/99/101
usemtl mat0.006
f 100/100/102 101/101/103 102/102/104
f 100/100/102 103/103/105 104/104/106
f 105/105/107 106/106/108 107/107/109
f 107/107/109 108/108/110 101/101/103
f 109/109/111 110/110/112 111/111/113
f 111/111/113 112/112/114 113/113/115
f 114/114/116 113/113/115 115/115/117
f 114/114/116 116/116/118 117/117/119
f 118/118/120 119/119/121 120/120/122
f 118/118/120 121/121/123 122/122/124
f 123/123/125 124/124/126 125/125/127
f 125/125/127 126/126/128 119/119/121
f 127/127/129 128/128/130 126/126/128
f 127/127/129 125/125/127 124/124/126
f 127/127/129 129/129/131 130/130/132
f 127/127/129 131/131/133 132/132/134
f 133/133/135 132/132/134 131/131/133
f 131/131/133 130/130/132 134/134/136
f 135/135/137 134/134/136 136/136/138
f 135/135/137 137/137/139 138/138/140
f 139/139/141 138/138/140 137/137/139
f 137/137/139 136/136/138 140/140/142
f 141/141/139 140/140/142 142/142/143
f 141/141/139 143/143/144 144/144/145
f 145/145/146 146/146/147 112/112/114
f 145/145/146 111/111/113 110/110/112
f 147/147/148 104/104/106 103/103/105
f 103/103/105 102/102/104 146/146/147
f 148/148/149 149/149/150 108/108/110
f 148/148/149 107/107/109 106/106/108
f 150/150/151 122/122/124 121/121/123
f 121/121/123 120/120/122 149/149/150
f 151/151/152 152/152/153 153/153/154
f 154/154/155 155/155/156 153/153/154
f 156/156/157 157/157/158 158/158/159
f 152/152/153 159/159/160 156/156/157
f 160/160/161 161/161/162 162/162/163
f 163/163/164 164/164/165 160/160/161
f 115/115/117 163/163/164 165/165/166
f 117/117/119 116/116/167 165/165/166
f 166/166/168 167/167/169 168/168/170
f 169/169/171 170/170/172 168/168/170
f 171/171/173 172/172/174 173/173/175
f 167/167/169 174/174/176 171/171/173
f 174/174/176 175/175/177 176/176/178
f 172/172/174 171/171/173 176/176/178
f 177/177/179 178/178/180 176/176/178
f 179/179/181 180/180/182 176/176/178
f 180/180/182 179/179/181 181/181/183
f 182/182/184 177/177/179 180/180/182
f 183/183/185 182/182/184 184/184/186
f 185/185/187 186/186/188 184/184/186
f 186/186/188 185/185/187 187/187/189
f 188/188/190 183/183/185 186/186/188
f 189/189/191 188/188/190 190/190/188
f 191/191/192 192/192/193 190/190/188
f 164/164/165 193/193/194 194/194/195
f 161/161/162 160/160/161 194/194/195
f 155/155/156 154/154/155 195/195/196
f 193/193/194 151/151/152 155/155/156
f 159/159/160 196/196/197 197/197/198
f 157/157/158 156/156/157 197/197/198
f 170/170/172 169/169/171 198/198/199
f 196/196/197 166/166/168 170/170/172
f 146/146/147 102/102/104 151/151/152
f 112/112/114 146/146/147 193/193/194
f 104/104/106 154/154/155 158/158/159
f 105/105/107 158/158/159 157/157/158
f 110/110/112 109/109/111 162/162/163
f 112/112/114 164/164/165 163/163/164
f 113/113/115 163/163/164 115/115/117
f 149/149/150 120/120/122 166/166/168
f 108/108/110 149/149/150 196/196/197
f 122/122/124 169/169/171 173/173/175
f 124/124/126 123/123/125 173/173/175
f 132/132/134 179/179/181 175/175/177
f 128/128/130 175/175/177 174/174/176
f 129/129/131 124/124/126 172/172/174
f 130/130/132 129/129/131 178/178/180
f 138/138/140 185/185/187 181/181/183
f 133/133/135 181/181/183 179/179/181
f 134/134/136 130/130/132 177/177/179
f 136/136/138 134/134/136 182/182/184
f 143/143/144 142/142/143 189/189/191
f 144/144/145 143/143/144 192/192/193
f 139/139/141 144/144/145 191/191/192
f 138/138/140 139/139/141 187/187/189
f 140/140/142 136/136/138 183/183/185
f 142/142/143 140/140/142 188/188/190
f 102/102/104 101/101/103 152/152/153
f 101/101/103 108/108/110 159/159/160
f 147/147/148 195/195/196 154/154/155
f 110/110/112 161/161/162 195/195/196
f 120/120/122 119/119/121 167/167/169
f 126/126/128 174/174/176 167/167/169
f 150/150/151 198/198/199 169/169/171
f 106/106/108 157/157/158 198/198/199
f 103/103/105 100/100/102 102/102/104
f 105/105/107 100/100/102 104/104/106
f 100/100/102 105/105/107 107/107/109
f 100/100/102 107/107/109 101/101/103
f 114/114/116 109/109/111 111/111/113
f 114/114/116 111/111/113 113/113/115
f 116/116/118 114/114/116 115/115/117
f 109/109/111 114/114/116 117/117/119
f 121/121/123 118/118/120 120/120/122
f 123/123/125 118/118/120 122/122/124
f 118/118/120 123/123/125 125/125/127
f 118/118/120 125/125/127 119/119/121
f 125/125/127 127/127/129 126/126/128
f 129/129/131 127/127/129 124/124/126
f 131/131/133 127/127/129 130/130/132
f 128/128/130 127/127/129 132/132/134
f 135/135/137 133/133/135 131/131/133
f 135/135/137 131/131/133 134/134/136
f 137/137/139 135/135/137 136/136/138
f 133/133/135 135/135/137 138/138/140
f 141/141/139 139/139/141 137/137/139
f 141/141/139 137/137/139 140/140/142
f 143/143/144 141/141/139 142/142/143
f 139/139/141 141/141/139 144/144/145
f 111/111/113 145/145/146 112/112/114
f 147/147/148 145/145/146 110/110/112
f 145/145/146 147/147/148 103/103/105
f 145/145/146 103/103/105 146/146/147
f 107/107/109 148/148/149 108/108/110
f 150/150/151 148/148/149 106/106/108
f 148/148/149 150/150/151 121/121/123
f 148/148/149 121/121/123 149/149/150
f 155/155/156 151/151/152 153/153/154
f 158/158/159 154/154/155 153/153/154
f 153/153/154 156/156/157 158/158/159
f 153/153/154 152/152/153 156/156/157
f 165/165/166 160/160/161 162/162/163
f 165/165/166 163/163/164 160/160/161
f 116/116/167 115/115/117 165/165/166
f 162/162/163 117/117/119 165/165/166
f 170/170/172 166/166/168 168/168/170
f 173/173/175 169/169/171 168/168/170
f 168/168/170 171/171/173 173/173/175
f 168/168/170 167/167/169 171/171/173
f 171/171/173 174/174/176 176/176/178
f 178/178/180 172/172/174 176/176/178
f 180/180/182 177/177/179 176/176/178
f 175/175/177 179/179/181 176/176/178
f 184/184/186 180/180/182 181/181/183
f 184/184/186 182/182/184 180/180/182
f 186/186/188 183/183/185 184/184/186
f 181/181/183 185/185/187 184/184/186
f 190/190/188 186/186/188 187/187/189
f 190/190/188 188/188/190 186/186/188
f 192/192/193 189/189/191 190/190/188
f 187/187/189 191/191/192 190/190/188
f 160/160/161 164/164/165 194/194/195
f 195/195/196 161/161/162 194/194/195
f 194/194/195 155/155/156 195/195/196
f 194/194/195 193/193/194 155/155/156
f 156/156/157 159/159/160 197/197/198
f 198/198/199 157/157/158 197/197/198
f 197/197/198 170/170/172 198/198/199
f 197/197/198 196/196/197 170/170/172
f 193/193/194 146/146/147 151/151/152
f 164/164/165 112/112/114 193/193/194
f 105/105/107 104/104/106 158/158/159
f 106/106/108 105/105/107 157/157/158
f 162/162/163 109/109/111 117/117/119
f 161/161/162 110/110/112 162/162/163
f 113/113/115 112/112/114 163/163/164
f 196/196/197 149/149/150 166/166/168
f 159/159/160 108/108/110 196/196/197
f 123/123/125 122/122/124 173/173/175
f 172/172/174 124/124/126 173/173/175
f 128/128/130 132/132/134 175/175/177
f 126/126/128 128/128/130 174/174/176
f 178/178/180 129/129/131 172/172/174
f 177/177/179 130/130/132 178/178/180
f 133/133/135 138/138/140 181/181/183
f 132/132/134 133/133/135 179/179/181
f 182/182/184 134/134/136 177/177/179
f 183/183/185 136/136/138 182/182/184
f 192/192/193 143/143/144 189/189/191
f 191/191/192 144/144/145 192/192/193
f 187/187/189 139/139/141 191/191/192
f 185/185/187 138/138/140 187/187/189
f 188/188/190 140/140/142 183/183/185
f 189/189/191 142/142/143 188/188/190
f 151/151/152 102/102/104 152/152/153
f 152/152/153 101/101/103 159/159/160
f 104/104/106 147/147/148 154/154/155
f 147/147/148 110/110/112 195/195/196
f 166/166/168 120/120/122 167/167/169
f 119/119/121 126/126/128 167/167/169
f 122/122/124 150/150/151 169/169/171
f 150/150/151 106/106/108 198/198/199
usemtl mat1.003
f 199/199/1 200/200/2 201/201/200
f 199/199/1 202/202/4 203/203/201
f 204/204/6 205/205/7 206/206/202
f 206/206/202 207/207/203 200/200/2
f 208/208/204 209/209/11 210/210/12
f 210/210/12 211/211/205 212/212/206
f 213/213/207 212/212/206 214/214/208
f 213/213/207 215/215/17 216/216/209
f 217/217/19 218/218/210 219/219/211
f 217/217/19 220/220/22 221/221/23
f 222/222/212 223/223/25 224/224/26
f 224/224/26 225/225/213 218/218/210
f 226/226/214 227/227/215 225/225/213
f 226/226/214 224/224/26 223/223/25
f 226/226/214 228/228/216 229/229/31
f 226/226/214 230/230/32 231/231/217
f 232/232/34 231/231/217 230/230/32
f 230/230/32 229/229/31 233/233/218
f 234/234/219 233/233/218 235/235/37
f 234/234/219 236/236/38 237/237/220
f 238/238/221 237/237/220 236/236/38
f 236/236/38 235/235/37 239/239/41
f 240/240/222 239/239/41 241/241/223
f 240/240/222 242/242/44 243/243/45
f 244/244/224 245/245/225 211/211/205
f 244/244/224 210/210/12 209/209/11
f 246/246/48 203/203/201 202/202/4
f 202/202/4 201/201/200 245/245/225
f 247/247/49 248/248/226 207/207/203
f 247/247/49 206/206/202 205/205/7
f 249/249/51 221/221/23 220/220/22
f 220/220/22 219/219/211 248/248/226
f 250/250/227 251/251/228 252/252/229
f 253/253/230 254/254/56 252/252/229
f 255/255/231 256/256/232 257/257/59
f 251/251/228 258/258/60 255/255/231
f 259/259/61 260/260/233 261/261/234
f 262/262/64 263/263/65 259/259/61
f 214/214/235 262/262/64 264/264/67
f 216/216/235 215/215/236 264/264/67
f 265/265/69 266/266/237 267/267/71
f 268/268/238 269/269/239 267/267/71
f 270/270/74 271/271/240 272/272/241
f 266/266/237 273/273/242 270/270/74
f 273/273/242 274/274/243 275/275/244
f 271/271/240 270/270/74 275/275/244
f 276/276/80 277/277/245 275/275/244
f 278/278/246 279/279/83 275/275/244
f 279/279/83 278/278/246 280/280/247
f 281/281/85 276/276/80 279/279/83
f 282/282/86 281/281/85 283/283/248
f 284/284/249 285/285/89 283/283/248
f 285/285/89 284/284/249 286/286/250
f 287/287/251 282/282/86 285/285/89
f 288/288/92 287/287/251 289/289/252
f 290/290/253 291/291/254 289/289/252
f 263/263/65 292/292/96 293/293/255
f 260/260/233 259/259/61 293/293/255
f 254/254/56 253/253/230 294/294/256
f 292/292/96 250/250/227 254/254/56
f 258/258/60 295/295/257 296/296/258
f 256/256/232 255/255/231 296/296/258
f 269/269/239 268/268/238 297/297/259
f 295/295/257 265/265/69 269/269/239
f 245/245/225 201/201/200 250/250/227
f 211/211/205 245/245/225 292/292/96
f 203/203/201 253/253/230 257/257/59
f 204/204/6 257/257/59 256/256/232
f 208/208/204 261/261/234 260/260/233
f 212/212/206 211/211/205 263/263/65
f 212/212/206 262/262/64 214/214/235
f 248/248/226 219/219/211 265/265/69
f 207/207/203 248/248/226 295/295/257
f 221/221/23 268/268/238 272/272/241
f 223/223/25 222/222/212 272/272/241
f 227/227/215 231/231/217 278/278/246
f 227/227/215 274/274/243 273/273/242
f 228/228/216 223/223/25 271/271/240
f 228/228/216 277/277/245 276/276/80
f 237/237/220 284/284/249 280/280/247
f 232/232/34 280/280/247 278/278/246
f 233/233/218 229/229/31 276/276/80
f 235/235/37 233/233/218 281/281/85
f 242/242/44 241/241/223 288/288/92
f 242/242/44 291/291/254 290/290/253
f 243/243/45 290/290/253 286/286/250
f 238/238/221 286/286/250 284/284/249
f 239/239/41 235/235/37 282/282/86
f 241/241/223 239/239/41 287/287/251
f 201/201/200 200/200/2 251/251/228
f 200/200/2 207/207/203 258/258/60
f 246/246/48 294/294/256 253/253/230
f 209/209/11 260/260/233 294/294/256
f 219/219/211 218/218/210 266/266/237
f 225/225/213 273/273/242 266/266/237
f 249/249/51 297/297/259 268/268/238
f 205/205/7 256/256/232 297/297/259
f 202/202/4 199/199/1 201/201/200
f 204/204/6 199/199/1 203/203/201
f 199/199/1 204/204/6 206/206/202
f 199/199/1 206/206/202 200/200/2
f 213/213/207 208/208/204 210/210/12
f 213/213/207 210/210/12 212/212/206
f 215/215/17 213/213/207 214/214/208
f 208/208/204 213/213/207 216/216/209
f 220/220/22 217/217/19 219/219/211
f 222/222/212 217/217/19 221/221/23
f 217/217/19 222/222/212 224/224/26
f 217/217/19 224/224/26 218/218/210
f 224/224/26 226/226/214 225/225/213
f 228/228/216 226/226/214 223/223/25
f 230/230/32 226/226/214 229/229/31
f 227/227/215 226/226/214 231/231/217
f 234/234/219 232/232/34 230/230/32
f 234/234/219 230/230/32 233/233/218
f 236/236/38 234/234/219 235/235/37
f 232/232/34 234/234/219 237/237/220
f 240/240/222 238/238/221 236/236/38
f 240/240/222 236/236/38 239/239/41
f 242/242/44 240/240/222 241/241/223
f 238/238/221 240/240/222 243/243/45
f 210/210/12 244/244/224 211/211/205
f 246/246/48 244/244/224 209/209/11
f 244/244/224 246/246/48 202/202/4
f 244/244/224 202/202/4 245/245/225
f 206/206/202 247/247/49 207/207/203
f 249/249/51 247/247/49 205/205/7
f 247/247/49 249/249/51 220/220/22
f 247/247/49 220/220/22 248/248/226
f 254/254/56 250/250/227 252/252/229
f 257/257/59 253/253/230 252/252/229
f 252/252/229 255/255/231 257/257/59
f 252/252/229 251/251/228 255/255/231
f 264/264/67 259/259/61 261/261/234
f 264/264/67 262/262/64 259/259/61
f 215/215/236 214/214/235 264/264/67
f 261/261/234 216/216/235 264/264/67
f 269/269/239 265/265/69 267/267/71
f 272/272/241 268/268/238 267/267/71
f 267/267/71 270/270/74 272/272/241
f 267/267/71 266/266/237 270/270/74
f 270/270/74 273/273/242 275/275/244
f 277/277/245 271/271/240 275/275/244
f 279/279/83 276/276/80 275/275/244
f 274/274/243 278/278/246 275/275/244
f 283/283/248 279/279/83 280/280/247
f 283/283/248 281/281/85 279/279/83
f 285/285/89 282/282/86 283/283/248
f 280/280/247 284/284/249 283/283/248
f 289/289/252 285/285/89 286/286/250
f 289/289/252 287/287/251 285/285/89
f 291/291/254 288/288/92 289/289/252
f 286/286/250 290/290/253 289/289/252
f 259/259/61 263/263/65 293/293/255
f 294/294/256 260/260/233 293/293/255
f 293/293/255 254/254/56 294/294/256
f 293/293/255 292/292/96 254/254/56
f 255/255/231 258/258/60 296/296/258
f 297/297/259 256/256/232 296/296/258
f 296/296/258 269/269/239 297/297/259
f 296/296/258 295/295/257 269/269/239
f 292/292/96 245/245/225 250/250/227
f 263/263/65 211/211/205 292/292/96
f 204/204/6 203/203/201 257/257/59
f 205/205/7 204/204/6 256/256/232
f 261/261/234 208/208/204 216/216/235
f 209/209/11 208/208/204 260/260/233
f 262/262/64 212/212/206 263/263/65
f 295/295/257 248/248/226 265/265/69
f 258/258/60 207/207/203 295/295/257
f 222/222/212 221/221/23 272/272/241
f 271/271/240 223/223/25 272/272/241
f 274/274/243 227/227/215 278/278/246
f 225/225/213 227/227/215 273/273/242
f 277/277/245 228/228/216 271/271/240
f 229/229/31 228/228/216 276/276/80
f 232/232/34 237/237/220 280/280/247
f 231/231/217 232/232/34 278/278/246
f 281/281/85 233/233/218 276/276/80
f 282/282/86 235/235/37 281/281/85
f 291/291/254 242/242/44 288/288/92
f 243/243/45 242/242/44 290/290/253
f 238/238/221 243/243/45 286/286/250
f 237/237/220 238/238/221 284/284/249
f 287/287/251 239/239/41 282/282/86
f 288/288/92 241/241/223 287/287/251
f 250/250/227 201/201/200 251/251/228
f 251/251/228 200/200/2 258/258/60
f 203/203/201 246/246/48 253/253/230
f 246/246/48 209/209/11 294/294/256
f 265/265/69 219/219/211 266/266/237
f 218/218/210 225/225/213 266/266/237
f 221/221/23 249/249/51 268/268/238
f 249/249/51 205/205/7 297/297/259
usemtl mat2.003
f 298/298/260 299/299/261 300/300/262
f 301/301/263 302/302/264 303/303/265
f 298/298/260 303/303/265 304/304/266
f 305/305/267 306/306/268 299/299/261
f 307/307/269 308/308/270 309/309/271
f 309/309/271 310/310/272 311/311/273
f 312/312/274 311/311/273 313/313/275
f 312/312/274 314/314/17 315/315/276
f 316/316/277 317/317/278 318/318/279
f 319/319/280 320/320/281 321/321/282
f 316/316/277 321/321/282 322/322/283
f 323/323/284 324/324/285 317/317/278
f 325/325/286 326/326/287 324/324/285
f 323/323/284 322/322/283 327/327/288
f 325/325/286 327/327/288 328/328/289
f 329/329/290 330/330/291 326/326/287
f 331/331/292 332/332/293 330/330/291
f 329/329/290 328/328/289 333/333/294
f 331/331/292 333/333/294 334/334/295
f 331/331/292 335/335/296 336/336/297
f 337/337/298 338/338/299 336/336/297
f 335/335/296 334/334/295 339/339/300
f 337/337/298 339/339/300 340/340/301
f 337/337/298 341/341/302 342/342/303
f 343/343/304 344/344/305 310/310/272
f 343/343/304 309/309/271 308/308/270
f 345/345/306 302/302/264 301/301/263
f 301/301/263 300/300/262 344/344/305
f 346/346/307 347/347/308 306/306/268
f 305/305/267 304/304/266 348/348/309
f 346/346/307 348/348/309 320/320/281
f 319/319/280 318/318/279 347/347/308
f 349/349/310 350/350/311 351/351/312
f 352/352/313 353/353/314 354/354/315
f 355/355/316 352/352/313 351/351/312
f 350/350/311 356/356/317 357/357/318
f 358/358/319 359/359/320 360/360/321
f 361/361/322 362/362/323 358/358/319
f 313/313/324 361/361/322 363/363/325
f 315/315/326 314/314/327 363/363/325
f 364/364/328 365/365/329 366/366/330
f 367/367/331 368/368/332 369/369/333
f 370/370/334 367/367/331 366/366/330
f 365/365/329 371/371/335 372/372/336
f 371/371/335 373/373/337 374/374/338
f 375/375/339 370/370/334 372/372/336
f 376/376/340 375/375/339 374/374/338
f 373/373/337 377/377/341 378/378/342
f 377/377/341 379/379/343 380/380/344
f 381/381/345 376/376/340 378/378/342
f 382/382/346 381/381/345 380/380/344
f 383/383/347 384/384/348 380/380/344
f 383/383/347 385/385/349 386/386/350
f 387/387/351 382/382/346 384/384/348
f 388/388/352 387/387/351 386/386/350
f 389/389/353 390/390/354 386/386/350
f 362/362/323 391/391/355 392/392/356
f 359/359/320 358/358/319 392/392/356
f 354/354/315 353/353/314 393/393/357
f 391/391/355 349/349/310 354/354/315
f 356/356/317 394/394/358 395/395/359
f 396/396/360 355/355/316 357/357/318
f 368/368/332 396/396/360 395/395/359
f 394/394/358 364/364/328 369/369/333
f 344/344/305 300/300/262 349/349/310
f 310/310/272 344/344/305 391/391/355
f 303/303/265 302/302/264 353/353/314
f 304/304/266 303/303/265 352/352/313
f 308/308/270 307/307/269 360/360/321
f 311/311/273 310/310/272 362/362/323
f 311/311/273 361/361/322 313/313/324
f 347/347/308 318/318/279 364/364/328
f 306/306/268 347/347/308 394/394/358
f 321/321/282 320/320/281 368/368/332
f 322/322/283 321/321/282 367/367/331
f 326/326/287 330/330/291 377/377/341
f 324/324/285 326/326/287 373/373/337
f 327/327/288 322/322/283 370/370/334
f 328/328/289 327/327/288 375/375/339
f 332/332/293 336/336/297 383/383/347
f 330/330/291 332/332/293 379/379/343
f 333/333/294 328/328/289 376/376/340
f 333/333/294 381/381/345 382/382/346
f 340/340/301 388/388/352 390/390/354
f 341/341/302 390/390/354 389/389/353
f 338/338/299 342/342/303 389/389/353
f 336/336/297 338/338/299 385/385/349
f 339/339/300 334/334/295 382/382/346
f 340/340/301 339/339/300 387/387/351
f 300/300/262 299/299/261 350/350/311
f 299/299/261 306/306/268 356/356/317
f 345/345/306 393/393/357 353/353/314
f 308/308/270 359/359/320 393/393/357
f 318/318/279 317/317/278 365/365/329
f 317/317/278 324/324/285 371/371/335
f 320/320/281 348/348/309 396/396/360
f 348/348/309 304/304/266 355/355/316
f 301/301/263 298/298/260 300/300/262
f 298/298/260 301/301/263 303/303/265
f 305/305/267 298/298/260 304/304/266
f 298/298/260 305/305/267 299/299/261
f 312/312/274 307/307/269 309/309/271
f 312/312/274 309/309/271 311/311/273
f 314/314/17 312/312/274 313/313/275
f 307/307/269 312/312/274 315/315/276
f 319/319/280 316/316/277 318/318/279
f 316/316/277 319/319/280 321/321/282
f 323/323/284 316/316/277 322/322/283
f 316/316/277 323/323/284 317/317/278
f 323/323/284 325/325/286 324/324/285
f 325/325/286 323/323/284 327/327/288
f 329/329/290 325/325/286 328/328/289
f 325/325/286 329/329/290 326/326/287
f 329/329/290 331/331/292 330/330/291
f 331/331/292 329/329/290 333/333/294
f 335/335/296 331/331/292 334/334/295
f 332/332/293 331/331/292 336/336/297
f 335/335/296 337/337/298 336/336/297
f 337/337/298 335/335/296 339/339/300
f 341/341/302 337/337/298 340/340/301
f 338/338/299 337/337/298 342/342/303
f 309/309/271 343/343/304 310/310/272
f 345/345/306 343/343/304 308/308/270
f 343/343/304 345/345/306 301/301/263
f 343/343/304 301/301/263 344/344/305
f 305/305/267 346/346/307 306/306/268
f 346/346/307 305/305/267 348/348/309
f 319/319/280 346/346/307 320/320/281
f 346/346/307 319/319/280 347/347/308
f 354/354/315 349/349/310 351/351/312
f 351/351/312 352/352/313 354/354/315
f 357/357/318 355/355/316 351/351/312
f 351/351/312 350/350/311 357/357/318
f 363/363/325 358/358/319 360/360/321
f 363/363/325 361/361/322 358/358/319
f 314/314/327 313/313/324 363/363/325
f 360/360/321 315/315/326 363/363/325
f 369/369/333 364/364/328 366/366/330
f 366/366/330 367/367/331 369/369/333
f 372/372/336 370/370/334 366/366/330
f 366/366/330 365/365/329 372/372/336
f 372/372/336 371/371/335 374/374/338
f 374/374/338 375/375/339 372/372/336
f 378/378/342 376/376/340 374/374/338
f 374/374/338 373/373/337 378/378/342
f 378/378/342 377/377/341 380/380/344
f 380/380/344 381/381/345 378/378/342
f 384/384/348 382/382/346 380/380/344
f 379/379/343 383/383/347 380/380/344
f 384/384/348 383/383/347 386/386/350
f 386/386/350 387/387/351 384/384/348
f 390/390/354 388/388/352 386/386/350
f 385/385/349 389/389/353 386/386/350
f 358/358/319 362/362/323 392/392/356
f 393/393/357 359/359/320 392/392/356
f 392/392/356 354/354/315 393/393/357
f 392/392/356 391/391/355 354/354/315
f 357/357/318 356/356/317 395/395/359
f 395/395/359 396/396/360 357/357/318
f 369/369/333 368/368/332 395/395/359
f 395/395/359 394/394/358 369/369/333
f 391/391/355 344/344/305 349/349/310
f 362/362/323 310/310/272 391/391/355
f 352/352/313 303/303/265 353/353/314
f 355/355/316 304/304/266 352/352/313
f 360/360/321 307/307/269 315/315/326
f 359/359/320 308/308/270 360/360/321
f 361/361/322 311/311/273 362/362/323
f 394/394/358 347/347/308 364/364/328
f 356/356/317 306/306/268 394/394/358
f 367/367/331 321/321/282 368/368/332
f 370/370/334 322/322/283 367/367/331
f 373/373/337 326/326/287 377/377/341
f 371/371/335 324/324/285 373/373/337
f 375/375/339 327/327/288 370/370/334
f 376/376/340 328/328/289 375/375/339
f 379/379/343 332/332/293 383/383/347
f 377/377/341 330/330/291 379/379/343
f 381/381/345 333/333/294 376/376/340
f 334/334/295 333/333/294 382/382/346
f 341/341/302 340/340/301 390/390/354
f 342/342/303 341/341/302 389/389/353
f 385/385/349 338/338/299 389/389/353
f 383/383/347 336/336/297 385/385/349
f 387/387/351 339/339/300 382/382/346
f 388/388/352 340/340/301 387/387/351
f 349/349/310 300/300/262 350/350/311
f 350/350/311 299/299/261 356/356/317
f 302/302/264 345/345/306 353/353/314
f 345/345/306 308/308/270 393/393/357
f 364/364/328 318/318/279 365/365/329
f 365/365/329 317/317/278 371/371/335
f 368/368/332 320/320/281 396/396/360
f 396/396/360 348/348/309 355/355/316
usemtl mat3.003
f 397/397/361 398/398/362 399/399/363
f 397/397/361 400/400/364 401/401/365
f 402/402/366 403/403/367 404/404/368
f 404/404/368 405/405/369 398/398/362
f 406/406/370 407/407/371 408/408/372
f 408/408/372 409/409/373 410/410/374
f 411/411/375 410/410/374 412/412/376
f 411/411/375 413/413/17 414/414/377
f 415/415/378 416/416/379 417/417/380
f 418/418/381 417/417/380 419/419/382
f 420/420/383 421/421/384 422/422/385
f 418/418/381 422/422/385 423/423/386
f 424/424/387 423/423/386 422/422/385
f 425/425/388 422/422/385 421/421/384
f 426/426/389 427/427/390 428/428/391
f 425/425/388 428/428/391 429/429/392
f 430/430/393 429/429/392 428/428/391
f 428/428/391 427/427/390 431/431/394
f 432/432/395 431/431/394 433/433/396
f 432/432/395 434/434/397 435/435/398
f 436/436/399 435/435/398 434/434/397
f 434/434/397 433/433/396 437/437/400
f 438/438/401 437/437/400 439/439/402
f 438/438/401 440/440/403 441/441/404
f 442/442/405 443/443/406 409/409/373
f 442/442/405 408/408/372 407/407/371
f 444/444/407 401/401/365 400/400/364
f 400/400/364 399/399/363 443/443/406
f 445/445/408 405/405/369 404/404/368
f 446/446/409 404/404/368 403/403/367
f 447/447/410 419/419/382 417/417/380
f 446/446/409 417/417/380 416/416/379
f 448/448/411 449/449/412 450/450/413
f 451/451/414 452/452/415 450/450/413
f 453/453/416 454/454/417 455/455/418
f 456/456/419 453/453/416 450/450/413
f 457/457/420 458/458/421 459/459/422
f 460/460/423 461/461/424 457/457/420
f 412/412/425 460/460/423 462/462/426
f 414/414/427 413/413/428 462/462/426
f 463/463/429 464/464/430 465/465/431
f 466/466/432 463/463/429 467/467/433
f 468/468/434 469/469/435 470/470/436
f 471/471/437 468/468/434 467/467/433
f 468/468/434 471/471/437 472/472/438
f 469/469/435 468/468/434 473/473/439
f 474/474/440 475/475/441 476/476/442
f 477/477/443 474/474/440 473/473/439
f 474/474/440 477/477/443 478/478/444
f 479/479/445 475/475/441 474/474/440
f 480/480/446 479/479/445 481/481/447
f 482/482/448 483/483/449 481/481/447
f 483/483/449 482/482/448 484/484/450
f 485/485/451 480/480/446 483/483/449
f 486/486/452 485/485/451 487/487/453
f 488/488/454 489/489/455 487/487/453
f 461/461/424 490/490/456 491/491/457
f 458/458/421 457/457/420 491/491/457
f 452/452/415 451/451/414 492/492/458
f 490/490/456 448/448/411 452/452/415
f 453/453/416 456/456/419 493/493/459
f 454/454/417 453/453/416 494/494/460
f 463/463/429 466/466/432 495/495/461
f 464/464/430 463/463/429 494/494/460
f 399/399/363 448/448/411 490/490/456
f 443/443/406 490/490/456 461/461/424
f 401/401/365 451/451/414 455/455/418
f 402/402/366 455/455/418 454/454/417
f 406/406/370 459/459/422 458/458/421
f 409/409/373 461/461/424 460/460/423
f 410/410/374 460/460/423 412/412/425
f 416/416/379 464/464/430 493/493/459
f 445/445/408 493/493/459 456/456/419
f 419/419/382 466/466/432 470/470/436
f 420/420/383 470/470/436 469/469/435
f 429/429/392 477/477/443 472/472/438
f 424/424/387 472/472/438 471/471/437
f 421/421/384 469/469/435 476/476/442
f 426/426/389 476/476/442 475/475/441
f 430/430/393 435/435/398 482/482/448
f 429/429/392 430/430/393 478/478/444
f 431/431/394 427/427/390 475/475/441
f 433/433/396 431/431/394 479/479/445
f 439/439/402 486/486/452 489/489/455
f 440/440/403 489/489/455 488/488/454
f 436/436/399 441/441/404 488/488/454
f 435/435/398 436/436/399 484/484/450
f 437/437/400 433/433/396 480/480/446
f 437/437/400 485/485/451 486/486/452
f 398/398/362 449/449/412 448/448/411
f 405/405/369 456/456/419 449/449/412
f 444/444/407 492/492/458 451/451/414
f 407/407/371 458/458/421 492/492/458
f 415/415/378 465/465/431 464/464/430
f 423/423/386 471/471/437 465/465/431
f 447/447/410 495/495/461 466/466/432
f 403/403/367 454/454/417 495/495/461
f 400/400/364 397/397/361 399/399/363
f 402/402/366 397/397/361 401/401/365
f 397/397/361 402/402/366 404/404/368
f 397/397/361 404/404/368 398/398/362
f 411/411/375 406/406/370 408/408/372
f 411/411/375 408/408/372 410/410/374
f 413/413/17 411/411/375 412/412/376
f 406/406/370 411/411/375 414/414/377
f 418/418/381 415/415/378 417/417/380
f 420/420/383 418/418/381 419/419/382
f 418/418/381 420/420/383 422/422/385
f 415/415/378 418/418/381 423/423/386
f 425/425/388 424/424/387 422/422/385
f 426/426/389 425/425/388 421/421/384
f 425/425/388 426/426/389 428/428/391
f 424/424/387 425/425/388 429/429/392
f 432/432/395 430/430/393 428/428/391
f 432/432/395 428/428/391 431/431/394
f 434/434/397 432/432/395 433/433/396
f 430/430/393 432/432/395 435/435/398
f 438/438/401 436/436/399 434/434/397
f 438/438/401 434/434/397 437/437/400
f 440/440/403 438/438/401 439/439/402
f 436/436/399 438/438/401 441/441/404
f 408/408/372 442/442/405 409/409/373
f 444/444/407 442/442/405 407/407/371
f 442/442/405 444/444/407 400/400/364
f 442/442/405 400/400/364 443/443/406
f 446/446/409 445/445/408 404/404/368
f 447/447/410 446/446/409 403/403/367
f 446/446/409 447/447/410 417/417/380
f 445/445/408 446/446/409 416/416/379
f 452/452/415 448/448/411 450/450/413
f 455/455/418 451/451/414 450/450/413
f 450/450/413 453/453/416 455/455/418
f 449/449/412 456/456/419 450/450/413
f 462/462/426 457/457/420 459/459/422
f 462/462/426 460/460/423 457/457/420
f 413/413/428 412/412/425 462/462/426
f 459/459/422 414/414/427 462/462/426
f 467/467/433 463/463/429 465/465/431
f 470/470/436 466/466/432 467/467/433
f 467/467/433 468/468/434 470/470/436
f 465/465/431 471/471/437 467/467/433
f 473/473/439 468/468/434 472/472/438
f 476/476/442 469/469/435 473/473/439
f 473/473/439 474/474/440 476/476/442
f 472/472/438 477/477/443 473/473/439
f 481/481/447 474/474/440 478/478/444
f 481/481/447 479/479/445 474/474/440
f 483/483/449 480/480/446 481/481/447
f 478/478/444 482/482/448 481/481/447
f 487/487/453 483/483/449 484/484/450
f 487/487/453 485/485/451 483/483/449
f 489/489/455 486/486/452 487/487/453
f 484/484/450 488/488/454 487/487/453
f 457/457/420 461/461/424 491/491/457
f 492/492/458 458/458/421 491/491/457
f 491/491/457 452/452/415 492/492/458
f 491/491/457 490/490/456 452/452/415
f 494/494/460 453/453/416 493/493/459
f 495/495/461 454/454/417 494/494/460
f 494/494/460 463/463/429 495/495/461
f 493/493/459 464/464/430 494/494/460
f 443/443/406 399/399/363 490/490/456
f 409/409/373 443/443/406 461/461/424
f 402/402/366 401/401/365 455/455/418
f 403/403/367 402/402/366 454/454/417
f 459/459/422 406/406/370 414/414/427
f 407/407/371 406/406/370 458/458/421
f 410/410/374 409/409/373 460/460/423
f 445/445/408 416/416/379 493/493/459
f 405/405/369 445/445/408 456/456/419
f 420/420/383 419/419/382 470/470/436
f 421/421/384 420/420/383 469/469/435
f 424/424/387 429/429/392 472/472/438
f 423/423/386 424/424/387 471/471/437
f 426/426/389 421/421/384 476/476/442
f 427/427/390 426/426/389 475/475/441
f 478/478/444 430/430/393 482/482/448
f 477/477/443 429/429/392 478/478/444
f 479/479/445 431/431/394 475/475/441
f 480/480/446 433/433/396 479/479/445
f 440/440/403 439/439/402 489/489/455
f 441/441/404 440/440/403 488/488/454
f 484/484/450 436/436/399 488/488/454
f 482/482/448 435/435/398 484/484/450
f 485/485/451 437/437/400 480/480/446
f 439/439/402 437/437/400 486/486/452
f 399/399/363 398/398/362 448/448/411
f 398/398/362 405/405/369 449/449/412
f 401/401/365 444/444/407 451/451/414
f 444/444/407 407/407/371 492/492/458
f 416/416/379 415/415/378 464/464/430
f 415/415/378 423/423/386 465/465/431
f 419/419/382 447/447/410 466/466/432
f 447/447/410 403/403/367 495/495/461
usemtl mat5.003
f 496/496/102 497/497/462 498/498/463
f 496/496/102 499/499/464 500/500/465
f 501/501/466 502/502/467 503/503/109
f 503/503/109 504/504/110 497/497/462
f 505/505/468 506/506/469 507/507/113
f 507/507/113 508/508/114 509/509/470
f 510/510/471 509/509/470 511/511/472
f 510/510/471 512/512/473 513/513/474
f 514/514/475 515/515/476 516/516/477
f 514/514/475 517/517/478 518/518/479
f 519/519/480 520/520/481 521/521/482
f 521/521/482 522/522/483 515/515/476
f 523/523/484 524/524/485 522/522/483
f 523/523/484 521/521/482 520/520/481
f 523/523/484 525/525/486 526/526/487
f 523/523/484 527/527/488 528/528/489
f 529/529/490 528/528/489 527/527/488
f 527/527/488 526/526/487 530/530/491
f 531/531/492 530/530/491 532/532/493
f 531/531/492 533/533/494 534/534/495
f 535/535/496 534/534/495 533/533/494
f 533/533/494 532/532/493 536/536/497
f 537/537/498 536/536/497 538/538/499
f 537/537/498 539/539/500 540/540/501
f 541/541/146 542/542/502 508/508/114
f 541/541/146 507/507/113 506/506/469
f 543/543/503 500/500/465 499/499/464
f 499/499/464 498/498/463 542/542/502
f 544/544/149 545/545/504 504/504/110
f 544/544/149 503/503/109 502/502/467
f 546/546/505 518/518/479 517/517/478
f 517/517/478 516/516/477 545/545/504
f 547/547/506 548/548/153 549/549/507
f 550/550/155 551/551/508 549/549/507
f 552/552/157 553/553/158 554/554/509
f 548/548/153 555/555/510 552/552/157
f 556/556/161 557/557/511 558/558/512
f 559/559/164 560/560/513 556/556/161
f 511/511/472 559/559/164 561/561/166
f 513/513/474 512/512/167 561/561/166
f 562/562/514 563/563/515 564/564/516
f 565/565/517 566/566/518 564/564/516
f 567/567/519 568/568/520 569/569/521
f 563/563/515 570/570/522 567/567/519
f 570/570/522 571/571/523 572/572/524
f 568/568/520 567/567/519 572/572/524
f 573/573/525 574/574/526 572/572/524
f 575/575/527 576/576/528 572/572/524
f 576/576/528 575/575/527 577/577/529
f 578/578/530 573/573/525 576/576/528
f 579/579/531 578/578/530 580/580/532
f 581/581/533 582/582/534 580/580/532
f 582/582/534 581/581/533 583/583/535
f 584/584/536 579/579/531 582/582/534
f 585/585/537 584/584/536 586/586/538
f 587/587/539 588/588/540 586/586/538
f 560/560/513 589/589/541 590/590/542
f 557/557/511 556/556/161 590/590/542
f 551/551/508 550/550/155 591/591/196
f 589/589/541 547/547/506 551/551/508
f 555/555/510 592/592/543 593/593/544
f 553/553/158 552/552/157 593/593/544
f 566/566/518 565/565/517 594/594/545
f 592/592/543 562/562/514 566/566/518
f 542/542/502 498/498/463 547/547/506
f 508/508/114 542/542/502 589/589/541
f 500/500/465 550/550/155 554/554/509
f 501/501/466 554/554/509 553/553/158
f 506/506/469 505/505/468 558/558/512
f 508/508/114 560/560/513 559/559/164
f 509/509/470 559/559/164 511/511/472
f 545/545/504 516/516/477 562/562/514
f 504/504/110 545/545/504 592/592/543
f 518/518/479 565/565/517 569/569/521
f 520/520/481 519/519/480 569/569/521
f 528/528/489 575/575/527 571/571/523
f 524/524/485 571/571/523 570/570/522
f 525/525/486 520/520/481 568/568/520
f 526/526/487 525/525/486 574/574/526
f 529/529/490 534/534/495 581/581/533
f 528/528/489 529/529/490 577/577/529
f 526/526/487 573/573/525 578/578/530
f 530/530/491 578/578/530 579/579/531
f 538/538/499 585/585/537 588/588/540
f 540/540/501 539/539/500 588/588/540
f 535/535/496 540/540/501 587/587/539
f 534/534/495 535/535/496 583/583/535
f 532/532/493 579/579/531 584/584/536
f 536/536/497 584/584/536 585/585/537
f 498/498/463 497/497/462 548/548/153
f 497/497/462 504/504/110 555/555/510
f 543/543/503 591/591/196 550/550/155
f 506/506/469 557/557/511 591/591/196
f 516/516/477 515/515/476 563/563/515
f 522/522/483 570/570/522 563/563/515
f 546/546/505 594/594/545 565/565/517
f 502/502/467 553/553/158 594/594/545
f 499/499/464 496/496/102 498/498/463
f 501/501/466 496/496/102 500/500/465
f 496/496/102 501/501/466 503/503/109
f 496/496/102 503/503/109 497/497/462
f 510/510/471 505/505/468 507/507/113
f 510/510/471 507/507/113 509/509/470
f 512/512/473 510/510/471 511/511/472
f 505/505/468 510/510/471 513/513/474
f 517/517/478 514/514/475 516/516/477
f 519/519/480 514/514/475 518/518/479
f 514/514/475 519/519/480 521/521/482
f 514/514/475 521/521/482 515/515/476
f 521/521/482 523/523/484 522/522/483
f 525/525/486 523/523/484 520/520/481
f 527/527/488 523/523/484 526/526/487
f 524/524/485 523/523/484 528/528/489
f 531/531/492 529/529/490 527/527/488
f 531/531/492 527/527/488 530/530/491
f 533/533/494 531/531/492 532/532/493
f 529/529/490 531/531/492 534/534/495
f 537/537/498 535/535/496 533/533/494
f 537/537/498 533/533/494 536/536/497
f 539/539/500 537/537/498 538/538/499
f 535/535/496 537/537/498 540/540/501
f 507/507/113 541/541/146 508/508/114
f 543/543/503 541/541/146 506/506/469
f 541/541/146 543/543/503 499/499/464
f 541/541/146 499/499/464 542/542/502
f 503/503/109 544/544/149 504/504/110
f 546/546/505 544/544/149 502/502/467
f 544/544/149 546/546/505 517/517/478
f 544/544/149 517/517/478 545/545/504
f 551/551/508 547/547/506 549/549/507
f 554/554/509 550/550/155 549/549/507
f 549/549/507 552/552/157 554/554/509
f 549/549/507 548/548/153 552/552/157
f 561/561/166 556/556/161 558/558/512
f 561/561/166 559/559/164 556/556/161
f 512/512/167 511/511/472 561/561/166
f 558/558/512 513/513/474 561/561/166
f 566/566/518 562/562/514 564/564/516
f 569/569/521 565/565/517 564/564/516
f 564/564/516 567/567/519 569/569/521
f 564/564/516 563/563/515 567/567/519
f 567/567/519 570/570/522 572/572/524
f 574/574/526 568/568/520 572/572/524
f 576/576/528 573/573/525 572/572/524
f 571/571/523 575/575/527 572/572/524
f 580/580/532 576/576/528 577/577/529
f 580/580/532 578/578/530 576/576/528
f 582/582/534 579/579/531 580/580/532
f 577/577/529 581/581/533 580/580/532
f 586/586/538 582/582/534 583/583/535
f 586/586/538 584/584/536 582/582/534
f 588/588/540 585/585/537 586/586/538
f 583/583/535 587/587/539 586/586/538
f 556/556/161 560/560/513 590/590/542
f 591/591/196 557/557/511 590/590/542
f 590/590/542 551/551/508 591/591/196
f 590/590/542 589/589/541 551/551/508
f 552/552/157 555/555/510 593/593/544
f 594/594/545 553/553/158 593/593/544
f 593/593/544 566/566/518 594/594/545
f 593/593/544 592/592/543 566/566/518
f 589/589/541 542/542/502 547/547/506
f 560/560/513 508/508/114 589/589/541
f 501/501/466 500/500/465 554/554/509
f 502/502/467 501/501/466 553/553/158
f 558/558/512 505/505/468 513/513/474
f 557/557/511 506/506/469 558/558/512
f 509/509/470 508/508/114 559/559/164
f 592/592/543 545/545/504 562/562/514
f 555/555/510 504/504/110 592/592/543
f 519/519/480 518/518/479 569/569/521
f 568/568/520 520/520/481 569/569/521
f 524/524/485 528/528/489 571/571/523
f 522/522/483 524/524/485 570/570/522
f 574/574/526 525/525/486 568/568/520
f 573/573/525 526/526/487 574/574/526
f 577/577/529 529/529/490 581/581/533
f 575/575/527 528/528/489 577/577/529
f 530/530/491 526/526/487 578/578/530
f 532/532/493 530/530/491 579/579/531
f 539/539/500 538/538/499 588/588/540
f 587/587/539 540/540/501 588/588/540
f 583/583/535 535/535/496 587/587/539
f 581/581/533 534/534/495 583/583/535
f 536/536/497 532/532/493 584/584/536
f 538/538/499 536/536/497 585/585/537
f 547/547/506 498/498/463 548/548/153
f 548/548/153 497/497/462 555/555/510
f 500/500/465 543/543/503 550/550/155
f 543/543/503 506/506/469 591/591/196
f 562/562/514 516/516/477 563/563/515
f 515/515/476 522/522/483 563/563/515
f 518/518/479 546/546/505 565/565/517
f 546/546/505 502/502/467 594/594/545
usemtl mat6
f 595/595/546 596/596/547 597/597/463
f 595/595/546 598/598/548 599/599/106
f 600/600/107 601/601/549 602/602/550
f 602/602/550 603/603/110 596/596/547
f 604/604/551 605/605/112 606/606/552
f 606/606/552 607/607/553 608/608/115
f 609/609/554 608/608/115 610/610/555
f 609/609/554 611/611/17 612/612/556
f 613/613/120 614/614/557 615/615/558
f 613/613/120 616/616/123 617/617/559
f 618/618/560 619/619/126 620/620/127
f 620/620/127 621/621/561 614/614/557
f 622/622/129 623/623/562 621/621/561
f 622/622/129 620/620/127 619/619/126
f 622/622/129 624/624/131 625/625/563
f 622/622/129 626/626/133 627/627/564
f 628/628/135 627/627/564 626/626/133
f 626/626/133 625/625/563 629/629/565
f 630/630/137 629/629/565 631/631/566
f 630/630/137 632/632/139 633/633/567
f 634/634/141 633/633/567 632/632/139
f 632/632/139 631/631/566 635/635/568
f 636/636/139 635/635/568 637/637/569
f 636/636/139 638/638/570 639/639/145
f 640/640/571 641/641/502 607/607/553
f 640/640/571 606/606/552 605/605/112
f 642/642/572 599/599/106 598/598/548
f 598/598/548 597/597/463 641/641/502
f 643/643/573 644/644/574 603/603/110
f 643/643/573 602/602/550 601/601/549
f 645/645/575 617/617/559 616/616/123
f 616/616/123 615/615/558 644/644/574
f 646/646/152 647/647/153 648/648/576
f 649/649/577 650/650/578 648/648/576
f 651/651/579 652/652/158 653/653/580
f 647/647/153 654/654/581 651/651/579
f 655/655/161 656/656/162 657/657/582
f 658/658/583 659/659/584 655/655/161
f 610/610/585 658/658/583 660/660/166
f 612/612/585 611/611/586 660/660/166
f 661/661/587 662/662/588 663/663/589
f 664/664/171 665/665/590 663/663/589
f 666/666/173 667/667/591 668/668/592
f 662/662/588 669/669/593 666/666/173
f 669/669/593 670/670/594 671/671/595
f 667/667/591 666/666/173 671/671/595
f 672/672/596 673/673/597 671/671/595
f 674/674/181 675/675/598 671/671/595
f 675/675/598 674/674/181 676/676/599
f 677/677/184 672/672/596 675/675/598
f 678/678/600 677/677/184 679/679/186
f 680/680/601 681/681/188 679/679/186
f 681/681/188 680/680/601 682/682/189
f 683/683/602 678/678/600 681/681/188
f 684/684/603 683/683/602 685/685/188
f 686/686/604 687/687/605 685/685/188
f 659/659/584 688/688/606 689/689/195
f 656/656/162 655/655/161 689/689/195
f 650/650/578 649/649/577 690/690/196
f 688/688/606 646/646/152 650/650/578
f 654/654/581 691/691/607 692/692/608
f 652/652/158 651/651/579 692/692/608
f 665/665/590 664/664/171 693/693/545
f 691/691/607 661/661/587 665/665/590
f 641/641/502 597/597/463 646/646/152
f 607/607/553 641/641/502 688/688/606
f 599/599/106 649/649/577 653/653/580
f 600/600/107 653/653/580 652/652/158
f 605/605/112 604/604/551 657/657/582
f 607/607/553 659/659/584 658/658/583
f 608/608/115 658/658/583 610/610/585
f 644/644/574 615/615/558 661/661/587
f 603/603/110 644/644/574 691/691/607
f 617/617/559 664/664/171 668/668/592
f 619/619/126 618/618/560 668/668/592
f 627/627/564 674/674/181 670/670/594
f 623/623/562 670/670/594 669/669/593
f 624/624/131 619/619/126 667/667/591
f 625/625/563 624/624/131 673/673/597
f 633/633/567 680/680/601 676/676/599
f 628/628/135 676/676/599 674/674/181
f 629/629/565 625/625/563 672/672/596
f 631/631/566 629/629/565 677/677/184
f 638/638/570 637/637/569 684/684/603
f 639/639/145 638/638/570 687/687/605
f 634/634/141 639/639/145 686/686/604
f 633/633/567 634/634/141 682/682/189
f 635/635/568 631/631/566 678/678/600
f 637/637/569 635/635/568 683/683/602
f 597/597/463 596/596/547 647/647/153
f 596/596/547 603/603/110 654/654/581
f 642/642/572 690/690/196 649/649/577
f 605/605/112 656/656/162 690/690/196
f 615/615/558 614/614/557 662/662/588
f 621/621/561 669/669/593 662/662/588
f 645/645/575 693/693/545 664/664/171
f 601/601/549 652/652/158 693/693/545
f 598/598/548 595/595/546 597/597/463
f 600/600/107 595/595/546 599/599/106
f 595/595/546 600/600/107 602/602/550
f 595/595/546 602/602/550 596/596/547
f 609/609/554 604/604/551 606/606/552
f 609/609/554 606/606/552 608/608/115
f 611/611/17 609/609/554 610/610/555
f 604/604/551 609/609/554 612/612/556
f 616/616/123 613/613/120 615/615/558
f 618/618/560 613/613/120 617/617/559
f 613/613/120 618/618/560 620/620/127
f 613/613/120 620/620/127 614/614/557
f 620/620/127 622/622/129 621/621/561
f 624/624/131 622/622/129 619/619/126
f 626/626/133 622/622/129 625/625/563
f 623/623/562 622/622/129 627/627/564
f 630/630/137 628/628/135 626/626/133
f 630/630/137 626/626/133 629/629/565
f 632/632/139 630/630/137 631/631/566
f 628/628/135 630/630/137 633/633/567
f 636/636/139 634/634/141 632/632/139
f 636/636/139 632/632/139 635/635/568
f 638/638/570 636/636/139 637/637/569
f 634/634/141 636/636/139 639/639/145
f 606/606/552 640/640/571 607/607/553
f 642/642/572 640/640/571 605/605/112
f 640/640/571 642/642/572 598/598/548
f 640/640/571 598/598/548 641/641/502
f 602/602/550 643/643/573 603/603/110
f 645/645/575 643/643/573 601/601/549
f 643/643/573 645/645/575 616/616/123
f 643/643/573 616/616/123 644/644/574
f 650/650/578 646/646/152 648/648/576
f 653/653/580 649/649/577 648/648/576
f 648/648/576 651/651/579 653/653/580
f 648/648/576 647/647/153 651/651/579
f 660/660/166 655/655/161 657/657/582
f 660/660/166 658/658/583 655/655/161
f 611/611/586 610/610/585 660/660/166
f 657/657/582 612/612/585 660/660/166
f 665/665/590 661/661/587 663/663/589
f 668/668/592 664/664/171 663/663/589
f 663/663/589 666/666/173 668/668/592
f 663/663/589 662/662/588 666/666/173
f 666/666/173 669/669/593 671/671/595
f 673/673/597 667/667/591 671/671/595
f 675/675/598 672/672/596 671/671/595
f 670/670/594 674/674/181 671/671/595
f 679/679/186 675/675/598 676/676/599
f 679/679/186 677/677/184 675/675/598
f 681/681/188 678/678/600 679/679/186
f 676/676/599 680/680/601 679/679/186
f 685/685/188 681/681/188 682/682/189
f 685/685/188 683/683/602 681/681/188
f 687/687/605 684/684/603 685/685/188
f 682/682/189 686/686/604 685/685/188
f 655/655/161 659/659/584 689/689/195
f 690/690/196 656/656/162 689/689/195
f 689/689/195 650/650/578 690/690/196
f 689/689/195 688/688/606 650/650/578
f 651/651/579 654/654/581 692/692/608
f 693/693/545 652/652/158 692/692/608
f 692/692/608 665/665/590 693/693/545
f 692/692/608 691/691/607 665/665/590
f 688/688/606 641/641/502 646/646/152
f 659/659/584 607/607/553 688/688/606
f 600/600/107 599/599/106 653/653/580
f 601/601/549 600/600/107 652/652/158
f 657/657/582 604/604/551 612/612/585
f 656/656/162 605/605/112 657/657/582
f 608/608/115 607/607/553 658/658/583
f 691/691/607 644/644/574 661/661/587
f 654/654/581 603/603/110 691/691/607
f 618/618/560 617/617/559 668/668/592
f 667/667/591 619/619/126 668/668/592
f 623/623/562 627/627/564 670/670/594
f 621/621/561 623/623/562 669/669/593
f 673/673/597 624/624/131 667/667/591
f 672/672/596 625/625/563 673/673/597
f 628/628/135 633/633/567 676/676/599
f 627/627/564 628/628/135 674/674/181
f 677/677/184 629/629/565 672/672/596
f 678/678/600 631/631/566 677/677/184
f 687/687/605 638/638/570 684/684/603
f 686/686/604 639/639/145 687/687/605
f 682/682/189 634/634/141 686/686/604
f 680/680/601 633/633/567 682/682/189
f 683/683/602 635/635/568 678/678/600
f 684/684/603 637/637/569 683/683/602
f 646/646/152 597/597/463 647/647/153
f 647/647/153 596/596/547 654/654/581
f 599/599/106 642/642/572 649/649/577
f 642/642/572 605/605/112 690/690/196
f 661/661/587 615/615/558 662/662/588
f 614/614/557 621/621/561 662/662/588
f 617/617/559 645/645/575 664/664/171
f 645/645/575 601/601/549 693/693/545
