# Blender v3.0.1 OBJ File: ''
# www.blender.org
mtllib sb1.mtl
o obj1.003
v 0.001947 -0.000186 0.001252
v 0.001680 -0.001047 0.001344
v 0.001136 -0.000398 0.001884
v -0.000067 -0.001065 0.000228
v 0.000416 -0.001533 0.000137
v 0.000707 -0.001395 -0.000806
v 0.000966 -0.001189 -0.001790
v 0.001060 -0.001289 -0.001699
v 0.001482 -0.001201 -0.001538
v 0.001413 -0.001442 -0.001426
v 0.001169 0.000522 -0.002725
v 0.001113 0.000435 -0.002636
v 0.001800 0.000612 -0.002892
v -0.008977 -0.004884 0.006671
v -0.006367 -0.004671 0.009169
v -0.006363 -0.003390 0.008317
v -0.000489 0.000164 -0.002593
v -0.000218 0.000354 -0.003021
v -0.001114 0.000124 -0.002437
v 0.000338 -0.000750 0.001894
v 0.000323 -0.000417 0.001912
v 0.000819 -0.000340 0.001958
v 0.000839 -0.001209 0.001941
v 0.000313 -0.001194 0.001941
v 0.001341 -0.002051 0.000345
v 0.001258 -0.002099 0.000475
v 0.001748 -0.001694 0.000525
v -0.000372 -0.011604 -0.010345
v 0.001789 -0.008362 -0.010962
v 0.002221 -0.008386 -0.010815
v 0.003283 -0.011811 -0.009125
v 0.002183 -0.014205 -0.008184
v 0.001771 -0.014191 -0.008363
v 0.001825 0.000456 0.002015
v 0.001411 0.000033 0.001929
v 0.007198 -0.007296 -0.007096
v 0.006723 -0.009988 -0.007130
v 0.005418 -0.007540 -0.009247
v -0.001274 -0.000191 -0.001357
v -0.000829 -0.000099 -0.002057
v -0.000078 0.001197 0.003337
v -0.000918 0.001114 0.003368
v -0.000692 0.001242 0.003473
v 0.002149 -0.000973 -0.000115
v 0.001961 -0.001340 0.000185
v 0.002050 -0.000839 0.000430
v -0.003112 -0.004843 -0.010360
v -0.001413 -0.003765 -0.010143
v 0.000155 -0.005013 -0.010931
v -0.003521 -0.020032 -0.003269
v -0.003671 -0.020082 -0.003034
v -0.004120 -0.019877 -0.003157
v -0.001315 0.000298 0.002818
v -0.000535 0.000396 0.002418
v 0.000825 -0.002228 0.001155
v 0.000906 -0.001800 0.001621
v 0.001083 -0.002138 0.000750
v -0.000157 -0.000147 -0.002285
v -0.000721 -0.000125 -0.002109
v -0.000766 -0.000069 -0.002155
v -0.000448 0.000310 0.002283
v -0.000241 0.000006 0.001965
v -0.000838 0.000181 0.002072
v 0.000720 -0.002343 0.001123
v 0.000417 -0.002499 0.000976
v 0.000572 -0.002280 0.001553
v 0.000164 -0.002546 0.001372
v -0.010240 -0.004184 -0.001250
v -0.010864 -0.004770 -0.000131
v -0.010166 -0.003714 -0.000549
v -0.001301 -0.005367 0.011080
v -0.001810 -0.005296 0.011103
v -0.001819 -0.005747 0.011126
v 0.007551 -0.004458 -0.004401
v 0.008013 -0.005693 -0.003507
v 0.007982 -0.005806 -0.004036
v -0.005460 -0.010241 0.009355
v -0.003259 -0.006064 0.010914
v -0.005811 -0.006396 0.009975
v 0.005847 -0.005379 0.006970
v 0.003456 -0.005044 0.009140
v 0.005551 -0.007526 0.007435
v 0.001397 0.000688 0.002807
v 0.002103 0.000818 0.003221
v 0.001973 0.000794 0.002601
v 0.004382 -0.008058 0.008479
v -0.009118 -0.002374 0.000258
v -0.011026 -0.004862 0.001424
v -0.010021 -0.003692 0.003343
v -0.011141 -0.010050 0.002733
v -0.011466 -0.009380 0.001433
v -0.011469 -0.009493 0.000922
v -0.008379 -0.001720 0.002708
v -0.009753 -0.003540 0.004013
v -0.001373 0.000026 -0.002030
v -0.001625 -0.000022 -0.001634
v -0.005998 -0.003456 0.008571
v -0.005993 -0.003477 0.008581
v -0.003742 -0.003321 0.009977
v -0.009116 -0.008789 -0.004852
v -0.006407 -0.010858 -0.008464
v -0.010813 -0.010162 -0.001715
v 0.004438 -0.013246 0.005748
v 0.003267 -0.012266 0.007416
v -0.001994 -0.019154 0.004211
v 0.006258 -0.002147 -0.002996
v 0.006148 -0.002035 -0.002557
v 0.006641 -0.002838 -0.003826
v -0.000005 0.000147 -0.002527
v 0.000775 -0.000613 -0.002088
v 0.000487 0.000041 -0.002473
v 0.005228 -0.001540 -0.004930
v 0.004811 -0.002729 -0.007553
v 0.003680 -0.000460 -0.005165
v -0.009122 -0.003261 -0.002193
v -0.009048 -0.003171 -0.002172
v -0.008423 -0.002650 -0.002474
v -0.000070 -0.001810 0.000997
v -0.000163 -0.002197 0.001056
v -0.000048 -0.002297 0.000877
v -0.011134 -0.005493 0.002646
v -0.010946 -0.005401 0.003173
v -0.008311 -0.001853 -0.001015
v -0.008054 -0.001761 -0.001420
v -0.008423 -0.002650 -0.002474
v 0.001084 0.000844 -0.003422
v 0.000396 0.000610 -0.004335
v 0.000267 0.000474 -0.002959
v 0.001563 -0.019270 0.001935
v 0.004673 -0.013357 0.005388
v -0.001610 -0.007671 0.010830
v -0.003120 -0.000096 -0.000939
v -0.003364 -0.000082 -0.000556
v -0.002979 0.000012 -0.000337
v 0.005651 -0.002131 -0.001216
v 0.006996 -0.004285 -0.000239
v 0.001563 0.000735 -0.003082
v 0.001392 0.000758 -0.003079
v -0.003852 -0.005672 -0.010409
v -0.005020 -0.004841 -0.009410
v -0.004563 -0.004176 -0.009320
v 0.007615 -0.006915 -0.006108
v 0.007001 -0.009938 -0.006742
v -0.000939 -0.020657 0.000111
v -0.000246 -0.020670 -0.000974
v 0.000269 -0.020552 -0.000135
v 0.007850 -0.009615 -0.004783
v 0.000080 -0.001309 0.001484
v -0.000143 -0.001698 0.001460
v 0.000122 -0.001284 0.001418
v -0.005195 -0.020322 0.001182
v -0.005392 -0.020252 0.000491
v -0.005160 -0.020354 0.000128
v -0.008824 -0.009790 0.007338
v -0.009691 -0.007488 0.006889
v -0.010559 -0.010237 0.004296
v 0.002695 0.000138 0.001089
v 0.002165 -0.000297 0.000882
v 0.000661 0.001089 0.005476
v 0.000205 0.001421 0.004538
v -0.000839 0.000967 0.006181
v 0.000111 -0.001379 0.000982
v 0.000001 -0.000953 0.000777
v 0.000140 -0.000844 0.001381
v 0.000139 -0.000837 0.001383
v 0.000451 0.001420 0.004152
v 0.001050 0.001265 0.004040
v 0.000858 0.000140 0.002085
v 0.004042 -0.000336 -0.000621
v 0.003808 -0.000239 -0.000256
v 0.003913 -0.000300 -0.000170
v 0.003574 -0.000151 0.000110
v -0.001696 -0.000050 -0.002346
v -0.001629 0.000005 -0.003276
v -0.002233 0.000185 -0.004805
v -0.000030 0.000656 0.002446
v 0.000954 0.000585 0.002555
v 0.002881 0.000204 0.001189
v 0.002989 0.000028 0.000768
v -0.009002 -0.007426 0.007576
v -0.008151 -0.009747 0.007931
v 0.002951 -0.000178 0.000262
v 0.005650 -0.003666 0.006321
v 0.003006 -0.003222 0.008839
v -0.009825 -0.014366 0.000745
v -0.010945 -0.010908 -0.001029
v -0.008128 -0.016812 -0.001226
v 0.000372 -0.001929 0.001861
v 0.000621 -0.002231 0.001569
v 0.002038 -0.000539 0.000874
v 0.001360 -0.000704 -0.007123
v 0.000815 -0.001958 -0.008721
v -0.001002 -0.001646 -0.008351
v 0.005595 -0.012550 -0.006966
v 0.007879 -0.007568 0.002416
v 0.007054 -0.005930 0.005194
v 0.006733 -0.008077 0.005643
v 0.000226 -0.001047 -0.001221
v 0.000454 -0.001076 -0.001578
v -0.000461 -0.000591 -0.001800
v -0.000366 -0.000838 -0.001121
v 0.001633 -0.001701 -0.000119
v 0.001762 -0.001679 0.000502
v 0.000737 -0.000754 -0.002027
v 0.000393 -0.020520 -0.001153
v 0.000191 -0.002349 0.000785
v 0.000529 -0.002029 0.000361
v 0.000180 -0.001920 0.000648
v 0.000436 -0.001601 0.000171
v 0.001181 -0.004934 0.010365
v 0.001257 -0.003218 0.009890
v -0.000416 -0.003506 0.010536
v 0.005564 -0.002019 -0.000762
v 0.005598 -0.001790 0.001909
v -0.004541 -0.013826 -0.008367
v -0.005013 -0.013286 -0.008460
v -0.004271 -0.012685 -0.009255
v -0.000178 -0.002311 0.001081
v -0.000249 -0.002202 0.001191
v -0.000201 -0.002127 0.001554
v 0.000015 -0.002125 0.001692
v -0.000031 -0.002124 0.001671
v -0.000045 -0.001661 0.001686
v 0.005944 -0.012936 0.003900
v 0.005274 -0.015876 0.000561
v 0.006818 -0.012341 0.002648
v 0.006599 -0.014057 -0.000775
v 0.002876 -0.000225 -0.000444
v 0.003083 -0.000076 -0.000771
v 0.002559 -0.000256 -0.000771
v -0.000316 -0.020172 -0.003345
v -0.001325 -0.020302 -0.003409
v -0.001624 -0.020054 -0.003769
v 0.006070 -0.003548 -0.007039
v 0.005350 -0.004134 -0.008373
v 0.000178 -0.001469 0.000509
v 0.000492 -0.002191 0.001677
v 0.007006 -0.003335 -0.003785
v 0.000535 -0.020418 -0.000006
v 0.000743 -0.019841 0.001583
v -0.000382 -0.020293 0.002086
v -0.000424 -0.000565 -0.001858
v 0.000142 -0.000718 -0.001919
v -0.000053 -0.000436 0.001677
v -0.000412 -0.000301 0.001413
v -0.000125 -0.000255 0.001787
v 0.001540 -0.002408 -0.009025
v 0.003886 -0.000097 -0.001337
v 0.005181 -0.001506 -0.000737
v 0.006164 -0.002027 -0.003093
v -0.002407 0.000562 0.000405
v -0.002028 0.000609 0.000634
v -0.001800 0.000467 0.000280
v 0.006591 -0.004852 0.005655
v 0.006376 -0.004742 0.006027
v 0.006393 -0.005170 0.006169
v -0.011156 -0.006172 -0.000434
v 0.002372 -0.000623 -0.000471
v 0.002389 -0.000520 0.000006
v -0.011493 -0.007237 0.000762
v -0.011439 -0.006834 0.000674
v -0.011413 -0.006818 0.000632
v -0.011322 -0.005723 0.001497
v -0.002594 -0.003918 0.010660
v -0.002199 -0.003120 0.010362
v -0.002830 -0.003076 0.010193
v -0.002661 0.000449 0.002452
v -0.002308 0.000294 0.002726
v -0.002073 0.000204 0.002360
v 0.006221 -0.004003 -0.007269
v 0.006457 -0.005028 -0.007621
v -0.006413 -0.018462 -0.002885
v -0.005730 -0.019979 0.000191
v -0.007987 -0.017317 -0.000438
v -0.003267 0.000552 0.002576
v -0.002423 0.000387 0.002080
v 0.007320 -0.003985 -0.004473
v 0.006035 -0.003459 -0.006986
v -0.004678 0.000306 -0.000430
v -0.002064 0.001130 0.004802
v 0.002022 -0.000645 0.007492
v 0.001790 -0.000786 0.007859
v -0.004918 -0.020391 -0.000250
v -0.001994 -0.020856 0.001768
v 0.003895 -0.004169 -0.009389
v 0.002580 -0.005638 -0.010599
v -0.010398 -0.013097 0.001621
v -0.008932 -0.014068 0.004489
v -0.003712 -0.000181 -0.004129
v -0.004620 -0.000150 -0.001884
v -0.002482 0.000159 -0.004414
v -0.004316 0.000228 -0.000718
v -0.004165 0.000413 -0.000133
v -0.002802 0.000396 0.000203
v -0.002647 0.000609 0.000781
v -0.001666 0.000526 0.000892
v -0.001956 0.000243 -0.000296
v -0.002339 0.000168 -0.000518
v -0.002572 0.000269 -0.000155
v -0.011206 -0.005293 0.001440
v 0.001990 -0.001269 0.000523
v 0.001917 -0.001157 0.000985
v -0.001423 -0.000223 -0.000899
v -0.001870 -0.000010 -0.001251
v -0.001742 0.000001 -0.000628
v -0.008980 -0.006980 0.007536
v -0.007275 -0.007339 0.008989
v 0.002522 0.000481 -0.004020
v 0.004042 -0.000218 -0.003919
v -0.001685 -0.000022 -0.002215
v 0.007607 -0.006672 -0.006100
v -0.005730 -0.019979 0.000191
v -0.005260 -0.020148 -0.000543
v -0.002072 -0.020538 0.002708
v -0.001614 -0.020802 0.001995
v -0.000978 -0.020675 0.001821
v -0.001531 -0.019854 0.003390
v -0.001434 -0.020419 -0.003237
v -0.001601 -0.020529 -0.002973
v -0.006120 -0.003877 0.008769
v -0.003864 -0.019716 -0.003561
v -0.003564 -0.019402 -0.004033
v 0.000109 -0.001267 0.001490
v -0.004717 -0.011294 0.009168
v -0.004312 -0.019690 0.003731
v -0.002928 -0.018990 0.004405
v -0.004472 0.000006 -0.001294
v -0.004236 -0.000069 -0.001663
v -0.004620 -0.000150 -0.001884
v -0.001459 0.000163 0.002223
v 0.000957 0.000783 -0.003222
v -0.000197 -0.002240 0.001047
v 0.001138 -0.001661 -0.000992
v 0.001304 -0.001573 -0.001254
v 0.000859 -0.001506 -0.001218
v 0.000764 -0.002320 0.001252
v -0.008085 -0.010234 0.007836
v 0.005374 -0.001681 0.003907
v 0.006180 -0.003142 0.004869
v 0.006739 -0.003271 0.002549
v -0.001257 -0.005210 0.011060
v -0.001193 -0.003222 0.010495
v 0.007311 -0.004460 0.001648
v 0.007269 -0.005058 0.000172
v -0.002910 -0.007571 -0.011029
v -0.000574 -0.007690 -0.011390
v -0.002318 -0.009230 -0.011104
v -0.002524 0.000521 0.003061
v 0.002870 -0.006224 0.009668
v -0.001708 0.000141 0.002613
v -0.001937 0.000279 0.002969
v 0.000166 -0.019448 -0.004113
v -0.002624 -0.012989 -0.009737
v 0.001811 0.000467 0.002054
v -0.001355 0.000279 -0.005358
v -0.000730 0.000322 -0.005514
v -0.001080 0.000209 0.002452
v 0.002632 -0.005987 -0.010675
v 0.005566 -0.005149 -0.008694
v -0.002164 0.000896 0.005786
v -0.000983 -0.002041 0.009753
v -0.000521 0.000824 0.006429
v 0.001270 0.001067 0.003698
v 0.001408 0.001147 0.004306
v 0.002586 0.000743 0.002466
v 0.002814 0.000599 0.002112
v 0.002451 0.000681 0.001855
v 0.000308 -0.001647 0.001956
v 0.000607 -0.001690 0.001938
v 0.000317 -0.000284 0.001919
v 0.000695 -0.002253 0.000536
v 0.000921 -0.002120 0.000180
v 0.001249 -0.001785 -0.000339
v 0.001510 -0.001666 -0.000751
v 0.000906 -0.001552 -0.000630
v 0.002226 -0.000280 -0.001073
v 0.000933 0.000064 -0.002348
v 0.001195 -0.000334 -0.001927
v 0.005374 -0.015572 -0.003273
v 0.002963 -0.014213 -0.007758
v -0.008128 -0.016812 -0.001226
v -0.005278 -0.012453 -0.008884
v -0.010945 -0.010908 -0.001029
v -0.002462 -0.020672 0.002499
v 0.001653 -0.001588 0.000948
v -0.001373 -0.020843 0.001619
v -0.000966 0.000170 0.001449
v -0.000612 0.000023 0.001722
v 0.000227 0.000215 0.002052
v 0.002577 -0.018995 -0.001305
v 0.000992 -0.020026 -0.002101
v -0.000067 -0.001065 0.000228
v 0.001164 0.000309 0.002230
v 0.001564 0.000580 0.002422
v 0.008132 -0.008918 -0.003534
v 0.007715 -0.006085 -0.005454
v -0.001726 -0.011884 -0.010338
v -0.002929 -0.009121 -0.010972
v -0.004597 -0.011402 -0.009855
v -0.004615 -0.010974 -0.009998
v 0.005258 -0.011386 -0.008106
v 0.005277 -0.012581 -0.007292
v 0.002896 0.000430 -0.002133
v 0.003600 0.000105 -0.001583
v 0.003599 0.000161 -0.003231
v 0.001073 0.001177 0.004829
v 0.001611 0.001028 0.004472
v 0.001868 0.000899 0.003589
v 0.001780 0.000478 0.002086
v 0.002219 0.000792 0.002216
v 0.005013 -0.011300 0.006610
v 0.004595 -0.011483 0.006941
v 0.002668 0.000453 0.001519
v -0.003412 0.000466 0.000334
v -0.011475 -0.006695 0.001152
v -0.002822 0.000101 -0.000263
v -0.005543 -0.018227 -0.004030
v -0.001423 -0.000223 -0.000899
v -0.001177 -0.000416 -0.000682
v -0.000949 -0.000553 -0.001037
v 0.001994 -0.000137 0.006704
v -0.004782 -0.003965 -0.008980
v -0.002002 -0.000045 -0.001868
v -0.001870 -0.000010 -0.001251
v -0.001752 0.000793 0.003495
v -0.001569 0.001154 0.004025
v -0.002172 0.000897 0.003716
v 0.002811 -0.000273 -0.000342
v 0.002398 -0.000580 -0.000513
v 0.002151 -0.000700 -0.000947
v 0.002146 -0.001064 -0.000527
v 0.005427 -0.007088 -0.009267
v 0.001731 -0.019287 0.001673
v 0.000468 -0.001075 -0.001600
v 0.000472 -0.001082 -0.001596
v 0.003251 0.000177 0.001434
v 0.003449 -0.000134 -0.000519
v 0.003701 -0.000088 -0.000915
v -0.011437 -0.007349 0.000288
v -0.010650 -0.007588 -0.002396
v -0.010813 -0.010162 -0.001715
v -0.011210 -0.010686 -0.000179
v 0.007465 -0.010144 0.002937
v 0.005628 -0.012714 0.004718
v -0.004896 -0.013752 -0.008242
v 0.000183 -0.001491 0.000519
v -0.004582 -0.007860 -0.010383
v -0.003127 0.000651 0.003179
v -0.000279 0.000002 -0.006215
v -0.002796 -0.000298 -0.005563
v -0.007621 -0.015661 0.004729
v -0.007025 -0.015480 0.005439
v -0.002177 0.000438 0.000047
v 0.000688 0.000455 -0.002795
v -0.004127 -0.002775 -0.008379
v -0.005289 -0.004639 0.009952
v -0.004492 -0.020097 0.003196
v -0.004109 -0.020027 0.003420
v -0.004612 -0.019912 0.003382
v -0.004178 -0.000481 -0.004218
v -0.003935 -0.002280 -0.007864
v -0.005260 -0.020148 -0.000543
v 0.001635 -0.001548 -0.000949
v 0.001779 -0.001181 -0.001271
v 0.001848 -0.001468 -0.000460
v 0.001812 -0.001496 -0.000610
v 0.001919 -0.001392 -0.000573
v 0.002068 -0.001116 -0.000810
v -0.001469 -0.001992 0.009690
v 0.001180 -0.019982 0.000275
v -0.005370 -0.020135 0.002101
v -0.005820 -0.018896 0.003609
v -0.005189 0.000170 -0.000173
v -0.004733 -0.000158 0.005710
v 0.001813 -0.001177 -0.001233
v -0.005619 -0.002291 0.007957
v -0.006667 -0.000863 0.004632
v -0.006126 -0.002688 0.007934
v 0.005227 -0.001889 0.004964
v -0.004236 -0.000069 -0.001663
v -0.003120 -0.000096 -0.000939
v -0.002482 0.000046 -0.001117
v -0.002286 -0.010545 0.009853
v 0.001706 -0.008795 0.009774
v -0.011531 -0.007492 0.001653
v 0.003196 -0.000182 -0.000122
v 0.007873 -0.009508 0.001917
v -0.000487 -0.020574 -0.002245
v 0.001127 -0.002774 0.009755
v 0.000483 -0.002256 0.009644
v 0.002347 0.000799 0.002839
v 0.000548 -0.002399 0.000769
v -0.004530 0.000195 -0.000845
v 0.004709 -0.007566 -0.009783
v 0.001320 0.000059 0.001990
v 0.002744 -0.006654 0.009718
v 0.000771 -0.001711 -0.000125
v -0.005666 -0.004641 0.009718
v -0.005192 -0.004229 0.009793
v -0.009075 -0.003377 0.005151
v -0.007179 -0.000954 0.003787
v 0.005565 -0.002494 0.005365
v 0.005344 -0.002068 0.005093
v -0.000303 0.001361 0.003686
v 0.000409 -0.006427 -0.011304
v -0.003921 -0.006138 -0.010484
v -0.005792 -0.010219 -0.009351
v -0.009849 -0.003914 -0.001866
v -0.001779 -0.006344 0.011072
v 0.001209 -0.002790 0.009729
v -0.010365 -0.007269 -0.002854
v -0.010650 -0.007588 -0.002396
v -0.006063 -0.009252 -0.009277
v -0.008488 -0.008264 -0.006241
v 0.004813 -0.011698 0.006603
v -0.000371 -0.019638 0.002981
v -0.005829 -0.006565 -0.009403
v -0.010039 -0.006950 -0.003287
v -0.009849 -0.003914 -0.001866
v -0.010240 -0.004184 -0.001250
v -0.009048 -0.003171 -0.002172
v -0.009122 -0.003261 -0.002193
v 0.001151 -0.019571 0.001762
v -0.002482 0.000046 -0.001117
v 0.007035 -0.004373 -0.000188
v -0.009348 -0.007443 0.007295
v -0.003845 -0.012793 -0.009492
v -0.000241 -0.020449 -0.002669
v 0.000056 -0.020184 -0.003103
v -0.002262 0.000130 -0.003935
v 0.003173 -0.000185 -0.000085
v -0.007987 -0.017317 -0.000438
v -0.005641 -0.007104 -0.009662
v -0.001216 -0.001400 -0.008019
v -0.000711 -0.000618 -0.001409
v -0.002138 -0.019991 -0.003789
v 0.002650 -0.006128 -0.010701
v 0.005254 -0.016215 -0.000980
v 0.005432 -0.015942 -0.001710
v 0.003334 -0.002615 -0.008536
v 0.000250 -0.004942 -0.010892
v 0.003023 -0.000370 -0.005614
v -0.010039 -0.006950 -0.003287
v -0.010365 -0.007269 -0.002854
v -0.002895 0.000595 0.001170
v -0.007262 -0.018453 0.000917
v -0.005151 -0.020345 0.001761
v -0.005195 -0.020322 0.001182
v -0.002275 0.000602 0.001021
v -0.004547 0.000346 -0.000358
v -0.005160 -0.020354 0.000128
v -0.007477 -0.018179 0.001250
v -0.006532 -0.018637 0.003073
v -0.008054 -0.001761 -0.001420
v -0.008311 -0.001853 -0.001015
v -0.005189 0.000170 -0.000173
v -0.004678 0.000306 -0.000430
v -0.004530 0.000195 -0.000845
v -0.001177 -0.000416 -0.000682
v -0.004918 -0.020391 -0.000250
v 0.001220 -0.001807 -0.000295
v 0.000793 -0.001444 -0.001279
v 0.008096 -0.009347 -0.003427
v -0.007262 -0.018453 0.000917
v 0.005967 -0.008176 0.006812
v -0.004277 -0.020339 0.002864
v -0.002339 0.000168 -0.000518
v -0.001742 0.000001 -0.000628
v -0.005151 -0.020345 0.001761
v -0.003519 -0.001949 -0.007698
vt 0.423530 0.914050
vt 0.416040 0.906780
vt 0.361210 0.907600
vt 0.264990 0.972290
vt 0.415010 0.969420
vt 0.633770 0.961390
vt 0.695180 0.928320
vt 0.682710 0.928000
vt 0.647750 0.923520
vt 0.642490 0.924470
vt 0.729240 0.917170
vt 0.729880 0.919300
vt 0.701170 0.906910
vt 0.167880 0.558760
vt 0.218420 0.573120
vt 0.209500 0.613090
vt 0.830860 0.915180
vt 0.810490 0.906390
vt 0.869440 0.909100
vt 0.315720 0.909280
vt 0.310590 0.911520
vt 0.340500 0.908680
vt 0.352060 0.899630
vt 0.319130 0.903210
vt 0.475710 0.926380
vt 0.461360 0.926010
vt 0.472520 0.914380
vt 0.758760 0.430220
vt 0.738940 0.534840
vt 0.732830 0.536230
vt 0.703050 0.441530
vt 0.705850 0.357410
vt 0.713010 0.355740
vt 0.383910 0.903970
vt 0.370330 0.907470
vt 0.648530 0.589380
vt 0.650040 0.510770
vt 0.686530 0.573360
vt 0.928690 0.929890
vt 0.865020 0.924140
vt 0.279810 0.878520
vt 0.249410 0.869720
vt 0.257850 0.870360
vt 0.522770 0.918920
vt 0.499930 0.917490
vt 0.480930 0.918920
vt 0.815570 0.610580
vt 0.794560 0.651550
vt 0.768510 0.619030
vt 0.785940 0.097960
vt 0.792300 0.091620
vt 0.811370 0.097400
vt 0.231110 0.872430
vt 0.256840 0.895660
vt 0.390000 0.915940
vt 0.371470 0.902880
vt 0.430640 0.924120
vt 0.810310 0.926260
vt 0.855650 0.924480
vt 0.857630 0.922610
vt 0.259910 0.900210
vt 0.269920 0.910480
vt 0.236890 0.900960
vt 0.385510 0.917890
vt 0.369100 0.928080
vt 0.357700 0.903810
vt 0.334060 0.912780
vt 0.045490 0.589850
vt 0.062670 0.564170
vt 0.056830 0.603560
vt 0.294050 0.574580
vt 0.287160 0.573610
vt 0.288110 0.561670
vt 0.613790 0.682770
vt 0.596310 0.648350
vt 0.604400 0.643130
vt 0.242600 0.414240
vt 0.269490 0.546550
vt 0.233640 0.526270
vt 0.413440 0.628710
vt 0.364100 0.617470
vt 0.410690 0.561560
vt 0.347200 0.888680
vt 0.366910 0.873050
vt 0.373380 0.890220
vt 0.388760 0.536790
vt 0.071280 0.655900
vt 0.085490 0.557040
vt 0.116870 0.595430
vt 0.104070 0.396410
vt 0.083500 0.417480
vt 0.075680 0.414230
vt 0.115680 0.675620
vt 0.127660 0.599850
vt 0.897200 0.913100
vt 0.927530 0.914450
vt 0.216090 0.612730
vt 0.216260 0.612160
vt 0.253620 0.621390
vt 0.931750 0.452950
vt 0.854770 0.412070
vt 0.987860 0.395660
vt 0.432340 0.367090
vt 0.395270 0.393310
vt 0.348530 0.109860
vt 0.601610 0.770400
vt 0.593300 0.778390
vt 0.613450 0.740510
vt 0.800380 0.921710
vt 0.728040 0.928130
vt 0.764390 0.923680
vt 0.651020 0.778230
vt 0.688330 0.717190
vt 0.684580 0.815650
vt 0.983530 0.632960
vt 0.983710 0.636780
vt 0.976730 0.661900
vt 0.300850 0.937470
vt 0.298330 0.932070
vt 0.314900 0.939770
vt 0.102480 0.535430
vt 0.110500 0.538470
vt 0.048730 0.686560
vt 0.040710 0.694110
vt 0.021610 0.661900
vt 0.746900 0.901310
vt 0.778850 0.873460
vt 0.784620 0.912090
vt 0.493690 0.143050
vt 0.440160 0.365000
vt 0.295280 0.511230
vt 0.036680 0.872100
vt 0.054520 0.864940
vt 0.064240 0.879170
vt 0.564170 0.793560
vt 0.540490 0.709490
vt 0.717740 0.906070
vt 0.726180 0.907950
vt 0.823260 0.582870
vt 0.846160 0.602850
vt 0.842380 0.625480
vt 0.634010 0.603600
vt 0.643410 0.513230
vt 0.564540 0.063930
vt 0.606730 0.090120
vt 0.566490 0.096930
vt 0.613340 0.525710
vt 0.306060 0.920500
vt 0.293320 0.917860
vt 0.309440 0.923390
vt 0.117830 0.044820
vt 0.060810 0.047320
vt 0.028650 0.041950
vt 0.182890 0.413740
vt 0.166860 0.479410
vt 0.130100 0.391790
vt 0.455010 0.903850
vt 0.452150 0.915340
vt 0.306980 0.822940
vt 0.292390 0.849490
vt 0.273250 0.797880
vt 0.312670 0.940670
vt 0.289470 0.950920
vt 0.304210 0.928020
vt 0.303970 0.927980
vt 0.299590 0.860340
vt 0.320380 0.861990
vt 0.335580 0.908700
vt 0.549720 0.872340
vt 0.534570 0.880240
vt 0.531270 0.876190
vt 0.517240 0.886900
vt 0.896840 0.896870
vt 0.866430 0.875450
vt 0.857500 0.829440
vt 0.280340 0.900900
vt 0.330910 0.897610
vt 0.455230 0.898550
vt 0.477950 0.899670
vt 0.180310 0.483860
vt 0.196110 0.417760
vt 0.504060 0.903110
vt 0.413700 0.683880
vt 0.354430 0.668070
vt 0.072260 0.252510
vt 0.043350 0.370560
vt 0.017810 0.169240
vt 0.332960 0.897610
vt 0.359970 0.903150
vt 0.450150 0.915700
vt 0.752830 0.783020
vt 0.763570 0.725140
vt 0.797550 0.731310
vt 0.655900 0.428200
vt 0.498330 0.586090
vt 0.448500 0.624350
vt 0.444520 0.555490
vt 0.754720 0.960140
vt 0.734820 0.944450
vt 0.840370 0.936050
vt 0.862890 0.959890
vt 0.522140 0.926230
vt 0.474520 0.914530
vt 0.727430 0.928990
vt 0.603030 0.107940
vt 0.349310 0.941750
vt 0.416560 0.954590
vt 0.342100 0.951290
vt 0.415590 0.967260
vt 0.327410 0.602860
vt 0.325020 0.651500
vt 0.301330 0.630620
vt 0.552300 0.799200
vt 0.482240 0.790520
vt 0.818750 0.326990
vt 0.827480 0.342610
vt 0.814460 0.370980
vt 0.299020 0.929990
vt 0.290050 0.925410
vt 0.295240 0.909630
vt 0.312010 0.903770
vt 0.308590 0.904750
vt 0.301110 0.908930
vt 0.472970 0.390410
vt 0.534750 0.289700
vt 0.497100 0.419220
vt 0.557070 0.366190
vt 0.543710 0.907460
vt 0.560800 0.902920
vt 0.565670 0.915820
vt 0.677860 0.129530
vt 0.705940 0.115020
vt 0.721330 0.121410
vt 0.664970 0.695580
vt 0.686040 0.670390
vt 0.333430 0.959750
vt 0.347810 0.900810
vt 0.609150 0.723210
vt 0.559710 0.103880
vt 0.499150 0.114790
vt 0.465810 0.088620
vt 0.835560 0.934790
vt 0.779160 0.936150
vt 0.284360 0.919010
vt 0.251360 0.925880
vt 0.278150 0.915800
vt 0.750620 0.710870
vt 0.579400 0.877590
vt 0.552070 0.819990
vt 0.604530 0.774050
vt 0.106070 0.897820
vt 0.125320 0.907450
vt 0.109570 0.918600
vt 0.435550 0.653720
vt 0.428400 0.654130
vt 0.427950 0.640610
vt 0.057210 0.520430
vt 0.547580 0.917310
vt 0.514310 0.917020
vt 0.074220 0.484340
vt 0.073170 0.496980
vt 0.072600 0.497660
vt 0.085690 0.529500
vt 0.272690 0.607620
vt 0.275400 0.632390
vt 0.266170 0.631340
vt 0.179140 0.855680
vt 0.196270 0.856010
vt 0.194330 0.869230
vt 0.665000 0.680860
vt 0.664500 0.650150
vt 0.897760 0.131220
vt 0.997590 0.058720
vt 0.992810 0.151540
vt 0.168140 0.839630
vt 0.175000 0.868890
vt 0.617110 0.697290
vt 0.664940 0.698590
vt 0.061010 0.825700
vt 0.234090 0.819880
vt 0.337010 0.748960
vt 0.331920 0.739190
vt 0.944680 0.039510
vt 0.435000 0.046680
vt 0.712580 0.662150
vt 0.733230 0.612510
vt 0.088390 0.296780
vt 0.149920 0.267350
vt 0.901010 0.809320
vt 0.970880 0.816190
vt 0.869990 0.833670
vt 0.051240 0.836000
vt 0.071200 0.842550
vt 0.091360 0.885610
vt 0.119990 0.886390
vt 0.149990 0.914010
vt 0.068730 0.916250
vt 0.054570 0.902500
vt 0.074840 0.894490
vt 0.085230 0.542990
vt 0.476490 0.913100
vt 0.445160 0.908120
vt 0.014640 0.932010
vt 0.002740 0.912910
vt 0.043370 0.922990
vt 0.179520 0.496850
vt 0.211240 0.493590
vt 0.698190 0.869010
vt 0.655130 0.838030
vt 0.901810 0.900420
vt 0.634220 0.610580
vt 0.042460 0.058720
vt -0.015840 0.052430
vt 0.386120 0.064340
vt 0.438540 0.058160
vt 0.466180 0.070150
vt 0.384940 0.090700
vt 0.705900 0.109090
vt 0.706220 0.100500
vt 0.216920 0.599060
vt 0.800190 0.108230
vt 0.790120 0.122880
vt 0.307850 0.920600
vt 0.254850 0.382690
vt 0.256600 0.087510
vt 0.311180 0.110210
vt 0.032810 0.826610
vt 0.019230 0.830730
vt 0.015760 0.816190
vt 0.212740 0.885520
vt 0.750610 0.906840
vt 0.295440 0.932050
vt 0.621020 0.939510
vt 0.635050 0.929730
vt 0.663900 0.944460
vt 0.382580 0.912210
vt 0.196760 0.402710
vt 0.438300 0.770470
vt 0.437370 0.712080
vt 0.481810 0.727680
vt 0.294240 0.579000
vt 0.289790 0.634100
vt 0.504240 0.692900
vt 0.533110 0.681170
vt 0.803950 0.533910
vt 0.772290 0.541860
vt 0.791820 0.490540
vt 0.197130 0.845870
vt 0.356480 0.578960
vt 0.213330 0.869790
vt 0.212940 0.857310
vt 0.682780 0.158740
vt 0.787690 0.374130
vt 0.382150 0.903240
vt 0.828180 0.829540
vt 0.809990 0.832250
vt 0.233770 0.886000
vt 0.732110 0.602950
vt 0.684410 0.640860
vt 0.242490 0.793640
vt 0.288890 0.672010
vt 0.281600 0.792190
vt 0.330960 0.868520
vt 0.331050 0.852920
vt 0.399030 0.884850
vt 0.417080 0.887250
vt 0.412420 0.900340
vt 0.324210 0.897540
vt 0.343780 0.895820
vt 0.308590 0.912380
vt 0.421050 0.941270
vt 0.474250 0.944440
vt 0.543660 0.940650
vt 0.582590 0.929830
vt 0.590600 0.955620
vt 0.591500 0.923220
vt 0.731220 0.925620
vt 0.694400 0.930720
vt 0.605060 0.316870
vt 0.691720 0.360770
vt 0.972930 0.169240
vt 0.831710 0.371110
vt 0.998470 0.370560
vt 0.372940 0.053980
vt 0.440730 0.909990
vt 0.467330 0.058230
vt 0.211190 0.917240
vt 0.242240 0.914400
vt 0.297100 0.911500
vt 0.585410 0.175570
vt 0.622730 0.136040
vt 1.220110 0.972290
vt 0.348290 0.903650
vt 0.361570 0.897150
vt 0.594860 0.548260
vt 0.625820 0.629970
vt 0.777300 0.414850
vt 0.800450 0.490300
vt 0.820480 0.412350
vt 0.821320 0.425580
vt 0.672440 0.463680
vt 0.662540 0.426140
vt 0.631700 0.900840
vt 0.593080 0.886160
vt 0.649230 0.863950
vt 0.318760 0.840430
vt 0.336670 0.846540
vt 0.353430 0.866420
vt 0.379730 0.902910
vt 0.392000 0.896830
vt 0.423000 0.439220
vt 0.414940 0.430160
vt 0.433690 0.900510
vt 0.091920 0.865220
vt 0.080150 0.500310
vt 0.068210 0.885170
vt 0.856400 0.147270
vt 0.969760 0.932010
vt 0.982140 0.942930
vt 0.933440 0.945910
vt 0.338240 0.774760
vt 0.848140 0.632100
vt 0.928040 0.898640
vt 0.957860 0.912910
vt 0.225930 0.852090
vt 0.237300 0.845120
vt 0.217390 0.840990
vt 0.537820 0.908680
vt 0.550280 0.917030
vt 0.584030 0.920800
vt 0.553780 0.918020
vt 0.687350 0.585560
vt 0.502750 0.145650
vt 0.734040 0.943500
vt 0.733290 0.943570
vt 0.454690 0.885510
vt 0.546390 0.892110
vt 0.563370 0.884920
vt 0.067220 0.481750
vt 0.024910 0.481670
vt 0.032740 0.395660
vt 0.057740 0.377260
vt 0.492200 0.497510
vt 0.457550 0.395470
vt 0.825300 0.326780
vt 0.334640 0.959180
vt 0.827380 0.517050
vt 0.184870 0.832020
vt 0.793560 0.813040
vt 0.858120 0.796330
vt 0.173020 0.213500
vt 0.193540 0.221310
vt 0.089270 0.907800
vt 0.758490 0.917040
vt 0.846400 0.676160
vt 0.236440 0.576900
vt 0.242820 0.072360
vt 0.264300 0.075810
vt 0.239560 0.079340
vt 0.906420 0.792470
vt 0.848880 0.697510
vt 0.939280 0.052430
vt 0.596310 0.924810
vt 0.616630 0.920820
vt 0.551340 0.922340
vt 0.564230 0.922600
vt 0.559800 0.920600
vt 0.575610 0.918360
vt 0.281470 0.671350
vt 0.547060 0.122570
vt 0.166520 0.061790
vt 0.196180 0.109830
vt 0.068160 0.808180
vt 0.198530 0.741790
vt 0.612820 0.920490
vt 0.213600 0.651760
vt 0.159830 0.709600
vt 0.207790 0.636810
vt 0.420190 0.751030
vt 0.974350 0.830730
vt 0.991800 0.872100
vt 0.977260 0.893860
vt 0.292140 0.419910
vt 0.346970 0.497590
vt 0.087070 0.475410
vt 0.526450 0.898110
vt 0.508910 0.522620
vt 0.655260 0.103660
vt 0.322210 0.663460
vt 0.311390 0.675030
vt 0.382150 0.879820
vt 0.391590 0.935070
vt 0.047630 0.828650
vt 0.698430 0.569380
vt 0.363750 0.906990
vt 0.355680 0.566040
vt 0.505400 0.960250
vt 0.230450 0.575660
vt 0.235910 0.589350
vt 0.147420 0.606590
vt 0.141800 0.707220
vt 0.421110 0.727280
vt 0.420560 0.743650
vt 0.272700 0.868890
vt 0.762180 0.580470
vt 0.822690 0.569320
vt 0.842400 0.439240
vt 0.035210 0.603140
vt 0.290000 0.546310
vt 0.323510 0.663650
vt 0.972370 0.494250
vt 0.980030 0.481670
vt 0.848960 0.466710
vt 0.908820 0.477600
vt 0.421840 0.424460
vt 0.431210 0.105380
vt 0.852120 0.547930
vt 0.964750 0.507330
vt 0.990330 0.603140
vt 1.000610 0.589850
vt 0.028590 0.636780
vt 0.028400 0.632960
vt 0.496100 0.128570
vt 0.022140 0.893860
vt 0.539510 0.706220
vt 0.174190 0.481990
vt 0.807010 0.372070
vt 0.660470 0.116430
vt 0.664270 0.131380
vt 0.872930 0.848360
vt 0.524410 0.898630
vt 0.037680 0.151540
vt 0.846710 0.533070
vt 0.803260 0.741370
vt 0.882650 0.943430
vt 0.738060 0.117520
vt 0.731690 0.599120
vt 0.564880 0.285420
vt 0.577700 0.298940
vt 0.718710 0.712020
vt 0.767330 0.621590
vt 0.705250 0.814730
vt 0.009630 0.507330
vt 0.017250 0.494250
vt 0.131540 0.873710
vt 1.035140 0.114150
vt 1.113660 0.050620
vt 1.072950 0.044820
vt 0.138510 0.894300
vt 0.063310 0.830180
vt 0.983770 0.041950
vt 0.090650 0.124390
vt 0.163350 0.115680
vt 0.995840 0.694110
vt 1.003850 0.686560
vt 1.023280 0.808180
vt 1.016130 0.825700
vt 1.002750 0.828650
vt 0.027020 0.942930
vt -0.010450 0.039510
vt 0.538470 0.941450
vt 0.675780 0.945050
vt 0.593370 0.534660
vt 0.080020 0.114150
vt 0.423340 0.545480
vt 0.249280 0.060950
vt 1.009690 0.902500
vt 0.998490 0.922990
vt 0.158540 0.050620
vt 0.844510 0.712770
vn -0.6001 0.2746 -0.7513
vn 0.7112 0.5561 0.4300
vn -0.4040 0.2555 0.8784
vn -0.3985 0.3579 0.8445
vn 0.1047 0.5441 0.8324
vn -0.6412 0.3439 0.6860
vn 0.0792 0.8107 0.5801
vn 0.0791 0.8107 0.5801
vn 0.1146 0.2223 -0.9682
vn 0.1150 0.2197 -0.9688
vn 0.1149 0.2197 -0.9688
vn 0.0207 0.0646 -0.9977
vn 0.0206 0.0646 -0.9977
vn -0.5854 0.8107 0.0060
vn 0.2894 -0.2138 -0.9330
vn 0.2920 -0.2162 -0.9317
vn 0.2894 -0.2139 -0.9330
vn 0.3386 -0.3467 -0.8747
vn -0.4584 0.7363 -0.4977
vn 0.7821 -0.0601 -0.6202
vn 0.3284 0.8231 0.4633
vn -0.0426 0.8374 -0.5450
vn -0.9079 0.3655 -0.2051
vn -0.0921 0.5537 -0.8276
vn -0.0921 0.5538 -0.8276
vn -0.3283 -0.7859 -0.5241
vn -0.3632 0.7600 -0.5390
vn -0.7198 0.6334 -0.2840
vn -0.7198 0.6334 -0.2841
vn -0.7227 0.6310 -0.2822
vn 0.2293 0.6722 0.7040
vn 0.3265 0.6163 0.7167
vn 0.3265 0.6163 0.7166
vn 0.1567 0.8445 -0.5121
vn -0.2933 0.9508 -0.0993
vn -0.4250 0.9033 -0.0586
vn -0.8213 0.5474 -0.1607
vn 0.0247 -0.1239 0.9920
vn 0.9697 0.2400 -0.0463
vn -0.3540 -0.3179 0.8796
vn 0.6565 -0.0943 0.7484
vn -0.1348 0.9773 0.1635
vn 0.6354 -0.1255 0.7619
vn -0.7560 0.6429 0.1231
vn -0.9617 -0.2743 0.0003
vn -0.9619 -0.2734 0.0008
vn -0.7086 0.6631 0.2413
vn 0.2744 0.8615 0.4273
vn 0.2744 0.8615 0.4272
vn -0.5342 0.1335 0.8347
vn -0.8243 -0.0381 -0.5648
vn 0.3673 -0.7486 0.5519
vn 0.9402 0.2566 0.2239
vn 0.9402 0.2566 0.2240
vn 0.0139 0.3568 0.9341
vn 0.6074 0.7458 -0.2736
vn -0.6525 0.7228 -0.2277
vn 0.7842 -0.2447 0.5702
vn -0.8496 0.4435 0.2855
vn -0.6565 0.7272 -0.2006
vn -0.6614 0.7231 -0.1991
vn -0.3442 0.9167 0.2031
vn 0.5124 -0.7301 0.4520
vn -0.2348 -0.3975 0.8871
vn -0.1078 0.9938 0.0271
vn 0.7523 0.5008 0.4280
vn 0.1562 0.8040 0.5738
vn -0.3732 0.5511 -0.7463
vn 0.9335 -0.1028 -0.3436
vn 0.0529 -0.9944 -0.0915
vn 0.9233 -0.0878 -0.3740
vn 0.7756 -0.5732 0.2645
vn -0.4238 -0.8930 -0.1513
vn -0.4245 -0.8927 -0.1510
vn -0.8580 -0.2549 0.4459
vn -0.3847 0.8528 -0.3532
vn 0.1012 0.8804 0.4633
vn 0.9727 0.1197 -0.1990
vn 0.9431 0.2712 -0.1924
vn 0.9431 0.2711 -0.1924
vn 0.2228 0.9549 -0.1961
vn -0.1311 0.4311 -0.8927
vn 0.5005 0.8368 0.2222
vn 0.5005 0.8368 0.2221
vn 0.4914 0.8384 0.2358
vn 0.4913 0.8384 0.2358
vn -0.2329 0.9495 0.2101
vn -0.1490 0.9264 0.3458
vn 0.1727 0.9188 -0.3549
vn -0.1479 0.9521 -0.2676
vn -0.6784 -0.2158 0.7023
vn -0.3330 0.9263 -0.1764
vn -0.3345 0.9253 -0.1788
vn 0.6789 0.1269 0.7232
vn -0.8886 -0.3173 -0.3312
vn -0.8886 -0.3172 -0.3312
vn -0.4117 0.5480 -0.7282
vn -0.8530 0.3406 -0.3955
vn 0.0638 0.8773 -0.4757
vn 0.7713 -0.3214 -0.5493
vn 0.9284 -0.1839 0.3230
vn 0.9291 -0.1755 0.3255
vn 0.9286 -0.1819 0.3233
vn 0.4560 0.8163 0.3545
vn 0.3945 0.8127 0.4288
vn -0.7652 0.6022 0.2275
vn -0.1338 0.2702 0.9535
vn 0.1826 -0.9692 -0.1650
vn 0.6497 0.0875 0.7551
vn 0.6509 0.2748 0.7077
vn 0.2976 0.0649 0.9525
vn 0.2977 0.0649 0.9525
vn 0.8747 0.4818 0.0519
vn -0.4165 -0.3364 -0.8446
vn 0.7319 0.6744 -0.0971
vn 0.4417 0.1737 -0.8802
vn 0.4466 0.1736 -0.8777
vn 0.4418 0.1737 -0.8802
vn 0.7591 -0.6104 0.2262
vn 0.7591 -0.6104 0.2263
vn 0.8250 -0.5522 0.1201
vn -0.2821 0.8848 0.3708
vn -0.2796 0.8865 0.3687
vn 0.1197 -0.6467 -0.7533
vn 0.1209 -0.6441 -0.7554
vn 0.3489 0.8049 0.4800
vn 0.3542 0.8108 0.4659
vn 0.3543 0.8108 0.4659
vn 0.6415 0.6221 -0.4489
vn 0.6409 0.6195 -0.4534
vn 0.9646 0.2176 0.1490
vn 0.1065 0.7149 -0.6911
vn 0.9283 0.3325 0.1661
vn 0.9284 0.3325 0.1661
vn 0.4126 -0.9043 0.1095
vn 0.4113 -0.9051 0.1081
vn 0.4073 -0.9066 0.1106
vn 0.2947 0.6850 0.6663
vn 0.2946 0.6850 0.6663
vn 0.6556 0.6268 -0.4211
vn 0.2423 0.8282 -0.5054
vn 0.2941 0.6554 0.6957
vn 0.7276 0.6309 0.2694
vn 0.1329 0.9783 -0.1592
vn 0.8680 0.0599 0.4929
vn 0.8678 0.0603 0.4932
vn -0.8703 0.3670 -0.3286
vn -0.8495 0.5276 -0.0074
vn -0.8467 0.5320 -0.0077
vn -0.8272 0.1314 -0.5463
vn -0.9619 0.2490 -0.1133
vn -0.2106 0.2847 0.9352
vn 0.4311 0.8826 0.1878
vn 0.7415 0.4300 -0.5151
vn -0.7584 -0.5846 -0.2882
vn 0.2010 0.9739 0.1054
vn 0.2009 0.9739 0.1054
vn 0.7917 0.5944 -0.1409
vn 0.7929 0.5929 -0.1410
vn 0.8550 -0.3156 -0.4115
vn 0.6108 0.3987 0.6841
vn -0.0943 -0.9431 -0.3189
vn 0.2796 0.6089 -0.7424
vn 0.2796 0.6088 -0.7424
vn -0.9005 -0.3601 0.2436
vn -0.2433 0.9696 0.0266
vn -0.2433 0.9696 0.0267
vn 0.3938 0.8965 -0.2031
vn 0.3939 0.8965 -0.2031
vn -0.1970 0.9732 -0.1188
vn 0.3774 0.9260 0.0070
vn 0.0291 0.9931 -0.1133
vn -0.9460 0.2983 0.1269
vn -0.9460 0.2982 0.1269
vn -0.9677 0.1758 -0.1807
vn -0.9628 0.2380 -0.1283
vn 0.5439 0.8382 0.0403
vn 0.5440 0.8381 0.0403
vn 0.7456 0.6598 -0.0936
vn -0.5837 0.2091 0.7846
vn 0.4644 0.8763 -0.1278
vn 0.0190 0.9993 -0.0325
vn 0.8876 0.2070 -0.4115
vn -0.5878 -0.7450 -0.3154
vn 0.2454 -0.9028 0.3531
vn 0.2305 -0.8952 0.3814
vn -0.1807 -0.7682 -0.6142
vn -0.1816 -0.7721 -0.6090
vn -0.1807 -0.7682 -0.6141
vn -0.2259 -0.8510 -0.4742
vn -0.2259 -0.8509 -0.4742
vn -0.4379 0.3707 0.8190
vn -0.1955 -0.6373 -0.7454
vn 0.9106 -0.1446 -0.3872
vn -0.1782 -0.6688 0.7218
vn -0.0131 0.9972 -0.0732
vn 0.1804 0.8117 0.5556
vn 0.0033 0.9017 0.4324
vn 0.9142 0.2560 0.3141
vn -0.1357 0.8427 -0.5211
vn -0.3349 0.7398 -0.5836
vn 0.7509 0.3018 0.5875
vn 0.7508 0.3018 0.5875
vn 0.1965 0.8064 0.5578
vn 0.0075 0.9999 0.0107
vn 0.0076 0.9999 0.0107
vn -0.5077 0.7945 -0.3332
vn 0.1940 0.7699 0.6079
vn -0.4902 -0.5499 0.6762
vn -0.4906 -0.5532 0.6733
vn 0.5545 0.1836 -0.8117
vn 0.5544 0.1865 -0.8111
vn 0.8337 0.4790 0.2748
vn 0.0326 0.1020 0.9943
vn 0.0120 0.1519 0.9883
vn 0.0119 0.1519 0.9883
vn 0.9698 0.2344 -0.0678
vn 0.9697 0.2345 -0.0678
vn -0.1247 0.1657 -0.9783
vn 0.5737 0.8168 -0.0613
vn 0.4556 -0.0214 0.8899
vn -0.0775 0.9586 -0.2740
vn 0.0567 -0.5026 -0.8627
vn -0.5672 0.7700 -0.2922
vn -0.2539 0.9671 0.0166
vn -0.0520 0.9983 0.0254
vn -0.2753 0.9532 -0.1249
vn 0.5235 0.3649 -0.7700
vn 0.5235 0.3649 -0.7699
vn 0.5277 0.3602 -0.7692
vn -0.0774 0.9226 0.3779
vn -0.0611 0.9287 0.3659
vn 0.1278 0.6159 0.7774
vn 0.1277 0.6159 0.7774
vn 0.4937 0.8680 -0.0539
vn 0.3757 0.9267 0.0024
vn 0.9267 0.0620 -0.3706
vn 0.5625 -0.1379 -0.8152
vn 0.5633 -0.1379 -0.8146
vn 0.5624 -0.1379 -0.8153
vn 0.6419 -0.6975 0.3186
vn 0.6419 -0.6975 0.3187
vn 0.9770 -0.1865 -0.1036
vn 0.8247 -0.4487 -0.3443
vn 0.8144 -0.5800 0.0201
vn 0.1890 0.9818 0.0205
vn 0.5919 0.4674 -0.6567
vn 0.0338 0.4739 -0.8800
vn 0.0338 0.4738 -0.8800
vn -0.3894 0.7575 -0.5239
vn -0.3894 0.7575 -0.5240
vn 0.9034 0.0076 -0.4287
vn 0.5102 -0.4631 -0.7247
vn 0.7870 -0.5102 -0.3470
vn 0.3165 0.6858 -0.6553
vn 0.8921 0.3239 -0.3151
vn 0.3350 0.9422 -0.0109
vn 0.9675 0.1356 0.2133
vn 0.4944 -0.6650 0.5598
vn 0.3843 0.1179 0.9157
vn 0.3842 0.1179 0.9157
vn 0.4571 0.7188 -0.5238
vn 0.4371 0.6075 0.6633
vn 0.9156 0.3884 -0.1043
vn 0.2762 0.7820 0.5588
vn 0.2761 0.7820 0.5588
vn -0.6111 0.2575 0.7485
vn -0.7222 0.6502 0.2358
vn -0.8696 0.2443 -0.4291
vn -0.5517 0.3063 0.7758
vn -0.2199 0.9671 0.1280
vn 0.5488 -0.5873 -0.5949
vn 0.5499 -0.5863 -0.5949
vn 0.5486 -0.5907 -0.5917
vn 0.3664 0.8936 -0.2592
vn -0.8024 -0.2094 -0.5588
vn -0.7722 -0.2158 -0.5976
vn -0.0585 -0.9958 0.0706
vn -0.0585 -0.9958 0.0707
vn -0.7959 0.5576 -0.2358
vn -0.8484 0.5278 0.0405
vn -0.9804 0.1875 0.0602
vn 0.0033 -0.9997 -0.0257
vn 0.4967 0.8662 0.0546
vn 0.2757 0.9551 -0.1084
vn 0.2757 0.9551 -0.1083
vn 0.5328 0.7842 -0.3182
vn 0.4925 0.7063 -0.5085
vn -0.1339 0.7262 -0.6744
vn 0.6019 -0.6684 -0.4369
vn -0.1059 0.7822 -0.6140
vn -0.1060 0.7822 -0.6140
vn 0.3852 0.8891 0.2472
vn 0.1735 0.8019 -0.5717
vn -0.0920 0.8195 -0.5657
vn 0.9876 0.0002 -0.1570
vn 0.9883 0.0027 -0.1525
vn -0.2420 -0.1473 -0.9590
vn -0.1964 -0.1434 -0.9700
vn -0.1963 -0.1434 -0.9700
vn -0.6981 0.5243 -0.4876
vn -0.6981 0.5243 -0.4875
vn 0.4811 -0.3779 -0.7911
vn 0.4783 -0.3820 -0.7907
vn 0.4405 0.8762 0.1955
vn 0.4405 0.8762 0.1954
vn 0.3083 0.9131 0.2668
vn 0.5337 0.8274 0.1748
vn -0.4403 0.8793 -0.1816
vn 0.6332 -0.4179 0.6515
vn 0.0849 0.8925 -0.4431
vn 0.6541 -0.6922 0.3050
vn 0.4645 0.5170 0.7190
vn -0.2722 0.2572 0.9272
vn 0.0273 0.9048 -0.4250
vn -0.7090 0.6907 -0.1424
vn -0.1704 0.9132 -0.3701
vn 0.2950 0.9302 0.2185
vn -0.3760 -0.4609 -0.8039
vn -0.3712 -0.4630 -0.8049
vn 0.1778 0.1768 0.9681
vn 0.6183 0.7571 0.2110
vn 0.3043 0.7011 0.6449
vn 0.3223 -0.5436 -0.7750
vn -0.1780 -0.9831 0.0433
vn -0.5263 0.6164 -0.5857
vn 0.0823 -0.0899 -0.9925
vn 0.0824 -0.0899 -0.9925
vn 0.0205 0.9925 0.1201
vn -0.3285 0.8993 -0.2886
vn -0.3294 0.8992 -0.2881
vn -0.1121 0.8423 -0.5272
vn 0.9761 -0.1068 0.1893
vn 0.9761 -0.1067 0.1893
vn -0.4327 0.1219 0.8933
vn -0.4327 0.1219 0.8932
vn -0.0043 0.9982 0.0605
vn -0.4724 0.8733 0.1192
vn -0.5220 0.8526 0.0240
vn -0.8453 0.3769 0.3786
vn 0.7974 0.1731 -0.5781
vn 0.7974 0.1731 -0.5782
vn 0.5342 -0.1334 -0.8347
vn 0.5342 -0.1334 -0.8348
vn 0.3530 0.8749 0.3317
vn 0.3528 0.8757 0.3296
vn 0.3530 0.8748 0.3317
vn 0.6688 -0.7427 0.0324
vn 0.6688 -0.7427 0.0323
vn 0.6711 -0.7408 0.0278
vn -0.6261 0.5883 -0.5118
vn -0.6220 0.5905 -0.5143
vn 0.8081 -0.1431 0.5713
vn 0.8076 -0.1434 0.5720
vn 0.4041 0.5562 0.7261
vn 0.8747 -0.4246 -0.2338
vn 0.3258 0.9454 0.0024
vn 0.2866 0.9580 -0.0078
vn 0.2457 0.9691 -0.0201
vn 0.3845 0.7891 0.4789
vn 0.2457 0.8806 0.4052
vn 0.2456 0.8806 0.4052
vn -0.0693 0.5253 0.8481
vn -0.9447 0.1502 -0.2915
vn -0.9518 0.0124 -0.3065
vn 0.8227 -0.4297 0.3723
vn 0.8226 -0.4297 0.3723
vn -0.5099 -0.5751 -0.6397
vn -0.8014 0.5380 -0.2615
vn -0.7998 0.5395 -0.2632
vn 0.1152 0.2172 -0.9693
vn 0.1233 0.4254 -0.8966
vn 0.0116 0.2607 0.9654
vn -0.6836 -0.3030 -0.6640
vn 0.2072 -0.9719 0.1114
vn 0.8044 0.2527 0.5377
vn 0.8044 0.2527 0.5376
vn -0.3841 0.0684 -0.9208
vn -0.3841 0.0684 -0.9207
vn -0.3294 0.1475 -0.9326
vn -0.1973 0.9137 0.3552
vn -0.1960 0.9145 0.3538
vn 0.2292 0.9732 0.0169
vn 0.2291 0.9733 0.0169
vn 0.1768 0.9841 -0.0183
vn -0.1850 0.8893 -0.4182
vn -0.6733 -0.4953 0.5490
vn -0.6738 -0.4967 0.5471
vn -0.1099 0.9584 -0.2635
vn -0.1106 0.9573 -0.2672
vn -0.1098 0.9584 -0.2635
vn -0.2217 0.5468 0.8074
vn -0.2222 0.5466 0.8074
vn -0.2227 0.5464 0.8074
vn -0.1776 0.7777 -0.6030
vn -0.3771 -0.0225 0.9259
vn 0.9993 -0.0031 -0.0384
vn -0.2743 -0.8391 0.4697
vn -0.2699 -0.8167 0.5101
vn -0.2699 -0.8166 0.5101
vn -0.4069 0.8859 -0.2228
vn -0.4947 0.8228 -0.2796
vn -0.5528 -0.6996 -0.4528
vn 0.1936 0.9807 -0.0268
vn -0.1911 0.9243 0.3305
vn -0.2039 0.8256 0.5261
vn -0.0625 0.7139 0.6974
vn -0.3784 0.7769 0.5033
vn -0.6028 0.3861 0.6983
vn -0.4264 0.9004 0.0867
vn -0.2263 0.9383 0.2614
vn -0.5656 0.7762 0.2785
vn -0.5034 0.8168 0.2819
vn -0.6694 0.7296 0.1396
vn -0.7764 0.6290 -0.0402
vn -0.8006 0.5642 0.2018
vn -0.1845 0.6652 0.7235
vn 0.5160 -0.8418 -0.1586
vn -0.5747 -0.7622 0.2978
vn -0.5747 -0.7623 0.2978
vn 0.5184 -0.8458 -0.1259
vn -0.2191 0.9656 0.1403
vn -0.3692 0.9010 0.2279
vn -0.8294 0.2769 0.4852
vn -0.9347 0.2667 0.2350
vn -0.8150 0.2483 0.5236
vn -0.5009 0.6478 0.5740
vn -0.5009 0.6477 0.5740
vn -0.5368 0.6235 0.5684
vn -0.5377 0.6229 0.5682
vn 0.6004 0.6699 0.4367
vn -0.1049 0.9051 0.4120
vn 0.8118 0.0211 0.5835
vn 0.8140 0.0206 0.5804
vn 0.8141 0.0206 0.5804
vn 0.8162 0.0201 0.5774
vn 0.1780 -0.6241 0.7608
vn -0.9966 0.0454 -0.0684
vn -0.1940 0.1904 -0.9624
vn -0.1939 0.1904 -0.9624
vn -0.2091 0.9778 -0.0157
vn 0.1750 0.9134 0.3676
vn 0.1751 0.9133 0.3676
vn 0.0991 0.9945 -0.0343
vn 0.3587 0.9257 0.1198
vn 0.9146 -0.3750 0.1514
vn 0.1201 -0.8851 -0.4496
vn -0.3023 0.8999 -0.3143
vn 0.6918 -0.1478 -0.7068
vn 0.1595 0.9864 0.0405
vn 0.3525 0.4327 0.8298
vn 0.3494 0.4341 0.8303
vn 0.1075 0.9925 0.0585
vn -0.9452 -0.0059 0.3265
vn -0.9448 -0.0051 0.3277
vn -0.9452 -0.0059 0.3266
vn 0.1492 0.6067 0.7808
vn 0.0574 0.9944 -0.0884
vn 0.0574 0.9944 -0.0885
vn 0.0382 -0.9836 -0.1764
vn 0.4969 -0.1722 -0.8505
vn -0.5763 0.5919 -0.5635
vn -0.5496 0.4828 -0.6818
vn -0.5996 0.4581 -0.6562
vn 0.4444 -0.4895 0.7503
vn 0.4435 -0.4895 0.7508
vn -0.5601 0.3237 -0.7625
vn -0.4022 0.5228 -0.7516
vn 0.4453 -0.4896 0.7497
vn 0.4363 -0.3728 0.8189
vn 0.7076 0.5463 0.4483
vn 0.6175 0.6597 0.4284
vn -0.0659 0.8575 0.5102
vn -0.0663 0.8561 0.5125
vn -0.0667 0.8553 0.5138
vn -0.0671 0.8567 0.5114
vn -0.0663 0.8573 0.5105
vn 0.1780 0.9831 -0.0432
vn -0.0683 0.8527 0.5180
vn -0.5444 0.3096 0.7796
vn -0.6382 0.4502 0.6245
vn -0.6383 0.4511 0.6237
vn -0.6383 0.4511 0.6238
vn -0.1780 -0.9831 0.0432
vn 0.0955 0.7591 0.6440
vn 0.0954 0.7591 0.6440
vn -0.6384 0.4520 0.6230
vn 0.0099 0.8384 0.5450
vn -0.4942 0.8643 0.0938
vn 0.2160 0.8130 0.5408
vn 0.2159 0.8130 0.5408
vn -0.5451 0.8338 0.0873
vn -0.4827 0.8684 0.1132
vn 0.0293 0.1743 -0.9843
vn -0.0340 0.1412 -0.9894
vn -0.0339 0.1412 -0.9894
vn 0.1438 0.1844 -0.9723
vn 0.8007 0.2945 0.5217
vn 0.8006 0.2946 0.5218
vn 0.8006 0.2945 0.5218
vn 0.8008 0.2943 0.5217
vn 0.8080 0.4730 0.3514
vn 0.8514 0.2634 0.4535
vn 0.8515 0.2634 0.4535
vn 0.7874 0.0258 -0.6159
vn 0.2655 -0.3018 -0.9157
vn 0.2869 -0.2116 -0.9343
vn 0.8216 -0.0799 -0.5644
vn 0.8214 -0.0798 -0.5647
vn 0.0227 0.9584 -0.2846
vn -0.0475 0.9279 -0.3697
vn -0.0476 0.9279 -0.3697
vn -0.1181 0.3926 -0.9121
vn -0.1187 0.3933 -0.9117
vn -0.0976 0.3472 -0.9327
vn -0.1651 0.3878 -0.9068
vn -0.1175 0.3919 -0.9125
vn 0.1344 0.9179 -0.3734
vn 0.3478 0.9067 -0.2386
vn 0.2868 0.8573 -0.4275
vn -0.2681 0.8067 -0.5267
vn -0.2691 0.8079 -0.5243
vn -0.2682 0.8067 -0.5266
vn -0.2651 0.9269 -0.2657
vn -0.2672 0.8054 -0.5291
vn -0.2983 0.7596 -0.5780
vn -0.5393 0.8185 -0.1979
vn -0.6282 0.7603 -0.1649
vn -0.6282 0.7604 -0.1649
vn -0.5161 0.8100 -0.2783
vn -0.5690 0.8052 -0.1669
vn -0.5690 0.8052 -0.1670
vn -0.7171 0.6356 -0.2860
vn -0.4233 -0.7992 -0.4268
vn -0.3810 -0.8320 -0.4032
vn 0.0612 0.9232 -0.3794
vn 0.0611 0.9232 -0.3794
vn -0.5826 -0.1131 -0.8048
vn -0.6651 -0.1423 -0.7331
vn -0.5949 -0.1326 -0.7928
vn -0.7662 0.6124 -0.1947
vn 0.1115 -0.2526 0.9611
vn 0.9606 0.2264 -0.1610
vn 0.2154 0.2931 0.9315
vn 0.3391 0.1945 0.9204
vn 0.1380 0.3491 0.9269
vn 0.1368 0.3488 0.9272
vn 0.2737 0.1829 0.9443
vn 0.1392 0.3494 0.9266
vn -0.5198 -0.3132 0.7948
vn -0.5224 -0.3450 0.7798
vn -0.4990 -0.3023 0.8122
vn 0.6162 -0.1363 0.7757
vn 0.5356 -0.2364 0.8107
vn -0.7613 0.6408 0.0990
vn -0.8150 0.5792 0.0183
vn -0.7282 0.6688 0.1499
vn -0.9408 -0.3014 -0.1551
vn -0.6279 0.6735 0.3901
vn -0.9688 -0.2472 0.0153
vn -0.9746 -0.2236 0.0143
vn -0.6261 0.6572 0.4195
vn 0.1391 0.8809 0.4523
vn -0.6535 0.6613 0.3682
vn -0.4404 0.4181 0.7945
vn -0.4087 0.4275 0.8064
vn -0.4087 0.4275 0.8063
vn -0.5400 0.4128 0.7335
vn -0.4455 0.4917 0.7482
vn -0.5491 0.3996 0.7340
vn -0.4674 0.4223 0.7767
vn -0.8317 0.1322 -0.5392
vn -0.7827 0.0131 -0.6223
vn -0.7406 -0.0130 -0.6718
vn -0.7406 -0.0130 -0.6719
vn 0.4954 -0.6396 0.5878
vn 0.4955 -0.6375 0.5899
vn 0.4954 -0.6395 0.5878
vn -0.8500 0.0524 -0.5241
vn -0.8501 0.0524 -0.5241
vn -0.8351 -0.1340 -0.5335
vn 0.3200 -0.7205 0.6152
vn 0.3170 -0.7243 0.6123
vn 0.4953 -0.6415 0.5858
vn 0.3140 -0.7280 0.6095
vn 0.0462 0.4546 0.8895
vn 0.6189 0.7673 -0.1679
vn 0.6429 0.7163 -0.2712
vn 0.7670 -0.2532 0.5895
vn 0.7670 -0.2532 0.5896
vn -0.8221 0.4935 -0.2838
vn -0.5938 0.5037 -0.6274
vn -0.7357 0.5052 -0.4512
vn -0.7352 0.5081 -0.4486
vn -0.7352 0.5081 -0.4487
vn -0.8373 0.3711 -0.4016
vn -0.5639 0.5069 -0.6520
vn -0.7348 0.5109 -0.4461
vn 0.8164 -0.2527 0.5192
vn -0.8987 0.4068 0.1639
vn -0.8475 0.4379 0.2999
vn -0.8477 0.4796 0.2266
vn -0.6703 0.7220 -0.1714
vn -0.6730 0.7186 -0.1749
vn -0.6516 0.7310 -0.2024
vn -0.6677 0.7252 -0.1681
vn -0.6468 0.7501 -0.1379
vn -0.3573 0.9176 0.1743
vn -0.7165 0.6851 -0.1311
vn 0.4584 -0.7994 0.3884
vn 0.3164 -0.9085 0.2730
vn 0.4124 -0.7424 0.5279
vn -0.2156 -0.4316 0.8759
vn -0.2161 -0.4367 0.8733
vn 0.3440 -0.8849 0.3141
vn 0.3439 -0.8849 0.3141
vn -0.1776 -0.3495 0.9199
vn -0.1569 -0.2571 0.9536
vn -0.2151 -0.4264 0.8786
vn -0.2209 0.9748 0.0296
vn -0.2208 0.9749 0.0296
vn -0.2209 0.9749 0.0296
vn 0.5619 0.8059 0.1863
vn -0.2657 0.9381 -0.2220
vn -0.2657 0.9382 -0.2219
vn -0.2658 0.9381 -0.2219
vn -0.1983 0.9791 0.0460
vn 0.8281 0.5465 0.1246
vn 0.8953 0.3868 0.2209
vn 0.8957 0.3860 0.2205
vn 0.8953 0.3868 0.2208
vn 0.8345 0.5478 0.0592
vn 0.0551 0.7103 0.7017
vn 0.8949 0.3875 0.2212
vn 0.8644 0.2726 0.4225
vn 0.8016 0.5766 0.1582
vn -0.3577 0.5600 -0.7473
vn -0.0039 -0.8325 0.5540
vn 0.0009 -0.8316 0.5554
vn -0.0541 -0.8588 0.5095
vn -0.0642 -0.7945 0.6039
vn 0.0057 -0.8306 0.5568
vn 0.7319 -0.6554 0.1865
vn -0.8319 -0.3550 0.4266
vn -0.7720 -0.2239 0.5948
vn 0.2212 0.8851 0.4095
vn -0.3146 0.8314 -0.4580
vn -0.3191 0.7959 -0.5145
vn -0.2945 0.8349 -0.4649
vn -0.3801 0.8188 -0.4302
vn -0.3801 0.8189 -0.4301
vn -0.3470 0.7454 -0.5692
vn -0.4293 0.8671 -0.2525
vn -0.3523 0.8618 -0.3649
vn 0.2641 0.9140 0.3081
vn 0.2641 0.9139 0.3081
vn 0.1393 0.8297 0.5406
vn -0.1671 0.4486 0.8780
vn -0.0537 0.3897 0.9194
vn -0.0548 0.3895 0.9194
vn -0.0558 0.3894 0.9194
vn 0.1951 0.9641 -0.1800
vn -0.1058 0.4427 -0.8904
vn -0.5174 -0.3116 -0.7970
vn -0.3995 -0.3561 -0.8447
vn -0.3968 -0.3085 -0.8645
vn 0.1305 -0.8352 -0.5343
vn 0.1155 -0.7708 -0.6265
vn 0.1947 -0.8242 -0.5318
vn -0.2057 0.9512 0.2301
vn -0.2040 0.9513 0.2310
vn 0.2456 0.9410 -0.2330
vn 0.1680 0.9566 0.2381
vn 0.1698 0.9564 0.2375
vn 0.1692 0.9564 0.2381
vn 0.1671 0.9567 0.2384
vn 0.1657 0.9570 0.2380
vn -0.1961 0.9653 0.1724
vn 0.0379 0.9719 0.2323
vn -0.2074 0.9511 0.2291
vn -0.2350 0.9524 0.1942
vn 0.2274 0.9380 -0.2616
vn 0.1777 0.8763 -0.4478
vn 0.2525 0.9303 -0.2662
vn 0.2526 0.9302 -0.2662
vn 0.0860 0.9942 -0.0650
vn -0.0499 0.9678 -0.2466
vn -0.6479 0.0002 0.7617
vn -0.6499 0.0006 0.7600
vn -0.6483 -0.2220 0.7283
vn -0.6482 -0.2220 0.7284
vn -0.3315 0.9273 -0.1740
vn -0.6528 -0.2083 0.7284
vn -0.6527 -0.2083 0.7284
vn -0.4062 0.8981 -0.1685
vn 0.7683 0.0831 0.6347
vn 0.7683 0.0830 0.6347
vn -0.8819 -0.4002 -0.2493
vn 0.6542 0.1779 0.7351
vn 0.6542 0.1778 0.7351
vn 0.7152 0.1700 0.6779
vn -0.9162 -0.3025 -0.2629
vn -0.9162 -0.3025 -0.2630
vn -0.5220 0.4449 -0.7277
vn -0.8042 0.1981 -0.5604
vn -0.8000 0.2073 -0.5631
vn -0.7743 0.3863 -0.5012
vn -0.7509 0.1841 -0.6342
vn -0.7484 0.1841 -0.6372
vn -0.8863 0.0421 -0.4612
vn -0.7535 0.1840 -0.6312
vn 0.8382 -0.4175 -0.3509
vn 0.8380 -0.4192 -0.3493
vn 0.8383 -0.4160 -0.3524
vn 0.9280 -0.1878 0.3218
vn 0.9278 -0.1878 0.3224
vn 0.0553 0.8812 -0.4695
vn 0.0552 0.8812 -0.4695
vn 0.0475 0.8898 -0.4538
vn 0.3753 0.8189 0.4343
vn -0.7057 0.7021 0.0951
vn -0.6361 0.7549 0.1595
vn -0.6494 0.7265 0.2246
vn 0.1554 -0.9496 -0.2722
vn -0.7741 0.6240 0.1068
vn -0.4051 0.7313 -0.5487
vn -0.4052 0.7313 -0.5487
vn -0.2803 0.6789 -0.6786
vn -0.3003 0.6933 -0.6550
vn -0.3004 0.6933 -0.6550
vn 0.6747 0.2727 0.6859
vn 0.6681 0.3392 0.6622
vn 0.6682 0.3392 0.6622
vn 0.2322 -0.0091 0.9726
vn 0.2323 -0.0091 0.9726
vn -0.3766 -0.3060 -0.8744
vn 0.8902 0.4556 0.0043
vn 0.8902 0.4555 0.0043
vn 0.8652 0.4822 0.1373
vn 0.8652 0.4822 0.1374
vn 0.8413 0.5403 -0.0163
vn 0.8413 0.5403 -0.0162
vn 0.8271 0.5591 0.0580
vn -0.5175 -0.2877 -0.8059
vn -0.2522 -0.4911 -0.8338
vn -0.2545 -0.4877 -0.8351
vn -0.1319 -0.4752 -0.8699
vn 0.7170 0.6897 -0.1011
vn -0.2569 -0.4843 -0.8363
vn 0.4369 0.1735 -0.8826
vn 0.5040 0.3364 -0.7955
vn 0.6239 0.0577 -0.7793
vn 0.5542 0.3282 -0.7650
vn 0.5424 0.3096 -0.7810
vn 0.8099 -0.5858 0.0308
vn 0.8218 -0.5662 -0.0642
vn 0.8218 -0.5662 -0.0641
vn -0.2846 0.8831 0.3729
vn 0.1184 -0.6494 -0.7512
vn 0.8744 -0.4498 0.1818
vn 0.8745 -0.4497 0.1815
vn 0.8745 -0.4498 0.1817
vn 0.9011 -0.3935 0.1823
vn 0.8744 -0.4498 0.1820
vn 0.3928 0.8046 0.4453
vn 0.9721 0.1793 0.1511
vn 0.5367 0.6295 -0.5619
vn 0.6421 0.6246 -0.4446
vn 0.5062 0.6549 -0.5612
vn 0.6880 0.5586 -0.4633
vn 0.1115 0.7374 -0.6661
vn 0.9177 0.3875 0.0875
vn 0.9239 0.3297 0.1942
vn 0.9312 0.3031 0.2024
vn 0.4057 -0.8903 0.2068
vn 0.4117 -0.9051 0.1063
vn 0.4086 -0.9066 0.1052
vn 0.3947 -0.9129 0.1041
vn 0.3947 -0.9129 0.1042
vn 0.4084 -0.9067 0.1052
vn 0.0100 0.7705 -0.6373
vn 0.0934 0.7053 -0.7027
vn 0.0935 0.7053 -0.7027
vn 0.0192 0.6461 -0.7630
vn 0.0829 0.7192 -0.6899
vn 0.4917 0.7953 -0.3545
vn 0.3088 0.8141 -0.4917
vn 0.3088 0.8142 -0.4917
vn 0.3959 0.8250 -0.4032
vn 0.4586 0.8010 -0.3848
vn 0.1456 0.9840 -0.1031
vn 0.5973 0.7814 0.1806
vn 0.5973 0.7814 0.1807
vn 0.4965 0.7989 0.3395
vn 0.4966 0.7988 0.3395
vn 0.5006 0.7957 0.3410
vn 0.6596 0.7145 0.2334
vn 0.6595 0.7145 0.2334
vn 0.6725 0.7188 0.1761
vn 0.6729 0.7190 0.1739
vn 0.7121 0.7019 -0.0134
vn 0.6825 0.7160 0.1468
vn 0.6857 0.7129 0.1468
vn 0.6857 0.7130 0.1468
vn 0.7088 0.6958 0.1161
vn 0.7426 0.6082 0.2803
vn 0.7427 0.6082 0.2803
vn 0.6721 0.7187 0.1783
vn 0.7479 0.6312 0.2057
vn 0.7163 0.6890 0.1100
vn 0.6888 0.7100 0.1466
vn 0.8682 0.0594 0.4926
vn -0.8523 0.5230 -0.0073
vn -0.8274 0.3821 -0.4117
vn -0.8661 0.3383 -0.3679
vn -0.8596 0.3526 -0.3699
vn -0.8596 0.3526 -0.3698
vn -0.8898 0.4552 -0.0313
vn 0.4369 0.8598 0.2644
vn -0.8547 0.5181 -0.0337
vn -0.8999 0.4354 -0.0265
vn -0.9473 0.2847 -0.1467
vn -0.9658 0.2154 -0.1440
vn -0.9657 0.2157 -0.1443
vn -0.9441 0.3088 -0.1152
vn -0.9460 0.3036 -0.1137
vn -0.9660 0.2151 -0.1438
vn -0.9479 0.2980 -0.1124
vn -0.3163 0.2561 0.9134
vn -0.3677 0.2807 0.8866
vn -0.3345 0.2303 0.9138
vn 0.7354 0.4101 -0.5394
vn 0.2857 0.9217 0.2623
vn -0.8009 -0.4904 -0.3435
vn -0.7589 -0.5848 -0.2865
vn -0.6534 -0.6630 -0.3655
vn 0.7808 0.6187 -0.0870
vn 0.8478 0.5299 0.0220
vn 0.8305 0.5537 -0.0610
vn 0.8405 0.5027 -0.2022
vn -0.1527 0.9883 -0.0070
vn -0.1527 0.9882 -0.0070
vn 0.7906 0.5959 -0.1407
vn -0.2052 -0.9587 -0.1970
vn 0.1189 0.9886 0.0919
vn 0.1346 -0.9898 -0.0461
vn -0.0483 0.9983 -0.0316
vn -0.0482 0.9983 -0.0316
vn -0.0608 0.9889 0.1352
vn -0.0608 0.9889 0.1353
vn -0.1093 0.9759 0.1887
vn -0.0850 0.9899 0.1134
vn -0.0070 0.9911 0.1330
vn -0.1317 0.9761 0.1730
vn -0.1317 0.9761 0.1729
vn -0.2625 0.9648 -0.0136
vn -0.0891 0.9829 0.1609
vn -0.0890 0.9829 0.1609
vn -0.0493 0.9911 0.1238
vn -0.2866 0.9299 0.2304
vn 0.0418 0.9780 0.2043
vn 0.0418 0.9780 0.2042
vn 0.6299 0.3986 0.6665
vn 0.3555 0.4312 0.8292
vn 0.6415 0.3768 0.6682
vn 0.4792 0.3696 0.7961
vn -0.1569 -0.9767 -0.1461
vn -0.2572 -0.9519 -0.1666
vn -0.0335 -0.9685 -0.2468
vn 0.2979 0.6093 -0.7348
vn -0.2135 -0.9642 -0.1573
vn -0.1086 -0.9739 -0.1993
vn -0.0967 -0.9483 -0.3022
vn 0.3268 0.6498 -0.6863
vn -0.8388 -0.5135 0.1807
vn -0.9206 -0.3251 0.2164
vn -0.8593 -0.4888 0.1506
vn 0.3952 0.8813 -0.2592
vn -0.2557 0.9484 -0.1874
vn -0.3903 0.9185 -0.0635
vn -0.4686 0.8834 0.0022
vn -0.4687 0.8834 0.0022
vn -0.3570 0.9054 -0.2298
vn -0.2635 0.9569 -0.1221
vn -0.2627 0.9571 -0.1221
vn -0.4536 0.8878 -0.0774
vn -0.3952 0.9150 -0.0813
vn -0.3885 0.9066 -0.1644
vn 0.1435 0.9203 -0.3640
vn 0.1363 0.9678 -0.2117
vn 0.3033 0.8889 -0.3434
vn -0.9790 0.1536 0.1342
vn 0.0658 0.9883 -0.1378
vn 0.0659 0.9883 -0.1378
vn 0.2656 0.3507 -0.8980
vn 0.2153 0.4273 -0.8781
vn 0.2583 0.3855 -0.8858
vn 0.2582 0.3855 -0.8858
vn 0.2424 0.4262 -0.8716
vn 0.6084 0.7921 -0.0493
vn 0.6304 0.7410 -0.2313
vn 0.7368 0.6271 -0.2526
vn 0.6841 0.7168 -0.1350
vn 0.6316 0.7522 0.1881
vn 0.6315 0.7522 0.1881
vn 0.6705 0.7319 -0.1216
vn 0.5774 0.7884 -0.2123
vn 0.6558 0.7451 -0.1217
vn 0.6558 0.7451 -0.1216
vn 0.4082 0.8931 -0.1893
vn 0.7012 0.6977 -0.1467
vn 0.7013 0.6976 -0.1467
vn 0.6402 0.6808 -0.3559
vn -0.6807 0.1179 0.7230
vn -0.6460 -0.0001 0.7634
vn -0.6351 0.0629 0.7698
vn -0.7404 0.1870 0.6457
vn 0.4671 0.8826 -0.0536
vn 0.9022 0.3313 -0.2761
vn 0.9023 0.3313 -0.2760
vn 0.9024 0.3330 -0.2734
vn 0.8626 0.4493 -0.2325
vn 0.9020 0.3295 -0.2788
vn 0.9265 0.0643 -0.3707
vn 0.9268 0.0635 -0.3702
vn 0.9068 0.2778 -0.3170
vn 0.8893 0.3796 -0.2551
vn -0.4811 -0.8011 -0.3562
vn -0.5895 -0.7593 -0.2755
vn 0.3832 0.9199 0.0838
vn 0.1903 0.9407 0.2807
vn 0.1902 0.9408 0.2807
vn 0.2223 0.8352 0.5030
vn 0.2845 -0.8610 0.4216
vn 0.2760 -0.8781 0.3908
vn 0.2265 0.9472 -0.2271
vn 0.1807 0.9676 -0.1761
vn 0.1807 0.9677 -0.1761
vn 0.2304 0.9383 -0.2578
vn 0.1528 0.9745 -0.1642
vn -0.3983 0.3918 0.8294
vn -0.3982 0.3918 0.8294
vn -0.3963 0.3923 0.8301
vn -0.3269 -0.6870 -0.6490
vn -0.2265 -0.6328 -0.7405
vn -0.0325 -0.7173 -0.6960
vn -0.1797 -0.7644 -0.6192
vn -0.1031 -0.7257 -0.6803
vn 0.9389 -0.0784 -0.3352
vn -0.1208 -0.6673 0.7349
vn 0.4066 0.8995 -0.1600
vn 0.0846 0.8776 0.4718
vn 0.0766 0.9263 0.3689
vn 0.1336 0.9499 0.2824
vn 0.1337 0.9499 0.2824
vn 0.2280 0.8943 0.3851
vn 0.1759 0.9387 0.2964
vn 0.6294 0.5020 0.5932
vn 0.6158 0.5711 0.5428
vn 0.6147 0.5746 0.5403
vn 0.6136 0.5783 0.5376
vn -0.6176 -0.6016 0.5066
vn -0.4231 -0.6934 0.5832
vn 0.5546 0.1807 -0.8123
vn -0.4898 -0.5465 0.6793
vn -0.3915 -0.6395 0.6616
vn -0.3671 -0.6347 0.6800
vn -0.3610 0.6181 0.6983
vn 0.8125 0.4886 0.3178
vn 0.8063 0.5649 0.1754
vn 0.7526 0.5579 0.3498
vn -0.4040 0.5834 0.7046
vn -0.4041 0.5834 0.7045
vn -0.2773 0.8647 0.4189
vn -0.0912 0.2265 0.9697
vn 0.0363 -0.0618 0.9974
vn -0.0379 0.1079 0.9934
vn -0.0380 0.1079 0.9934
vn -0.5343 0.1335 0.8347
vn -0.1891 0.1442 -0.9713
vn -0.1047 0.3461 -0.9323
vn 0.3215 -0.8645 -0.3864
vn 0.3803 -0.8401 -0.3868
vn 0.3097 -0.9247 -0.2213
vn 0.1090 -0.4012 -0.9095
vn 0.1074 -0.3989 -0.9107
vn -0.0142 -0.2910 -0.9566
vn 0.1059 -0.3966 -0.9119
vn 0.0368 -0.5076 -0.8608
vn 0.0352 -0.5077 -0.8608
vn 0.4888 0.0384 0.8715
vn 0.4888 0.0385 0.8716
vn 0.4747 0.1897 0.8595
vn 0.4548 0.0839 0.8866
vn -0.0988 0.9901 0.0998
vn -0.1105 -0.9866 0.1198
vn 0.5191 0.3693 -0.7708
vn 0.5676 0.4539 -0.6869
vn 0.5677 0.4539 -0.6868
vn 0.0090 0.6358 0.7718
vn 0.1677 0.5671 0.8064
vn 0.2647 0.7004 0.6628
vn 0.2799 0.9597 0.0237
vn -0.7575 0.1890 0.6249
vn -0.7575 0.1890 0.6248
vn -0.8107 0.3445 0.4735
vn -0.8540 0.2361 0.4636
vn -0.8326 0.3140 0.4563
vn 0.9406 0.2171 0.2609
vn 0.9344 0.2274 0.2743
vn 0.9333 0.2297 0.2759
vn 0.9343 0.2274 0.2744
vn 0.1780 0.9831 -0.0431
vn 0.9354 0.2252 0.2727
vn 0.3987 0.4938 0.7728
vn 0.3096 0.5809 0.7528
vn 0.4519 0.4930 0.7434
vn -0.6945 0.6120 0.3783
vn -0.6969 0.6122 0.3736
vn -0.6971 0.5753 0.4279
vn -0.6197 0.5819 0.5266
vn -0.5806 0.5880 0.5632
vn -0.5806 0.5881 0.5632
vn -0.6994 0.6124 0.3685
vn 0.3872 0.7660 0.5131
vn 0.3871 0.7661 0.5131
vn 0.1653 0.7405 0.6515
vn 0.3541 0.7834 0.5108
vn 0.3015 -0.6949 -0.6528
vn 0.2286 0.9447 -0.2350
vn 0.5480 -0.5930 -0.5900
vn 0.5620 -0.6310 -0.5348
vn 0.5615 -0.6314 -0.5348
vn 0.5610 -0.6319 -0.5348
vn 0.5483 -0.5978 -0.5848
vn 0.1941 0.9093 -0.3681
vn -0.3536 0.7770 0.5208
vn -0.3524 0.7776 0.5207
vn -0.3002 0.8725 0.3856
vn -0.2665 0.8077 0.5259
vn -0.7621 -0.2703 -0.5883
vn -0.7998 -0.2292 -0.5547
vn 0.0433 -0.9698 0.2402
vn -0.7816 0.5972 -0.1802
vn -0.8156 0.5562 -0.1596
vn -0.0536 -0.9545 -0.2932
vn -0.7382 0.5756 0.3518
vn -0.6879 0.6515 0.3199
vn -0.6281 0.5986 0.4971
vn 0.6771 -0.6775 -0.2872
vn 0.6917 -0.6991 -0.1814
vn -0.0334 0.6741 -0.7379
vn 0.5897 0.7645 0.2603
vn 0.5896 0.7646 0.2603
vn 0.6112 0.7725 0.1724
vn 0.4878 0.8221 0.2936
vn 0.5184 0.8312 0.2008
vn 0.5184 0.8312 0.2007
vn 0.5508 0.8268 0.1143
vn 0.5507 0.8268 0.1143
vn 0.4738 0.8758 0.0923
vn -0.0027 0.9923 -0.1238
vn 0.6999 0.6896 0.1857
vn 0.6999 0.6897 0.1857
vn 0.5512 0.7898 0.2691
vn 0.0125 0.9975 -0.0696
vn -0.0640 0.9976 -0.0267
vn 0.9868 -0.0018 -0.1621
vn 0.9779 -0.1443 -0.1516
vn 0.9812 -0.0325 -0.1902
vn 0.9854 0.0216 -0.1689
vn 0.0227 0.7966 -0.6041
vn 0.0870 0.7352 -0.6723
vn 0.0870 0.7352 -0.6722
vn -0.8762 -0.4777 0.0639
vn -0.2023 -0.1820 -0.9623
vn -0.2221 -0.1375 -0.9653
vn -0.1921 -0.1299 -0.9727
vn 0.4838 -0.3739 -0.7913
vn 0.4122 -0.3749 -0.8304
vn -0.8388 -0.5191 -0.1642
vn -0.8738 -0.4716 -0.1184
vn 0.4129 0.8420 0.3472
vn 0.4128 0.8420 0.3472
vn -0.3641 0.9167 -0.1644
vn 0.2873 0.9194 0.2685
vn 0.2496 0.9644 0.0877
vn 0.6718 -0.3521 0.6517
vn 0.6717 -0.3521 0.6518
vn 0.6340 -0.4890 0.5992
vn 0.6590 -0.4009 0.6364
vn 0.6590 -0.4009 0.6365
vn 0.6427 -0.6628 0.3842
vn 0.6357 -0.7078 0.3080
vn 0.6507 -0.6820 0.3338
vn -0.3936 0.8943 0.2130
vn -0.3783 0.8258 0.4182
vn -0.3783 0.8259 0.4182
vn -0.4558 0.8572 0.2399
vn 0.4846 0.5191 0.7041
vn 0.4436 0.6403 0.6271
vn 0.2827 0.9474 0.1501
vn 0.2826 0.9474 0.1501
vn 0.2733 0.9587 0.0785
vn -0.3911 -0.4973 -0.7744
vn 0.4110 0.8628 0.2944
vn -0.3808 -0.4589 -0.8027
vn 0.1327 0.4403 0.8880
vn 0.2641 0.4525 0.8517
vn 0.2642 0.4525 0.8517
vn 0.1798 0.6043 0.7762
vn 0.1236 0.4271 0.8957
vn 0.2513 0.4604 0.8514
vn 0.6278 0.6750 0.3876
vn 0.6294 0.6748 0.3854
vn 0.3377 0.6876 0.6428
vn -0.2038 -0.9096 0.3620
vn 0.4418 0.7301 0.5213
vn 0.4858 0.7224 0.4921
vn -0.0691 -0.9112 0.4060
vn -0.1130 -0.9319 0.3446
vn 0.1187 -0.0897 -0.9889
vn 0.0654 -0.1019 -0.9926
vn 0.0959 0.9946 -0.0384
vn 0.0960 0.9946 -0.0384
vn 0.3037 0.9474 0.1012
vn -0.2685 0.9369 -0.2239
vn -0.0167 0.9843 0.1756
vn -0.0168 0.9843 0.1756
vn -0.1180 0.9763 0.1816
vn -0.1179 0.9763 0.1816
vn 0.1016 0.9735 0.2050
vn 0.3031 0.9276 0.2183
vn 0.3031 0.9276 0.2182
vn 0.1243 0.9872 0.1001
vn -0.1277 0.8429 -0.5227
vn -0.0239 0.9192 -0.3931
vn 0.9958 -0.0913 -0.0020
vn -0.5049 0.1458 0.8508
vn 0.0703 0.9960 -0.0551
vn 0.3684 0.6707 0.6437
vn 0.3911 0.6574 0.6441
vn 0.3347 0.6978 0.6333
vn 0.7785 0.2034 -0.5938
vn 0.0865 0.9783 -0.1884
vn 0.3532 0.8740 0.3337
vn 0.6161 -0.7877 -0.0026
vn 0.6665 -0.7445 0.0371
vn -0.6302 0.5860 -0.5094
vn 0.8177 -0.1314 0.5604
vn 0.8164 -0.1318 0.5622
vn 0.4084 0.4441 0.7975
vn 0.8087 -0.1428 0.5707
vn 0.8191 -0.1309 0.5586
vn 0.9158 -0.3770 -0.1382
vn 0.8525 -0.4818 -0.2030
vn -0.2427 0.9441 -0.2233
vn -0.2809 0.9034 -0.3241
vn -0.2079 0.9364 -0.2827
vn -0.7256 -0.6880 -0.0137
vn -0.7064 -0.6980 -0.1175
vn -0.7509 -0.6583 0.0521
vn -0.7510 -0.6583 0.0521
vn -0.7071 -0.7067 0.0251
vn -0.6398 -0.7618 -0.1012
vn -0.7219 -0.6886 -0.0686
vn 0.4924 0.8021 0.3379
vn 0.2782 0.8700 0.4072
vn -0.2409 0.7631 0.5997
vn -0.2410 0.7631 0.5997
vn -0.1774 0.6536 0.7358
vn -0.0888 0.7657 0.6371
vn -0.0887 0.7657 0.6371
vn -0.1431 0.7405 0.6567
vn -0.1444 0.7381 0.6591
vn -0.1667 0.7413 0.6501
vn -0.1458 0.7357 0.6614
vn -0.9664 0.0368 -0.2544
vn -0.9665 0.0369 -0.2539
vn -0.9600 0.1064 -0.2590
vn -0.9509 0.0835 -0.2980
vn 0.7840 -0.4048 0.4707
vn 0.8100 -0.3896 0.4383
vn 0.8140 -0.4200 0.4012
vn 0.8043 -0.4226 0.4178
vn -0.4696 -0.5603 -0.6822
vn -0.7849 0.5869 -0.1987
vn -0.8030 0.5364 -0.2598
vn 0.4196 0.8961 -0.1450
vn 0.4196 0.8960 -0.1450
vn 0.3890 0.8833 -0.2615
vn 0.4635 0.8727 -0.1533
vn 0.3305 0.4307 -0.8398
vn -0.6605 -0.3224 -0.6781
vn 0.1428 0.4011 -0.9048
vn -0.6039 -0.3623 -0.7100
vn 0.7952 0.3223 0.5135
vn 0.1873 0.1010 -0.9771
vn 0.3482 0.1307 -0.9283
vn 0.3483 0.1307 -0.9282
vn 0.4156 0.1085 -0.9030
vn 0.2863 0.1638 -0.9440
vn -0.3406 0.2628 -0.9027
vn -0.1987 0.9129 0.3566
vn -0.1069 0.9931 0.0473
vn -0.0444 0.9819 0.1842
vn -0.1083 0.9768 0.1849
vn -0.1532 0.9822 0.1084
vn -0.3019 0.8829 0.3596
vn -0.2125 0.8950 -0.3922
vn -0.1283 0.9260 -0.3550
vn -0.1781 0.9097 -0.3751
vn -0.6633 -0.5972 0.4510
vn -0.6728 -0.4938 0.5509
vn -0.6665 -0.3192 0.6737
vn -0.7536 -0.5541 0.3535
vn -0.7015 -0.4682 0.5373
vn -0.7016 -0.4682 0.5373
vn -0.1092 0.9594 -0.2599
vn -0.0316 0.9229 -0.3837
vn -0.0316 0.9229 -0.3836
vn 0.2423 -0.2832 0.9279
vn 0.2381 -0.2840 0.9288
vn 0.3520 -0.1794 0.9186
vn 0.2424 -0.1275 0.9618
vn 0.2564 -0.3093 0.9157
vn 0.2632 -0.3268 0.9077
vn 0.2340 -0.2846 0.9296
vn -0.2238 0.7249 -0.6515
vn -0.2272 0.7235 -0.6519
vn -0.4139 0.7159 -0.5623
vn -0.3026 0.8408 -0.4489
vn -0.2064 0.8053 -0.5558
vn -0.5062 0.0728 -0.8593
vn -0.2013 0.8313 -0.5181
vn -0.2220 0.7264 -0.6504
vn -0.2406 0.0282 0.9702
vn -0.5358 0.0477 0.8430
vn -0.3163 0.0572 0.9469
vn -0.3164 0.0572 0.9469
vn -0.1825 -0.1076 0.9773
vn -0.5551 0.1360 -0.8206
vn -0.5205 0.0831 -0.8498
vn 0.9752 -0.0489 0.2158
vn 0.9919 0.1196 -0.0434
vn 0.9836 0.0351 -0.1770
vn 0.9893 0.0949 0.1107
vn -0.4827 0.4021 -0.7780
vn -0.5085 0.3750 -0.7751
vn -0.4567 0.3059 -0.8354
vn -0.4825 0.3800 -0.7892
vn -0.4067 0.8673 -0.2869
vn -0.7584 0.6319 -0.1598
vn -0.4966 0.8136 -0.3024
vn -0.4973 0.8133 -0.3020
vn -0.5761 0.7275 -0.3725
vn -0.5761 0.7276 -0.3725
vn -0.4559 0.8415 -0.2900
vn -0.4559 0.8414 -0.2900
vn 0.5827 0.6747 0.4530
vn 0.5826 0.6748 0.4530
vn 0.5444 0.6843 0.4851
vn 0.6289 0.5731 0.5254
vn 0.5935 0.6747 0.4388
vn -0.2334 0.5537 0.7993
vn -0.2825 0.6515 0.7041
vn -0.3209 0.6109 0.7238
vn -0.3210 0.6108 0.7238
vn -0.3210 0.6109 0.7238
vn -0.3070 0.5847 0.7509
vn -0.3013 0.6371 0.7094
vn -0.5470 -0.7883 0.2817
vn -0.6143 -0.7398 0.2744
vn -0.4531 -0.8698 0.1954
vn 0.3977 -0.9097 -0.1197
vn 0.5661 -0.8094 -0.1561
vn -0.2084 -0.9776 -0.0284
vn -0.2083 -0.9777 -0.0284
vn -0.4228 -0.8956 0.1385
vn -0.2039 -0.9780 -0.0448
vn 0.5832 0.5750 0.5738
vn -0.3392 0.9124 0.2292
vn -0.3393 0.9123 0.2292
vn -0.2895 0.9234 0.2518
vn -0.2895 0.9235 0.2518
vn -0.3399 0.8836 0.3221
vn -0.6521 0.2340 0.7211
vn -0.6522 0.2340 0.7211
vn -0.6838 0.0167 0.7295
vn -0.7548 0.0574 0.6534
vn -0.7548 0.0574 0.6535
vn -0.6495 0.0505 0.7587
vn 0.6262 0.6752 0.3898
vn 0.6206 0.5587 0.5502
vn -0.5721 0.6028 0.5561
vn 0.5938 0.7090 0.3804
vn 0.5926 0.7085 0.3833
vn 0.5950 0.7096 0.3774
vn 0.6491 -0.5926 0.4770
vn 0.6501 -0.5922 0.4760
vn 0.6367 0.7073 0.3071
vn 0.6367 0.7073 0.3072
vn 0.6560 -0.5504 0.5165
vn 0.7166 -0.5106 0.4752
vn -0.1385 0.9822 0.1271
vn -0.0303 0.9789 0.2020
vn 0.1314 -0.5128 0.8484
vn 0.1293 -0.5124 0.8489
vn 0.1413 -0.6823 0.7173
vn 0.0485 -0.6248 0.7793
vn 0.0484 -0.6248 0.7793
vn -0.9835 0.1585 0.0871
vn -0.9784 0.1775 -0.1064
vn -0.9893 0.0520 -0.1363
vn -0.9998 0.0136 -0.0129
vn -0.9934 0.1084 -0.0379
vn 0.9209 -0.3843 0.0646
vn 0.9902 -0.1316 0.0465
vn 0.9417 -0.3365 0.0015
vn 0.9416 -0.3366 0.0017
vn 0.0485 -0.9175 -0.3948
vn -0.2744 0.8927 -0.3575
vn 0.1201 0.9763 0.1803
vn 0.7289 -0.2916 -0.6194
vn 0.6691 -0.3333 -0.6643
vn 0.6683 -0.3337 -0.6648
vn 0.6691 -0.3333 -0.6642
vn 0.1404 0.9635 0.2278
vn 0.0599 0.9898 0.1296
vn -0.9455 -0.0068 0.3255
vn -0.9556 -0.0073 0.2946
vn -0.9501 0.0135 0.3118
vn 0.1682 0.7467 0.6436
vn -0.9825 -0.0437 0.1809
vn -0.0309 0.9797 -0.1979
vn 0.3236 -0.9457 0.0299
vn 0.3491 -0.9251 -0.1492
vn 0.4560 -0.1557 -0.8763
vn 0.5995 -0.1483 -0.7865
vn 0.5994 -0.1483 -0.7866
usemtl mat0.003
s 1
f 1/1/1 2/2/1 3/3/1
f 4/4/2 5/5/2 6/6/2
f 7/7/3 8/8/3 9/9/3
f 8/8/4 10/10/4 9/9/4
f 11/11/5 12/12/5 13/13/5
f 14/14/6 15/15/6 16/16/6
f 17/17/7 18/18/8 19/19/8
f 20/20/9 21/21/10 22/22/11
f 23/23/12 24/24/13 20/20/13
f 25/25/14 26/26/14 27/27/14
f 28/28/15 29/29/16 30/30/17
f 31/31/18 32/32/18 33/33/18
f 34/34/19 1/1/19 35/35/19
f 36/36/20 37/37/20 38/38/20
f 39/39/21 40/40/21 19/19/21
f 41/41/22 42/42/22 43/43/22
f 44/44/23 45/45/23 46/46/23
f 47/47/24 48/48/24 49/49/25
f 50/50/26 51/51/26 52/52/26
f 53/53/27 42/42/27 54/54/27
f 55/55/28 56/56/29 57/57/30
f 58/58/31 17/17/31 59/59/31
f 17/17/32 60/60/33 59/59/32
f 61/61/34 62/62/34 63/63/34
f 64/64/35 65/65/35 66/66/35
f 65/65/36 67/67/36 66/66/36
f 68/68/37 69/69/37 70/70/37
f 71/71/38 72/72/38 73/73/38
f 74/74/39 75/75/39 76/76/39
f 77/77/40 78/78/40 79/79/40
f 80/80/41 81/81/41 82/82/41
f 83/83/42 84/84/42 85/85/42
f 81/81/43 86/86/43 82/82/43
f 87/87/44 88/88/44 89/89/44
f 90/90/45 91/91/46 92/92/46
f 93/93/47 89/89/47 94/94/47
f 95/95/48 96/96/48 39/39/49
f 97/97/50 98/98/50 99/99/50
f 100/100/51 101/101/51 102/102/51
f 103/103/52 104/104/52 105/105/52
f 106/106/53 107/107/54 108/108/53
f 109/109/55 110/110/55 111/111/55
f 112/112/56 113/113/56 114/114/56
f 115/115/57 116/116/57 117/117/57
f 118/118/58 119/119/58 120/120/58
f 89/89/59 121/121/59 122/122/59
f 123/123/60 124/124/61 125/125/60
f 126/126/62 127/127/62 128/128/62
f 129/129/63 130/130/63 103/103/63
f 131/131/64 78/78/64 77/77/64
f 132/132/65 133/133/65 134/134/65
f 107/107/66 135/135/66 136/136/66
f 13/13/67 137/137/67 138/138/67
f 139/139/68 140/140/68 141/141/68
f 36/36/69 142/142/69 143/143/69
f 144/144/70 145/145/70 146/146/70
f 142/142/71 147/147/71 143/143/71
f 148/148/72 149/149/72 150/150/72
f 151/151/73 152/152/74 153/153/74
f 154/154/75 155/155/75 156/156/75
f 157/157/76 158/158/76 1/1/76
f 159/159/77 160/160/77 161/161/77
f 162/162/78 163/163/78 164/164/78
f 163/163/79 165/165/79 164/164/80
f 166/166/81 167/167/81 41/41/81
f 3/3/82 22/22/82 168/168/82
f 169/169/83 170/170/83 171/171/84
f 170/170/85 172/172/86 171/171/85
f 173/173/87 95/95/87 19/19/87
f 174/174/88 127/127/88 175/175/88
f 176/176/89 41/41/89 177/177/89
f 178/178/90 172/172/90 179/179/90
f 180/180/91 154/154/91 181/181/91
f 182/182/92 158/158/92 179/179/93
f 183/183/94 184/184/94 81/81/94
f 185/185/95 186/186/96 187/187/95
f 188/188/97 56/56/97 189/189/97
f 2/2/98 1/1/98 190/190/98
f 191/191/99 192/192/99 193/193/99
f 194/194/100 37/37/100 143/143/100
f 195/195/101 196/196/102 197/197/103
f 198/198/104 199/199/104 200/200/104
f 200/200/105 201/201/105 198/198/105
f 202/202/106 203/203/106 45/45/106
f 110/110/107 204/204/107 7/7/107
f 205/205/108 146/146/108 145/145/108
f 206/206/109 207/207/109 208/208/109
f 207/207/110 209/209/110 208/208/110
f 210/210/111 211/211/111 212/212/112
f 213/213/113 214/214/113 136/136/113
f 215/215/114 216/216/114 217/217/114
f 218/218/115 219/219/115 220/220/115
f 221/221/116 222/222/117 223/223/118
f 224/224/119 225/225/120 226/226/119
f 225/225/121 227/227/121 226/226/121
f 228/228/122 229/229/123 230/230/122
f 231/231/124 232/232/125 233/233/124
f 206/206/126 120/120/126 65/65/126
f 120/120/127 67/67/127 65/65/128
f 234/234/129 235/235/130 113/113/129
f 236/236/131 163/163/131 162/162/131
f 221/221/132 188/188/132 237/237/132
f 238/238/133 75/75/133 74/74/134
f 239/239/135 240/240/136 241/241/137
f 242/242/138 200/200/138 243/243/139
f 244/244/140 245/245/140 246/246/140
f 247/247/141 192/192/141 191/191/141
f 200/200/142 199/199/142 243/243/142
f 248/248/143 249/249/143 250/250/143
f 251/251/144 252/252/144 253/253/144
f 254/254/145 255/255/146 256/256/145
f 257/257/147 69/69/147 68/68/147
f 258/258/148 44/44/149 259/259/148
f 260/260/150 261/261/150 262/262/150
f 262/262/151 263/263/151 257/257/151
f 264/264/152 265/265/152 266/266/152
f 267/267/153 268/268/153 269/269/153
f 235/235/154 270/270/154 271/271/154
f 272/272/155 273/273/155 274/274/155
f 275/275/156 267/267/157 276/276/157
f 108/108/158 277/277/159 278/278/158
f 275/275/160 279/279/160 280/280/160
f 281/281/161 282/282/161 184/184/161
f 283/283/162 144/144/162 284/284/162
f 247/247/163 285/285/164 286/286/164
f 287/287/165 288/288/165 156/156/165
f 289/289/166 290/290/167 291/291/166
f 292/292/168 293/293/169 133/133/169
f 294/294/170 295/295/170 251/251/170
f 253/253/171 252/252/171 296/296/171
f 297/297/172 298/298/172 299/299/172
f 121/121/173 300/300/174 263/263/174
f 301/301/175 302/302/175 46/46/175
f 302/302/176 190/190/176 46/46/176
f 303/303/177 304/304/177 305/305/178
f 245/245/179 163/163/179 4/4/179
f 14/14/180 306/306/180 307/307/180
f 308/308/181 309/309/181 114/114/181
f 173/173/182 310/310/182 95/95/182
f 311/311/183 36/36/183 271/271/183
f 153/153/184 312/312/184 313/313/184
f 314/314/185 315/315/185 316/316/185
f 317/317/186 316/316/186 241/241/186
f 318/318/187 319/319/188 50/50/189
f 319/319/190 51/51/191 50/50/190
f 320/320/192 97/97/192 16/16/192
f 50/50/193 321/321/193 322/322/193
f 24/24/194 323/323/194 164/164/194
f 324/324/195 325/325/195 326/326/195
f 327/327/196 328/328/196 329/329/196
f 330/330/197 276/276/197 269/269/197
f 126/126/198 331/331/198 138/138/198
f 219/219/199 218/218/199 332/332/199
f 237/237/200 66/66/200 67/67/200
f 189/189/201 66/66/201 237/237/201
f 332/332/202 218/218/203 120/120/203
f 333/333/204 334/334/204 335/335/204
f 64/64/205 66/66/205 336/336/206
f 336/336/207 66/66/207 189/189/207
f 334/334/208 8/8/208 335/335/208
f 324/324/209 77/77/210 337/337/209
f 21/21/211 20/20/212 244/244/211
f 338/338/213 339/339/213 340/340/213
f 341/341/214 212/212/214 342/342/214
f 341/341/215 264/264/215 72/72/216
f 136/136/217 343/343/218 344/344/217
f 345/345/219 346/346/219 347/347/219
f 267/267/220 348/348/220 268/268/220
f 349/349/221 81/81/221 210/210/221
f 53/53/222 350/350/222 351/351/222
f 33/33/223 352/352/223 353/353/223
f 35/35/224 354/354/224 34/34/224
f 330/330/225 350/350/225 53/53/225
f 355/355/226 127/127/226 356/356/226
f 54/54/227 63/63/227 357/357/227
f 358/358/228 285/285/229 359/359/230
f 360/360/231 161/161/231 280/280/231
f 161/161/232 160/160/232 280/280/232
f 361/361/233 282/282/233 362/362/234
f 363/363/235 167/167/235 364/364/235
f 365/365/236 366/366/236 367/367/236
f 149/149/237 223/223/237 222/222/237
f 222/222/238 220/220/239 149/149/240
f 332/332/241 119/119/242 219/219/241
f 149/149/243 220/220/243 219/219/243
f 149/149/244 148/148/244 223/223/244
f 162/162/245 150/150/245 149/149/245
f 268/268/246 351/351/246 269/269/246
f 223/223/247 368/368/247 188/188/247
f 369/369/248 188/188/249 368/368/249
f 56/56/250 188/188/250 369/369/251
f 148/148/252 24/24/252 368/368/252
f 368/368/253 223/223/253 148/148/253
f 24/24/254 148/148/254 323/323/254
f 370/370/255 244/244/255 246/246/255
f 20/20/256 164/164/256 165/165/256
f 351/351/257 350/350/257 269/269/257
f 196/196/258 195/195/258 343/343/258
f 120/120/259 119/119/259 332/332/259
f 120/120/260 206/206/260 208/208/261
f 221/221/262 67/67/262 220/220/262
f 207/207/263 371/371/263 372/372/263
f 163/163/264 236/236/264 4/4/264
f 373/373/265 374/374/266 375/375/266
f 376/376/267 377/377/267 378/378/267
f 336/336/268 55/55/268 64/64/268
f 55/55/269 336/336/269 189/189/269
f 377/377/270 110/110/270 378/378/270
f 371/371/271 57/57/271 26/26/271
f 379/379/272 352/352/273 380/380/274
f 297/297/275 253/253/275 305/305/275
f 272/272/276 381/381/276 382/382/276
f 381/381/277 383/383/277 102/102/277
f 384/384/278 284/284/278 315/315/279
f 301/301/280 27/27/280 385/385/280
f 45/45/281 203/203/281 301/301/281
f 45/45/282 301/301/282 46/46/282
f 386/386/283 315/315/283 284/284/283
f 387/387/284 63/63/284 388/388/284
f 62/62/285 388/388/285 63/63/286
f 246/246/287 245/245/287 388/388/287
f 388/388/288 62/62/288 246/246/288
f 176/176/289 389/389/289 61/61/289
f 390/390/290 391/391/290 379/379/290
f 389/389/291 62/62/292 61/61/292
f 198/198/293 201/201/293 392/392/293
f 168/168/294 389/389/294 176/176/294
f 393/393/295 177/177/295 394/394/295
f 395/395/296 142/142/297 396/396/296
f 347/347/298 397/397/298 398/398/298
f 397/397/299 399/399/300 400/400/300
f 1/1/301 158/158/302 190/190/301
f 31/31/303 401/401/304 402/402/303
f 403/403/305 404/404/306 405/405/306
f 166/166/307 406/406/307 167/167/307
f 364/364/308 407/407/308 408/408/308
f 409/409/309 85/85/309 410/410/309
f 411/411/310 86/86/310 412/412/310
f 413/413/311 178/178/311 157/157/311
f 225/225/312 130/130/312 129/129/312
f 200/200/313 59/59/313 40/40/313
f 377/377/314 111/111/314 110/110/314
f 414/414/315 294/294/315 134/134/315
f 262/262/316 261/261/316 415/415/316
f 294/294/317 416/416/317 134/134/317
f 13/13/318 405/405/318 308/308/318
f 417/417/319 215/215/319 322/322/320
f 204/204/321 110/110/321 243/243/321
f 418/418/322 419/419/322 420/420/322
f 421/421/323 159/159/323 282/282/323
f 352/352/324 33/33/324 380/380/324
f 33/33/325 32/32/325 380/380/325
f 141/141/326 140/140/326 422/422/326
f 28/28/327 347/347/328 346/346/328
f 423/423/329 424/424/329 96/96/329
f 42/42/330 425/425/331 426/426/330
f 425/425/332 351/351/332 427/427/332
f 164/164/333 323/323/334 150/150/334
f 7/7/335 9/9/336 378/378/336
f 357/357/337 63/63/337 330/330/337
f 182/182/338 428/428/338 259/259/338
f 428/428/339 429/429/339 259/259/339
f 430/430/340 431/431/340 258/258/340
f 271/271/341 36/36/341 432/432/342
f 414/414/343 293/293/343 295/295/344
f 424/424/345 418/418/346 39/39/347
f 390/390/348 225/225/349 433/433/350
f 385/385/351 56/56/352 2/2/351
f 197/197/353 196/196/354 256/256/353
f 434/434/355 435/435/355 7/7/355
f 227/227/356 379/379/356 147/147/356
f 171/171/357 172/172/357 436/436/357
f 364/364/358 408/408/358 363/363/358
f 172/172/359 178/178/359 436/436/359
f 437/437/360 169/169/360 438/438/360
f 438/438/361 404/404/362 437/437/362
f 17/17/363 58/58/363 109/109/363
f 439/439/364 257/257/364 440/440/364
f 441/441/365 186/186/365 442/442/365
f 443/443/366 444/444/367 224/224/366
f 52/52/368 272/272/368 417/417/368
f 46/46/369 158/158/369 259/259/370
f 21/21/10 370/370/371 22/22/11
f 370/370/372 389/389/372 168/168/372
f 98/98/373 97/97/373 320/320/373
f 272/272/374 216/216/374 445/445/374
f 386/386/375 316/316/375 315/315/375
f 236/236/376 446/446/376 209/209/377
f 398/398/378 400/400/379 447/447/379
f 447/447/380 345/345/380 398/398/380
f 26/26/381 25/25/382 372/372/381
f 348/348/383 267/267/384 448/448/383
f 267/267/385 275/275/385 448/448/385
f 449/449/386 450/450/386 355/355/386
f 288/288/387 451/451/388 452/452/387
f 453/453/389 299/299/390 294/294/391
f 111/111/392 377/377/393 454/454/393
f 377/377/393 12/12/394 454/454/393
f 455/455/395 193/193/395 48/48/395
f 79/79/396 78/78/396 456/456/396
f 395/395/397 76/76/397 75/75/397
f 457/457/398 458/458/398 459/459/398
f 458/458/399 325/325/399 459/459/400
f 460/460/401 289/289/401 450/450/401
f 460/460/402 461/461/402 117/117/402
f 462/462/403 272/272/403 52/52/403
f 374/374/404 333/333/404 375/375/404
f 463/463/405 334/334/405 333/333/405
f 333/333/406 374/374/406 463/463/406
f 334/334/407 10/10/407 8/8/407
f 10/10/408 334/334/408 463/463/408
f 9/9/409 10/10/409 464/464/409
f 465/465/410 466/466/410 374/374/410
f 374/374/411 373/373/411 202/202/411
f 374/374/412 202/202/412 465/465/412
f 463/463/413 374/374/413 466/466/413
f 465/465/414 467/467/414 466/466/414
f 431/431/415 467/467/415 465/465/415
f 468/468/416 467/467/416 431/431/416
f 362/362/417 360/360/417 469/469/417
f 391/391/418 390/390/418 470/470/418
f 471/471/419 459/459/419 472/472/420
f 205/205/421 470/470/421 239/239/421
f 279/279/422 473/473/422 280/280/422
f 473/473/423 474/474/423 280/280/423
f 475/475/424 468/468/424 430/430/424
f 430/430/425 468/468/425 431/431/425
f 376/376/426 464/464/426 430/430/426
f 476/476/427 474/474/428 477/477/427
f 477/477/429 478/478/430 476/476/430
f 407/407/431 421/421/431 479/479/431
f 480/480/432 481/481/432 482/482/432
f 209/209/433 446/446/434 208/208/435
f 446/446/434 118/118/436 208/208/435
f 483/483/437 104/104/437 484/484/437
f 260/260/438 92/92/438 485/485/438
f 23/23/439 22/22/440 3/3/439
f 173/173/441 423/423/441 310/310/441
f 170/170/442 437/437/443 486/486/443
f 486/486/444 172/172/444 170/170/444
f 437/437/445 170/170/445 169/169/445
f 487/487/446 443/443/446 226/226/446
f 488/488/447 319/319/447 318/318/447
f 299/299/448 298/298/448 416/416/448
f 401/401/449 38/38/449 37/37/449
f 132/132/450 328/328/450 327/327/450
f 489/489/451 282/282/451 490/490/452
f 85/85/453 491/491/453 365/365/453
f 156/156/454 122/122/455 485/485/456
f 492/492/457 207/207/457 206/206/457
f 292/292/458 493/493/458 279/279/459
f 316/316/460 144/144/460 146/146/460
f 494/494/461 401/401/461 31/31/461
f 1/1/462 3/3/462 35/35/462
f 56/56/463 23/23/463 2/2/463
f 56/56/464 369/369/464 23/23/464
f 104/104/465 86/86/465 484/484/466
f 2/2/467 23/23/467 3/3/467
f 3/3/468 495/495/468 35/35/468
f 104/104/465 412/412/469 86/86/465
f 86/86/470 496/496/470 484/484/470
f 4/4/471 236/236/471 5/5/471
f 5/5/472 497/497/472 6/6/472
f 229/229/473 403/403/474 12/12/475
f 229/229/473 228/228/476 437/437/477
f 14/14/478 498/498/478 456/456/478
f 12/12/475 403/403/474 13/13/479
f 229/229/473 437/437/477 403/403/474
f 456/456/480 499/499/480 15/15/480
f 500/500/481 14/14/482 478/478/483
f 456/456/484 15/15/484 14/14/484
f 17/17/485 19/19/486 60/60/486
f 14/14/482 16/16/487 478/478/483
f 17/17/488 109/109/488 18/18/488
f 123/123/489 93/93/489 473/473/489
f 19/19/490 40/40/491 60/60/490
f 123/123/492 87/87/492 93/93/492
f 93/93/493 501/501/493 473/473/493
f 369/369/494 24/24/494 23/23/494
f 369/369/495 368/368/496 24/24/496
f 22/22/497 23/23/497 20/20/497
f 339/339/498 502/502/499 183/183/500
f 255/255/501 339/339/498 183/183/500
f 339/339/502 503/503/502 502/502/502
f 255/255/503 254/254/503 339/339/504
f 38/38/505 432/432/505 36/36/505
f 28/28/506 31/31/506 33/33/506
f 28/28/15 30/30/17 31/31/507
f 36/36/508 143/143/508 37/37/509
f 504/504/510 41/41/510 43/43/510
f 176/176/511 42/42/512 41/41/512
f 49/49/513 505/505/514 345/345/513
f 139/139/515 47/47/515 506/506/515
f 47/47/516 345/345/516 506/506/516
f 345/345/513 47/47/517 49/49/513
f 348/348/518 448/448/518 427/427/518
f 268/268/519 348/348/519 351/351/519
f 348/348/520 427/427/520 351/351/520
f 176/176/521 61/61/522 54/54/523
f 54/54/524 357/357/524 53/53/524
f 42/42/525 176/176/521 54/54/523
f 53/53/526 425/425/526 42/42/526
f 385/385/527 27/27/527 26/26/527
f 57/57/528 64/64/529 55/55/529
f 56/56/530 385/385/530 57/57/530
f 385/385/531 26/26/532 57/57/532
f 55/55/28 189/189/533 56/56/29
f 51/51/534 283/283/534 462/462/534
f 51/51/535 462/462/535 52/52/535
f 54/54/536 61/61/536 63/63/537
f 507/507/538 400/400/538 399/399/538
f 101/101/539 507/507/539 382/382/539
f 507/507/540 399/399/540 382/382/540
f 508/508/541 68/68/541 70/70/541
f 509/509/542 71/71/542 73/73/542
f 396/396/543 74/74/543 76/76/543
f 212/212/544 489/489/544 490/490/544
f 211/211/545 510/510/545 489/489/545
f 361/361/546 212/212/546 490/490/547
f 212/212/548 211/211/548 489/489/548
f 361/361/546 342/342/549 212/212/546
f 181/181/550 77/77/550 307/307/550
f 181/181/551 337/337/551 77/77/551
f 77/77/552 79/79/552 307/307/552
f 349/349/553 86/86/553 81/81/553
f 349/349/554 496/496/554 86/86/554
f 70/70/555 88/88/555 87/87/555
f 70/70/556 69/69/556 88/88/556
f 93/93/557 87/87/557 89/89/557
f 442/442/558 185/185/558 287/287/558
f 500/500/559 93/93/559 94/94/559
f 442/442/560 90/90/560 92/92/560
f 442/442/561 287/287/561 90/90/561
f 500/500/562 477/477/562 501/501/562
f 19/19/563 95/95/563 39/39/563
f 500/500/564 501/501/564 93/93/564
f 478/478/565 97/97/565 476/476/565
f 478/478/566 16/16/566 97/97/567
f 15/15/568 499/499/568 320/320/568
f 99/99/569 98/98/569 499/499/569
f 499/499/570 98/98/570 320/320/570
f 97/97/571 99/99/571 476/476/571
f 511/511/572 100/100/572 512/512/572
f 513/513/573 101/101/573 514/514/573
f 513/513/574 507/507/575 101/101/575
f 104/104/576 103/103/577 515/515/578
f 100/100/579 102/102/580 512/512/579
f 101/101/581 100/100/581 514/514/581
f 103/103/582 105/105/583 516/516/583
f 412/412/584 104/104/576 515/515/578
f 105/105/583 317/317/585 516/516/583
f 454/454/586 109/109/586 111/111/586
f 309/309/587 112/112/587 114/114/587
f 278/278/588 113/113/588 112/112/588
f 120/120/589 208/208/590 118/118/590
f 422/422/591 140/140/591 517/517/591
f 518/518/592 519/519/592 115/115/592
f 117/117/593 422/422/594 518/518/595
f 518/518/596 520/520/596 519/519/596
f 115/115/597 117/117/597 518/518/597
f 422/422/594 517/517/598 518/518/595
f 118/118/599 219/219/599 119/119/599
f 88/88/600 300/300/600 121/121/600
f 94/94/601 89/89/601 122/122/601
f 88/88/602 121/121/602 89/89/602
f 70/70/603 521/521/604 522/522/603
f 521/521/605 123/123/60 125/125/60
f 508/508/606 70/70/603 522/522/603
f 87/87/607 521/521/607 70/70/607
f 331/331/608 126/126/608 128/128/608
f 521/521/609 87/87/609 123/123/609
f 516/516/610 241/241/610 240/240/610
f 523/523/611 516/516/611 240/240/611
f 129/129/612 103/103/612 516/516/612
f 77/77/613 324/324/614 483/483/613
f 129/129/615 516/516/615 523/523/616
f 509/509/617 78/78/617 131/131/617
f 509/509/618 73/73/618 78/78/618
f 483/483/613 131/131/619 77/77/613
f 524/524/620 134/134/621 298/298/622
f 249/249/623 107/107/623 250/250/623
f 134/134/624 416/416/625 298/298/626
f 132/132/627 134/134/627 524/524/627
f 249/249/628 213/213/628 135/135/628
f 136/136/629 525/525/630 238/238/631
f 238/238/632 108/108/632 107/107/632
f 11/11/633 13/13/633 138/138/633
f 238/238/631 107/107/634 136/136/629
f 249/249/635 135/135/635 107/107/635
f 107/107/636 106/106/636 250/250/636
f 47/47/637 139/139/637 141/141/637
f 317/317/638 326/326/639 314/314/639
f 317/317/640 105/105/640 326/326/640
f 326/326/641 325/325/641 458/458/641
f 326/326/639 458/458/642 314/314/639
f 323/323/643 148/148/643 150/150/643
f 288/288/644 154/154/644 156/156/644
f 526/526/645 155/155/645 154/154/645
f 406/406/646 160/160/646 159/159/646
f 157/157/647 179/179/647 158/158/647
f 34/34/648 413/413/648 1/1/648
f 354/354/649 409/409/649 410/410/649
f 413/413/650 157/157/651 1/1/651
f 34/34/652 367/367/652 413/413/652
f 34/34/653 354/354/653 410/410/653
f 34/34/654 410/410/654 367/367/654
f 406/406/655 166/166/656 160/160/656
f 362/362/657 159/159/657 161/161/657
f 469/469/658 266/266/658 265/265/658
f 361/361/659 469/469/660 342/342/660
f 469/469/660 265/265/661 342/342/660
f 504/504/662 166/166/662 41/41/662
f 495/495/663 3/3/663 168/168/663
f 527/527/664 217/217/664 399/399/664
f 217/217/665 216/216/665 382/382/665
f 217/217/666 382/382/666 399/399/666
f 318/318/667 231/231/667 528/528/667
f 318/318/668 232/232/668 231/231/668
f 231/231/669 529/529/669 528/528/669
f 18/18/670 128/128/671 127/127/670
f 167/167/672 363/363/672 41/41/672
f 174/174/673 175/175/674 530/530/675
f 174/174/673 423/423/676 173/173/677
f 18/18/678 174/174/678 19/19/678
f 175/175/679 291/291/679 530/530/679
f 174/174/680 18/18/670 127/127/670
f 174/174/681 173/173/681 19/19/681
f 363/363/682 408/408/682 177/177/682
f 177/177/683 393/393/683 176/176/683
f 41/41/684 363/363/685 177/177/685
f 172/172/686 531/531/686 179/179/686
f 179/179/687 157/157/687 178/178/687
f 306/306/688 180/180/688 307/307/689
f 180/180/690 526/526/690 154/154/691
f 182/182/92 259/259/692 158/158/92
f 180/180/693 181/181/694 307/307/693
f 179/179/695 531/531/695 182/182/695
f 80/80/696 256/256/697 255/255/696
f 532/532/698 185/185/698 187/187/698
f 80/80/699 183/183/700 81/81/700
f 80/80/701 255/255/701 183/183/701
f 442/442/702 186/186/703 185/185/702
f 237/237/704 188/188/704 189/189/704
f 302/302/705 2/2/705 190/190/705
f 511/511/706 518/518/706 100/100/706
f 517/517/707 514/514/707 518/518/707
f 517/517/708 533/533/709 513/513/708
f 518/518/710 514/514/710 100/100/710
f 517/517/708 513/513/708 514/514/711
f 147/147/712 194/194/712 143/143/713
f 147/147/712 379/379/714 194/194/712
f 443/443/715 195/195/101 197/197/103
f 443/443/715 487/487/716 195/195/101
f 449/449/717 191/191/718 534/534/717
f 191/191/719 193/193/719 534/534/719
f 200/200/720 535/535/720 201/201/720
f 202/202/721 45/45/721 465/465/721
f 27/27/722 203/203/722 25/25/722
f 203/203/723 202/202/723 25/25/723
f 488/488/724 205/205/724 145/145/724
f 45/45/725 431/431/725 465/465/725
f 409/409/726 354/354/727 35/35/726
f 393/393/728 409/409/728 495/495/728
f 409/409/729 35/35/730 495/495/730
f 497/497/731 209/209/731 207/207/731
f 497/497/732 5/5/733 209/209/732
f 341/341/734 210/210/735 212/212/735
f 215/215/736 445/445/736 216/216/736
f 340/340/737 343/343/738 136/136/737
f 136/136/739 135/135/740 213/213/740
f 214/214/741 340/340/742 136/136/741
f 213/213/743 249/249/743 214/214/743
f 527/527/744 215/215/744 217/217/744
f 536/536/745 215/215/746 353/353/746
f 536/536/747 322/322/747 215/215/747
f 67/67/748 218/218/748 220/220/748
f 215/215/746 527/527/749 353/353/746
f 188/188/750 221/221/116 223/223/118
f 432/432/751 494/494/751 359/359/751
f 432/432/752 38/38/752 494/494/752
f 494/494/753 537/537/753 358/358/753
f 494/494/754 358/358/754 359/359/754
f 538/538/755 227/227/755 225/225/755
f 538/538/756 539/539/756 227/227/757
f 428/428/758 228/228/122 230/230/122
f 352/352/759 231/231/124 233/233/124
f 118/118/760 446/446/761 162/162/762
f 219/219/763 118/118/763 149/149/763
f 118/118/760 162/162/762 149/149/764
f 218/218/765 67/67/765 120/120/765
f 446/446/766 236/236/766 162/162/766
f 285/285/767 540/540/767 113/113/767
f 113/113/129 278/278/768 234/234/129
f 235/235/769 285/285/769 113/113/769
f 234/234/770 270/270/770 235/235/770
f 67/67/771 221/221/771 237/237/771
f 277/277/772 238/238/772 74/74/772
f 525/525/773 75/75/773 238/238/773
f 525/525/774 344/344/774 75/75/774
f 129/129/775 523/523/775 433/433/775
f 240/240/136 470/470/776 523/523/777
f 316/316/778 239/239/779 241/241/778
f 470/470/776 240/240/136 239/239/135
f 523/523/777 470/470/776 433/433/780
f 48/48/781 193/193/781 192/192/781
f 541/541/782 48/48/783 247/247/782
f 541/541/784 49/49/784 48/48/784
f 48/48/785 192/192/785 247/247/785
f 542/542/786 114/114/786 113/113/786
f 247/247/787 191/191/788 540/540/787
f 191/191/789 542/542/789 540/540/789
f 542/542/790 113/113/790 540/540/790
f 453/453/791 251/251/791 253/253/791
f 405/405/792 404/404/793 248/248/792
f 248/248/794 438/438/795 169/169/796
f 365/365/797 338/338/797 366/366/798
f 214/214/799 436/436/799 338/338/800
f 250/250/801 112/112/801 309/309/801
f 250/250/802 309/309/803 248/248/804
f 338/338/805 436/436/805 366/366/805
f 249/249/806 169/169/806 171/171/807
f 171/171/808 436/436/799 214/214/799
f 248/248/809 169/169/809 249/249/809
f 214/214/810 249/249/810 171/171/810
f 309/309/803 405/405/811 248/248/804
f 196/196/812 254/254/145 256/256/145
f 429/429/813 258/258/148 259/259/148
f 543/543/814 544/544/814 68/68/814
f 440/440/815 257/257/815 544/544/815
f 544/544/816 257/257/817 68/68/816
f 45/45/818 44/44/818 431/431/818
f 276/276/819 267/267/819 269/269/819
f 44/44/820 258/258/820 431/431/820
f 300/300/821 88/88/821 69/69/821
f 262/262/822 415/415/822 263/263/822
f 439/439/823 260/260/824 262/262/823
f 263/263/825 300/300/826 257/257/826
f 257/257/827 439/439/823 262/262/823
f 300/300/826 69/69/828 257/257/826
f 99/99/829 264/264/829 266/266/829
f 99/99/830 499/499/830 456/456/830
f 99/99/831 456/456/831 264/264/831
f 359/359/832 235/235/832 271/271/832
f 545/545/833 275/275/833 276/276/833
f 381/381/834 272/272/834 274/274/834
f 273/273/835 546/546/835 274/274/835
f 272/272/836 462/462/836 273/273/836
f 250/250/837 108/108/837 112/112/837
f 250/250/838 106/106/838 108/108/838
f 108/108/839 238/238/839 277/277/839
f 277/277/840 234/234/840 278/278/840
f 504/504/841 43/43/842 426/426/841
f 108/108/158 278/278/158 112/112/843
f 547/547/844 548/548/844 284/284/844
f 295/295/845 549/549/845 251/251/845
f 427/427/846 448/448/846 275/275/846
f 427/427/847 275/275/848 280/280/847
f 545/545/849 295/295/850 293/293/850
f 426/426/851 160/160/851 504/504/851
f 426/426/852 280/280/852 160/160/852
f 160/160/853 166/166/853 504/504/853
f 293/293/854 550/550/854 275/275/855
f 280/280/856 426/426/856 427/427/856
f 545/545/857 293/293/858 275/275/857
f 549/549/859 252/252/859 251/251/859
f 550/550/860 279/279/860 275/275/860
f 295/295/861 545/545/862 549/549/861
f 281/281/863 184/184/863 502/502/863
f 489/489/451 510/510/864 282/282/451
f 184/184/865 183/183/865 502/502/865
f 282/282/866 510/510/866 184/184/866
f 551/551/867 283/283/867 548/548/867
f 319/319/868 144/144/868 51/51/868
f 319/319/869 488/488/869 145/145/869
f 286/286/870 541/541/870 247/247/870
f 548/548/871 283/283/871 284/284/871
f 145/145/872 144/144/872 319/319/872
f 144/144/873 283/283/873 51/51/873
f 247/247/874 540/540/874 285/285/874
f 552/552/875 553/553/875 288/288/875
f 90/90/876 287/287/876 156/156/876
f 552/552/877 288/288/877 287/287/877
f 292/292/878 133/133/878 327/327/878
f 175/175/879 355/355/879 450/450/879
f 554/554/880 290/290/880 460/460/880
f 554/554/881 555/555/882 556/556/881
f 556/556/883 557/557/883 558/558/883
f 289/289/884 291/291/884 450/450/884
f 558/558/885 290/290/885 556/556/885
f 290/290/886 289/289/886 460/460/886
f 291/291/887 175/175/887 450/450/887
f 290/290/888 554/554/888 556/556/888
f 414/414/889 134/134/889 133/133/889
f 493/493/890 292/292/890 327/327/890
f 293/293/891 414/414/891 133/133/891
f 485/485/892 121/121/892 263/263/892
f 292/292/893 550/550/894 293/293/894
f 358/358/895 537/537/895 505/505/895
f 505/505/896 49/49/896 541/541/896
f 358/358/897 505/505/898 286/286/898
f 505/505/899 541/541/899 286/286/899
f 253/253/900 296/296/900 387/387/900
f 387/387/901 388/388/901 245/245/901
f 20/20/902 165/165/902 244/244/902
f 559/559/903 245/245/903 4/4/903
f 559/559/904 303/303/904 305/305/905
f 387/387/906 559/559/906 253/253/906
f 559/559/907 305/305/907 253/253/907
f 387/387/908 245/245/909 559/559/908
f 114/114/910 542/542/910 308/308/910
f 165/165/911 163/163/912 245/245/912
f 165/165/913 245/245/913 244/244/913
f 14/14/914 307/307/914 498/498/914
f 180/180/688 306/306/688 526/526/915
f 307/307/916 79/79/916 498/498/916
f 306/306/917 14/14/917 526/526/917
f 308/308/918 405/405/918 309/309/918
f 270/270/919 396/396/920 271/271/921
f 270/270/922 234/234/922 277/277/922
f 396/396/920 270/270/919 74/74/923
f 311/311/924 142/142/924 36/36/925
f 396/396/926 311/311/926 271/271/926
f 270/270/927 277/277/927 74/74/927
f 560/560/928 153/153/928 313/313/928
f 152/152/929 312/312/929 153/153/929
f 549/549/930 63/63/930 387/387/930
f 252/252/931 549/549/931 296/296/932
f 549/549/933 387/387/933 296/296/933
f 516/516/934 317/317/934 241/241/934
f 314/314/935 316/316/935 317/317/935
f 542/542/936 191/191/936 449/449/936
f 449/449/937 356/356/938 126/126/937
f 542/542/939 449/449/939 308/308/939
f 449/449/940 126/126/940 308/308/940
f 15/15/941 320/320/942 16/16/943
f 50/50/944 52/52/944 321/321/944
f 536/536/945 50/50/945 322/322/945
f 232/232/946 318/318/946 233/233/946
f 50/50/189 536/536/947 318/318/187
f 318/318/948 536/536/948 233/233/948
f 20/20/949 24/24/949 164/164/949
f 483/483/950 324/324/950 326/326/950
f 493/493/951 327/327/951 329/329/951
f 330/330/952 63/63/952 549/549/952
f 549/549/953 545/545/953 276/276/953
f 350/350/954 330/330/955 269/269/955
f 549/549/956 276/276/956 330/330/956
f 137/137/957 126/126/957 138/138/957
f 281/281/958 502/502/958 503/503/958
f 421/421/959 281/281/960 479/479/960
f 281/281/960 503/503/961 479/479/960
f 452/452/962 451/451/962 472/472/962
f 472/472/963 459/459/963 325/325/963
f 370/370/964 21/21/211 244/244/211
f 452/452/965 324/324/209 337/337/209
f 452/452/966 472/472/966 325/325/966
f 452/452/967 325/325/967 324/324/967
f 12/12/968 376/376/968 229/229/968
f 339/339/969 338/338/969 503/503/969
f 214/214/970 338/338/970 340/340/970
f 338/338/971 479/479/971 503/503/971
f 12/12/972 377/377/972 376/376/973
f 376/376/974 230/230/974 229/229/974
f 342/342/975 265/265/975 264/264/975
f 71/71/976 341/341/976 72/72/976
f 342/342/977 264/264/977 341/341/978
f 525/525/979 136/136/979 344/344/979
f 398/398/980 345/345/980 347/347/980
f 505/505/981 346/346/981 345/345/981
f 391/391/982 205/205/982 488/488/982
f 529/529/983 391/391/983 528/528/983
f 391/391/984 488/488/984 528/528/984
f 33/33/985 353/353/986 28/28/986
f 233/233/987 536/536/987 352/352/987
f 353/353/986 397/397/988 28/28/986
f 352/352/989 536/536/990 353/353/989
f 211/211/991 210/210/992 184/184/992
f 184/184/993 510/510/993 211/211/993
f 210/210/994 81/81/994 184/184/994
f 355/355/995 175/175/995 127/127/995
f 127/127/996 126/126/996 356/356/996
f 358/358/228 286/286/997 285/285/229
f 285/285/998 235/235/999 359/359/999
f 362/362/1000 469/469/1000 361/361/1000
f 361/361/1001 490/490/1001 282/282/1001
f 282/282/1002 159/159/1002 362/362/1002
f 410/410/1003 365/365/1003 367/367/1003
f 155/155/1004 526/526/1004 14/14/1005
f 14/14/1006 500/500/1006 94/94/1006
f 155/155/1007 14/14/1007 122/122/1007
f 14/14/1008 94/94/1008 122/122/1008
f 340/340/1009 196/196/1009 343/343/1009
f 340/340/1010 339/339/1011 254/254/1012
f 222/222/1013 221/221/1013 220/220/1013
f 340/340/1010 254/254/1012 196/196/1014
f 372/372/1015 561/561/1015 497/497/1015
f 492/492/1016 371/371/1016 207/207/1016
f 497/497/1017 207/207/1017 372/372/1017
f 467/467/1018 468/468/1019 466/466/1019
f 475/475/1020 463/463/1020 468/468/1020
f 10/10/1021 463/463/1021 464/464/1021
f 463/463/1022 475/475/1022 464/464/1023
f 468/468/1019 463/463/1024 466/466/1019
f 375/375/1025 6/6/1026 497/497/1026
f 373/373/1027 375/375/1027 561/561/1027
f 375/375/1028 497/497/1028 561/561/1028
f 529/529/1029 231/231/1029 352/352/1029
f 297/297/1030 453/453/1030 253/253/1030
f 379/379/272 380/380/274 194/194/1031
f 529/529/1032 352/352/1033 391/391/1033
f 352/352/1033 379/379/1034 391/391/1033
f 380/380/274 402/402/1035 194/194/1031
f 305/305/1036 298/298/1036 297/297/1036
f 202/202/1037 561/561/1038 25/25/1037
f 202/202/1039 373/373/1039 561/561/1039
f 561/561/1040 372/372/1040 25/25/1040
f 381/381/1041 101/101/1041 382/382/1041
f 101/101/1042 381/381/1042 102/102/1042
f 314/314/1043 384/384/1043 315/315/1043
f 302/302/1044 301/301/1044 385/385/1044
f 203/203/1045 27/27/1045 301/301/1045
f 144/144/1046 386/386/1046 284/284/1046
f 430/430/1047 429/429/1047 230/230/1047
f 430/430/1048 258/258/1048 429/429/1048
f 429/429/1049 428/428/1049 230/230/1049
f 539/539/1050 390/390/1050 379/379/1050
f 539/539/1051 538/538/1051 390/390/1051
f 246/246/1052 62/62/1052 389/389/1052
f 6/6/1053 375/375/1054 333/333/1054
f 198/198/1055 6/6/1055 562/562/1055
f 201/201/1056 535/535/1056 420/420/1056
f 392/392/1057 201/201/1058 419/419/1057
f 6/6/1059 333/333/1060 335/335/1059
f 201/201/1061 420/420/1061 419/419/1061
f 83/83/1062 394/394/1062 177/177/1062
f 6/6/1063 335/335/1064 562/562/1063
f 6/6/1065 198/198/1065 392/392/1065
f 84/84/1066 83/83/1066 408/408/1066
f 83/83/1067 177/177/1067 408/408/1067
f 76/76/1068 395/395/296 396/396/296
f 395/395/1069 563/563/1069 147/147/1069
f 395/395/1070 147/147/1070 142/142/1070
f 142/142/1071 311/311/1071 396/396/1071
f 495/495/1072 168/168/1072 393/393/1072
f 168/168/1073 176/176/1073 393/393/1074
f 552/552/1075 287/287/1075 185/185/1075
f 399/399/1076 397/397/1076 527/527/1076
f 397/397/1077 353/353/1077 527/527/1077
f 397/397/1078 400/400/1078 398/398/1078
f 380/380/1079 31/31/303 402/402/303
f 380/380/1080 32/32/1080 31/31/1080
f 564/564/1081 552/552/1081 532/532/1081
f 552/552/1082 185/185/1082 532/532/1082
f 407/407/1083 364/364/1084 406/406/1084
f 407/407/1085 491/491/1085 84/84/1085
f 406/406/1086 364/364/1086 167/167/1086
f 407/407/1087 84/84/1087 408/408/1087
f 565/565/1088 82/82/1088 86/86/1089
f 515/515/1090 411/411/1090 412/412/1090
f 565/565/1091 86/86/1092 411/411/1091
f 433/433/1093 225/225/1093 129/129/1093
f 224/224/1094 130/130/1094 225/225/1094
f 224/224/1095 444/444/1095 130/130/1095
f 57/57/1096 492/492/1096 64/64/1096
f 57/57/1097 371/371/1098 492/492/1098
f 492/492/1099 65/65/1099 64/64/1099
f 200/200/1100 242/242/1100 59/59/1100
f 59/59/1101 60/60/1101 40/40/1101
f 126/126/1102 137/137/1103 308/308/1102
f 403/403/1104 405/405/1104 13/13/1104
f 322/322/1105 321/321/1105 417/417/1105
f 137/137/1106 13/13/1106 308/308/1106
f 417/417/319 445/445/1107 215/215/319
f 109/109/1108 58/58/1108 110/110/1108
f 58/58/1109 59/59/1109 242/242/1110
f 243/243/1111 434/434/1111 204/204/1111
f 110/110/1112 58/58/1112 243/243/1112
f 58/58/1113 242/242/1113 243/243/1113
f 39/39/1114 418/418/1115 420/420/1114
f 281/281/1116 421/421/1116 282/282/1116
f 458/458/1117 457/457/1117 566/566/1117
f 159/159/1118 421/421/1118 406/406/1118
f 421/421/1119 407/407/1119 406/406/1119
f 314/314/1120 458/458/1120 384/384/1120
f 458/458/1121 566/566/1121 384/384/1121
f 346/346/1122 29/29/1122 28/28/1122
f 28/28/1123 397/397/1123 347/347/1123
f 482/482/1124 567/567/1124 424/424/1125
f 567/567/1126 568/568/1126 424/424/1126
f 43/43/1127 42/42/1127 426/426/1127
f 423/423/1128 96/96/1129 310/310/1128
f 423/423/676 174/174/673 530/530/675
f 96/96/1130 95/95/1131 310/310/1130
f 530/530/1132 291/291/1132 482/482/1132
f 530/530/1133 482/482/1134 423/423/1133
f 423/423/1135 482/482/1135 424/424/1135
f 425/425/1136 53/53/1136 351/351/1136
f 427/427/1137 426/426/1137 425/425/1137
f 162/162/1138 164/164/1138 150/150/1138
f 110/110/1139 7/7/1139 378/378/1139
f 53/53/1140 357/357/1140 330/330/1140
f 7/7/1141 562/562/1141 8/8/1141
f 7/7/1142 435/435/1142 562/562/1142
f 562/562/1143 335/335/1143 8/8/1143
f 359/359/1144 271/271/1144 432/432/1144
f 294/294/1145 414/414/1145 295/295/1145
f 96/96/1146 424/424/345 39/39/347
f 470/470/1147 390/390/1147 433/433/1147
f 538/538/1148 225/225/349 390/390/348
f 302/302/1149 385/385/351 2/2/351
f 80/80/1150 82/82/1151 565/565/1150
f 204/204/1152 434/434/1152 7/7/1152
f 80/80/1153 197/197/353 256/256/353
f 80/80/1150 565/565/1150 197/197/1154
f 147/147/1155 563/563/1155 227/227/1155
f 227/227/1156 539/539/1156 379/379/1156
f 394/394/1157 83/83/1157 85/85/1157
f 393/393/1158 394/394/1158 409/409/1158
f 394/394/1159 85/85/1159 409/409/1159
f 152/152/1160 151/151/1160 312/312/1160
f 569/569/1161 471/471/1161 151/151/1161
f 553/553/1162 564/564/1162 471/471/1163
f 553/553/1164 552/552/1164 564/564/1164
f 151/151/1165 471/471/1165 312/312/1165
f 471/471/1166 564/564/1166 312/312/1166
f 438/438/795 248/248/794 404/404/1167
f 404/404/1168 403/403/1168 437/437/1168
f 128/128/1169 18/18/1170 109/109/1170
f 454/454/1171 12/12/1171 11/11/1171
f 11/11/1172 138/138/1172 331/331/1173
f 109/109/1174 454/454/1175 128/128/1175
f 454/454/1176 11/11/1176 331/331/1176
f 454/454/1175 331/331/1177 128/128/1175
f 441/441/1178 92/92/1179 439/439/1178
f 92/92/1180 441/441/1180 442/442/1180
f 440/440/1181 441/441/1181 439/439/1181
f 565/565/1182 411/411/1182 197/197/1182
f 444/444/1183 443/443/1183 411/411/1183
f 226/226/1184 443/443/1184 224/224/1184
f 411/411/1185 443/443/1185 197/197/1185
f 321/321/1186 52/52/1186 417/417/1186
f 44/44/1187 46/46/1187 259/259/1187
f 190/190/1188 158/158/369 46/46/369
f 436/436/1189 413/413/1190 366/366/1190
f 436/436/1191 178/178/1191 413/413/1191
f 413/413/1192 367/367/1192 366/366/1192
f 370/370/1193 246/246/1193 389/389/1193
f 417/417/1194 272/272/1194 445/445/1194
f 370/370/1195 168/168/1195 22/22/1195
f 382/382/1196 216/216/1196 272/272/1196
f 5/5/1197 236/236/1197 209/209/1197
f 346/346/1198 505/505/1198 29/29/1198
f 30/30/1199 29/29/1200 537/537/1199
f 537/537/1201 494/494/1201 30/30/1201
f 29/29/1202 505/505/1202 537/537/1202
f 447/447/1203 506/506/1203 345/345/1203
f 371/371/1204 26/26/381 372/372/381
f 428/428/1205 182/182/1205 531/531/1205
f 531/531/1206 172/172/1206 486/486/1206
f 486/486/1207 437/437/1207 228/228/1207
f 531/531/1208 486/486/1208 428/428/1208
f 486/486/1209 228/228/1209 428/428/1209
f 534/534/1210 570/570/1210 450/450/1210
f 356/356/1211 449/449/1211 355/355/1211
f 534/534/1212 450/450/1212 449/449/1212
f 553/553/1213 472/472/1213 451/451/1213
f 337/337/1214 288/288/387 452/452/387
f 337/337/1215 181/181/1215 154/154/1215
f 288/288/1216 553/553/1216 451/451/1216
f 154/154/1217 288/288/1218 337/337/1217
f 251/251/1219 453/453/389 294/294/391
f 297/297/1220 299/299/1221 453/453/1221
f 496/496/1222 210/210/1223 484/484/1223
f 496/496/1224 349/349/1224 210/210/1224
f 210/210/1225 341/341/1225 71/71/1225
f 131/131/1226 210/210/1226 509/509/1226
f 210/210/1227 71/71/1227 509/509/1227
f 210/210/1223 131/131/1228 484/484/1223
f 47/47/1229 455/455/1229 48/48/1230
f 422/422/1231 455/455/1231 141/141/1231
f 455/455/1232 461/461/1232 570/570/1232
f 570/570/1233 534/534/1233 193/193/1233
f 447/447/1234 400/400/1234 507/507/1234
f 455/455/1235 570/570/1235 193/193/1235
f 455/455/1229 47/47/1229 141/141/1236
f 264/264/1237 78/78/1237 72/72/1237
f 456/456/1238 498/498/1238 79/79/1238
f 78/78/1239 264/264/1240 456/456/1240
f 78/78/1241 73/73/1241 72/72/1241
f 533/533/1242 447/447/1242 513/513/1242
f 447/447/1243 507/507/1243 513/513/1243
f 344/344/1244 395/395/1244 75/75/1244
f 344/344/1245 343/343/1245 195/195/1245
f 344/344/1246 195/195/1246 487/487/1246
f 395/395/1247 344/344/1247 487/487/1247
f 140/140/1248 506/506/1248 517/517/1248
f 140/140/1249 139/139/1249 506/506/1249
f 506/506/1250 447/447/1250 533/533/1250
f 506/506/1251 533/533/1251 517/517/1251
f 461/461/1252 460/460/1252 570/570/1252
f 461/461/1253 455/455/1253 422/422/1253
f 554/554/1254 460/460/1254 117/117/1255
f 461/461/1256 422/422/1256 117/117/1257
f 460/460/1258 450/450/1258 570/570/1259
f 435/435/1260 199/199/1261 562/562/1260
f 243/243/1262 199/199/1262 434/434/1262
f 199/199/1263 435/435/1263 434/434/1263
f 199/199/1264 198/198/1264 562/562/1264
f 362/362/1265 161/161/1265 360/360/1265
f 476/476/1266 469/469/1266 474/474/1266
f 266/266/1267 469/469/1268 99/99/1269
f 469/469/1270 476/476/1270 99/99/1270
f 469/469/1271 360/360/1271 474/474/1271
f 459/459/1272 471/471/1272 457/457/1272
f 553/553/1273 471/471/1273 472/472/1273
f 471/471/1274 566/566/1274 457/457/1274
f 146/146/1275 205/205/1275 239/239/1275
f 391/391/1276 470/470/1276 205/205/1276
f 569/569/1277 284/284/1278 384/384/1277
f 471/471/1279 569/569/1279 566/566/1279
f 569/569/1280 384/384/1280 566/566/1280
f 39/39/1281 535/535/1281 40/40/1281
f 474/474/1282 473/473/1283 477/477/1282
f 473/473/1284 501/501/1285 477/477/1285
f 474/474/1286 360/360/1286 280/280/1286
f 230/230/1287 376/376/1288 430/430/1287
f 9/9/1289 464/464/1289 378/378/1289
f 464/464/1290 475/475/1290 430/430/1291
f 464/464/1292 376/376/1292 378/378/1292
f 39/39/1114 420/420/1114 535/535/1293
f 535/535/1294 200/200/1294 40/40/1294
f 477/477/1295 500/500/1295 478/478/1295
f 338/338/1296 365/365/1297 491/491/1296
f 479/479/1298 338/338/1296 491/491/1296
f 103/103/1299 444/444/1299 515/515/1300
f 407/407/1301 479/479/1302 491/491/1301
f 103/103/1303 130/130/1303 444/444/1303
f 444/444/1304 411/411/1304 515/515/1304
f 290/290/1305 480/480/1305 291/291/1305
f 480/480/1306 482/482/1306 291/291/1306
f 131/131/1307 483/483/1308 484/484/1308
f 326/326/1309 104/104/1309 483/483/1309
f 326/326/1310 105/105/1311 104/104/1310
f 485/485/1312 263/263/1312 415/415/1312
f 415/415/1313 261/261/1313 260/260/1313
f 260/260/1314 439/439/1314 92/92/1314
f 92/92/1315 91/91/1315 485/485/1315
f 485/485/1316 415/415/1316 260/260/1316
f 227/227/1317 487/487/1317 226/226/1317
f 395/395/1318 487/487/1318 563/563/1318
f 487/487/1319 227/227/1320 563/563/1320
f 528/528/1321 488/488/1321 318/318/1321
f 294/294/1322 299/299/1322 416/416/1322
f 133/133/1323 132/132/1323 327/327/1323
f 194/194/1324 401/401/1324 37/37/1324
f 194/194/1325 402/402/1326 401/401/1327
f 410/410/1328 85/85/1328 365/365/1328
f 84/84/1329 491/491/1329 85/85/1329
f 156/156/454 485/485/456 90/90/1330
f 156/156/1331 155/155/1331 122/122/1331
f 122/122/1332 121/121/1332 485/485/1332
f 65/65/1333 492/492/1333 206/206/1333
f 485/485/1334 91/91/1334 90/90/1334
f 550/550/1335 292/292/1335 279/279/1335
f 146/146/1336 239/239/1336 316/316/1336
f 316/316/1337 386/386/1337 144/144/1337
f 31/31/1338 30/30/1338 494/494/1338
f 494/494/1339 38/38/1339 401/401/1340
