# Blender v3.0.1 OBJ File: ''
# www.blender.org
mtllib sb2_new.mtl
o obj1
v -0.005679 -0.017779 0.002271
v -0.006020 -0.017406 0.001962
v -0.005733 -0.017683 0.001578
v 0.003821 -0.003854 0.003256
v 0.003849 -0.003957 0.003698
v 0.005060 -0.003564 0.003008
v -0.009832 -0.010990 0.000774
v -0.010017 -0.010904 -0.000478
v -0.009764 -0.012500 -0.000087
v -0.002540 -0.020746 -0.002645
v -0.002469 -0.020821 -0.002635
v -0.002910 -0.020690 -0.002362
v 0.000942 -0.016933 0.006312
v 0.001019 -0.016550 0.006520
v 0.000620 -0.016502 0.006521
v -0.000869 -0.021529 -0.000993
v -0.001144 -0.021152 -0.000220
v -0.001538 -0.021094 -0.000181
v -0.005279 -0.018796 0.001813
v -0.005396 -0.018053 0.001427
v -0.005388 -0.018111 0.001227
v -0.002157 -0.021223 -0.002152
v -0.002548 -0.021146 -0.002119
v -0.002552 -0.021110 -0.002211
v 0.009988 -0.011127 0.001421
v 0.010311 -0.010058 -0.000582
v 0.010215 -0.008323 0.001058
v -0.009349 -0.012124 -0.002336
v -0.009694 -0.010225 -0.002377
v -0.008342 -0.009053 -0.005051
v 0.000025 -0.005779 -0.007646
v -0.002274 -0.005076 -0.007287
v -0.001790 -0.004731 -0.007027
v 0.001455 -0.005823 -0.001281
v 0.000474 -0.006747 -0.000528
v 0.000595 -0.006722 -0.000389
v -0.006725 -0.017913 0.000104
v -0.006475 -0.018279 0.000167
v -0.006811 -0.017339 0.000380
v 0.002915 -0.020099 -0.001898
v 0.003849 -0.019580 -0.001457
v 0.003677 -0.019910 -0.001217
v -0.008529 -0.005457 0.001625
v -0.009224 -0.006463 0.000735
v -0.008685 -0.006882 0.002446
v -0.009069 -0.012331 0.002282
v -0.009226 -0.012418 0.001908
v -0.008825 -0.013758 0.001793
v -0.002522 -0.004832 0.006404
v -0.002936 -0.004812 0.006299
v -0.002953 -0.005138 0.006619
v -0.001021 -0.006742 0.008042
v -0.002123 -0.004881 0.006402
v -0.001046 -0.007016 0.008206
v -0.003120 -0.006923 0.007641
v -0.009560 -0.010420 0.001421
v -0.009339 -0.006557 0.000358
v -0.009967 -0.010301 0.000190
v 0.008680 -0.009724 0.003736
v 0.008697 -0.009516 0.003586
v 0.008354 -0.009358 0.003995
v -0.005263 -0.019019 0.001034
v -0.005491 -0.018325 0.000880
v -0.005584 -0.018758 0.000590
v 0.007904 -0.015822 0.001708
v 0.006771 -0.017780 0.000715
v 0.006858 -0.017666 0.000672
v -0.000066 -0.021520 -0.001107
v -0.000475 -0.021583 -0.001033
v -0.000066 -0.021519 -0.001107
v 0.004252 -0.004273 0.004146
v 0.005460 -0.003900 0.003461
v -0.001797 -0.003318 0.003190
v -0.002185 -0.003436 0.003555
v -0.002173 -0.003517 0.003804
v -0.009589 -0.013026 -0.000389
v -0.007319 -0.016984 -0.000063
v -0.007351 -0.016800 0.000311
v -0.003782 -0.020097 0.000281
v -0.004558 -0.019551 -0.000176
v -0.003082 -0.020605 -0.000098
v -0.004552 -0.006480 -0.007648
v -0.003877 -0.005116 -0.006987
v -0.006090 -0.018958 -0.000123
v -0.005657 -0.019025 0.000253
v -0.006027 -0.018771 0.000236
v -0.001757 -0.006527 -0.008092
v 0.002920 -0.011750 0.008000
v 0.003167 -0.011349 0.008044
v 0.002040 -0.011066 0.008554
v 0.000212 -0.017014 0.006016
v 0.000471 -0.017172 0.006023
v 0.000521 -0.016986 0.006250
v 0.000008 -0.017350 0.005716
v -0.000336 -0.017002 0.005824
v 0.002929 -0.016668 0.005449
v 0.002550 -0.016582 0.005590
v 0.002540 -0.016655 0.005599
v 0.002764 -0.020677 0.001596
v 0.002750 -0.020487 0.001157
v 0.003195 -0.020459 0.001506
v 0.006688 -0.017022 0.002864
v 0.007485 -0.015818 0.003020
v 0.006899 -0.016097 0.003593
v 0.000424 -0.015182 0.006653
v 0.000758 -0.015650 0.006624
v 0.000819 -0.015239 0.006623
v -0.006446 -0.018584 -0.000174
v -0.006135 -0.018994 -0.000525
v -0.006491 -0.018623 -0.000576
v 0.006336 -0.008335 0.006731
v 0.006856 -0.006980 0.005819
v 0.003860 -0.005916 0.006804
v -0.009986 -0.009460 -0.001287
v -0.009737 -0.008939 -0.002297
v -0.009831 -0.010111 -0.002035
v 0.003006 -0.003962 0.003398
v 0.002940 -0.004167 0.003044
v 0.001086 -0.003587 0.003981
v 0.008197 -0.015366 0.001964
v 0.006769 -0.017100 0.002625
v 0.004542 -0.009984 0.007536
v 0.004923 -0.010068 0.007404
v 0.004989 -0.009647 0.007436
v -0.008726 -0.005200 -0.000508
v -0.008529 -0.005457 0.001625
v -0.007821 -0.004115 0.000750
v 0.000664 -0.016250 0.006586
v 0.001095 -0.016113 0.006618
v 0.001047 -0.016400 0.006573
v 0.001376 -0.020224 -0.000816
v 0.001439 -0.020041 -0.000455
v 0.001123 -0.020197 -0.000369
v 0.000950 -0.020433 -0.000701
v 0.005345 -0.016337 0.004702
v 0.002721 -0.019647 0.003728
v -0.000990 -0.021523 -0.002233
v -0.000997 -0.021386 -0.002514
v -0.000596 -0.021432 -0.002504
v -0.002511 -0.012736 -0.008135
v -0.002605 -0.012050 -0.008306
v -0.001899 -0.012831 -0.008206
v 0.000172 -0.006771 -0.000479
v 0.000207 -0.006816 -0.000054
v 0.008056 -0.011234 0.004644
v 0.008205 -0.010815 0.004707
v 0.007624 -0.010005 0.005833
v 0.003133 -0.020300 0.000635
v 0.003557 -0.020201 0.000661
v 0.003179 -0.020404 0.001260
v -0.005858 -0.003899 -0.004179
v -0.006127 -0.004024 -0.004108
v -0.006775 -0.003534 -0.001640
v -0.007541 -0.004040 -0.001818
v -0.001762 -0.020944 -0.002699
v -0.002169 -0.020996 -0.002629
v -0.002162 -0.020885 -0.002727
v 0.002972 -0.020422 0.001108
v 0.002120 -0.020404 0.000803
v 0.001896 -0.020244 0.000373
v 0.003093 -0.020278 0.000191
v -0.005189 -0.019140 0.001056
v -0.005057 -0.019049 0.002268
v 0.003562 -0.003936 0.003314
v 0.003292 -0.004237 0.002595
v 0.009725 -0.006830 0.001678
v 0.009606 -0.006283 0.000598
v 0.009266 -0.005732 0.000916
v 0.009854 -0.007262 -0.001266
v 0.009652 -0.006387 0.000252
v 0.004827 -0.009210 -0.007328
v 0.005491 -0.009655 -0.007135
v 0.005752 -0.010084 -0.007057
v 0.000327 -0.015730 0.006494
v -0.004999 -0.019163 -0.002310
v -0.004749 -0.019791 -0.001759
v -0.005093 -0.019317 -0.001838
v -0.006014 -0.004152 -0.004508
v -0.006793 -0.004655 -0.004266
v 0.001583 -0.015404 0.006370
v 0.001205 -0.015313 0.006527
v -0.003096 -0.020896 -0.001692
v -0.004670 -0.019881 -0.001745
v -0.004194 -0.020063 -0.002181
v 0.001363 -0.005518 -0.006834
v 0.001123 -0.004862 -0.006140
v 0.002304 -0.005380 -0.005746
v 0.002668 -0.019855 0.003508
v 0.003299 -0.020270 0.002278
v 0.003934 -0.019845 0.002076
v 0.008573 -0.010142 0.004281
v 0.008556 -0.010529 0.004386
v 0.009024 -0.009995 0.003515
v -0.002166 -0.021185 -0.002308
v -0.002526 -0.020476 -0.002919
v -0.002912 -0.020508 -0.002657
v 0.009274 -0.010919 0.003323
v 0.009706 -0.009864 0.002795
v 0.009379 -0.010130 0.003195
v 0.000858 -0.020854 -0.000994
v 0.001030 -0.021293 -0.001318
v 0.001257 -0.020867 -0.001045
v 0.008515 -0.011413 0.004210
v 0.006978 -0.004283 0.002935
v 0.006953 -0.005481 0.004514
v 0.007916 -0.005926 0.004081
v 0.007302 -0.006062 0.004815
v 0.008600 -0.013315 0.003452
v 0.008837 -0.012961 0.003325
v 0.008358 -0.013169 0.003864
v 0.009879 -0.010000 0.002389
v 0.009832 -0.011383 0.001929
v 0.008468 -0.011460 0.004229
v -0.000981 -0.003430 0.003388
v -0.001417 -0.003382 0.003017
v 0.007173 -0.003650 -0.000188
v 0.006041 -0.003066 -0.000188
v 0.006080 -0.003077 0.000228
v 0.002074 -0.020448 0.002494
v 0.002214 -0.020100 0.003392
v 0.000495 -0.020566 0.003162
v -0.005733 -0.017683 0.001578
v -0.006020 -0.017406 0.001962
v -0.006131 -0.017720 0.000807
v -0.000252 -0.016546 0.005988
v 0.000548 -0.016868 0.006349
v 0.002113 -0.004644 -0.004662
v 0.003021 -0.004443 -0.004004
v 0.004392 -0.005367 -0.005201
v -0.006392 -0.016850 0.002283
v -0.006991 -0.016481 0.001849
v -0.006778 -0.016715 0.001882
v -0.006392 -0.016850 0.002283
v -0.005616 -0.017719 0.002826
v -0.007197 -0.016533 0.001473
v -0.007170 -0.016565 0.001478
v 0.004217 -0.019212 -0.001478
v 0.004385 -0.019241 -0.000657
v -0.005396 -0.018053 0.001427
v -0.005418 -0.018063 0.001218
v -0.005388 -0.018111 0.001227
v 0.004392 -0.019351 -0.000417
v 0.010131 -0.008200 0.001455
v 0.010085 -0.007803 0.001356
v -0.005461 -0.018178 0.000958
v -0.005418 -0.018063 0.001218
v -0.007071 -0.016018 0.001969
v -0.007125 -0.016273 0.001812
v -0.004456 -0.019703 0.001105
v -0.004854 -0.019352 0.000648
v 0.007177 -0.007822 0.005945
v 0.007948 -0.008938 0.005300
v 0.008259 -0.007844 0.004857
v 0.008295 -0.009321 0.004100
v 0.008124 -0.009464 0.004998
v -0.004239 -0.015757 0.005579
v -0.001174 -0.019133 0.004682
v -0.002223 -0.014280 0.007295
v -0.000643 -0.012500 0.008259
v -0.002315 -0.009297 0.008486
v -0.004148 -0.011015 0.007555
v 0.006765 -0.010442 -0.006408
v 0.006992 -0.011993 -0.005868
v 0.006258 -0.010895 -0.006745
v -0.002922 -0.020259 -0.003141
v 0.008045 -0.011823 -0.004817
v 0.007743 -0.011888 -0.005176
v 0.007752 -0.011500 -0.005281
v 0.008624 -0.013813 0.000235
v 0.008191 -0.015475 0.001576
v 0.007428 -0.015017 -0.003042
v 0.000453 -0.015022 0.006705
v -0.010018 -0.010403 -0.000194
v -0.010007 -0.010626 -0.000972
v 0.005211 -0.010624 0.007044
v 0.005162 -0.010138 0.007260
v -0.006015 -0.011176 -0.007099
v -0.007477 -0.014757 -0.004096
v -0.006647 -0.010171 -0.006785
v 0.004256 -0.005678 0.006336
v 0.004514 -0.005754 0.006178
v -0.005920 -0.003962 0.003581
v -0.005481 -0.003641 0.003424
v -0.005483 -0.003504 0.003192
v -0.000913 -0.021171 -0.000246
v -0.000342 -0.021157 -0.000329
v -0.000289 -0.021054 0.000055
v -0.001808 -0.003302 0.003049
v -0.002202 -0.003280 0.003149
v -0.005835 -0.018901 -0.001748
v -0.006165 -0.018907 -0.000963
v -0.006449 -0.018615 -0.001002
v -0.002992 -0.002875 0.002759
v -0.002204 -0.003256 0.003092
v -0.001848 -0.003299 0.002636
v 0.005789 -0.003470 -0.002137
v 0.008540 -0.013131 -0.000353
v 0.008709 -0.013436 0.000123
v 0.001009 -0.020275 -0.000333
v 0.000750 -0.020530 -0.000229
v 0.002946 -0.020587 0.001993
v 0.003236 -0.020451 0.001916
v 0.001766 -0.020319 -0.000844
v -0.005645 -0.018956 -0.001858
v -0.005460 -0.019043 -0.001860
v -0.001512 -0.010330 -0.008079
v -0.001414 -0.009858 -0.007801
v -0.001506 -0.010328 -0.008081
v 0.004073 -0.019836 0.001218
v -0.003235 -0.020859 -0.001264
v 0.003999 -0.013081 0.006730
v 0.003891 -0.013581 0.006399
v 0.004344 -0.013234 0.006338
v -0.005140 -0.011584 0.006601
v -0.003089 -0.013740 0.007270
v 0.001839 -0.020053 -0.000507
v 0.002230 -0.020136 -0.000538
v 0.002165 -0.020337 -0.000894
v 0.002570 -0.020306 -0.000958
v 0.000781 -0.017591 0.005674
v 0.000916 -0.017043 0.006218
v 0.000507 -0.020778 -0.000547
v -0.001934 -0.020424 0.003041
v -0.000082 -0.019714 0.004269
v -0.001258 -0.019495 0.004372
v 0.001267 -0.020819 -0.001023
v 0.001650 -0.020933 -0.001082
v 0.001666 -0.020868 -0.001022
v 0.000942 -0.021391 -0.001699
v 0.000351 -0.021393 -0.001198
v 0.000293 -0.021533 -0.001571
v 0.001586 -0.021131 -0.001439
v 0.001167 -0.021276 -0.001342
v -0.000064 -0.021519 -0.001107
v -0.000116 -0.021601 -0.001496
v 0.008736 -0.009147 0.003426
v 0.009063 -0.009629 0.003345
v 0.009432 -0.009736 0.003129
v 0.001462 -0.021079 -0.001854
v 0.001563 -0.021068 -0.001773
v 0.001123 -0.021305 -0.001747
v 0.000879 -0.020748 -0.000940
v 0.001344 -0.020377 -0.000907
v 0.001747 -0.020419 -0.000882
v -0.001536 -0.021240 -0.002233
v -0.001370 -0.021348 -0.002227
v -0.001339 -0.021427 -0.001792
v -0.001724 -0.021296 -0.001774
v -0.003203 -0.002851 -0.003571
v -0.003574 -0.002941 -0.003077
v -0.003134 -0.002951 -0.002717
v -0.001368 -0.021004 -0.002738
v -0.001374 -0.021295 -0.002355
v 0.002522 -0.004378 -0.003116
v 0.001886 -0.004214 -0.003491
v -0.002067 -0.003410 -0.003578
v -0.005463 -0.019003 -0.001945
v -0.000207 -0.021439 -0.002363
v -0.000594 -0.021569 -0.002275
v -0.000523 -0.021009 0.001748
v -0.001711 -0.020882 0.001878
v -0.000573 -0.021087 0.001357
v -0.001458 -0.021106 0.000648
v 0.001734 -0.020899 -0.001103
v 0.001743 -0.021011 -0.001492
v 0.002119 -0.020520 -0.001078
v 0.002162 -0.020573 -0.001249
v 0.002519 -0.020393 -0.001346
v 0.002107 -0.020675 -0.001632
v 0.001561 -0.021003 -0.001888
v 0.009241 -0.010073 0.003334
v 0.003324 -0.020247 -0.001078
v 0.003382 -0.020221 -0.001093
v 0.003389 -0.020235 -0.001006
v 0.004405 -0.019618 0.000124
v 0.004418 -0.019637 0.000281
v 0.004126 -0.019926 0.000398
v -0.001097 -0.021105 0.000180
v 0.004605 -0.019049 -0.000738
v 0.009651 -0.007502 -0.002197
v 0.008894 -0.006281 -0.002651
v 0.009683 -0.007385 -0.002047
v 0.002931 -0.020296 -0.001429
v 0.002926 -0.020298 -0.001428
v 0.003410 -0.018864 -0.003551
v 0.002888 -0.019660 -0.002848
v 0.003340 -0.018867 -0.003592
v 0.000384 -0.021417 -0.002033
v 0.003637 -0.012938 0.006964
v 0.003719 -0.012509 0.007149
v -0.000219 -0.014286 0.007020
v 0.002887 -0.014356 0.006191
v 0.001235 -0.012972 0.007403
v -0.009718 -0.012618 -0.000480
v -0.009383 -0.012736 -0.001749
v 0.006411 -0.018099 0.000431
v 0.006540 -0.018008 0.000807
v 0.005828 -0.018401 0.000593
v -0.005757 -0.011250 -0.007248
v -0.006008 -0.014907 -0.005471
v -0.006836 -0.011288 0.005438
v -0.008644 -0.012174 0.003018
v -0.007304 -0.013655 0.004283
v -0.008979 -0.006715 -0.002996
v -0.008009 -0.006947 -0.004875
v -0.008645 -0.007986 -0.004375
v 0.005650 -0.002984 -0.000156
v 0.005292 -0.003020 -0.000097
v 0.005286 -0.003006 0.000318
v 0.008297 -0.007477 0.004691
v 0.001956 -0.005020 0.006753
v 0.001943 -0.005227 0.006930
v 0.002338 -0.005283 0.006904
v 0.009590 -0.008553 0.002931
v 0.009167 -0.008842 0.003210
v -0.002514 -0.021198 -0.001691
v -0.006847 -0.016057 -0.003976
v -0.005438 -0.017492 -0.003997
v -0.006882 -0.016374 -0.003632
v -0.005831 -0.018602 -0.002168
v 0.004379 -0.018119 -0.003465
v -0.000101 -0.006661 -0.000471
v -0.000183 -0.006725 -0.000025
v -0.006524 -0.005653 0.004747
v -0.004693 -0.005513 0.006026
v 0.005724 -0.014434 0.005660
v 0.006494 -0.014294 0.005006
v 0.005465 -0.013530 0.005779
v -0.007797 -0.005186 0.002892
v -0.007354 -0.005081 0.003454
v -0.007306 -0.004959 0.003414
v -0.003036 -0.020553 0.000300
v 0.002490 -0.017499 -0.005043
v 0.002151 -0.017799 -0.004916
v 0.002169 -0.017501 -0.005188
v -0.004243 -0.008915 0.007527
v -0.004070 -0.010571 0.007676
v -0.001009 -0.012166 -0.008434
v -0.000950 -0.011759 -0.008451
v -0.000149 -0.011851 -0.008434
v 0.001124 -0.011560 -0.008339
v -0.001539 -0.013247 -0.008040
v 0.001062 -0.012019 0.008328
v 0.001809 -0.011473 0.008498
v 0.000006 -0.011189 0.008723
v -0.006938 -0.005896 0.004451
v -0.008709 -0.007268 0.002552
v -0.006809 -0.006390 0.004983
v -0.002683 -0.008073 0.008209
v -0.001538 -0.007732 0.008425
v -0.003160 -0.007293 0.007800
v 0.003518 -0.016784 -0.004958
v 0.003108 -0.016532 -0.005387
v 0.004386 -0.016439 -0.004925
v -0.000917 -0.021588 -0.001389
v -0.000524 -0.021657 -0.001425
v -0.004934 -0.006229 0.006354
v -0.005572 -0.009023 0.006575
v 0.003933 -0.016788 -0.004873
v 0.003360 -0.018536 -0.003896
v 0.002790 -0.017523 0.005331
v 0.002864 -0.017087 0.005423
v 0.002128 -0.016869 0.005874
v -0.005651 -0.018682 0.000579
v 0.005400 -0.003375 -0.002108
v 0.004944 -0.003489 -0.002433
v -0.006730 -0.006012 0.004871
v 0.003002 -0.005897 -0.006123
v -0.006884 -0.005353 0.004175
v -0.008004 -0.009220 -0.005496
v -0.007198 -0.008717 -0.006331
v 0.004611 -0.011858 0.006959
v 0.004424 -0.012786 0.006475
v 0.001990 -0.019420 0.004215
v -0.006176 -0.012940 0.005809
v -0.005373 -0.019320 -0.000544
v -0.005236 -0.019149 0.000590
v 0.002814 -0.020623 0.002021
v 0.002791 -0.020674 0.001619
v 0.000595 -0.006722 -0.000389
v 0.000207 -0.006816 -0.000054
v 0.000305 -0.006678 0.000732
v 0.002766 -0.020684 0.001625
v 0.000782 -0.021229 -0.001197
v -0.003824 -0.002725 0.002337
v -0.003419 -0.002688 0.002271
v -0.003991 -0.002434 0.000191
v -0.007197 -0.016533 0.001473
v -0.007431 -0.016136 0.001399
v -0.007242 -0.016572 0.001071
v 0.008530 -0.008577 0.003869
v 0.008482 -0.008525 0.004032
v 0.008447 -0.008676 0.003906
v 0.007214 -0.003643 0.000222
v 0.007327 -0.004043 0.001987
v 0.009240 -0.008425 0.003312
v 0.008804 -0.008724 0.003469
v -0.007396 -0.003707 0.000583
v -0.007481 -0.003776 0.000613
v -0.006921 -0.003432 0.000862
v -0.000512 -0.004833 0.002025
v 0.000694 -0.003511 0.004015
v 0.004975 -0.019018 0.000875
v 0.004557 -0.019490 0.000641
v 0.005219 -0.018810 0.000368
v 0.002359 -0.020731 0.001694
v 0.002413 -0.020623 0.002076
v 0.001441 -0.016198 0.006465
v -0.005520 -0.007587 -0.007534
v -0.004556 -0.008979 -0.008020
v -0.005126 -0.010222 -0.007786
v -0.004515 -0.008690 -0.008035
v -0.001305 -0.004398 -0.002583
v -0.000204 -0.006626 -0.000393
v 0.007817 -0.004280 -0.000946
v -0.005939 -0.002838 0.000150
v -0.005668 -0.002700 0.000075
v -0.007396 -0.003707 0.000583
v -0.007431 -0.016136 0.001399
v 0.002056 -0.010814 -0.008265
v 0.003284 -0.010902 -0.008046
v 0.003159 -0.011728 -0.008055
v -0.005807 -0.007028 -0.007167
v -0.004608 -0.006771 -0.007767
v 0.009713 -0.007462 -0.002030
v -0.009591 -0.012195 0.001063
v -0.009226 -0.012418 0.001908
v 0.000590 -0.005803 -0.007488
v -0.000227 -0.005071 -0.007153
v 0.001040 -0.020356 0.000103
v 0.001384 -0.020405 0.000487
v 0.000805 -0.020708 0.000647
v 0.004229 -0.009476 0.007713
v 0.003263 -0.008003 0.008056
v 0.000423 -0.021102 -0.000905
v -0.000139 -0.006693 0.000379
v -0.003158 -0.002845 0.001022
v 0.004706 -0.019233 0.000133
v -0.003962 -0.010347 -0.008155
v -0.003517 -0.010101 -0.008145
v -0.003177 -0.010556 -0.008125
v -0.005057 -0.019049 0.002268
v -0.004373 -0.016427 0.005237
v -0.007432 -0.014196 0.003800
v -0.005121 -0.014767 0.005734
v 0.003013 -0.020294 -0.000604
v 0.007559 -0.012640 -0.004950
v -0.005899 -0.006501 -0.006824
v -0.007246 -0.006711 -0.005745
v 0.008776 -0.013725 0.000609
v -0.005279 -0.018796 0.001813
v 0.000242 -0.020986 0.001218
v -0.004989 -0.019119 0.002277
v -0.002052 -0.020724 0.002301
v -0.001998 -0.020609 0.002681
v -0.002324 -0.020331 0.003070
v 0.006703 -0.004514 -0.003657
v 0.006445 -0.004004 -0.002921
v 0.006897 -0.004644 -0.003649
v 0.000126 -0.020943 -0.000032
v -0.001827 -0.009822 -0.007914
v -0.001410 -0.009838 -0.007791
v -0.006727 -0.008035 -0.006718
v -0.007690 -0.007150 -0.005450
v 0.009471 -0.012271 0.000125
v 0.009719 -0.011918 -0.000004
v 0.008914 -0.013356 0.000492
v 0.009497 -0.006209 -0.000662
v -0.006838 -0.003754 0.002191
v -0.007821 -0.004115 0.000750
v -0.007774 -0.004556 0.002171
v 0.008310 -0.008934 0.003994
v 0.008149 -0.008641 0.004955
v 0.008091 -0.009046 0.004982
v -0.009701 -0.008982 -0.002431
v 0.002340 -0.020678 0.001411
v 0.008584 -0.008036 0.004322
v -0.003369 -0.004829 0.006051
v 0.008799 -0.008751 0.003460
v 0.008582 -0.009085 0.003579
v 0.000741 -0.004702 -0.006130
v -0.000037 -0.019528 0.004438
v 0.000318 -0.011435 -0.008455
v 0.000383 -0.011501 -0.008447
v -0.000090 -0.011446 -0.008456
v -0.004037 -0.002480 -0.000208
v -0.005970 -0.010796 -0.007218
v -0.003731 -0.020338 0.001175
v -0.005939 -0.002838 0.000150
v 0.008393 -0.008991 0.003830
v 0.008683 -0.012763 -0.000471
v 0.009813 -0.011484 -0.001387
v -0.003158 -0.002845 0.001022
v 0.002391 -0.004714 0.002429
v 0.002800 -0.004650 0.002355
v 0.002745 -0.004773 0.001978
v 0.001062 -0.006992 -0.007654
v 0.000930 -0.006744 -0.007702
v 0.001457 -0.005769 -0.001343
v -0.003947 -0.007537 -0.008158
v -0.001800 -0.006773 -0.008154
v -0.001832 -0.006964 -0.008187
v 0.008656 -0.005794 -0.002515
v -0.002525 -0.020290 -0.003187
v -0.002130 -0.020530 -0.002940
v 0.009688 -0.007708 0.002640
v 0.001780 -0.005774 -0.000968
v 0.004304 -0.004123 -0.003849
v 0.003133 -0.004191 -0.003251
v 0.004517 -0.003600 -0.002471
v -0.006382 -0.018395 0.000185
v 0.002574 -0.019589 0.003869
v 0.002254 -0.019963 0.003594
v -0.002270 -0.009968 -0.008072
v -0.003107 -0.010129 -0.008068
v 0.006918 -0.016110 -0.002680
v 0.006024 -0.017814 -0.001683
v -0.005784 -0.017770 0.001190
v 0.006947 -0.012374 -0.005750
v 0.005975 -0.013514 -0.005753
v -0.000060 -0.009034 0.008905
v -0.000413 -0.008603 0.008793
v -0.000461 -0.008989 0.008890
v -0.001646 -0.019384 0.004396
v -0.003397 -0.019588 0.003438
v -0.005616 -0.017719 0.002826
v -0.006034 -0.017351 0.002149
v -0.009221 -0.006184 0.000242
v -0.009863 -0.008699 -0.001507
v 0.010258 -0.009771 -0.001070
v 0.010325 -0.009671 -0.000688
v 0.004949 -0.004746 -0.004608
v -0.003717 -0.004413 -0.006428
v -0.003310 -0.003067 -0.004335
v 0.006215 -0.003622 0.002446
v 0.005791 -0.003150 0.001542
v 0.005399 -0.003078 0.001577
v -0.004062 -0.020098 0.001575
v -0.004103 -0.020098 0.001162
v -0.001239 -0.014335 -0.007465
v -0.001251 -0.014373 -0.007453
v -0.001638 -0.014316 -0.007419
v -0.001608 -0.013966 -0.007648
v 0.007090 -0.008555 -0.005977
v 0.007524 -0.008128 -0.005314
v 0.007633 -0.009424 -0.005401
v 0.008757 -0.009372 -0.004316
v 0.004228 -0.019431 0.002182
v 0.003944 -0.019957 0.001687
v -0.003748 -0.008927 -0.008146
v -0.000623 -0.009956 -0.007868
v -0.003245 -0.010981 -0.008173
v -0.003336 -0.008873 -0.008172
v -0.003368 -0.009100 -0.008152
v 0.002521 -0.020348 -0.001777
v -0.003802 -0.009245 -0.008206
v -0.004509 -0.019480 0.000216
v -0.001754 -0.021208 -0.002212
v 0.001466 -0.020142 -0.000029
v -0.009560 -0.010420 0.001421
v 0.004192 -0.010495 -0.007698
v 0.006943 -0.008262 -0.006035
v 0.006918 -0.007278 -0.005536
v 0.007198 -0.008000 -0.005722
v -0.004421 -0.010792 -0.008014
v -0.003640 -0.010923 -0.008139
v 0.010070 -0.011360 0.000635
v 0.010027 -0.011146 -0.001089
v -0.008493 -0.014844 -0.001888
v -0.008563 -0.014791 -0.001732
v -0.002750 -0.003173 -0.002612
v -0.002782 -0.003021 -0.003165
v -0.003199 -0.014051 -0.007158
v -0.000183 -0.006725 -0.000025
v -0.005040 -0.019549 -0.000947
v -0.004726 -0.019930 -0.001307
v -0.004682 -0.019899 -0.000903
v 0.006028 -0.005437 -0.004990
v 0.007020 -0.005773 -0.004619
v 0.006316 -0.006029 -0.005290
v 0.000343 -0.003438 0.004462
v 0.001168 -0.003581 0.004805
v 0.001138 -0.003494 0.004367
v 0.002240 -0.009802 0.008663
v 0.002295 -0.009404 0.008612
v -0.000118 -0.009438 0.008933
v -0.001088 -0.007388 0.008352
v -0.000170 -0.003633 -0.004617
v 0.003450 -0.003936 0.003748
v 0.003783 -0.004138 0.004174
v 0.000074 -0.021040 -0.000418
v 0.001164 -0.004607 0.006334
v 0.002353 -0.005055 0.006708
v -0.000564 -0.021653 -0.001839
v -0.002575 -0.009336 -0.008001
v -0.005087 -0.019389 -0.001668
v 0.000168 -0.020931 0.000377
v -0.006778 -0.016715 0.001882
v -0.001299 -0.003414 0.004264
v -0.000485 -0.003310 0.004124
v 0.000561 -0.020355 0.003515
v 0.001201 -0.011102 -0.008248
v 0.001281 -0.010671 -0.008091
v 0.006324 -0.004333 -0.003653
v 0.004701 -0.004156 -0.003895
v 0.001480 -0.020407 0.000519
v -0.003023 -0.002733 0.002229
v -0.001848 -0.003299 0.002636
v 0.005030 -0.013842 0.005969
v 0.001301 -0.012691 0.007639
v 0.001903 -0.020409 0.000693
v 0.005945 -0.005783 -0.005305
v -0.007016 -0.017419 0.000012
v -0.006992 -0.017149 0.000355
v -0.001599 -0.010788 -0.008266
v -0.003250 -0.002907 -0.003967
v -0.002089 -0.003239 -0.004039
v 0.002678 -0.004300 -0.003577
v 0.002232 -0.004335 -0.003924
v 0.008683 -0.008100 0.004138
v 0.007999 -0.006384 -0.004173
v 0.005328 -0.002995 0.000728
v 0.010287 -0.009276 -0.000788
v 0.005259 -0.018652 -0.000935
v 0.005110 -0.018735 -0.000892
v 0.005865 -0.018348 -0.000681
v 0.009631 -0.006735 0.001970
v 0.009571 -0.007006 0.002468
v 0.009660 -0.007409 0.002564
v -0.008790 -0.013815 0.001803
v 0.009087 -0.005725 0.001775
v 0.006972 -0.003997 0.002441
v 0.008045 -0.005974 0.003970
v -0.008709 -0.007268 0.002552
v -0.009224 -0.006463 0.000735
v -0.008685 -0.006882 0.002446
v -0.008790 -0.013815 0.001803
v -0.009619 -0.012912 0.000003
v -0.008825 -0.013758 0.001793
v -0.000022 -0.006012 -0.007766
v -0.007691 -0.004142 -0.001770
v -0.007873 -0.004601 -0.002459
v -0.008494 -0.005287 -0.002189
v -0.007481 -0.003776 0.000613
v -0.003829 -0.005418 0.006403
v -0.003604 -0.005149 0.006300
v 0.006499 -0.008390 0.006608
v 0.007152 -0.007814 0.005963
v 0.007985 -0.015724 0.001671
v 0.006486 -0.017558 0.002368
v -0.006519 -0.018517 -0.001018
v -0.007774 -0.004556 0.002171
v 0.005237 -0.014848 0.005470
v 0.002326 -0.015608 0.005972
v 0.002250 -0.016047 0.005867
v 0.003801 -0.014048 0.006191
v 0.003308 -0.016757 0.005301
v -0.002665 -0.012540 -0.008166
v 0.007247 -0.012196 0.005335
v 0.008161 -0.006613 -0.004134
v 0.008363 -0.007033 -0.004050
v -0.002523 -0.020177 -0.003342
v 0.000923 -0.017448 -0.005537
v -0.002920 -0.020123 -0.003322
v -0.002735 -0.013390 -0.007581
v -0.005230 -0.019142 0.000644
v -0.005679 -0.017779 0.002271
v -0.002910 -0.020823 -0.002155
v 0.002101 -0.006047 -0.006795
v 0.000134 -0.010425 0.008867
v 0.007678 -0.009607 0.005780
v 0.008636 -0.007643 0.004252
v 0.009155 -0.007502 0.003495
v 0.009386 -0.007228 0.002972
v -0.001322 -0.003426 0.003015
v 0.000193 -0.015622 0.006483
v -0.006034 -0.017351 0.002149
v -0.007432 -0.014196 0.003800
v 0.005726 -0.003023 0.000680
v -0.000521 -0.009396 0.008909
v -0.004063 -0.018810 0.003740
v -0.003406 -0.020012 -0.003140
v 0.006320 -0.010483 -0.006744
v 0.008890 -0.010060 -0.004150
v 0.009797 -0.010534 -0.002476
v 0.009760 -0.010918 -0.002368
v 0.010143 -0.010644 -0.001239
v 0.006284 -0.008727 0.006804
v 0.007265 -0.009878 0.006125
v -0.006377 -0.014799 -0.005251
v 0.004624 -0.005787 0.006110
v -0.007566 -0.004491 0.002489
v -0.007285 -0.004430 0.002822
v -0.004624 -0.004948 -0.006578
v -0.003023 -0.002733 0.002229
v 0.007407 -0.004389 -0.002533
v -0.005699 -0.012901 0.006151
v -0.006323 -0.013343 0.005519
v -0.004609 -0.011064 0.007183
v 0.000617 -0.020726 0.000501
v 0.000628 -0.020777 0.000690
v 0.000214 -0.020978 0.000919
v 0.000378 -0.011068 -0.008403
v -0.000734 -0.010463 -0.008227
v 0.001463 -0.012018 0.008273
v -0.000821 -0.015270 0.006529
v -0.001247 -0.015423 0.006564
v -0.004327 -0.019641 0.002325
v -0.003088 -0.020014 0.003091
v -0.004989 -0.019119 0.002277
v -0.001341 -0.009411 -0.007733
v -0.003189 -0.020816 -0.000864
v -0.002052 -0.020724 0.002301
v -0.003687 -0.020311 0.001580
v -0.003206 -0.007673 0.007915
v 0.008846 -0.009664 -0.004250
v 0.003108 -0.012119 -0.007977
v 0.001926 -0.011650 -0.008312
v 0.003097 -0.016763 -0.005145
v 0.002564 -0.017849 -0.004769
v 0.000004 -0.019345 0.004577
v -0.004710 -0.007369 -0.007894
v -0.004997 -0.019507 -0.000569
v 0.000375 -0.006438 0.001076
v -0.005668 -0.002700 0.000075
v -0.007170 -0.016565 0.001478
v -0.000170 -0.021077 0.001299
v 0.003137 -0.007088 -0.007078
v -0.003874 -0.009677 -0.008283
v -0.003802 -0.002873 0.002792
v -0.005882 -0.007466 -0.007265
v -0.009069 -0.012331 0.002282
v -0.004540 -0.004584 -0.006269
v -0.004327 -0.019641 0.002325
v -0.004062 -0.020098 0.001575
v -0.003687 -0.020311 0.001580
v 0.001580 -0.003825 0.005231
v 0.001583 -0.004128 0.005730
v -0.004513 -0.011554 -0.007785
v -0.000139 -0.006693 0.000379
v 0.000978 -0.007569 -0.007632
v 0.002209 -0.016990 -0.005559
v -0.001711 -0.020882 0.001878
v 0.002333 -0.019644 0.003917
v -0.003040 -0.009707 -0.008030
v -0.002641 -0.009756 -0.008032
v 0.006910 -0.012737 -0.005570
v 0.003358 -0.013625 -0.007270
v 0.007148 -0.008240 -0.005872
v -0.003991 -0.002434 0.000191
v -0.003419 -0.002688 0.002271
v -0.001808 -0.003302 0.003049
v -0.001417 -0.003382 0.003017
v -0.001322 -0.003426 0.003015
vt 0.021260 0.196540
vt 0.010730 0.210740
vt 0.001200 0.196600
vt 0.291030 0.767550
vt 0.285230 0.754630
vt 0.319720 0.760040
vt 0.892510 0.443830
vt 0.874340 0.449920
vt 0.877460 0.402230
vt 0.701220 0.140770
vt 0.698340 0.139400
vt 0.718540 0.137230
vt 0.246220 0.249780
vt 0.245070 0.264120
vt 0.235960 0.261530
vt 0.615690 0.090810
vt 0.625480 0.068470
vt 0.671410 0.066730
vt 0.915630 0.165010
vt 0.904100 0.180320
vt 0.897480 0.178600
vt 0.688520 0.122280
vt 0.705640 0.124410
vt 0.704740 0.127010
vt 0.407560 0.517300
vt 0.434700 0.553160
vt 0.408310 0.595280
vt 0.843480 0.420820
vt 0.847840 0.476040
vt 0.807310 0.522820
vt 0.670650 0.685760
vt 0.718600 0.688960
vt 0.713020 0.706400
vt 0.544360 0.884630
vt 0.787660 0.928770
vt 1.100920 0.935640
vt 0.865960 0.216360
vt 0.865810 0.203360
vt 0.874530 0.229420
vt 0.514480 0.187100
vt 0.490930 0.209510
vt 0.487250 0.198370
vt 0.008110 0.604430
vt -0.007960 0.574520
vt 0.018150 0.562580
vt 0.008910 0.399020
vt 0.002480 0.397570
vt 0.000180 0.355140
vt 0.138340 0.653670
vt 0.130600 0.651410
vt 0.133510 0.638140
vt 0.176020 0.590060
vt 0.145260 0.656760
vt 0.176660 0.580090
vt 0.141090 0.575300
vt 0.903220 0.459060
vt 0.892920 0.572100
vt 0.884870 0.465280
vt 0.366300 0.548890
vt 0.368030 0.555900
vt 0.359610 0.558940
vt 0.888520 0.159100
vt 0.885300 0.177110
vt 0.874520 0.172220
vt 0.407440 0.364510
vt 0.427400 0.297800
vt 0.427980 0.302160
vt 0.573740 0.102910
vt 0.592460 0.095590
vt 0.573770 0.102930
vt 0.288870 0.733530
vt 0.319750 0.739440
vt 0.112560 0.764320
vt 0.110000 0.746720
vt 0.114250 0.739900
vt 0.871840 0.387250
vt 0.866070 0.249590
vt 0.874830 0.253040
vt 0.844470 0.108650
vt 0.837350 0.139080
vt 0.801100 0.091170
vt 0.745660 0.623760
vt 0.747010 0.671840
vt 0.854170 0.184040
vt 0.863050 0.170790
vt 0.864780 0.183870
vt 0.699760 0.646560
vt 0.255310 0.446830
vt 0.257760 0.461560
vt 0.236850 0.464300
vt 0.230720 0.234500
vt 0.237880 0.233290
vt 0.237000 0.243100
vt 0.228220 0.218100
vt 0.216950 0.226310
vt 0.296270 0.268560
vt 0.286770 0.266520
vt 0.286750 0.264680
vt 0.406680 0.152700
vt 0.421220 0.153100
vt 0.410660 0.165980
vt 0.385930 0.313570
vt 0.384450 0.358010
vt 0.372500 0.342120
vt 0.226180 0.299310
vt 0.235390 0.287740
vt 0.235270 0.300380
vt 0.855840 0.198800
vt 0.843310 0.187340
vt 0.845720 0.201840
vt 0.303760 0.571400
vt 0.315870 0.616520
vt 0.261190 0.643500
vt 0.865150 0.493290
vt 0.851460 0.511670
vt 0.853220 0.477790
vt 0.268350 0.771610
vt 0.272800 0.778690
vt 0.204670 0.768760
vt 0.403120 0.380800
vt 0.390730 0.312830
vt 0.277760 0.513850
vt 0.284320 0.513040
vt 0.283790 0.526160
vt 0.882420 0.615500
vt 0.914750 0.604430
vt 0.904960 0.649880
vt 0.235680 0.269730
vt 0.244450 0.278080
vt 0.244770 0.269250
vt 0.512930 0.131220
vt 0.496630 0.128210
vt 0.500490 0.117610
vt 0.520270 0.117700
vt 0.341740 0.313480
vt 0.337820 0.181410
vt 0.635720 0.122470
vt 0.638290 0.130460
vt 0.622370 0.132120
vt 0.694610 0.444420
vt 0.697170 0.467310
vt 0.684180 0.444020
vt 0.865210 0.910530
vt 0.995160 0.902690
vt 0.353130 0.498320
vt 0.352410 0.511160
vt 0.331510 0.528850
vt 0.438150 0.166060
vt 0.436210 0.178590
vt 0.418230 0.165720
vt 0.813920 0.691320
vt 0.816910 0.684040
vt 0.864970 0.687930
vt 0.862440 0.662730
vt 0.670790 0.137340
vt 0.686320 0.136280
vt 0.685970 0.139660
vt 0.422950 0.159820
vt 0.434540 0.136000
vt 0.453670 0.132060
vt 0.452670 0.166990
vt 0.889040 0.155300
vt 0.932320 0.158240
vt 0.284190 0.767960
vt 0.291620 0.785230
vt 0.395090 0.634270
vt 0.410380 0.654130
vt 0.403350 0.669780
vt 0.441480 0.632320
vt 0.416150 0.652470
vt 0.573970 0.589950
vt 0.562470 0.575870
vt 0.557950 0.562410
vt 0.226500 0.279250
vt 0.782880 0.185080
vt 0.788190 0.161940
vt 0.794850 0.176460
vt 0.809180 0.681140
vt 0.817730 0.657780
vt 0.254010 0.298870
vt 0.244490 0.300170
vt 0.737050 0.121640
vt 0.786480 0.159060
vt 0.764170 0.156620
vt 0.642830 0.712680
vt 0.649570 0.743460
vt 0.615280 0.739030
vt 0.343340 0.174650
vt 0.387170 0.173770
vt 0.395630 0.194170
vt 0.359120 0.533610
vt 0.358500 0.521620
vt 0.372050 0.541580
vt 0.687720 0.126590
vt 0.699360 0.150170
vt 0.715250 0.146180
vt 0.378000 0.515560
vt 0.385060 0.547780
vt 0.378620 0.538880
vt 0.534460 0.119450
vt 0.539570 0.127360
vt 0.524450 0.129130
vt 0.362620 0.495930
vt 0.350060 0.717410
vt 0.329040 0.670020
vt 0.346090 0.654990
vt 0.330490 0.648870
vt 0.377920 0.441730
vt 0.380140 0.454060
vt 0.370420 0.443450
vt 0.391610 0.545470
vt 0.400480 0.508110
vt 0.362170 0.494280
vt 0.137300 0.771270
vt 0.119320 0.774780
vt 0.414520 0.754670
vt 0.409550 0.789590
vt 0.398000 0.786050
vt 0.366910 0.142010
vt 0.339500 0.159780
vt 0.302790 0.114890
vt 0.907850 0.196600
vt 0.917370 0.210740
vt 0.884400 0.204860
vt 0.216960 0.241910
vt 0.236630 0.248280
vt 0.613700 0.784770
vt 0.574900 0.797240
vt 0.560490 0.732980
vt 0.017130 0.233210
vt 0.004090 0.252850
vt 0.005490 0.242890
vt 0.923770 0.233210
vt 0.943570 0.200660
vt -0.005200 0.254980
vt -0.005060 0.253680
vt 0.487210 0.223950
vt 0.466290 0.219850
vt -0.002540 0.180320
vt -0.009410 0.180300
vt -0.009160 0.178600
vt 0.460490 0.216650
vt 0.402190 0.597330
vt 0.402780 0.608340
vt 0.888330 0.179080
vt 0.897230 0.180300
vt 0.007100 0.266650
vt 0.003010 0.260610
vt 0.890650 0.128240
vt 0.872950 0.144160
vt 0.320210 0.591060
vt 0.338180 0.563020
vt 0.343660 0.595710
vt 0.357640 0.559510
vt 0.344750 0.549650
vt 0.114470 0.266260
vt 0.201770 0.152550
vt 0.167340 0.329490
vt 0.195480 0.402160
vt 0.161810 0.501780
vt 0.130530 0.440250
vt 0.538670 0.551960
vt 0.529510 0.503710
vt 0.547980 0.537480
vt 0.710650 0.160830
vt 0.506660 0.509610
vt 0.513840 0.507600
vt 0.515070 0.519690
vt 0.428630 0.434180
vt 0.409540 0.378220
vt 0.487210 0.399820
vt 0.226080 0.305450
vt 0.879200 0.463360
vt 0.867700 0.459410
vt 0.292980 0.497980
vt 0.288980 0.512310
vt 0.756280 0.476740
vt 0.798790 0.346520
vt 0.769130 0.503340
vt 0.270580 0.656350
vt 0.276380 0.656040
vt 0.055720 0.665360
vt 0.057690 0.681530
vt 0.053950 0.686910
vt 0.602160 0.071100
vt 0.559820 0.081280
vt 0.532630 0.074320
vt 0.109750 0.767760
vt 0.102460 0.758090
vt 0.809780 0.196060
vt 0.832500 0.193400
vt 0.835000 0.204770
vt 0.078980 0.755590
vt 0.101330 0.759710
vt 0.100640 0.776990
vt 0.468600 0.787860
vt 0.437150 0.456430
vt 0.429810 0.446750
vt 0.501810 0.113720
vt 0.504300 0.104550
vt 0.394330 0.159890
vt 0.398140 0.168450
vt 0.505090 0.141040
vt 0.804470 0.193060
vt 0.801400 0.188130
vt 0.684820 0.530120
vt 0.685420 0.547970
vt 0.684710 0.530220
vt 0.419250 0.196040
vt 0.754150 0.114430
vt 0.286250 0.406980
vt 0.289660 0.387010
vt 0.296070 0.403590
vt 0.107730 0.417880
vt 0.149810 0.347120
vt 0.490840 0.139890
vt 0.485750 0.150460
vt 0.499200 0.151850
vt 0.494630 0.163290
vt 0.250090 0.219380
vt 0.246740 0.244990
vt 0.528640 0.103470
vt 0.161440 0.094090
vt 0.249590 0.140570
vt 0.200230 0.139020
vt 0.523410 0.129170
vt 0.515990 0.138340
vt 0.513650 0.138130
vt 0.552890 0.132700
vt 0.558920 0.111950
vt 0.571370 0.118690
vt 0.528460 0.141740
vt 0.536350 0.130610
vt 0.573680 0.102940
vt 0.586130 0.111030
vt 0.369690 0.567630
vt 0.373820 0.553070
vt 0.378960 0.550330
vt 0.542850 0.147130
vt 0.538270 0.147640
vt 0.548970 0.137360
vt 0.531870 0.119280
vt 0.517240 0.131190
vt 0.506910 0.140540
vt 0.661070 0.122790
vt 0.653130 0.122140
vt 0.650530 0.110240
vt 0.670880 0.110410
vt 0.800260 0.773720
vt 0.816780 0.768650
vt 0.820870 0.783510
vt 0.655330 0.137860
vt 0.653760 0.125810
vt 0.572520 0.829030
vt 0.609760 0.829080
vt 0.776330 0.792600
vt 0.799620 0.190100
vt 0.605980 0.131730
vt 0.619420 0.125610
vt 0.328800 0.064500
vt 1.057240 0.058210
vt 0.374570 0.057590
vt 0.673360 0.043230
vt 0.514810 0.140780
vt 0.526380 0.146730
vt 0.506070 0.152030
vt 0.510510 0.155230
vt 0.506860 0.166640
vt 0.522460 0.159340
vt 0.541290 0.150190
vt 0.375890 0.539980
vt 0.488010 0.184310
vt 0.487700 0.186200
vt 0.485350 0.185250
vt 0.447320 0.210170
vt 0.443310 0.209580
vt 0.441680 0.197770
vt 0.605570 0.057910
vt 0.466510 0.229060
vt 0.456560 0.628760
vt 0.465200 0.667670
vt 0.454020 0.631460
vt 0.502520 0.178610
vt 0.502570 0.178450
vt 0.539930 0.242620
vt 0.535680 0.207790
vt 0.541760 0.241970
vt 0.578950 0.130900
vt 0.277940 0.409380
vt 0.276250 0.425450
vt 0.208320 0.330180
vt 0.277560 0.346220
vt 0.232780 0.390130
vt 0.871270 0.399960
vt 0.851080 0.400280
vt 0.433570 0.284090
vt 0.426050 0.287900
vt 0.431280 0.264270
vt 0.751580 0.476010
vt 0.763330 0.348460
vt 0.072570 0.426590
vt 0.022370 0.401480
vt 0.050940 0.348640
vt 0.843440 0.578520
vt 0.812080 0.582990
vt 0.820360 0.549280
vt 0.406690 0.799890
vt 0.403090 0.807580
vt 0.389330 0.804810
vt 0.345200 0.606700
vt 0.224800 0.669040
vt 0.224640 0.660510
vt 0.232190 0.659770
vt 0.379990 0.583500
vt 0.374560 0.575940
vt 0.710640 0.113130
vt 0.790340 0.304170
vt 0.766420 0.253620
vt 0.795060 0.292090
vt 0.801520 0.207120
vt 0.524500 0.273700
vt 0.875640 0.892320
vt 0.952110 0.879780
vt 0.066280 0.604960
vt 0.102790 0.617530
vt 0.326200 0.378740
vt 0.342810 0.390560
vt 0.318890 0.404160
vt 0.030500 0.613840
vt 0.041590 0.618610
vt 0.041430 0.622460
vt 0.826350 0.085030
vt 0.578760 0.282930
vt 0.583450 0.269030
vt 0.586480 0.281560
vt 0.126460 0.508670
vt 0.132090 0.455260
vt 0.670620 0.470890
vt 0.670620 0.484730
vt 0.656980 0.485310
vt 0.636010 0.500800
vt 0.677550 0.430370
vt 0.224000 0.427240
vt 0.234440 0.449830
vt 0.203680 0.450220
vt 0.058530 0.596150
vt 0.019240 0.551460
vt 0.066650 0.580380
vt 0.152830 0.539250
vt 0.170880 0.554160
vt 0.142080 0.562780
vt 0.560480 0.313420
vt 0.572820 0.321610
vt 0.547070 0.335120
vt 0.624240 0.100640
vt 0.603600 0.104530
vt 0.103680 0.592280
vt 0.099880 0.502460
vt 0.552820 0.318350
vt 0.546560 0.253610
vt 0.298880 0.244460
vt 0.297130 0.256990
vt 0.275960 0.257890
vt 0.874520 0.175220
vt 0.471010 0.798660
vt 0.486590 0.804760
vt 0.065960 0.592110
vt 0.600420 0.714020
vt 0.055340 0.612780
vt 0.798870 0.520930
vt 0.783260 0.541490
vt 0.289210 0.454120
vt 0.294320 0.420280
vt 0.311100 0.176430
vt 0.085390 0.371540
vt 0.834910 0.165350
vt 0.872470 0.157130
vt 0.392570 0.156240
vt 0.406020 0.153500
vt 0.194270 0.935640
vt 0.088520 0.902690
vt 0.167200 0.858960
vt 0.405730 0.152780
vt 0.543560 0.120420
vt 0.057430 0.746260
vt 0.061750 0.757060
vt 0.003980 0.769580
vt 0.901450 0.254980
vt 0.899870 0.269390
vt 0.892310 0.254900
vt 0.360740 0.581970
vt 0.358010 0.582470
vt 0.359860 0.579220
vt 0.405150 0.752030
vt 0.369900 0.727810
vt 0.372610 0.586470
vt 0.368520 0.579280
vt -0.002770 0.666700
vt -0.002590 0.663580
vt 0.003870 0.679870
vt 0.134130 0.802930
vt 0.192580 0.767720
vt 0.426500 0.231650
vt 0.433560 0.214100
vt 0.437710 0.242520
vt 0.401000 0.141660
vt 0.387040 0.145980
vt 0.253240 0.276690
vt 0.755690 0.585160
vt 0.735640 0.552620
vt 0.741640 0.511750
vt 0.735740 0.561320
vt 0.779500 0.818120
vt 0.890980 0.885500
vt 0.433200 0.731560
vt 0.901190 0.715120
vt 0.900670 0.723960
vt 0.903870 0.666700
vt -0.006770 0.269390
vt 0.621680 0.529800
vt 0.600650 0.530960
vt 0.601370 0.503240
vt 0.764150 0.598720
vt 0.744480 0.614770
vt 0.453780 0.629190
vt 0.895530 0.407300
vt 0.909120 0.397570
vt 0.659290 0.690640
vt 0.679400 0.710560
vt 0.478660 0.108710
vt 0.453200 0.115510
vt 0.450910 0.096770
vt 0.270560 0.527930
vt 0.250050 0.567960
vt 0.546540 0.107960
vt 0.096590 0.865440
vt 0.033890 0.779620
vt 0.445300 0.223450
vt 0.722840 0.514880
vt 0.717190 0.525310
vt 0.710990 0.512730
vt 0.025670 0.158240
vt 0.107840 0.243840
vt 0.041690 0.331220
vt 0.100190 0.305760
vt 0.478210 0.170840
vt 0.512580 0.483200
vt 0.770290 0.613080
vt 0.795640 0.596060
vt 0.422560 0.437150
vt 0.008990 0.165010
vt 0.410660 0.079390
vt 0.933340 0.155590
vt 0.132520 0.073700
vt 0.149970 0.083570
vt 0.138140 0.099200
vt 0.497230 0.737780
vt 0.483590 0.758830
vt 0.495220 0.731760
vt 0.516250 0.085290
vt 0.692290 0.546080
vt 0.685440 0.548730
vt 0.776090 0.564030
vt 0.801870 0.580400
vt 0.427860 0.486780
vt 0.429220 0.498420
vt 0.423860 0.449740
vt 0.430590 0.661300
vt 0.026520 0.666230
vt -0.001680 0.649880
vt 0.020360 0.633350
vt 0.358270 0.571670
vt 0.343470 0.573480
vt 0.343650 0.561940
vt 0.849420 0.511030
vt 0.411410 0.140580
vt 0.353670 0.593280
vt 0.121430 0.650070
vt 0.368680 0.578600
vt 0.366390 0.569040
vt 0.660110 0.746240
vt 0.247970 0.147610
vt 0.650070 0.501560
vt 0.648810 0.499630
vt 0.656950 0.499290
vt 0.899450 0.769950
vt 0.755580 0.488890
vt 0.894100 0.101610
vt -0.005450 0.715120
vt 0.361320 0.570840
vt 0.438350 0.469510
vt 0.448750 0.515140
vt 0.940530 0.779620
vt 0.268520 0.794820
vt 0.284060 0.792410
vt 0.291890 0.802870
vt 0.646530 0.656860
vt 0.649850 0.662820
vt 0.550160 0.883340
vt 0.730230 0.598260
vt 0.699440 0.638850
vt 0.699260 0.632980
vt 0.463390 0.682890
vt 0.697710 0.158930
vt 0.685280 0.148180
vt 0.382750 0.606880
vt 0.484710 0.880890
vt 0.537970 0.786570
vt 0.553920 0.818470
vt 0.494370 0.812410
vt 0.865670 0.199010
vt 0.331620 0.180870
vt 0.334160 0.165140
vt 0.698590 0.537770
vt 0.711460 0.527070
vt 0.485650 0.359500
vt 0.475640 0.293390
vt 0.895950 0.195320
vt 0.528470 0.491390
vt 0.538710 0.449750
vt 0.197870 0.518260
vt 0.191280 0.530590
vt 0.191440 0.517920
vt 0.183970 0.141270
vt 0.100230 0.131570
vt 0.036920 0.200660
vt 0.015680 0.213140
vt 0.891860 0.583130
vt 0.863140 0.515540
vt 0.441320 0.562380
vt 0.435660 0.564020
vt 0.540480 0.750100
vt 0.753250 0.696570
vt 0.784480 0.758090
vt 0.348230 0.749200
vt 0.361060 0.777790
vt 0.354720 0.786380
vt 0.913990 0.114280
vt 0.892850 0.114060
vt 0.670630 0.389490
vt 0.670770 0.388070
vt 0.678020 0.388220
vt 0.677840 0.402570
vt 0.530480 0.609390
vt 0.517350 0.622320
vt 0.517550 0.583280
vt 0.493750 0.582010
vt 0.393230 0.207760
vt 0.406530 0.191770
vt 0.723730 0.560050
vt 0.670630 0.549070
vt 0.710570 0.498630
vt 0.717710 0.564810
vt 0.717690 0.557690
vt 0.518290 0.173750
vt 0.723190 0.549830
vt 0.853090 0.135530
vt 0.670830 0.122610
vt 0.477050 0.123190
vt -0.003420 0.459060
vt 0.584950 0.546930
vt 0.532880 0.618410
vt 0.526750 0.649810
vt 0.526130 0.626060
vt 0.729030 0.498370
vt 0.716780 0.498420
vt 0.419230 0.513280
vt 0.443660 0.524220
vt 0.840780 0.334110
vt 0.843840 0.335250
vt 0.817720 0.792150
vt 0.803130 0.786760
vt 0.707300 0.390400
vt 0.045470 0.879780
vt 0.817370 0.159080
vt 0.799380 0.152380
vt 0.811220 0.145990
vt 0.529920 0.713350
vt 0.511770 0.695620
vt 0.530650 0.691660
vt 0.183640 0.754200
vt 0.206530 0.745410
vt 0.205640 0.759040
vt 0.236330 0.505240
vt 0.236350 0.518140
vt 0.197840 0.505370
vt 0.177150 0.567480
vt 0.699560 0.799550
vt 0.275060 0.758200
vt 0.278110 0.740460
vt 0.540940 0.091170
vt 0.208710 0.686510
vt 0.232540 0.669150
vt 0.612380 0.114500
vt 0.705720 0.556780
vt 0.798680 0.172600
vt 0.484680 0.080660
vt 0.912140 0.242890
vt 0.139870 0.743900
vt 0.158800 0.758910
vt 0.293230 0.125150
vt 0.635440 0.516700
vt 0.634580 0.532160
vt 0.501170 0.748260
vt 0.530850 0.778110
vt 0.450700 0.118150
vt 0.973680 0.766330
vt 1.007280 0.776990
vt 0.311930 0.389670
vt 0.232240 0.402260
vt 0.439960 0.129910
vt 0.535920 0.702150
vt 0.865880 0.233390
vt 0.874600 0.237590
vt 0.684420 0.513830
vt 0.791790 0.766790
vt 0.766910 0.786340
vt 0.577980 0.815780
vt 0.601360 0.810860
vt 0.356990 0.592440
vt 0.495710 0.670960
vt 0.376970 0.799980
vt 0.436600 0.575170
vt 0.466350 0.253510
vt 0.466410 0.248110
vt 0.457600 0.271700
vt 0.390190 0.635810
vt 0.383190 0.626600
vt 0.383080 0.615160
vt 0.000390 0.353120
vt 0.388730 0.667110
vt 0.357970 0.729450
vt 0.348930 0.653770
vt 0.925880 0.551460
vt 0.898680 0.574520
vt 0.924790 0.562580
vt 0.907030 0.353120
vt 0.878120 0.389400
vt 0.906820 0.355140
vt 0.670640 0.677510
vt 0.863350 0.657830
vt 0.851790 0.644730
vt 0.856390 0.619360
vt 0.904050 0.663580
vt 0.118580 0.624930
vt 0.120620 0.635670
vt 0.307060 0.570720
vt 0.319720 0.591200
vt 0.408050 0.368390
vt 0.395250 0.296290
vt 0.835500 0.208130
vt 0.927000 0.633350
vt 0.324310 0.358440
vt 0.273880 0.295890
vt 0.275240 0.280590
vt 0.292110 0.368670
vt 0.305520 0.270970
vt 0.697440 0.450430
vt 0.339740 0.462680
vt 0.493950 0.663420
vt 0.491380 0.650670
vt 0.696830 0.164140
vt 0.615190 0.276440
vt 0.709200 0.166850
vt 0.699070 0.417450
vt 0.874370 0.156910
vt 0.927900 0.196540
vt 0.721140 0.131040
vt 0.624710 0.699650
vt 0.204020 0.475520
vt 0.331650 0.540780
vt 0.354040 0.604040
vt 0.367510 0.610210
vt 0.375540 0.619220
vt 0.121980 0.775940
vt 0.223040 0.281150
vt 0.922320 0.213140
vt 0.948330 0.331220
vt 0.382470 0.791080
vt 0.191380 0.505010
vt 0.088340 0.160780
vt 0.725900 0.168050
vt 0.547460 0.550360
vt 0.490930 0.561700
vt 0.463330 0.544720
vt 0.462300 0.533620
vt 0.445000 0.538740
vt 0.303470 0.559560
vt 0.324400 0.530630
vt 0.771020 0.350870
vt 0.278870 0.655850
vt 0.026350 0.635970
vt 0.033120 0.639360
vt 0.762400 0.669580
vt 0.067040 0.766330
vt 0.468330 0.734840
vt 0.095850 0.372670
vt 0.079850 0.357670
vt 0.120610 0.437240
vt 0.463490 0.092180
vt 0.450270 0.091300
vt 0.437090 0.078380
vt 0.649860 0.514210
vt 0.670630 0.529620
vt 0.230960 0.429410
vt 0.197870 0.287110
vt 0.188410 0.282120
vt 0.037480 0.132610
vt 0.101520 0.113900
vt 0.026690 0.155590
vt 0.685640 0.564480
vt 0.766460 0.105670
vt 1.039160 0.073700
vt 0.918400 0.102260
vt 0.142690 0.550280
vt 0.492390 0.573280
vt 0.601080 0.489960
vt 0.622430 0.501220
vt 0.569930 0.311030
vt 0.573650 0.270820
vt 0.246740 0.153940
vt 0.743010 0.597150
vt 0.828940 0.154240
vt 0.178850 0.841690
vt -0.005980 0.723960
vt 0.901580 0.253680
vt 0.397140 0.068080
vt 0.603040 0.662930
vt 0.722500 0.536010
vt 0.066850 0.737610
vt 0.762830 0.585930
vt 0.915550 0.399020
vt 0.766210 0.682120
vt 0.944120 0.132610
vt 0.007350 0.114280
vt 0.011760 0.102260
vt 0.216980 0.730080
vt 0.216990 0.711590
vt 0.729980 0.473370
vt 1.003240 0.865440
vt 0.646650 0.639620
vt 0.590190 0.301680
vt 0.150590 0.058210
vt 0.326180 0.175640
vt 0.711840 0.541290
vt 0.705410 0.542420
vt 0.526580 0.479260
vt 0.590110 0.437750
vt 0.528590 0.618690
vt 0.910620 0.769580
vt 0.968390 0.757060
vt 1.016390 0.767760
vt 1.025970 0.774780
vt 1.028620 0.775940
vn -0.7296 -0.6612 -0.1746
vn -0.1685 0.9049 0.3909
vn -0.1684 0.9049 0.3909
vn -0.9880 -0.1252 0.0903
vn -0.5351 -0.4716 -0.7009
vn -0.0872 -0.6104 0.7873
vn -0.1169 -0.9625 0.2449
vn -0.1169 -0.9625 0.2450
vn -0.9897 -0.1347 -0.0489
vn -0.2136 -0.8401 -0.4986
vn -0.2130 -0.8402 -0.4987
vn 0.9852 -0.1049 0.1356
vn 0.9852 -0.1031 0.1370
vn -0.8374 -0.0610 -0.5432
vn 0.0736 0.6940 -0.7162
vn -0.5116 0.7448 0.4284
vn -0.7364 -0.4679 0.4886
vn 0.5906 -0.5735 -0.5677
vn -0.8909 0.2527 0.3775
vn -0.8708 -0.3454 0.3498
vn -0.1524 0.5700 0.8074
vn -0.0176 0.5210 0.8534
vn -0.2186 0.3691 0.9033
vn -0.9415 0.1027 0.3208
vn 0.7735 0.2117 0.5974
vn -0.8577 -0.2325 0.4585
vn -0.2195 0.3533 0.9094
vn -0.2194 0.3533 0.9094
vn 0.7997 -0.5933 0.0915
vn 0.0344 -0.7325 -0.6799
vn 0.0344 -0.7324 -0.6800
vn 0.0581 0.7181 0.6935
vn 0.0094 0.8834 0.4685
vn 0.0117 0.8834 0.4684
vn -0.8723 -0.4855 0.0581
vn -0.8723 -0.4856 0.0581
vn -0.5933 -0.7930 -0.1381
vn -0.1415 0.6388 -0.7562
vn -0.5381 -0.7785 0.3230
vn -0.5382 -0.7785 0.3230
vn 0.0441 0.6301 -0.7752
vn 0.0442 0.6301 -0.7752
vn 0.2980 -0.4579 0.8376
vn 0.3008 -0.4545 0.8384
vn -0.4403 -0.7472 0.4978
vn -0.3577 -0.6325 0.6870
vn -0.3197 -0.6559 0.6838
vn 0.3349 -0.1015 0.9368
vn 0.3499 -0.7840 -0.5128
vn 0.6876 -0.6144 0.3869
vn 0.0472 -0.1799 0.9825
vn -0.7398 -0.6728 0.0065
vn -0.7386 -0.6741 0.0086
vn -0.7386 -0.6740 0.0086
vn -0.7374 -0.6753 0.0106
vn 0.3937 0.2415 0.8869
vn -0.9667 0.0847 -0.2413
vn 0.0422 0.9368 -0.3473
vn 0.7335 -0.6627 0.1510
vn 0.7916 -0.5823 0.1850
vn 0.2743 -0.2835 0.9189
vn -0.8314 0.5146 0.2098
vn -0.8313 0.5146 0.2098
vn -0.8302 0.5163 0.2102
vn -0.0814 -0.2234 0.9713
vn -0.0834 -0.2231 0.9712
vn -0.0538 -0.3152 0.9475
vn 0.4650 -0.8639 0.1933
vn 0.4656 -0.8636 0.1937
vn 0.4645 -0.8643 0.1930
vn 0.5000 -0.7012 0.5083
vn 0.5006 -0.7005 0.5086
vn -0.0955 -0.8060 -0.5841
vn -0.0943 -0.8061 -0.5842
vn -0.1285 -0.0880 -0.9878
vn -0.0775 0.9941 0.0755
vn -0.0774 0.9941 0.0755
vn -0.1266 0.9523 0.2776
vn 0.6864 -0.4593 0.5638
vn 0.2241 -0.9164 -0.3316
vn -0.4467 0.8816 -0.1526
vn -0.4588 0.8748 -0.1558
vn -0.0353 -0.5166 -0.8555
vn -0.0371 -0.5165 -0.8555
vn 0.0542 -0.9191 -0.3902
vn -0.0799 -0.8773 -0.4733
vn -0.8596 -0.5105 0.0212
vn -0.1880 0.9706 -0.1503
vn 0.8787 0.4154 0.2350
vn 0.9669 0.2515 0.0429
vn 0.2987 0.1496 -0.9426
vn 0.2987 0.1496 -0.9425
vn -0.3126 -0.1741 0.9338
vn -0.3125 -0.1741 0.9338
vn -0.7329 -0.5085 -0.4520
vn -0.5604 0.7802 -0.2780
vn 0.3696 -0.1154 0.9220
vn -0.5273 -0.7608 -0.3784
vn 0.5059 0.7812 -0.3658
vn 0.5600 -0.7198 0.4103
vn 0.8343 -0.0002 0.5513
vn 0.8320 0.0052 0.5548
vn -0.2791 -0.7296 -0.6243
vn -0.3303 -0.4682 -0.8195
vn -0.3823 -0.5177 -0.7654
vn -0.3823 -0.5176 -0.7654
vn 0.7567 -0.1239 0.6419
vn 0.7558 -0.1212 0.6435
vn 0.7560 -0.1219 0.6431
vn 0.0560 -0.7023 0.7097
vn 0.0559 -0.7023 0.7097
vn -0.7032 -0.6419 0.3057
vn -0.7027 -0.6431 0.3043
vn 0.5560 -0.4548 0.6958
vn 0.5559 -0.4548 0.6958
vn 0.5346 0.5588 0.6340
vn 0.5345 0.5588 0.6340
vn 0.5347 0.5028 0.6792
vn 0.7466 -0.4174 0.5181
vn 0.8801 -0.2536 0.4015
vn 0.5808 -0.4295 0.6915
vn 0.1625 0.9783 0.1289
vn 0.4712 0.8702 0.1441
vn 0.1840 -0.9684 0.1683
vn 0.1841 -0.9684 0.1683
vn -0.4726 -0.8738 0.1142
vn -0.4727 -0.8738 0.1142
vn -0.5139 -0.4171 0.7496
vn 0.1844 0.9280 -0.3238
vn -0.7042 -0.6167 0.3517
vn -0.7061 -0.6183 0.3450
vn 0.8126 0.5255 -0.2518
vn -0.7301 -0.5886 0.3471
vn 0.6864 -0.6765 -0.2668
vn -0.8543 -0.5198 0.0028
vn 0.7763 -0.5208 -0.3551
vn -0.8139 -0.5215 0.2562
vn 0.9729 0.1050 0.2059
vn -0.6014 -0.7941 0.0881
vn -0.9719 0.0380 0.2324
vn -0.8322 -0.5018 0.2358
vn -0.6739 -0.3971 0.6230
vn -0.6121 -0.7557 -0.2328
vn 0.6890 -0.0508 0.7230
vn 0.9040 0.2958 0.3088
vn -0.3460 -0.6258 0.6991
vn -0.4385 -0.6656 -0.6039
vn -0.3047 -0.3602 0.8817
vn -0.3086 -0.3597 0.8806
vn -0.3069 -0.3590 0.8814
vn 0.6612 -0.0478 -0.7487
vn -0.2276 -0.7746 -0.5901
vn -0.2284 -0.7744 -0.5900
vn 0.7818 -0.0904 -0.6169
vn 0.9020 -0.3659 -0.2291
vn 0.2067 -0.2021 0.9573
vn 0.2086 -0.2024 0.9568
vn 0.2264 -0.1113 0.9677
vn 0.2265 -0.1113 0.9676
vn -0.9987 0.0317 -0.0405
vn -0.9986 0.0345 -0.0407
vn -0.2734 0.5127 -0.8139
vn -0.7049 -0.1220 -0.6988
vn 0.5454 0.3099 0.7788
vn 0.5475 0.3052 0.7792
vn -0.4081 0.7012 0.5846
vn 0.0387 -0.9957 0.0842
vn -0.0902 -0.9247 0.3699
vn 0.2188 0.9395 0.2635
vn 0.2181 0.9397 0.2636
vn 0.0936 0.9568 0.2753
vn 0.0935 0.9568 0.2753
vn -0.6703 -0.6145 -0.4160
vn 0.3669 0.8598 0.3551
vn 0.3668 0.8598 0.3551
vn 0.4638 0.8829 -0.0741
vn 0.4638 0.8828 -0.0741
vn 0.8105 -0.2559 -0.5269
vn 0.7093 -0.7014 0.0697
vn 0.4476 -0.8726 0.1958
vn 0.4475 -0.8726 0.1958
vn -0.2034 -0.9290 0.3092
vn -0.2022 -0.9293 0.3091
vn 0.3070 -0.9001 0.3090
vn -0.4162 -0.7994 -0.4333
vn -0.2997 0.6615 -0.6874
vn 0.5228 -0.8489 -0.0779
vn -0.5457 -0.7982 -0.2552
vn 0.4824 -0.6636 0.5718
vn -0.5906 -0.4164 0.6912
vn -0.5906 -0.4164 0.6913
vn -0.2139 -0.9684 -0.1285
vn -0.2180 -0.9681 -0.1234
vn -0.1646 -0.9225 0.3492
vn -0.1645 -0.9225 0.3492
vn 0.1140 -0.9425 0.3142
vn -0.2110 -0.8080 0.5501
vn -0.0881 -0.8625 0.4983
vn -0.0880 -0.8625 0.4983
vn -0.0882 -0.8625 0.4983
vn 0.5925 -0.6384 0.4913
vn -0.1226 -0.8823 0.4545
vn -0.1227 -0.8823 0.4545
vn -0.1106 -0.7757 0.6213
vn 0.2381 -0.9597 0.1490
vn -0.1253 -0.9328 0.3379
vn 0.3434 -0.7166 0.6071
vn 0.3433 -0.7166 0.6071
vn -0.1220 -0.9915 0.0461
vn -0.1214 -0.9915 0.0459
vn -0.1221 -0.9915 0.0460
vn 0.5682 0.1219 0.8138
vn 0.5681 0.1219 0.8138
vn 0.5213 0.0778 0.8498
vn 0.5214 0.0778 0.8498
vn 0.2479 -0.9042 -0.3478
vn 0.2480 -0.9042 -0.3478
vn 0.4751 -0.7950 -0.3771
vn 0.1228 -0.4348 0.8921
vn 0.1227 -0.4347 0.8921
vn 0.1227 -0.4348 0.8921
vn -0.1358 -0.6336 0.7617
vn -0.1342 -0.6339 0.7617
vn -0.5444 -0.7945 -0.2691
vn -0.3297 -0.8535 -0.4036
vn -0.3296 -0.8535 -0.4036
vn -0.0646 0.9556 0.2876
vn -0.0647 0.9556 0.2876
vn -0.5828 -0.5349 -0.6118
vn -0.4038 -0.6102 -0.6816
vn -0.4038 -0.6103 -0.6816
vn 0.2081 0.9418 0.2642
vn -0.3980 -0.7478 -0.5315
vn 0.1682 -0.7496 -0.6401
vn -0.1018 -0.9942 0.0342
vn -0.1239 -0.9922 -0.0151
vn 0.4026 -0.7647 0.5032
vn 0.4061 -0.9063 0.1173
vn 0.6233 -0.7637 0.1683
vn 0.5472 -0.7764 -0.3127
vn 0.5473 -0.7764 -0.3127
vn 0.6334 -0.4530 0.6273
vn 0.3100 -0.5461 0.7783
vn 0.6195 -0.7768 0.1129
vn 0.3721 -0.9282 0.0030
vn 0.3721 -0.9282 0.0029
vn 0.4628 -0.8862 0.0227
vn 0.7281 -0.5376 -0.4253
vn 0.6422 0.1221 0.7567
vn 0.6575 0.1169 0.7443
vn 0.3603 -0.8763 -0.3199
vn 0.6614 -0.7089 -0.2449
vn 0.6615 -0.7089 -0.2449
vn -0.1488 -0.9880 -0.0414
vn -0.1489 -0.9880 -0.0414
vn 0.5262 -0.7013 -0.4809
vn -0.0847 -0.9953 -0.0475
vn -0.0856 -0.9952 -0.0474
vn 0.8419 0.4014 -0.3608
vn 0.8418 0.4014 -0.3608
vn 0.3370 -0.8524 -0.3999
vn 0.1730 -0.8290 -0.5318
vn 0.3655 -0.6381 -0.6776
vn 0.3346 -0.6368 -0.6947
vn 0.3316 -0.6337 -0.6989
vn 0.8896 -0.4188 0.1821
vn 0.4105 -0.5630 0.7173
vn 0.1848 -0.6269 0.7569
vn -0.9486 -0.1351 -0.2862
vn 0.4562 -0.8855 -0.0877
vn 0.4563 -0.8855 -0.0877
vn 0.6795 -0.7145 -0.1665
vn -0.9448 -0.1244 -0.3031
vn -0.5249 -0.1904 -0.8296
vn -0.7821 -0.2455 0.5728
vn -0.8189 0.3785 -0.4313
vn -0.0908 0.9869 0.1336
vn 0.6488 0.2839 0.7061
vn 0.6487 0.2839 0.7061
vn 0.1289 0.4972 0.8580
vn 0.1261 0.4944 0.8600
vn 0.4904 -0.0823 0.8676
vn -0.2113 -0.9385 -0.2732
vn -0.2120 -0.9383 -0.2731
vn -0.5767 -0.4466 -0.6841
vn -0.5325 -0.5565 -0.6378
vn 0.5843 -0.6538 -0.4808
vn 0.5842 -0.6538 -0.4808
vn 0.2209 0.9587 0.1789
vn 0.2444 0.9055 0.3469
vn -0.4954 0.5001 0.7103
vn -0.4934 0.5000 0.7117
vn -0.4954 0.5000 0.7103
vn 0.6168 -0.0618 0.7847
vn -0.7455 0.3744 0.5514
vn -0.7456 0.3744 0.5514
vn -0.3484 -0.9251 -0.1510
vn 0.3249 -0.5284 -0.7844
vn -0.4625 -0.1108 0.8797
vn 0.0407 0.1282 -0.9909
vn 0.0415 0.1217 -0.9917
vn 0.0409 0.1196 -0.9920
vn 0.1794 -0.2576 -0.9494
vn 0.0307 -0.5189 0.8543
vn 0.0276 -0.5219 0.8525
vn 0.6190 -0.7853 -0.0067
vn -0.8055 0.2584 0.5333
vn -0.2909 0.1572 0.9438
vn -0.2850 0.1609 0.9449
vn 0.3021 -0.5535 -0.7761
vn -0.1733 -0.9849 -0.0072
vn -0.1736 -0.9848 -0.0071
vn -0.6036 0.0695 0.7943
vn -0.6075 0.0709 0.7911
vn 0.3404 -0.4064 -0.8479
vn 0.1196 -0.0806 0.9895
vn 0.4210 -0.4082 0.8100
vn -0.4754 -0.7045 0.5269
vn -0.1092 0.9939 -0.0127
vn -0.1029 0.9946 -0.0121
vn -0.1028 0.9946 -0.0121
vn -0.0965 0.9953 -0.0117
vn -0.6794 0.4759 0.5585
vn 0.3579 0.8715 -0.3352
vn -0.6680 0.3564 0.6532
vn -0.6853 0.0894 -0.7227
vn 0.1884 -0.6272 0.7557
vn 0.1454 -0.9892 0.0186
vn 0.1453 -0.9892 0.0186
vn 0.1282 -0.6845 0.7177
vn -0.5924 -0.1723 0.7870
vn -0.4030 -0.9142 -0.0425
vn -0.3614 -0.9323 0.0116
vn 0.2688 -0.9617 -0.0540
vn -0.3140 0.9489 0.0310
vn 0.3730 -0.9261 -0.0557
vn 0.1937 -0.7211 0.6652
vn -0.0573 0.9507 0.3047
vn -0.8740 -0.4845 0.0383
vn 0.7593 -0.5705 0.3131
vn 0.6953 0.6718 0.2555
vn 0.4656 -0.4317 0.7725
vn -0.5659 0.7643 0.3092
vn 0.1306 0.8861 -0.4446
vn 0.0462 -0.9823 -0.1813
vn 0.7165 -0.6970 -0.0281
vn 0.1195 -0.9923 -0.0332
vn 0.0143 -0.9948 0.1012
vn 0.0122 -0.9948 0.1015
vn 0.3888 -0.5130 0.7653
vn 0.3888 -0.5130 0.7652
vn -0.4026 0.1816 -0.8972
vn -0.4027 0.1815 -0.8972
vn -0.3983 0.1853 -0.8984
vn 0.0555 0.8578 0.5110
vn 0.0572 0.8577 0.5110
vn -0.4071 0.1776 -0.8960
vn 0.2773 0.8082 0.5196
vn 0.5648 0.6082 0.5577
vn 0.1303 0.9771 0.1685
vn 0.6608 0.7475 0.0680
vn -0.4598 0.8877 0.0227
vn -0.5167 0.8547 0.0497
vn -0.5200 0.8528 0.0481
vn -0.8341 -0.2442 0.4946
vn 0.2007 0.1494 -0.9682
vn -0.4498 0.4440 -0.7750
vn 0.9334 0.3155 -0.1710
vn -0.9327 -0.1078 0.3442
vn 0.3493 0.7655 -0.5404
vn 0.3494 0.7654 -0.5404
vn 0.3310 -0.7758 -0.5372
vn 0.3757 -0.1157 0.9195
vn 0.4080 -0.6247 0.6658
vn 0.4079 -0.6247 0.6658
vn 0.6529 0.6486 -0.3913
vn 0.6529 0.6485 -0.3913
vn 0.7926 -0.5913 -0.1487
vn 0.0599 0.1499 -0.9869
vn -0.6612 -0.5788 0.4772
vn -0.6613 -0.5788 0.4772
vn -0.6549 -0.5558 0.5121
vn -0.1811 -0.9814 0.0633
vn -0.1816 -0.9813 0.0633
vn -0.1817 -0.9813 0.0633
vn 0.8048 -0.3356 -0.4896
vn 0.6442 -0.7075 -0.2907
vn 0.0205 -0.8833 0.4684
vn 0.0266 -0.8835 0.4676
vn -0.5448 0.6644 -0.5117
vn 0.9186 -0.3804 -0.1071
vn -0.9339 -0.2058 -0.2924
vn 0.1366 -0.9903 0.0240
vn 0.1402 -0.9898 0.0237
vn -0.7359 -0.6771 -0.0055
vn -0.1760 -0.7718 -0.6110
vn -0.1763 -0.7718 -0.6109
vn -0.7513 -0.6598 0.0148
vn -0.3813 -0.9110 0.1574
vn -0.3870 -0.9090 0.1549
vn 0.1906 0.5309 0.8257
vn 0.5512 0.8102 -0.1996
vn 0.2739 -0.9602 0.0549
vn -0.7188 -0.6587 -0.2224
vn -0.7173 -0.6611 -0.2199
vn 0.3043 0.5093 -0.8050
vn 0.2038 0.9777 -0.0503
vn -0.6658 0.3612 -0.6529
vn 0.5713 0.3112 0.7595
vn 0.6927 -0.1110 0.7126
vn -0.5263 0.1585 -0.8354
vn -0.1099 -0.0861 -0.9902
vn 0.8654 0.4702 -0.1733
vn -0.6284 0.6924 0.3544
vn -0.6291 0.6915 0.3549
vn 0.8651 -0.4520 0.2174
vn 0.8651 -0.4521 0.2174
vn 0.9637 -0.1767 0.2002
vn 0.9694 -0.0341 0.2430
vn -0.8728 0.1353 -0.4688
vn -0.8728 0.1353 -0.4689
vn 0.1330 -0.7979 -0.5879
vn 0.8295 -0.1574 0.5358
vn -0.0861 0.7885 0.6090
vn 0.1109 0.7870 0.6069
vn 0.6363 -0.3011 0.7102
vn 0.3520 0.8295 -0.4336
vn -0.0887 -0.7617 0.6418
vn -0.0882 -0.7618 0.6418
vn 0.0304 0.0480 -0.9984
vn 0.1525 0.9876 0.0376
vn -0.5465 -0.6792 -0.4899
vn -0.5487 -0.6807 -0.4853
vn -0.4499 -0.0046 -0.8931
vn -0.5118 -0.0413 -0.8581
vn -0.5136 -0.7837 -0.3494
vn -0.5136 -0.7837 -0.3493
vn -0.3622 0.8506 0.3811
vn 0.8678 -0.0044 0.4969
vn 0.8908 0.0048 0.4545
vn 0.6630 -0.6921 -0.2852
vn 0.8094 0.5136 0.2847
vn 0.8094 0.5135 0.2847
vn -0.1765 0.9772 -0.1184
vn -0.0160 -0.0394 -0.9991
vn -0.0676 0.6276 0.7756
vn -0.0327 0.3454 -0.9379
vn 0.0045 0.5515 0.8342
vn 0.0046 0.5515 0.8342
vn 0.7670 0.6375 -0.0731
vn 0.2260 0.2890 0.9303
vn 0.1315 -0.8274 0.5459
vn 0.1311 -0.8274 0.5460
vn -0.4058 0.8529 -0.3286
vn -0.1326 -0.7028 -0.6989
vn -0.1381 -0.7022 -0.6985
vn 0.1572 -0.9762 -0.1492
vn 0.2077 -0.5397 -0.8158
vn -0.0950 -0.9795 0.1778
vn 0.9380 0.1111 0.3282
vn -0.5998 0.5265 0.6026
vn -0.1918 0.9683 -0.1600
vn -0.1934 0.9680 -0.1597
vn -0.5746 -0.4917 0.6543
vn -0.5764 -0.4902 0.6538
vn 0.2881 -0.8228 0.4900
vn -0.2710 -0.3837 0.8828
vn -0.7176 0.5915 -0.3678
vn -0.0020 0.3021 -0.9533
vn -0.0032 0.3053 -0.9523
vn 0.6347 -0.5324 -0.5601
vn -0.6813 -0.7246 0.1043
vn -0.6407 -0.7665 -0.0450
vn 0.4415 -0.2216 -0.8695
vn 0.4415 -0.2216 -0.8694
vn -0.0305 0.0756 0.9967
vn -0.0285 0.0754 0.9967
vn -0.4022 -0.5998 -0.6918
vn -0.2538 -0.0104 0.9672
vn -0.2586 -0.0076 0.9660
vn -0.2991 -0.8071 0.5090
vn -0.7943 -0.6068 0.0291
vn -0.9507 0.3085 -0.0316
vn -0.1958 -0.9285 0.3155
vn 0.9880 -0.0668 -0.1395
vn -0.0507 -0.5119 0.8575
vn -0.6871 0.2860 0.6679
vn -0.0671 0.8363 -0.5442
vn -0.0633 0.8366 -0.5442
vn -0.0006 0.9229 -0.3851
vn 0.0008 0.9228 -0.3853
vn 0.2017 0.8220 0.5326
vn -0.5548 -0.8256 -0.1030
vn -0.1010 -0.0892 -0.9909
vn -0.1072 -0.3821 -0.9179
vn -0.1077 -0.3821 -0.9178
vn 0.8159 0.1919 -0.5455
vn 0.7088 0.2145 -0.6720
vn 0.7617 -0.6393 0.1053
vn -0.1248 0.1426 -0.9819
vn -0.1241 0.1425 -0.9820
vn 0.7342 -0.6060 -0.3063
vn 0.7330 -0.6099 -0.3014
vn 0.7334 -0.6078 -0.3045
vn 0.0217 0.6522 -0.7578
vn 0.0197 0.6524 -0.7576
vn -0.2430 0.9694 -0.0356
vn 0.2195 0.2610 -0.9400
vn -0.0707 0.2342 -0.9696
vn -0.0706 0.2342 -0.9696
vn -0.0273 0.0917 -0.9954
vn -0.7925 -0.4738 0.3841
vn -0.8153 -0.4434 0.3724
vn 0.1099 0.0861 0.9902
vn 0.6820 -0.7275 0.0745
vn 0.0915 0.3413 -0.9355
vn 0.0933 0.3410 -0.9354
vn -0.6384 -0.7106 -0.2960
vn 0.0610 -0.7848 -0.6167
vn 0.3704 -0.8491 -0.3767
vn 0.3701 -0.8493 -0.3764
vn -0.8789 -0.0660 0.4725
vn 0.3193 -0.9395 -0.1242
vn 0.4192 -0.8988 -0.1282
vn 0.4284 0.0732 -0.9006
vn 0.5449 0.5110 -0.6648
vn 0.5449 0.5110 -0.6647
vn 0.5469 0.5103 -0.6637
vn -0.1535 0.0457 -0.9871
vn 0.3190 -0.2769 0.9064
vn 0.3256 -0.2774 0.9039
vn 0.3191 -0.2769 0.9064
vn 0.9695 -0.2355 -0.0677
vn 0.1347 0.9908 -0.0129
vn -0.8885 -0.2890 -0.3564
vn 0.4511 0.8123 0.3696
vn -0.3073 -0.3694 -0.8770
vn -0.3027 -0.3725 -0.8773
vn 0.2345 0.9696 0.0705
vn 0.2333 0.9698 0.0706
vn -0.7138 -0.7003 -0.0097
vn 0.4766 0.6691 -0.5702
vn 0.6914 -0.2570 -0.6752
vn -0.0694 -0.4807 0.8742
vn 0.1007 0.9291 0.3559
vn -0.0915 -0.4024 0.9109
vn -0.0898 -0.4027 0.9109
vn 0.1453 -0.9180 -0.3690
vn 0.1452 -0.9180 -0.3690
vn 0.6843 -0.4642 0.5623
vn 0.6902 -0.3999 0.6030
vn 0.4245 -0.6504 0.6299
vn 0.1043 -0.0638 0.9925
vn -0.0980 0.1376 0.9856
vn -0.0981 0.1376 0.9856
vn 0.1048 -0.1221 0.9870
vn 0.1044 -0.1221 0.9870
vn 0.1048 -0.1222 0.9870
vn -0.5903 0.8056 0.0508
vn 0.4662 0.8222 0.3264
vn -0.3937 0.7825 0.4824
vn 0.1401 0.9385 -0.3156
vn 0.2381 0.9088 0.3425
vn 0.2391 0.9086 0.3424
vn 0.2644 0.8752 0.4050
vn 0.3078 -0.8824 0.3557
vn 0.1328 0.7134 0.6881
vn 0.8773 -0.4602 -0.1365
vn 0.1179 -0.9752 -0.1873
vn -0.4933 -0.5976 -0.6321
vn 0.1790 0.0553 -0.9823
vn 0.1790 0.0552 -0.9823
vn 0.1798 0.0577 -0.9820
vn -0.8804 -0.4540 -0.1372
vn -0.1187 -0.4389 0.8907
vn -0.7780 -0.5670 -0.2705
vn 0.2445 -0.9570 -0.1562
vn -0.6817 -0.7224 0.1157
vn -0.6810 -0.7230 0.1165
vn -0.0380 0.8124 0.5818
vn 0.0857 -0.8134 0.5753
vn -0.1080 0.5143 -0.8508
vn -0.1094 0.5145 -0.8505
vn 0.1867 0.9453 -0.2674
vn 0.1853 0.9463 -0.2650
vn 0.1864 0.9454 -0.2673
vn -0.5141 -0.3717 -0.7730
vn 0.7866 0.4838 -0.3835
vn 0.7866 0.4839 -0.3835
vn 0.9427 0.1157 -0.3130
vn 0.9409 0.1132 -0.3193
vn 0.9427 0.1158 -0.3129
vn 0.5087 0.8427 0.1765
vn 0.1534 -0.7497 -0.6438
vn 0.4835 0.8748 0.0295
vn 0.5896 -0.7933 0.1519
vn 0.5896 -0.7932 0.1519
vn -0.7704 -0.3196 -0.5517
vn 0.3784 -0.1680 0.9103
vn 0.4760 -0.8451 0.2435
vn 0.2026 -0.7728 0.6014
vn 0.2025 -0.7728 0.6014
vn 0.2458 -0.7745 -0.5829
vn 0.2459 -0.7745 -0.5829
vn 0.1813 -0.7852 -0.5920
vn 0.5596 0.2345 -0.7949
vn -0.5423 -0.8393 -0.0377
vn 0.3112 0.5139 -0.7994
vn 0.6958 -0.7125 -0.0900
vn 0.2148 0.5495 -0.8074
vn -0.7938 -0.5191 0.3168
vn 0.1857 0.4960 -0.8482
vn -0.3307 -0.3082 -0.8920
vn 0.2839 0.8377 0.4665
vn 0.1297 0.9895 -0.0644
vn 0.1296 0.9895 -0.0644
vn -0.6615 -0.7050 -0.2558
vn -0.6615 -0.7050 -0.2559
vn 0.5660 -0.6410 0.5184
vn 0.5700 -0.6383 0.5175
vn -0.7750 0.2619 -0.5751
vn -0.9311 0.3026 -0.2035
vn -0.9312 0.3026 -0.2035
vn 0.7554 0.5490 -0.3578
vn -0.1406 -0.3028 -0.9426
vn -0.1405 -0.3028 -0.9426
vn -0.6374 -0.6251 0.4507
vn -0.6373 -0.6251 0.4507
vn -0.2655 0.9377 0.2241
vn -0.7540 -0.6357 -0.1652
vn -0.7928 -0.6095 -0.0027
vn -0.3219 0.9076 0.2695
vn 0.0691 0.9802 0.1857
vn 0.0982 0.8481 0.5206
vn -0.1580 0.8863 0.4354
vn -0.9916 -0.0791 0.1021
vn -0.2394 0.8904 0.3872
vn -0.9886 -0.0983 0.1140
vn -0.9779 -0.1607 0.1340
vn -0.0166 -0.5745 0.8183
vn -0.0167 -0.5745 0.8183
vn -0.0165 -0.5746 0.8183
vn -0.9920 -0.1230 -0.0290
vn -0.2446 -0.8909 -0.3827
vn 0.9968 0.0729 0.0319
vn 0.9699 -0.0803 0.2301
vn 0.9945 -0.0454 0.0944
vn -0.8014 -0.1014 -0.5894
vn -0.8014 -0.1014 -0.5895
vn -0.8030 -0.0994 -0.5876
vn 0.9766 -0.1046 0.1880
vn 0.9852 -0.1066 0.1342
vn -0.7356 -0.1049 -0.6692
vn -0.4674 0.7419 0.4807
vn -0.7998 -0.1035 -0.5912
vn 0.0926 0.7132 -0.6948
vn 0.2663 0.7259 -0.6342
vn -0.7970 -0.4312 0.4229
vn -0.7970 -0.4313 0.4229
vn 0.4713 -0.8666 -0.1636
vn 0.4713 -0.8667 -0.1636
vn 0.5617 -0.6326 -0.5332
vn 0.4121 -0.7682 -0.4900
vn 0.4121 -0.7681 -0.4900
vn 0.4121 -0.7682 -0.4901
vn 0.5589 -0.7317 -0.3903
vn 0.5589 -0.7316 -0.3903
vn 0.5403 -0.6903 -0.4813
vn 0.3988 -0.7553 -0.5201
vn 0.5615 -0.7231 -0.4022
vn 0.5615 -0.7232 -0.4022
vn -0.8516 0.2731 0.4475
vn 0.5571 -0.7182 -0.4168
vn 0.5269 -0.7220 -0.4484
vn 0.5748 -0.6745 -0.4633
vn 0.5987 -0.6619 -0.4510
vn 0.6368 -0.5922 -0.4937
vn 0.9424 0.1630 0.2921
vn 0.9301 0.2027 0.3062
vn 0.9304 0.2021 0.3056
vn 0.9307 0.2015 0.3051
vn -0.8323 -0.3613 0.4205
vn -0.8216 -0.3491 0.4506
vn -0.8089 -0.3855 0.4439
vn -0.7689 -0.4264 0.4765
vn -0.0635 0.5193 0.8522
vn -0.0744 0.5108 0.8565
vn 0.0508 0.3547 0.9336
vn -0.0492 0.5093 0.8592
vn 0.6551 0.5464 0.5219
vn 0.6550 0.5464 0.5219
vn 0.5969 0.6075 0.5241
vn 0.6137 0.5602 0.5563
vn 0.6543 0.5619 0.5061
vn -0.9501 0.0482 0.3082
vn -0.9422 0.0959 0.3209
vn -0.9617 0.0981 0.2558
vn -0.9382 0.1089 0.3285
vn 0.7025 0.3764 0.6040
vn 0.8533 0.2868 0.4355
vn 0.8533 0.2867 0.4355
vn 0.7928 0.2906 0.5358
vn 0.1314 -0.7264 -0.6747
vn 0.1313 -0.7265 -0.6745
vn 0.1313 -0.7261 -0.6749
vn 0.0404 0.7267 0.6858
vn 0.0403 0.7267 0.6858
vn -0.8352 -0.5497 -0.0161
vn -0.2001 0.9191 0.3395
vn -0.0911 0.9497 0.2995
vn -0.9017 -0.4301 0.0440
vn -0.8718 -0.4812 0.0915
vn -0.8730 -0.4866 0.0334
vn -0.5327 -0.8462 0.0117
vn -0.8181 -0.5366 0.2066
vn -0.8687 -0.4936 0.0412
vn -0.8734 -0.4851 0.0438
vn -0.6594 -0.7485 0.0697
vn -0.9216 -0.3512 0.1652
vn -0.9216 -0.3513 0.1652
vn -0.9148 -0.3289 0.2344
vn -0.9439 -0.2983 0.1415
vn 0.0633 0.5985 -0.7986
vn -0.1026 0.5913 -0.7999
vn 0.2953 -0.4611 0.8368
vn -0.7491 0.6522 -0.1163
vn -0.7490 0.6522 -0.1163
vn -0.7727 0.6325 -0.0532
vn -0.7025 0.7093 0.0585
vn -0.7291 0.6824 0.0520
vn -0.6243 0.7793 0.0550
vn -0.6231 0.7803 0.0548
vn -0.3667 0.3527 0.8609
vn -0.3666 0.3527 0.8609
vn 0.3718 -0.8144 -0.4455
vn 0.3050 -0.8751 -0.3758
vn -0.3756 0.4573 0.8061
vn -0.4067 0.3563 0.8412
vn -0.3961 0.3374 0.8540
vn -0.4409 0.2596 0.8592
vn 0.7103 -0.6155 0.3416
vn 0.6904 -0.5193 0.5037
vn 0.7082 -0.5148 0.4832
vn 0.3831 0.2295 0.8947
vn 0.6055 0.0062 0.7958
vn 0.7024 -0.4454 -0.5552
vn 0.5136 0.1751 0.8400
vn -0.9789 0.0190 -0.2035
vn -0.9568 0.0820 -0.2790
vn -0.9697 0.1521 -0.1912
vn 0.7180 -0.3648 -0.5929
vn 0.8606 -0.2668 -0.4338
vn 0.7762 -0.6265 0.0716
vn 0.7753 -0.6274 0.0730
vn 0.7127 -0.6918 0.1161
vn 0.7771 -0.6255 0.0703
vn 0.7854 -0.6070 0.1214
vn 0.7570 -0.6410 0.1266
vn 0.2852 -0.2988 0.9107
vn -0.7309 -0.4594 -0.5048
vn -0.7308 -0.4594 -0.5048
vn -0.8064 -0.4317 -0.4042
vn -0.8064 -0.4316 -0.4042
vn -0.7214 -0.4957 -0.4836
vn -0.7101 -0.5005 -0.4952
vn -0.8417 -0.4424 -0.3096
vn -0.9162 0.3292 0.2285
vn -0.8040 0.5288 0.2720
vn -0.8325 0.5130 0.2094
vn -0.8832 0.3814 0.2728
vn -0.8832 0.3815 0.2728
vn -0.0072 -0.5880 0.8088
vn 0.2689 -0.3879 0.8816
vn 0.2212 -0.3431 0.9129
vn 0.3485 -0.4722 0.8097
vn 0.2333 -0.4794 0.8460
vn 0.2843 -0.4275 0.8581
vn 0.1998 -0.5787 0.7907
vn 0.1970 -0.5458 0.8144
vn 0.1970 -0.5458 0.8145
vn 0.0807 -0.4858 0.8703
vn 0.2598 -0.4435 0.8578
vn 0.2626 -0.4411 0.8582
vn 0.2597 -0.4435 0.8578
vn 0.2570 -0.4459 0.8574
vn 0.2319 -0.4978 0.8357
vn 0.2117 -0.3016 0.9296
vn 0.5853 -0.8033 0.1100
vn 0.4994 -0.7018 0.5080
vn 0.4193 -0.6790 0.6027
vn 0.4193 -0.6789 0.6027
vn -0.1514 -0.7468 -0.6476
vn -0.2595 -0.9393 -0.2245
vn -0.2582 -0.9396 -0.2247
vn -0.1418 -0.9270 -0.3471
vn -0.1858 -0.9687 -0.1647
vn -0.1859 -0.9687 -0.1647
vn -0.1100 -0.0861 -0.9902
vn -0.0705 -0.0376 -0.9968
vn 0.7683 -0.3686 0.5233
vn 0.7402 -0.3836 0.5521
vn 0.7402 -0.3837 0.5522
vn 0.3658 -0.4292 0.8259
vn 0.5749 -0.2287 0.7856
vn 0.5786 -0.2288 0.7828
vn 0.5114 -0.0977 0.8537
vn 0.5712 -0.2285 0.7884
vn 0.5224 -0.1256 0.8434
vn 0.5727 -0.1584 0.8043
vn 0.2237 -0.9005 -0.3729
vn 0.2020 -0.9213 -0.3323
vn 0.2408 -0.8930 -0.3801
vn 0.2408 -0.8931 -0.3801
vn 0.6718 0.3830 -0.6340
vn 0.6500 0.4278 -0.6281
vn 0.7390 0.3098 -0.5982
vn -0.1173 -0.6877 -0.7165
vn -0.1181 -0.6876 -0.7164
vn -0.0959 -0.3813 -0.9194
vn -0.0983 -0.3786 -0.9203
vn -0.2001 -0.2518 -0.9469
vn 0.2898 -0.2112 -0.9335
vn -0.0270 -0.3829 -0.9234
vn -0.0044 -0.3605 -0.9328
vn -0.0025 -0.3606 -0.9327
vn -0.0091 -0.4650 -0.8853
vn -0.1455 -0.4547 -0.8787
vn -0.1548 -0.4575 -0.8757
vn -0.1548 -0.4575 -0.8756
vn -0.2202 -0.4932 -0.8416
vn -0.1007 -0.3759 -0.9212
vn -0.4454 -0.7693 -0.4581
vn -0.0664 -0.4362 -0.8974
vn -0.0676 -0.9179 -0.3910
vn -0.0691 -0.9178 -0.3909
vn -0.0679 -0.9253 -0.3731
vn -0.0694 -0.9252 -0.3730
vn 0.0799 -0.9712 -0.2247
vn -0.0450 -0.9262 -0.3743
vn -0.0449 -0.9262 -0.3743
vn -0.8665 -0.4987 -0.0211
vn -0.8976 -0.4379 0.0496
vn -0.8670 -0.4980 0.0169
vn -0.8670 -0.4981 0.0169
vn -0.8921 -0.4423 0.0925
vn -0.0868 0.9404 -0.3289
vn -0.3239 0.9409 -0.0985
vn 0.9826 0.1855 -0.0044
vn 0.8607 0.4282 0.2755
vn 0.8671 0.4445 0.2248
vn 0.9682 0.2485 0.0286
vn 0.9451 0.2953 0.1399
vn 0.9517 0.2874 0.1084
vn 0.3839 0.2408 -0.8914
vn 0.3861 -0.1281 0.9135
vn -0.5683 0.7807 -0.2599
vn -0.5817 0.7855 -0.2114
vn -0.5539 0.7996 -0.2320
vn -0.4807 -0.7419 -0.4674
vn -0.4807 -0.7420 -0.4674
vn 0.5370 0.7463 -0.3933
vn 0.6216 -0.7126 0.3253
vn 0.5363 -0.7746 0.3353
vn 0.0627 -0.3593 0.9311
vn 0.0613 -0.3641 0.9293
vn 0.0646 -0.3596 0.9309
vn 0.5913 -0.6704 0.4482
vn 0.4955 -0.7667 0.4082
vn 0.4956 -0.7667 0.4082
vn 0.5617 -0.7381 0.3738
vn 0.0983 -0.2749 0.9564
vn 0.0801 -0.2100 0.9744
vn 0.0678 -0.3549 0.9325
vn 0.9105 0.0043 0.4134
vn 0.8572 -0.1526 0.4919
vn 0.8975 -0.0510 0.4382
vn 0.7933 0.0085 0.6088
vn 0.7968 0.0553 0.6017
vn 0.8685 -0.0076 0.4957
vn 0.8685 -0.0076 0.4956
vn 0.8059 -0.0785 0.5868
vn 0.8319 -0.0690 0.5507
vn 0.8408 -0.0272 0.5406
vn 0.0781 -0.5912 0.8028
vn 0.7552 -0.1201 0.6444
vn 0.7553 -0.1199 0.6443
vn 0.8297 0.0109 0.5581
vn 0.8544 -0.0959 0.5107
vn 0.6553 -0.1101 0.7473
vn -0.0194 -0.5787 0.8153
vn -0.0192 -0.5787 0.8153
vn 0.0670 -0.6135 0.7868
vn 0.0658 -0.6134 0.7870
vn 0.1766 -0.7299 0.6603
vn 0.1767 -0.7299 0.6603
vn -0.7038 -0.6406 0.3071
vn 0.2420 -0.6385 0.7305
vn 0.5727 -0.4191 0.7045
vn 0.5728 -0.4191 0.7045
vn -0.3108 -0.3984 -0.8630
vn -0.2897 -0.3508 -0.8905
vn -0.2896 -0.3508 -0.8905
vn -0.4436 -0.3350 -0.8313
vn 0.8410 0.1006 0.5317
vn 0.8413 0.1015 0.5310
vn 0.8410 0.1005 0.5317
vn 0.8398 0.1969 0.5059
vn 0.8406 0.0996 0.5324
vn 0.9559 -0.1696 0.2396
vn 0.8733 -0.2751 0.4021
vn 0.8758 -0.2380 0.4199
vn 0.8758 -0.2380 0.4198
vn 0.1436 0.9880 -0.0568
vn 0.7149 -0.2892 0.6367
vn 0.6692 -0.1981 0.7162
vn 0.7492 -0.2972 0.5920
vn 0.7492 -0.2972 0.5919
vn 0.7747 -0.2814 0.5662
vn 0.6977 -0.3142 0.6438
vn 0.7730 -0.2685 0.5748
vn -0.0331 0.9870 0.1571
vn 0.4060 0.8961 -0.1792
vn 0.4060 0.8962 -0.1792
vn 0.2200 0.9684 -0.1175
vn 0.1335 0.9881 -0.0762
vn 0.1336 0.9881 -0.0762
vn 0.1831 0.9798 -0.0810
vn 0.4593 0.8822 0.1042
vn 0.1608 0.9838 -0.0798
vn 0.0735 0.9959 0.0533
vn 0.1802 0.9735 0.1406
vn 0.1803 0.9735 0.1406
vn 0.0322 -0.9644 0.2625
vn 0.0321 -0.9644 0.2625
vn 0.1430 -0.9326 0.3315
vn -0.0126 -0.9806 0.1958
vn -0.0142 -0.9805 0.1961
vn -0.4207 -0.9032 0.0850
vn -0.4896 -0.2848 0.8242
vn -0.4896 -0.2848 0.8241
vn -0.3570 -0.4592 0.8135
vn -0.3527 -0.4114 0.8404
vn -0.5213 -0.5963 0.6105
vn -0.5214 -0.5963 0.6105
vn 0.1325 0.8760 -0.4638
vn 0.1324 0.8760 -0.4638
vn -0.5328 -0.2965 0.7926
vn -0.5327 -0.2965 0.7926
vn -0.5382 -0.5707 0.6202
vn 0.1098 0.9663 -0.2328
vn 0.1099 0.9663 -0.2329
vn 0.8031 0.3550 -0.4786
vn 0.1751 0.7576 0.6288
vn -0.7956 -0.6050 0.0314
vn -0.8274 -0.5426 0.1452
vn -0.8023 -0.5750 0.1602
vn -0.7080 -0.6198 0.3385
vn -0.7489 -0.5834 0.3143
vn -0.7489 -0.5834 0.3142
vn -0.8268 -0.5256 0.2006
vn -0.7702 -0.5618 0.3019
vn 0.0830 0.9868 0.1391
vn 0.0819 0.9869 0.1392
vn 0.1975 0.9476 0.2512
vn 0.1980 0.9475 0.2511
vn 0.0969 0.9467 0.3073
vn 0.0968 0.9467 0.3073
vn -0.7620 -0.5764 0.2951
vn -0.6112 -0.7455 0.2659
vn -0.6834 -0.6289 0.3706
vn -0.5950 -0.7498 0.2894
vn -0.6649 -0.6128 0.4270
vn -0.9084 -0.2545 0.3317
vn -0.5360 -0.7775 -0.3289
vn 0.6756 0.1033 0.7300
vn 0.7389 0.0277 0.6732
vn -0.2859 -0.6076 0.7410
vn -0.2631 -0.3245 0.9085
vn -0.3571 -0.6142 0.7037
vn -0.4035 -0.5838 0.7045
vn -0.3669 -0.6905 0.6233
vn -0.3670 -0.6905 0.6233
vn -0.2256 -0.5558 0.8001
vn -0.3656 -0.6503 0.6659
vn -0.4155 -0.7220 -0.5532
vn -0.4640 -0.6555 -0.5958
vn -0.4359 -0.6546 -0.6177
vn -0.3732 -0.6251 -0.6856
vn -0.4300 -0.7242 -0.5392
vn -0.3114 -0.3564 0.8809
vn -0.2477 -0.4572 0.8542
vn -0.2910 -0.3569 0.8877
vn -0.2909 -0.3569 0.8877
vn 0.6242 0.0367 -0.7804
vn -0.2063 -0.3131 0.9270
vn -0.3036 -0.3575 0.8832
vn 0.6825 -0.0422 -0.7297
vn 0.6942 -0.0955 -0.7134
vn 0.6942 -0.0955 -0.7135
vn 0.8389 -0.1490 -0.5236
vn 0.9196 -0.2917 -0.2632
vn 0.7992 -0.0595 -0.5981
vn 0.8458 -0.1341 -0.5163
vn 0.9065 -0.2603 -0.3325
vn 0.9115 -0.3837 -0.1480
vn 0.8296 -0.3740 -0.4146
vn 0.8695 -0.4303 -0.2425
vn 0.7765 -0.6154 0.1354
vn 0.7755 -0.6162 0.1373
vn 0.7765 -0.6154 0.1355
vn 0.9512 -0.1033 -0.2909
vn 0.7775 -0.6145 0.1336
vn -0.6028 -0.5760 -0.5522
vn 0.8676 -0.3962 -0.3006
vn 0.9106 -0.2569 -0.3236
vn 0.4774 -0.6695 -0.5691
vn 0.8603 -0.5069 -0.0533
vn -0.6024 -0.6330 -0.4862
vn -0.6322 -0.6681 -0.3925
vn 0.4046 0.5876 0.7007
vn -0.9988 0.0286 -0.0401
vn 0.4158 -0.2520 0.8739
vn 0.4157 -0.2520 0.8739
vn 0.3517 -0.3007 0.8865
vn 0.4806 -0.2801 0.8310
vn 0.4547 -0.2950 0.8404
vn 0.3685 -0.2195 0.9033
vn 0.3783 -0.2304 0.8965
vn 0.4567 -0.2584 0.8513
vn 0.4566 -0.4026 0.7934
vn -0.6146 -0.0182 -0.7886
vn -0.6880 -0.1367 -0.7127
vn -0.6630 -0.2597 -0.7021
vn 0.3938 0.4491 0.8020
vn 0.2915 0.4714 0.8324
vn 0.2896 0.4718 0.8328
vn 0.3662 0.4568 0.8107
vn 0.3414 0.5561 0.7577
vn 0.0712 -0.9972 0.0238
vn 0.5496 0.3005 0.7795
vn 0.4286 0.5460 0.7198
vn -0.4530 0.7129 0.5353
vn -0.5845 0.6631 0.4677
vn -0.5021 0.6662 0.5513
vn -0.4318 0.6214 -0.6538
vn -0.4318 0.6213 -0.6538
vn 0.0594 -0.9593 0.2760
vn -0.0491 -0.9619 0.2688
vn -0.0490 -0.9619 0.2688
vn -0.2792 0.6670 -0.6908
vn -0.4491 0.5424 -0.7100
vn -0.4490 0.5424 -0.7100
vn -0.4514 0.5529 -0.7004
vn 0.3666 0.8478 0.3832
vn 0.3665 0.8478 0.3832
vn 0.5094 0.8530 -0.1140
vn 0.4577 0.8870 -0.0613
vn 0.4702 0.8825 -0.0139
vn 0.6885 0.4234 0.5888
vn 0.7864 0.4111 0.4611
vn 0.7620 0.3932 0.5146
vn 0.2878 -0.8914 0.3501
vn 0.3231 -0.8887 0.3254
vn 0.3022 -0.8853 0.3534
vn -0.3994 -0.8604 -0.3166
vn -0.2799 0.5540 -0.7840
vn -0.2799 0.5540 -0.7841
vn -0.3958 -0.8576 -0.3284
vn -0.3997 -0.8566 -0.3263
vn -0.3919 -0.8586 -0.3304
vn 0.4131 -0.8949 -0.1688
vn 0.5214 -0.8291 -0.2018
vn 0.4045 -0.8988 -0.1689
vn 0.4573 -0.8798 -0.1294
vn -0.4697 -0.8517 -0.2325
vn -0.4696 -0.8516 -0.2329
vn 0.5515 -0.8172 -0.1673
vn 0.5727 -0.7494 -0.3322
vn 0.4619 -0.8868 -0.0130
vn -0.5262 -0.7908 -0.3125
vn -0.4503 -0.2692 0.8514
vn -0.4696 -0.8515 -0.2333
vn 0.6182 -0.4518 0.6432
vn 0.6438 -0.5538 0.5280
vn 0.6439 -0.5538 0.5280
vn -0.5485 -0.4807 0.6842
vn -0.4857 -0.4547 0.7465
vn -0.6152 -0.3688 0.6968
vn -0.2099 -0.9686 -0.1332
vn -0.5651 -0.4561 0.6875
vn 0.4518 -0.8051 -0.3844
vn 0.4518 -0.8050 -0.3844
vn 0.2874 -0.8666 -0.4080
vn 0.3724 -0.8915 -0.2579
vn 0.3724 -0.8916 -0.2579
vn 0.3723 -0.8916 -0.2579
vn 0.9844 -0.1474 -0.0965
vn -0.0616 -0.7614 0.6453
vn -0.0637 -0.7637 0.6424
vn -0.0627 -0.7638 0.6424
vn -0.1470 -0.7953 0.5881
vn -0.1469 -0.7953 0.5881
vn -0.0657 -0.7658 0.6397
vn -0.1675 -0.8679 0.4677
vn -0.1039 -0.8950 0.4338
vn -0.2269 -0.8985 0.3758
vn -0.0015 -0.9320 -0.3626
vn -0.0016 -0.9320 -0.3626
vn -0.0090 -0.9159 -0.4013
vn -0.0067 -0.9159 -0.4014
vn -0.1725 -0.9203 -0.3512
vn 0.1356 -0.9897 0.0467
vn 0.1395 0.0533 0.9888
vn 0.1401 0.0585 0.9884
vn 0.1398 0.0559 0.9886
vn 0.3151 -0.9393 0.1356
vn 0.1571 -0.9867 0.0422
vn 0.1570 -0.9867 0.0422
vn 0.1747 -0.9845 0.0143
vn 0.5170 0.0410 0.8550
vn 0.5171 0.0410 0.8550
vn 0.1364 0.9176 0.3735
vn 0.1852 0.8511 0.4912
vn 0.1858 0.8511 0.4911
vn 0.1132 0.6306 -0.7678
vn 0.2182 0.4544 -0.8636
vn 0.1961 0.6739 -0.7123
vn 0.1939 0.6745 -0.7124
vn -0.1377 -0.9853 0.1010
vn 0.6797 -0.7333 -0.0158
vn 0.6745 -0.6627 -0.3254
vn 0.6652 -0.6950 -0.2728
vn 0.6602 -0.6752 -0.3291
vn 0.6392 -0.7144 -0.2846
vn 0.6740 -0.6880 -0.2691
vn 0.7595 -0.5509 -0.3460
vn 0.7594 -0.5509 -0.3460
vn 0.6568 -0.6888 -0.3068
vn 0.7533 -0.5351 -0.3823
vn 0.7712 -0.5182 -0.3697
vn 0.8304 0.3870 -0.4009
vn 0.8425 0.3637 -0.3974
vn 0.9009 0.2972 -0.3163
vn 0.4097 -0.7676 -0.4929
vn -0.0966 -0.2512 0.9631
vn -0.0538 -0.0975 0.9938
vn -0.0805 -0.1169 0.9899
vn -0.0783 -0.1172 0.9900
vn 0.3376 -0.6400 -0.6903
vn 0.4429 -0.6968 -0.5642
vn 0.2935 -0.7764 -0.5577
vn 0.3350 -0.6620 -0.6705
vn 0.3321 -0.5936 -0.7330
vn 0.4654 -0.8551 -0.2283
vn 0.4610 -0.8573 -0.2293
vn 0.8095 -0.5002 0.3073
vn 0.8131 -0.4967 0.3035
vn 0.8060 -0.5034 0.3115
vn 0.4421 -0.8817 -0.1648
vn 0.5603 -0.8072 -0.1858
vn 0.5604 -0.8072 -0.1858
vn 0.6072 -0.7480 -0.2678
vn 0.5493 -0.8228 -0.1459
vn 0.4942 -0.8390 -0.2275
vn 0.4980 -0.8409 -0.2117
vn 0.4565 -0.8595 -0.2301
vn 0.2173 -0.6386 0.7382
vn 0.1308 -0.7887 0.6007
vn 0.1309 -0.7887 0.6007
vn 0.2326 -0.6857 0.6897
vn 0.2471 -0.6991 0.6710
vn 0.2442 -0.7002 0.6708
vn -0.5255 -0.7919 0.3111
vn 0.2251 -0.8047 0.5493
vn 0.1128 -0.5738 0.8112
vn 0.2499 -0.6979 0.6712
vn 0.1817 -0.6600 0.7290
vn 0.2161 -0.6500 0.7286
vn 0.1357 -0.7189 0.6817
vn 0.1152 -0.7743 0.6222
vn 0.1129 -0.7742 0.6227
vn 0.1289 -0.6725 0.7288
vn -0.5823 -0.7289 0.3600
vn -0.5772 -0.7326 0.3606
vn -0.5373 -0.1883 -0.8221
vn -0.9435 -0.1127 -0.3117
vn -0.9173 -0.1979 -0.3455
vn 0.0132 0.9760 0.2176
vn -0.7714 -0.2553 0.5829
vn -0.7853 -0.2561 0.5636
vn -0.8863 0.2705 -0.3760
vn -0.9122 0.2843 -0.2952
vn 0.6665 0.2840 0.6893
vn 0.1317 0.5000 0.8559
vn 0.6340 0.2689 0.7250
vn 0.6341 0.2689 0.7250
vn 0.6062 0.2050 0.7684
vn 0.7452 0.2713 0.6091
vn 0.7451 0.2713 0.6092
vn 0.6353 0.2157 0.7415
vn 0.6354 0.2157 0.7415
vn 0.7453 0.2715 0.6090
vn 0.3996 -0.1195 0.9089
vn -0.1407 -0.9659 -0.2174
vn 0.3108 0.2408 -0.9195
vn 0.2864 0.3822 -0.8786
vn 0.2465 0.3226 -0.9139
vn -0.5996 -0.5101 -0.6166
vn 0.2007 0.9587 0.2016
vn 0.2008 0.9587 0.2016
vn 0.2002 0.9588 0.2016
vn -0.6367 -0.5393 -0.5511
vn -0.6376 -0.5349 -0.5543
vn -0.6376 -0.5349 -0.5544
vn -0.4373 -0.5981 -0.6715
vn -0.5900 -0.5404 -0.5999
vn -0.5594 -0.6431 -0.5229
vn -0.5594 -0.6432 -0.5229
vn -0.6385 -0.5307 -0.5574
vn -0.5909 -0.4996 -0.6335
vn 0.3868 0.8925 0.2322
vn 0.4591 0.8104 0.3639
vn 0.4592 0.8104 0.3639
vn -0.5341 0.5486 0.6433
vn -0.5197 0.5103 0.6853
vn -0.5197 0.5102 0.6853
vn -0.5137 0.4099 0.7537
vn -0.2957 -0.9474 0.1227
vn -0.2935 -0.9481 0.1225
vn -0.4973 0.5001 0.7089
vn -0.5340 0.3782 0.7561
vn -0.7240 0.4598 0.5141
vn -0.8130 0.3998 0.4233
vn -0.7025 0.4403 0.5592
vn -0.7746 0.4299 0.4638
vn -0.3704 -0.9284 -0.0303
vn 0.7241 0.1069 -0.6814
vn -0.4257 -0.8549 -0.2965
vn -0.5192 -0.8542 0.0286
vn -0.3645 -0.9285 -0.0706
vn -0.3083 -0.9497 -0.0542
vn -0.3083 -0.9498 -0.0542
vn -0.2113 -0.9734 -0.0883
vn -0.2121 -0.9733 -0.0882
vn -0.2724 -0.9605 0.0573
vn -0.3344 -0.9368 -0.1031
vn -0.2970 -0.9454 -0.1339
vn -0.3303 -0.9190 -0.2151
vn -0.3303 -0.9191 -0.2151
vn -0.4102 -0.9120 -0.0065
vn -0.3082 -0.9512 -0.0134
vn -0.3061 -0.9519 -0.0136
vn -0.1256 -0.9914 -0.0362
vn -0.1257 -0.9914 -0.0362
vn -0.4550 -0.0737 0.8874
vn -0.4605 -0.0593 0.8857
vn 0.7626 0.1235 -0.6349
vn 0.7125 0.1576 -0.6838
vn 0.7125 0.1576 -0.6837
vn 0.6907 0.0042 -0.7232
vn 0.7719 0.1027 -0.6274
vn 0.0401 0.1153 -0.9925
vn 0.0395 0.1153 -0.9925
vn 0.2089 -0.0523 -0.9765
vn 0.0354 -0.0222 -0.9991
vn 0.0434 -0.1879 -0.9812
vn 0.1454 -0.0542 -0.9879
vn 0.0338 -0.5158 0.8561
vn 0.1654 -0.2441 -0.9555
vn 0.1254 -0.2268 -0.9658
vn 0.0927 -0.5917 0.8008
vn -0.8208 0.2430 0.5170
vn -0.8208 0.2430 0.5169
vn 0.5640 -0.8243 0.0493
vn 0.5256 -0.8507 0.0032
vn -0.7154 0.2808 0.6398
vn -0.7983 0.1823 0.5741
vn -0.7873 0.2030 0.5821
vn -0.2484 0.2532 0.9350
vn -0.7980 0.1224 0.5901
vn -0.2383 0.2684 0.9334
vn -0.2968 0.1538 0.9425
vn -0.1555 0.2143 0.9643
vn 0.2018 -0.2149 -0.9556
vn 0.2651 -0.5858 -0.7659
vn -0.1333 -0.9907 0.0262
vn -0.5884 0.2199 0.7781
vn -0.5995 0.0683 0.7974
vn -0.6377 0.1777 0.7495
vn 0.2615 0.8196 -0.5098
vn -0.5521 0.0865 0.8293
vn -0.5521 0.0865 0.8292
vn 0.2014 0.8736 -0.4430
vn 0.3516 0.7866 -0.5076
vn 0.3574 -0.3120 -0.8803
vn 0.1813 -0.3747 -0.9092
vn 0.4196 -0.3700 -0.8289
vn 0.3079 0.8613 -0.4041
vn 0.5201 -0.4156 0.7462
vn 0.4666 -0.4639 0.7530
vn 0.4667 -0.4639 0.7530
vn 0.4526 -0.5194 0.7249
vn 0.3362 -0.5690 0.7505
vn 0.4085 -0.2172 0.8866
vn 0.4305 -0.5344 0.7274
vn 0.4193 -0.5173 0.7460
vn 0.1618 -0.9868 -0.0034
vn 0.3219 -0.4807 0.8156
vn 0.4484 -0.4339 0.7815
vn 0.4329 -0.4863 0.7590
vn 0.4012 -0.4382 0.8043
vn 0.0868 -0.7417 0.6651
vn 0.0886 -0.7418 0.6647
vn 0.1296 -0.6672 0.7335
vn 0.2940 -0.6374 0.7122
vn 0.2565 -0.8148 0.5198
vn 0.0968 -0.6989 0.7086
vn -0.7047 -0.2168 0.6756
vn 0.2624 -0.7750 0.5749
vn -0.6027 -0.1588 0.7820
vn -0.6403 -0.2228 0.7351
vn -0.5965 -0.2154 0.7732
vn -0.0616 0.5414 -0.8385
vn -0.0608 0.5413 -0.8387
vn -0.6578 -0.1898 0.7289
vn -0.6042 -0.1159 0.7884
vn -0.1097 0.5181 -0.8483
vn -0.2391 0.4053 -0.8823
vn -0.2391 0.4053 -0.8824
vn -0.0593 0.4179 -0.9065
vn -0.4499 -0.8929 -0.0156
vn -0.4007 -0.7736 -0.4908
vn -0.4008 -0.7736 -0.4908
vn -0.4204 -0.8872 0.1902
vn -0.4205 -0.8872 0.1902
vn -0.4983 -0.8670 -0.0049
vn -0.5001 -0.8591 -0.1085
vn -0.3337 -0.9419 0.0387
vn -0.3518 -0.9347 0.0515
vn -0.4648 -0.8457 -0.2621
vn -0.4266 -0.9043 0.0184
vn -0.5094 -0.7268 -0.4607
vn -0.3718 -0.7503 -0.5467
vn -0.3717 -0.7503 -0.5467
vn -0.7824 0.6048 -0.1488
vn -0.3827 0.8772 -0.2898
vn -0.4771 0.8728 -0.1025
vn 0.2422 -0.8205 0.5178
vn -0.1541 0.9395 0.3060
vn -0.7788 -0.6270 0.0191
vn 0.6989 0.6605 0.2743
vn -0.4959 0.8550 0.1520
vn 0.4345 -0.4996 0.7495
vn 0.4344 -0.4996 0.7495
vn 0.4345 -0.4996 0.7494
vn 0.5031 -0.3040 0.8090
vn 0.3022 0.8097 -0.5030
vn 0.3984 0.7183 -0.5704
vn 0.4587 0.7748 -0.4350
vn 0.0094 -0.9817 -0.1904
vn 0.5239 0.7115 -0.4683
vn -0.0001 -0.9867 -0.1626
vn -0.0290 -0.9825 -0.1841
vn -0.0271 -0.9825 -0.1843
vn 0.2822 0.7349 -0.6167
vn 0.2821 0.7349 -0.6167
vn 0.1560 0.7438 -0.6499
vn 0.1561 0.7438 -0.6499
vn 0.1646 0.7932 -0.5864
vn 0.1541 0.7667 -0.6233
vn 0.1541 0.7666 -0.6233
vn 0.7755 0.1022 0.6230
vn 0.7137 0.0756 0.6964
vn 0.8028 0.0514 0.5940
vn 0.3693 -0.4902 0.7895
vn 0.3255 -0.3597 0.8744
vn -0.2887 0.2216 -0.9314
vn -0.3227 0.1118 -0.9399
vn -0.3406 0.1578 -0.9269
vn -0.3881 0.1988 -0.8999
vn 0.2992 0.8207 0.4868
vn 0.1504 0.8315 0.5348
vn 0.1508 0.8314 0.5348
vn 0.8448 0.5315 0.0621
vn 0.8515 0.5189 0.0746
vn 0.7253 0.6769 0.1254
vn 0.0206 0.8648 0.5016
vn 0.7685 0.6381 0.0461
vn 0.7685 0.6381 0.0460
vn 0.1424 0.8993 0.4135
vn -0.0311 0.8832 0.4680
vn -0.5641 0.8243 0.0486
vn -0.5135 0.8566 0.0512
vn 0.2320 0.1860 -0.9548
vn -0.4220 0.4099 -0.8086
vn -0.4884 0.4148 -0.7678
vn 0.9710 0.1727 -0.1654
vn 0.9871 0.0579 -0.1496
vn -0.9271 -0.1059 0.3595
vn 0.9610 0.1352 -0.2412
vn -0.9070 -0.1304 0.4003
vn 0.3766 -0.7732 -0.5102
vn 0.4494 0.6427 -0.6205
vn 0.4391 0.6985 -0.5651
vn 0.4394 0.6986 -0.5647
vn 0.4388 0.6983 -0.5655
vn 0.3122 -0.7914 -0.5256
vn 0.1826 -0.8053 -0.5640
vn 0.3988 -0.1012 0.9114
vn 0.3989 -0.0969 0.9119
vn 0.3987 -0.1054 0.9110
vn 0.3385 -0.0418 0.9401
vn 0.3397 -0.0432 0.9396
vn 0.3409 -0.0446 0.9390
vn 0.7768 -0.5914 -0.2164
vn 0.7768 -0.5913 -0.2164
vn 0.6622 0.6996 -0.2684
vn 0.5759 0.7331 -0.3619
vn 0.0638 0.1635 -0.9845
vn 0.6148 -0.5011 0.6091
vn 0.6066 -0.4625 0.6466
vn 0.6007 -0.5613 0.5693
vn 0.5427 -0.5494 0.6354
vn -0.6686 -0.6216 0.4081
vn -0.6687 -0.6216 0.4081
vn -0.3127 -0.5282 0.7894
vn -0.6646 -0.5356 0.5210
vn -0.7312 -0.5125 0.4502
vn -0.6638 -0.5125 0.5446
vn -0.1923 -0.9783 0.0766
vn 0.8202 -0.3308 -0.4667
vn 0.6622 -0.4025 -0.6320
vn 0.5874 -0.7774 -0.2252
vn 0.5874 -0.7773 -0.2252
vn 0.4043 -0.9005 -0.1602
vn 0.4042 -0.9005 -0.1602
vn 0.5087 -0.7996 -0.3193
vn 0.5082 -0.8201 -0.2630
vn 0.0143 -0.8829 0.4694
vn -0.4941 0.7216 -0.4849
vn 0.8549 -0.5113 0.0882
vn -0.5307 0.6752 -0.5123
vn -0.5450 0.6674 -0.5075
vn 0.9467 -0.2846 0.1508
vn 0.9503 -0.3089 0.0388
vn 0.2430 -0.9509 0.1917
vn 0.0340 -0.9992 0.0206
vn 0.3950 -0.8946 -0.2088
vn 0.3949 -0.8947 -0.2088
vn 0.2093 -0.6144 -0.7607
vn 0.2585 -0.7544 -0.6034
vn 0.2541 -0.7568 -0.6022
vn 0.0675 -0.9200 -0.3862
vn 0.0675 -0.9199 -0.3862
vn -0.1520 -0.9812 0.1187
vn 0.0757 -0.9326 -0.3530
vn 0.0756 -0.9326 -0.3530
vn 0.3219 -0.9052 -0.2774
vn 0.2497 -0.7593 -0.6009
vn -0.7793 -0.6265 -0.0150
vn 0.1329 -0.9908 0.0245
vn 0.2397 -0.6710 -0.7017
vn 0.1052 -0.9296 -0.3531
vn 0.1710 -0.8829 -0.4372
vn 0.1709 -0.8829 -0.4372
vn 0.0124 -0.9837 0.1793
vn -0.1757 -0.7718 -0.6111
vn -0.6238 -0.7807 -0.0373
vn -0.6338 -0.7722 -0.0445
vn -0.7601 -0.6473 -0.0573
vn -0.7090 -0.7048 0.0233
vn -0.4905 -0.8536 0.1756
vn -0.4904 -0.8536 0.1756
vn 0.3333 0.7018 0.6296
vn 0.3297 0.7054 0.6275
vn -0.3756 -0.9129 0.1602
vn -0.4797 -0.8574 0.1864
vn -0.4798 -0.8574 0.1864
vn -0.3819 -0.9117 0.1518
vn 0.3538 0.6823 0.6397
vn 0.5010 0.6282 0.5953
vn 0.4993 0.6288 0.5961
vn 0.4993 0.6287 0.5961
vn 0.3753 0.6197 0.6893
vn 0.3959 0.6992 0.5953
vn 0.3960 0.6992 0.5953
vn 0.4977 0.6294 0.5969
vn 0.3348 0.6989 0.6320
vn 0.3670 0.6871 0.6271
vn 0.4084 0.8701 -0.2760
vn 0.2722 0.6746 0.6862
vn 0.4969 0.8326 -0.2446
vn 0.4969 0.8327 -0.2446
vn 0.2863 -0.9574 0.0368
vn -0.8075 -0.5510 -0.2104
vn -0.7203 -0.6562 -0.2248
vn 0.3015 0.5803 -0.7566
vn 0.3015 0.5802 -0.7566
vn 0.2332 0.9713 -0.0469
vn 0.2344 0.9710 -0.0470
vn -0.6013 0.4189 -0.6804
vn -0.6209 0.4007 -0.6737
vn -0.6210 0.4007 -0.6737
vn -0.6497 0.4392 -0.6204
vn -0.5544 0.2259 -0.8010
vn -0.5271 0.1360 -0.8388
vn -0.5361 0.1477 -0.8311
vn 0.9347 0.3555 -0.0001
vn -0.6144 0.1441 -0.7757
vn 0.8603 0.4860 -0.1537
vn 0.8467 0.5064 -0.1631
vn -0.6277 0.6933 0.3539
vn -0.6271 0.6856 0.3696
vn -0.2886 -0.0576 -0.9557
vn -0.5741 0.7440 0.3419
vn -0.2619 -0.2080 -0.9424
vn -0.2620 -0.2080 -0.9424
vn -0.4060 -0.3457 -0.8460
vn 0.8759 -0.4469 0.1820
vn 0.6777 -0.5651 0.4705
vn 0.6777 -0.5651 0.4704
vn 0.8807 -0.4105 0.2363
vn 0.9716 0.0317 0.2346
vn 0.1526 -0.7755 -0.6127
vn 0.1525 -0.7755 -0.6127
vn -0.8750 0.0705 -0.4789
vn -0.9199 0.0592 -0.3877
vn 0.1713 -0.8245 -0.5393
vn 0.8608 -0.1289 0.4924
vn 0.8728 -0.1601 0.4610
vn 0.8817 -0.1889 0.4324
vn 0.8363 -0.1252 0.5339
vn 0.8363 -0.1252 0.5338
vn 0.8001 -0.1712 0.5749
vn 0.8002 -0.1712 0.5749
vn 0.6319 -0.4124 0.6562
vn 0.6017 -0.4780 0.6399
vn -0.0670 0.8063 0.5878
vn -0.2511 0.8143 0.5233
vn -0.0347 0.7530 0.6571
vn -0.0891 0.7220 0.6861
vn 0.3553 0.8285 0.4329
vn -0.1980 0.7494 0.6318
vn -0.3311 0.7508 0.5715
vn 0.3227 0.8294 -0.4560
vn -0.0569 0.7276 0.6837
vn -0.0588 0.7289 0.6821
vn -0.0607 0.7302 0.6805
vn -0.1478 0.7183 0.6799
vn -0.1477 0.7183 0.6799
vn 0.0215 0.7594 0.6502
vn -0.1086 0.6370 0.7632
vn -0.1610 -0.7466 0.6455
vn -0.0659 -0.7249 0.6857
vn -0.0660 -0.7249 0.6857
vn -0.5597 -0.7748 0.2939
vn -0.0881 -0.7810 0.6183
vn -0.4975 -0.8152 0.2964
vn -0.5250 -0.8398 0.1382
vn -0.5443 -0.6777 -0.4944
vn -0.5600 -0.6975 -0.4471
vn -0.4092 -0.0510 -0.9110
vn -0.4091 -0.0510 -0.9110
vn -0.4168 -0.0294 -0.9085
vn -0.4167 -0.0294 -0.9085
vn -0.5327 -0.7732 -0.3440
vn -0.5328 -0.7732 -0.3440
vn -0.3591 0.8210 0.4439
vn -0.2972 0.8701 0.3933
vn -0.3442 0.8530 0.3923
vn 0.2847 0.8339 0.4727
vn -0.2627 0.8507 0.4552
vn 0.2801 0.8022 0.5272
vn 0.2689 0.8595 0.4348
vn 0.6821 -0.5584 -0.4721
vn 0.7943 0.5972 0.1117
vn 0.6247 0.6731 0.3959
vn 0.5767 0.7104 0.4034
vn 0.6568 0.7390 0.1498
vn 0.3351 0.2724 -0.9019
vn 0.5579 0.7568 0.3405
vn 0.2088 0.4011 -0.8919
vn 0.2123 0.3956 -0.8936
vn 0.2124 0.3956 -0.8935
vn 0.1803 0.3049 -0.9351
vn 0.1456 0.3811 -0.9130
vn 0.3909 0.8942 -0.2183
vn 0.3909 0.8941 -0.2183
vn 0.2159 0.3898 -0.8953
vn 0.0847 0.1231 -0.9888
vn 0.0825 0.1234 -0.9889
vn 0.2445 0.3531 -0.9030
vn 0.1900 0.2867 -0.9390
vn 0.3856 0.8877 -0.2514
vn 0.5015 0.8168 -0.2850
vn 0.3741 0.9052 -0.2016
vn 0.0123 0.1749 -0.9845
vn -0.0957 0.1271 -0.9873
vn 0.1445 0.3622 0.9208
vn -0.1285 0.7097 0.6927
vn 0.0819 0.6137 0.7853
vn 0.0798 0.6349 0.7684
vn 0.7433 0.6613 -0.1010
vn 0.0196 0.1949 0.9806
vn 0.0181 0.1951 0.9806
vn 0.0181 0.1950 0.9806
vn 0.1531 0.2127 0.9650
vn 0.1006 0.2595 0.9605
vn 0.1033 0.2605 0.9599
vn 0.0980 0.2585 0.9610
vn 0.1276 0.3409 0.9314
vn 0.1278 0.3409 0.9314
vn 0.1236 0.1075 0.9865
vn 0.1320 -0.8274 0.5459
vn 0.1011 0.2223 0.9697
vn -0.1278 -0.6765 -0.7252
vn -0.1278 -0.6766 -0.7252
vn -0.1284 -0.6765 -0.7252
vn -0.1352 -0.6856 -0.7153
vn -0.1249 -0.5710 -0.8114
vn -0.1254 -0.5710 -0.8113
vn 0.1944 -0.9456 -0.2607
vn -0.1271 -0.7035 -0.6992
vn 0.2342 -0.9260 -0.2961
vn 0.2247 -0.4349 -0.8720
vn 0.2180 -0.9488 -0.2285
vn 0.2088 -0.9612 -0.1800
vn 0.1452 -0.9762 -0.1612
vn 0.1448 -0.9762 -0.1613
vn 0.1453 -0.9762 -0.1612
vn 0.1457 -0.9761 -0.1610
vn 0.1206 -0.9770 -0.1758
vn 0.2144 -0.5415 -0.8129
vn 0.2145 -0.5415 -0.8129
vn 0.3827 -0.5730 -0.7247
vn 0.2587 -0.5167 -0.8162
vn 0.2586 -0.5167 -0.8162
vn 0.2073 -0.4464 -0.8705
vn 0.1766 -0.5609 -0.8089
vn 0.2010 -0.5108 -0.8359
vn 0.2009 -0.5108 -0.8359
vn 0.1827 -0.5398 -0.8217
vn 0.0185 -0.9559 0.2931
vn 0.0186 -0.9559 0.2931
vn 0.0167 -0.9559 0.2933
vn -0.0912 -0.9874 0.1295
vn -0.0893 -0.9875 0.1299
vn -0.0904 -0.9875 0.1294
vn 0.9312 -0.0437 0.3620
vn -0.0914 -0.9874 0.1291
vn 0.9158 -0.0180 0.4013
vn 0.9406 0.0902 0.3272
vn -0.1780 0.9762 -0.1242
vn 0.0231 0.9884 -0.1503
vn -0.1901 0.9686 -0.1603
vn -0.5743 -0.4794 0.6636
vn -0.5982 -0.4061 0.6909
vn -0.5776 -0.5307 0.6203
vn -0.5781 -0.4888 0.6534
vn 0.2742 -0.8280 0.4891
vn -0.5856 -0.4417 0.6798
vn 0.2615 -0.8188 0.5110
vn 0.2616 -0.8188 0.5110
vn -0.2868 -0.3790 0.8798
vn -0.6905 0.5960 -0.4099
vn -0.7225 0.4855 -0.4923
vn -0.7247 0.5836 -0.3665
vn -0.0399 0.2931 -0.9553
vn -0.0384 0.2929 -0.9554
vn -0.7161 0.5852 -0.3804
vn 0.0325 0.2557 -0.9662
vn 0.0330 0.2499 -0.9677
vn -0.0293 0.2541 -0.9667
vn -0.0290 0.2540 -0.9668
vn -0.0742 0.5410 -0.8377
vn 0.0274 0.3080 -0.9510
vn -0.0414 0.2933 -0.9551
vn -0.0014 0.2989 -0.9543
vn -0.0316 0.3482 -0.9369
vn -0.0427 0.3479 -0.9365
vn -0.0426 0.3479 -0.9366
vn -0.0185 0.3624 -0.9319
vn -0.0429 0.3086 -0.9502
vn 0.6126 -0.1270 0.7801
vn 0.0080 0.3399 -0.9404
vn 0.5938 -0.0835 0.8003
vn 0.5935 -0.0826 0.8006
vn 0.5949 -0.0848 0.7993
vn 0.5937 0.0249 0.8043
vn 0.5915 -0.0808 0.8023
vn 0.5944 -0.0853 0.7996
vn 0.6265 -0.0310 0.7788
vn 0.6439 -0.4059 -0.6486
vn 0.6079 -0.4199 -0.6739
vn 0.5176 -0.1772 -0.8371
vn 0.4961 -0.2227 -0.8392
vn 0.4504 -0.0860 -0.8887
vn 0.4671 -0.1783 -0.8661
vn -0.5240 -0.5356 -0.6623
vn -0.2490 -0.0130 0.9684
vn -0.2497 -0.0860 0.9645
vn -0.2498 -0.0860 0.9645
vn -0.1386 0.0903 0.9862
vn -0.3078 -0.8119 0.4960
vn -0.2044 -0.8493 0.4867
vn -0.2043 -0.8493 0.4867
vn -0.9738 0.1871 0.1292
vn 0.0692 -0.5297 0.8454
vn 0.0683 -0.5295 0.8455
vn 0.0692 -0.5296 0.8454
vn -0.9854 0.1429 0.0925
vn -0.9824 0.1614 0.0938
vn 0.9841 -0.0862 -0.1556
vn 0.9496 -0.1376 -0.2816
vn 0.9647 -0.0431 -0.2599
vn -0.0709 0.8359 -0.5443
vn 0.0173 0.8666 -0.4988
vn -0.5078 -0.8599 -0.0517
vn 0.2240 0.8274 0.5150
vn 0.2510 0.7805 0.5726
vn -0.1413 0.8305 -0.5389
vn -0.1975 0.9012 -0.3859
vn -0.1974 0.9012 -0.3859
vn -0.0449 0.8733 -0.4851
vn 0.8129 0.2725 -0.5147
vn 0.8440 0.2702 -0.4632
vn 0.8719 0.2152 -0.4399
vn 0.8268 -0.5622 0.0180
vn 0.8401 0.1183 -0.5294
vn 0.7494 0.2926 -0.5940
vn 0.7494 0.2925 -0.5940
vn -0.0570 0.3436 -0.9374
vn -0.1386 0.3638 -0.9211
vn 0.7348 -0.6041 -0.3086
vn -0.1333 0.3763 -0.9168
vn 0.7898 -0.5242 -0.3183
vn 0.7898 -0.5243 -0.3183
vn 0.8583 -0.4433 -0.2583
vn 0.0081 0.5809 -0.8139
vn 0.7357 -0.6023 -0.3097
vn -0.0200 0.7146 -0.6993
vn -0.3294 0.9421 0.0618
vn -0.3281 0.9426 0.0624
vn -0.2576 0.9631 -0.0778
vn -0.1321 0.9888 0.0693
vn -0.1596 0.9718 -0.1733
vn -0.0560 0.1436 -0.9881
vn -0.3307 0.9417 0.0612
vn -0.9772 -0.1299 -0.1679
vn -0.9588 -0.2776 -0.0594
vn -0.9833 -0.1395 -0.1167
vn -0.9461 -0.3108 -0.0909
vn 0.5913 -0.7812 -0.2000
vn 0.3831 -0.9156 0.1224
vn 0.6137 -0.7895 -0.0024
vn 0.6558 -0.7548 0.0127
vn 0.5944 -0.8038 0.0234
vn 0.6812 -0.7296 0.0602
vn -0.7045 -0.5974 -0.3831
vn 0.0239 -0.7641 -0.6447
vn 0.3707 -0.8488 -0.3770
vn 0.1610 -0.2924 -0.9426
vn -0.0249 -0.3180 -0.9478
vn -0.0265 -0.3179 -0.9478
vn 0.1200 -0.2496 -0.9609
vn 0.1274 -0.3268 -0.9365
vn 0.1361 -0.2819 -0.9497
vn -0.8229 -0.0409 0.5668
vn -0.7478 -0.0361 0.6630
vn -0.8610 -0.0362 0.5073
vn -0.8116 -0.0283 0.5835
vn 0.3994 0.1051 -0.9107
vn 0.4232 0.0490 -0.9047
vn 0.4231 0.0490 -0.9047
vn 0.4696 0.0805 -0.8792
vn 0.5430 0.5117 -0.6658
vn 0.5987 0.5027 -0.6235
vn 0.5863 0.4628 -0.6649
vn -0.0461 0.2485 -0.9675
vn -0.0460 0.2485 -0.9675
vn 0.5735 0.5159 -0.6364
vn -0.1739 -0.0916 -0.9805
vn -0.1730 -0.0918 -0.9806
vn -0.1136 0.0036 -0.9935
vn 0.3125 -0.2763 0.9088
vn -0.2682 0.0406 -0.9625
vn 0.9682 -0.2438 -0.0555
vn 0.4009 -0.4084 0.8200
vn 0.2546 -0.7067 0.6601
vn 0.2566 -0.7039 0.6624
vn 0.2565 -0.7039 0.6623
vn 0.4036 -0.6727 0.6201
vn 0.0083 -0.6014 0.7989
vn 0.0084 -0.6014 0.7989
vn 0.2824 -0.3366 0.8983
vn 0.2585 -0.7010 0.6647
vn 0.3048 -0.5574 0.7722
vn -0.9053 -0.3047 -0.2960
vn -0.9165 -0.2781 -0.2875
vn -0.3590 -0.2515 -0.8988
vn -0.3878 -0.4283 -0.8162
vn -0.3119 -0.3665 -0.8766
vn -0.4263 -0.2134 -0.8791
vn -0.4253 -0.2137 -0.8794
vn -0.4254 -0.2137 -0.8794
vn -0.7133 -0.7006 0.0197
vn -0.7133 -0.7005 0.0197
vn 0.4279 0.6696 -0.6070
vn 0.6837 -0.1834 -0.7063
vn 0.4766 0.7035 -0.5272
vn 0.4716 0.7078 -0.5259
vn 0.4717 0.7078 -0.5259
vn 0.4667 0.7120 -0.5247
vn 0.7563 -0.2649 -0.5982
vn 0.6787 -0.2812 -0.6784
vn -0.0726 -0.5721 0.8169
vn -0.0726 -0.5721 0.8170
vn 0.0174 -0.6487 0.7608
vn 0.0175 -0.6487 0.7608
vn -0.1381 -0.5734 0.8075
vn -0.1370 -0.6310 0.7636
vn -0.0034 -0.4716 0.8818
vn -0.0031 -0.4716 0.8818
vn -0.1006 -0.4819 0.8704
vn 0.1570 -0.4699 0.8686
vn -0.1761 -0.5657 0.8056
vn -0.1036 -0.4532 0.8854
vn -0.0921 -0.5964 0.7974
vn -0.0419 -0.6365 0.7701
vn 0.1016 -0.5122 0.8528
vn 0.1097 -0.5926 0.7980
vn 0.1612 -0.9171 -0.3647
vn 0.2019 -0.8954 -0.3969
vn 0.2601 -0.8988 -0.3529
vn 0.4773 -0.7829 0.3991
vn 0.5554 -0.7324 0.3938
vn 0.5309 -0.7602 0.3745
vn 0.6922 -0.4504 0.5640
vn 0.6922 -0.4503 0.5640
vn 0.6921 -0.4504 0.5640
vn 0.8021 -0.3642 0.4733
vn 0.4084 -0.7171 0.5647
vn 0.7173 -0.3731 0.5885
vn -0.2437 0.7744 -0.5838
vn -0.0785 0.8047 -0.5885
vn -0.2249 0.7557 -0.6151
vn -0.1278 0.7581 -0.6395
vn 0.4504 0.8387 0.3060
vn -0.6261 0.7770 0.0656
vn -0.5651 0.8235 -0.0501
vn -0.5353 0.8403 0.0862
vn -0.2171 0.9761 0.0035
vn -0.5725 0.8150 0.0898
vn -0.5910 0.8064 -0.0205
vn -0.5911 0.8064 -0.0205
vn -0.6067 0.7844 0.1293
vn -0.5436 0.8235 0.1626
vn 0.3046 0.9089 0.2848
vn 0.3028 0.9094 0.2850
vn 0.3047 0.9089 0.2848
vn 0.4366 0.8040 0.4038
vn 0.4367 0.8035 0.4045
vn 0.4369 0.8030 0.4052
vn -0.4978 0.7720 0.3951
vn 0.1498 0.9570 -0.2485
vn 0.1494 0.9571 -0.2484
vn 0.1787 0.2647 -0.9476
vn 0.1728 0.9271 -0.3326
vn 0.2160 0.9190 -0.3298
vn 0.2542 0.2603 -0.9315
vn 0.2177 0.3209 -0.9218
vn 0.1916 -0.9256 0.3264
vn 0.3256 -0.8781 0.3507
vn 0.0719 0.6298 0.7734
vn 0.0720 0.6298 0.7734
vn 0.8036 -0.3706 -0.4656
vn 0.8037 -0.3706 -0.4656
vn 0.8704 -0.4695 -0.1484
vn 0.8592 -0.5011 -0.1039
vn 0.1422 -0.9658 -0.2169
vn 0.1847 0.0171 -0.9826
vn 0.0322 0.2440 -0.9692
vn 0.2168 0.2192 -0.9513
vn 0.1566 -0.0364 -0.9870
vn 0.0964 0.3271 -0.9401
vn 0.0984 0.3267 -0.9400
vn 0.0984 0.3268 -0.9400
vn 0.1709 0.0438 -0.9843
vn 0.2470 0.0932 -0.9645
vn 0.2255 0.0245 -0.9739
vn 0.2256 0.0245 -0.9739
vn -0.8747 -0.4551 -0.1669
vn 0.3135 0.1227 -0.9416
vn 0.1782 0.0528 -0.9826
vn 0.3114 0.0901 -0.9460
vn 0.2033 0.0922 -0.9748
vn -0.0605 -0.4077 0.9111
vn -0.0593 -0.4080 0.9111
vn -0.7727 -0.5347 -0.3421
vn -0.7340 -0.6121 -0.2943
vn -0.8096 -0.5524 -0.1984
vn 0.3193 -0.9113 -0.2600
vn 0.1965 -0.9591 -0.2039
vn 0.1925 -0.9589 -0.2083
vn 0.1964 -0.9591 -0.2039
vn -0.4544 -0.8880 -0.0713
vn 0.2004 -0.9592 -0.1993
vn -0.7051 -0.6958 0.1369
vn -0.6825 -0.7218 0.1150
vn -0.8038 -0.5949 -0.0054
vn -0.6553 -0.7290 0.1979
vn 0.1413 -0.9126 0.3837
vn -0.6608 -0.7034 0.2617
vn -0.6608 -0.7034 0.2618
vn -0.7020 -0.6934 0.1625
vn 0.0986 -0.8272 0.5532
vn 0.0923 -0.8288 0.5519
vn 0.1220 -0.7997 0.5879
vn 0.1050 -0.8254 0.5547
vn -0.0413 0.3125 -0.9490
vn -0.0447 0.3146 -0.9482
vn -0.1662 0.2931 -0.9415
vn 0.0818 0.3508 -0.9329
vn 0.0834 0.3505 -0.9328
vn 0.0835 0.3505 -0.9328
vn -0.0397 0.3114 -0.9495
vn 0.0504 0.9653 -0.2564
vn -0.0346 0.3081 -0.9507
vn -0.0132 0.2327 -0.9725
vn -0.0133 0.2327 -0.9725
vn 0.1907 0.9103 -0.3675
vn -0.5368 -0.3514 -0.7671
vn 0.1882 0.9444 -0.2698
vn 0.1708 0.9350 -0.3109
vn -0.3869 0.4649 0.7963
vn 0.9444 0.1177 -0.3071
vn 0.8881 0.0419 -0.4577
vn 0.9072 0.1403 -0.3966
vn -0.3433 0.5525 0.7595
vn -0.3162 0.6146 0.7227
vn -0.3901 0.6261 0.6751
vn -0.3682 0.6201 0.6928
vn -0.3772 0.5887 0.7149
vn -0.3773 0.5887 0.7149
vn 0.4682 0.8713 0.1471
vn 0.2134 0.9637 0.1602
vn 0.2142 0.9636 0.1601
vn 0.0953 0.9240 0.3703
vn 0.4368 0.8899 0.1314
vn 0.1178 0.9906 0.0703
vn 0.5725 -0.8118 0.1153
vn 0.5751 0.8181 -0.0037
vn 0.4160 0.9046 -0.0928
vn 0.4160 0.9046 -0.0929
vn 0.6181 -0.7396 0.2663
vn -0.8150 -0.3260 -0.4790
vn -0.8458 -0.2449 -0.4740
vn -0.8473 -0.2454 -0.4710
vn -0.8443 -0.2445 -0.4769
vn 0.0698 -0.8084 0.5845
vn 0.4750 -0.3587 -0.8036
vn 0.4777 -0.3611 -0.8009
vn 0.3529 -0.4395 -0.8260
vn 0.3528 -0.4395 -0.8260
vn 0.4723 -0.3362 -0.8148
vn 0.5127 -0.2982 -0.8051
vn 0.5149 -0.4800 -0.7103
vn 0.4175 -0.5169 -0.7473
vn 0.4805 -0.3637 -0.7981
vn 0.3343 -0.3989 -0.8539
vn 0.5152 -0.4570 -0.7251
vn 0.4565 -0.5510 -0.6986
vn 0.6189 -0.4228 -0.6620
vn 0.4210 -0.3929 -0.8176
vn 0.5489 -0.3724 -0.7483
vn 0.6015 0.3219 -0.7312
vn 0.5324 0.2871 -0.7963
vn 0.6298 0.2698 -0.7284
vn 0.5829 0.2203 -0.7821
vn -0.5360 -0.8441 -0.0100
vn 0.3312 0.4564 -0.8258
vn 0.3810 0.5201 -0.7645
vn 0.3800 0.5149 -0.7684
vn 0.3810 0.5201 -0.7644
vn 0.4478 0.3871 -0.8060
vn 0.3409 0.4924 -0.8008
vn 0.3819 0.5250 -0.7606
vn 0.2917 0.5401 -0.7894
vn -0.2884 0.9394 -0.1856
vn -0.2412 0.9087 -0.3406
vn -0.2413 0.9087 -0.3406
vn -0.4500 0.8555 -0.2562
vn -0.2754 0.9063 -0.3206
vn -0.2755 0.9063 -0.3206
vn -0.3017 0.8926 -0.3352
vn -0.3238 -0.2792 -0.9040
vn 0.3112 0.9153 0.2555
vn 0.3093 0.9159 0.2557
vn 0.3041 0.9428 0.1367
vn 0.3553 0.9118 0.2060
vn 0.1034 0.9941 -0.0319
vn 0.2783 0.9605 0.0066
vn 0.2801 0.9600 0.0065
vn 0.2371 0.9362 0.2594
vn -0.6451 -0.7143 -0.2711
vn -0.6452 -0.7143 -0.2711
vn 0.5621 -0.6435 0.5196
vn 0.7773 -0.5447 0.3148
vn -0.7200 0.2614 -0.6428
vn -0.7459 0.2504 -0.6172
vn -0.7922 0.3421 -0.5054
vn -0.9289 0.3594 -0.0889
vn -0.7306 0.2513 -0.6349
vn -0.9142 0.3915 -0.1052
vn 0.6290 0.6331 -0.4512
vn -0.9042 0.4185 -0.0860
vn 0.6927 0.6471 -0.3184
vn 0.6928 0.6471 -0.3184
vn 0.7733 0.5136 -0.3717
vn 0.6952 0.6283 -0.3493
vn -0.1591 -0.3353 -0.9286
vn -0.6885 -0.5799 0.4355
usemtl mat0
s 1
f 1/1/1 2/2/1 3/3/1
f 4/4/2 5/5/3 6/6/2
f 7/7/4 8/8/4 9/9/4
f 10/10/5 11/11/5 12/12/5
f 13/13/6 14/14/6 15/15/6
f 16/16/7 17/17/7 18/18/8
f 19/19/9 20/20/9 21/21/9
f 22/22/10 23/23/11 24/24/10
f 25/25/12 26/26/12 27/27/13
f 28/28/14 29/29/14 30/30/14
f 31/31/15 32/32/15 33/33/15
f 34/34/16 35/35/16 36/36/16
f 37/37/17 38/38/17 39/39/17
f 40/40/18 41/41/18 42/42/18
f 43/43/19 44/44/19 45/45/19
f 46/46/20 47/47/20 48/48/20
f 49/49/21 50/50/21 51/51/21
f 51/51/22 52/52/22 53/53/22
f 54/54/23 52/52/23 55/55/23
f 56/56/24 57/57/24 58/58/24
f 59/59/25 60/60/25 61/61/25
f 62/62/26 63/63/26 64/64/26
f 52/52/27 51/51/28 55/55/27
f 65/65/29 66/66/29 67/67/29
f 68/68/30 69/69/30 70/70/31
f 71/71/32 72/72/32 6/6/32
f 73/73/33 74/74/34 75/75/33
f 76/76/35 77/77/36 78/78/35
f 79/79/37 80/80/37 81/81/37
f 82/82/38 83/83/38 32/32/38
f 84/84/39 85/85/40 86/86/39
f 87/87/41 32/32/41 31/31/42
f 88/88/43 89/89/44 90/90/43
f 91/91/45 92/92/45 93/93/45
f 92/92/46 91/91/46 94/94/46
f 91/91/47 95/95/47 94/94/47
f 96/96/48 97/97/48 98/98/48
f 99/99/49 100/100/49 101/101/49
f 102/102/50 103/103/50 104/104/50
f 105/105/51 106/106/51 107/107/51
f 84/84/52 108/108/53 109/109/54
f 108/108/53 110/110/55 109/109/54
f 111/111/56 112/112/56 113/113/56
f 114/114/57 115/115/57 116/116/57
f 117/117/58 118/118/58 119/119/58
f 103/103/59 65/65/59 120/120/59
f 65/65/60 103/103/60 121/121/60
f 122/122/61 123/123/61 124/124/61
f 125/125/62 126/126/63 127/127/64
f 106/106/65 128/128/66 129/129/66
f 128/128/67 130/130/67 129/129/67
f 131/131/68 132/132/69 133/133/68
f 133/133/68 134/134/70 131/131/68
f 135/135/71 136/136/72 102/102/71
f 137/137/73 138/138/74 139/139/74
f 140/140/75 141/141/75 142/142/75
f 35/35/76 143/143/77 36/36/76
f 143/143/78 144/144/78 36/36/78
f 145/145/79 146/146/79 147/147/79
f 148/148/80 149/149/80 150/150/80
f 151/151/81 152/152/81 153/153/81
f 152/152/82 154/154/82 153/153/82
f 155/155/83 156/156/84 157/157/83
f 148/148/85 158/158/85 159/159/85
f 159/159/86 160/160/86 161/161/86
f 162/162/87 163/163/87 19/19/87
f 164/164/88 165/165/88 118/118/88
f 166/166/89 167/167/89 168/168/89
f 27/27/90 169/169/90 170/170/90
f 171/171/91 172/172/92 173/173/92
f 128/128/93 106/106/94 174/174/94
f 175/175/95 176/176/95 177/177/95
f 152/152/96 178/178/96 179/179/96
f 180/180/97 181/181/97 129/129/97
f 182/182/98 183/183/98 184/184/98
f 185/185/99 186/186/99 187/187/99
f 188/188/100 189/189/100 190/190/100
f 191/191/101 192/192/102 193/193/102
f 156/156/103 194/194/103 24/24/103
f 157/157/104 156/156/104 11/11/104
f 195/195/105 10/10/106 196/196/105
f 197/197/107 198/198/108 199/199/109
f 200/200/110 201/201/111 202/202/111
f 108/108/112 84/84/113 86/86/112
f 203/203/114 146/146/114 145/145/115
f 204/204/116 205/205/117 206/206/116
f 205/205/118 207/207/118 206/206/118
f 208/208/119 209/209/119 210/210/119
f 211/211/120 197/197/120 212/212/120
f 213/213/121 209/209/121 203/203/121
f 214/214/122 215/215/122 73/73/122
f 216/216/123 217/217/123 218/218/123
f 219/219/124 220/220/125 221/221/125
f 222/222/126 223/223/126 224/224/127
f 225/225/128 226/226/128 15/15/128
f 227/227/129 228/228/129 229/229/129
f 230/230/130 231/231/131 232/232/131
f 233/233/132 234/234/132 163/163/132
f 231/231/133 235/235/133 236/236/133
f 237/237/134 238/238/134 41/41/134
f 239/239/135 240/240/135 241/241/135
f 238/238/136 242/242/136 41/41/136
f 38/38/137 37/37/137 108/108/137
f 243/243/138 27/27/138 244/244/138
f 39/39/139 245/245/139 224/224/139
f 21/21/140 245/245/140 63/63/140
f 21/21/141 246/246/141 245/245/141
f 247/247/142 248/248/142 231/231/142
f 249/249/143 162/162/143 250/250/143
f 251/251/144 252/252/144 253/253/144
f 254/254/145 255/255/145 191/191/145
f 256/256/146 257/257/146 258/258/146
f 196/196/147 12/12/147 184/184/147
f 259/259/148 260/260/149 261/261/150
f 262/262/151 263/263/151 264/264/151
f 196/196/152 265/265/153 195/195/153
f 266/266/154 267/267/154 268/268/154
f 269/269/155 270/270/155 271/271/155
f 107/107/156 106/106/157 181/181/157
f 107/107/158 181/181/158 272/272/159
f 273/273/160 114/114/161 274/274/160
f 275/275/162 122/122/162 276/276/162
f 277/277/163 278/278/163 279/279/163
f 280/280/164 113/113/165 281/281/165
f 282/282/166 283/283/166 284/284/166
f 285/285/167 286/286/167 287/287/167
f 16/16/168 69/69/168 286/286/168
f 215/215/169 288/288/170 73/73/169
f 288/288/171 289/289/171 73/73/172
f 290/290/173 291/291/173 292/292/173
f 293/293/174 294/294/174 295/295/175
f 296/296/176 217/217/177 216/216/176
f 269/269/178 297/297/178 298/298/178
f 134/134/179 299/299/179 300/300/179
f 301/301/180 302/302/180 189/189/181
f 303/303/182 132/132/183 131/131/182
f 220/220/184 189/189/184 188/188/184
f 290/290/185 304/304/185 305/305/185
f 306/306/186 307/307/186 308/308/186
f 150/150/187 149/149/187 309/309/187
f 310/310/188 183/183/188 182/182/188
f 311/311/189 312/312/189 313/313/189
f 314/314/190 315/315/191 261/261/190
f 161/161/192 316/316/193 317/317/192
f 318/318/194 317/317/195 316/316/195
f 319/319/196 317/317/196 318/318/196
f 92/92/197 94/94/197 320/320/197
f 321/321/198 93/93/199 92/92/200
f 134/134/201 322/322/201 200/200/201
f 323/323/202 324/324/203 325/325/202
f 326/326/204 327/327/204 328/328/204
f 329/329/205 330/330/205 331/331/205
f 332/332/206 327/327/206 202/202/206
f 332/332/207 202/202/207 333/333/208
f 334/334/209 70/70/210 335/335/211
f 336/336/212 60/60/213 337/337/212
f 338/338/214 336/336/215 337/337/215
f 339/339/216 340/340/217 332/332/217
f 332/332/218 341/341/218 339/339/218
f 342/342/219 326/326/220 343/343/221
f 344/344/222 131/131/223 343/343/222
f 345/345/224 346/346/224 347/347/224
f 345/345/225 347/347/226 348/348/226
f 349/349/227 350/350/227 351/351/228
f 345/345/229 352/352/229 353/353/229
f 138/138/230 353/353/231 352/352/230
f 354/354/232 355/355/232 356/356/232
f 357/357/233 305/305/233 304/304/233
f 358/358/234 359/359/234 139/139/234
f 360/360/235 361/361/235 362/362/235
f 361/361/236 363/363/236 362/362/236
f 328/328/237 327/327/237 364/364/237
f 365/365/238 364/364/238 327/327/238
f 327/327/239 332/332/239 365/365/239
f 365/365/240 332/332/240 340/340/241
f 344/344/242 328/328/242 364/364/242
f 366/366/243 344/344/243 364/364/243
f 367/367/244 364/364/244 365/365/244
f 368/368/245 319/319/245 366/366/246
f 369/369/247 368/368/247 367/367/247
f 365/365/248 340/340/248 370/370/248
f 59/59/249 193/193/249 337/337/249
f 193/193/250 371/371/250 337/337/250
f 372/372/251 373/373/251 374/374/251
f 375/375/252 376/376/253 377/377/253
f 18/18/254 17/17/255 378/378/254
f 242/242/256 238/238/256 379/379/256
f 17/17/257 285/285/257 378/378/258
f 380/380/259 381/381/260 382/382/259
f 373/373/261 372/372/261 383/383/261
f 40/40/262 383/383/262 384/384/262
f 385/385/263 386/386/263 387/387/263
f 386/386/264 388/388/264 387/387/265
f 120/120/266 212/212/266 209/209/266
f 389/389/267 390/390/267 88/88/267
f 391/391/268 392/392/268 393/393/268
f 394/394/269 274/274/269 395/395/269
f 396/396/270 397/397/270 398/398/271
f 66/66/272 397/397/272 396/396/272
f 274/274/273 28/28/273 395/395/273
f 277/277/274 399/399/274 400/400/274
f 401/401/275 402/402/275 403/403/275
f 404/404/276 405/405/276 406/406/276
f 407/407/277 408/408/277 409/409/277
f 410/410/278 206/206/278 207/207/279
f 411/411/280 412/412/281 413/413/280
f 338/338/282 414/414/282 415/415/282
f 416/416/283 23/23/284 22/22/284
f 417/417/285 418/418/285 419/419/285
f 420/420/286 418/418/286 175/175/286
f 421/421/287 386/386/287 385/385/288
f 218/218/289 217/217/289 407/407/289
f 422/422/290 423/423/290 144/144/290
f 424/424/291 425/425/292 282/282/293
f 426/426/294 427/427/294 428/428/294
f 429/429/295 430/430/295 431/431/296
f 432/432/297 18/18/297 363/363/297
f 433/433/298 434/434/298 435/435/298
f 436/436/299 437/437/299 260/260/299
f 438/438/300 439/439/301 440/440/302
f 440/440/303 441/441/303 442/442/303
f 443/443/304 444/444/305 445/445/304
f 322/322/306 134/134/306 300/300/306
f 446/446/307 447/447/307 448/448/307
f 449/449/308 450/450/309 451/451/308
f 452/452/310 453/453/310 454/454/310
f 16/16/311 455/455/312 456/456/312
f 457/457/313 448/448/314 458/458/313
f 459/459/315 454/454/315 460/460/315
f 129/129/316 181/181/316 106/106/316
f 461/461/317 462/462/317 463/463/317
f 464/464/318 86/86/318 85/85/318
f 407/407/319 465/465/320 408/408/321
f 465/465/320 466/466/322 408/408/321
f 446/446/323 467/467/323 424/424/323
f 187/187/324 227/227/324 468/468/324
f 431/431/325 430/430/325 469/469/325
f 470/470/326 471/471/326 279/279/326
f 428/428/327 472/472/327 473/473/327
f 456/456/328 335/335/329 70/70/329
f 320/320/330 474/474/330 461/461/330
f 314/314/331 401/401/331 475/475/331
f 109/109/332 476/476/332 84/84/332
f 476/476/333 80/80/333 477/477/333
f 301/301/334 478/478/334 479/479/334
f 480/480/335 481/481/335 482/482/335
f 478/478/336 483/483/336 479/479/336
f 330/330/337 201/201/337 484/484/337
f 485/485/338 486/486/338 487/487/338
f 488/488/339 489/489/339 490/490/339
f 491/491/340 492/492/340 493/493/340
f 168/168/341 494/494/341 495/495/341
f 415/415/342 496/496/342 497/497/342
f 498/498/343 499/499/343 500/500/343
f 501/501/344 502/502/344 119/119/344
f 362/362/345 378/378/345 287/287/345
f 503/503/346 504/504/346 505/505/346
f 483/483/347 478/478/347 506/506/347
f 478/478/348 507/507/349 506/506/348
f 14/14/350 508/508/351 130/130/350
f 509/509/352 510/510/353 511/511/354
f 73/73/355 289/289/356 74/74/355
f 509/509/352 512/512/357 510/510/353
f 289/289/358 294/294/358 293/293/358
f 422/422/359 513/513/359 514/514/359
f 294/294/360 288/288/360 295/295/360
f 515/515/361 216/216/361 494/494/361
f 516/516/362 517/517/362 153/153/362
f 518/518/363 153/153/363 154/154/364
f 519/519/365 248/248/365 247/247/365
f 520/520/366 521/521/366 522/522/366
f 509/509/367 523/523/367 524/524/367
f 525/525/368 382/382/368 169/169/368
f 56/56/369 526/526/369 527/527/369
f 528/528/370 529/529/371 185/185/370
f 530/530/372 531/531/372 532/532/372
f 533/533/373 111/111/373 534/534/373
f 200/200/374 535/535/375 484/484/374
f 501/501/376 536/536/377 537/537/376
f 538/538/378 504/504/378 376/376/378
f 539/539/379 540/540/379 541/541/379
f 542/542/380 543/543/380 544/544/381
f 544/544/382 543/543/382 545/545/382
f 319/319/383 368/368/384 546/546/385
f 271/271/386 547/547/386 266/266/386
f 530/530/387 300/300/387 299/299/387
f 316/316/388 132/132/389 303/303/388
f 548/548/390 549/549/390 179/179/390
f 550/550/391 212/212/391 120/120/391
f 1/1/392 239/239/392 551/551/392
f 552/552/393 221/221/393 360/360/394
f 553/553/395 163/163/395 162/162/395
f 155/155/396 352/352/397 345/345/396
f 62/62/398 64/64/398 477/477/398
f 554/554/399 555/555/400 556/556/399
f 72/72/401 71/71/401 205/205/401
f 557/557/402 558/558/402 559/559/402
f 560/560/403 287/287/403 286/286/403
f 110/110/404 292/292/405 291/291/404
f 561/561/406 562/562/406 307/307/406
f 407/407/407 217/217/407 296/296/407
f 563/563/408 564/564/408 549/549/408
f 337/337/409 60/60/409 59/59/409
f 371/371/410 199/199/410 338/338/410
f 279/279/411 563/563/411 511/511/411
f 565/565/412 566/566/412 567/567/412
f 568/568/413 169/169/413 381/381/413
f 569/569/414 570/570/414 571/571/415
f 572/572/416 492/492/416 573/573/417
f 573/573/418 574/574/418 572/572/418
f 574/574/419 254/254/419 572/572/419
f 575/575/420 406/406/421 30/30/421
f 100/100/422 576/576/422 159/159/422
f 253/253/423 573/573/423 577/577/423
f 578/578/424 75/75/424 283/283/424
f 49/49/425 53/53/425 75/75/425
f 336/336/426 579/579/426 580/580/426
f 185/185/427 529/529/427 581/581/427
f 325/325/428 582/582/428 257/257/429
f 583/583/430 584/584/430 585/585/430
f 350/350/431 586/586/431 351/351/431
f 357/357/432 177/177/432 305/305/433
f 511/511/434 399/399/434 587/587/434
f 399/399/435 277/277/435 587/587/435
f 79/79/436 432/432/436 588/588/437
f 589/589/438 500/500/438 569/569/438
f 254/254/439 61/61/439 572/572/439
f 61/61/440 590/590/440 572/572/440
f 591/591/441 592/592/441 566/566/441
f 593/593/442 514/514/443 513/513/442
f 594/594/444 595/595/444 596/596/444
f 171/171/445 597/597/445 598/598/445
f 422/422/446 34/34/446 599/599/446
f 600/600/447 601/601/447 602/602/447
f 513/513/448 422/422/448 599/599/449
f 515/515/450 568/568/450 603/603/450
f 534/534/451 113/113/451 413/413/451
f 318/318/452 344/344/453 366/366/452
f 165/165/454 595/595/454 118/118/454
f 604/604/455 605/605/456 195/195/455
f 546/546/457 372/372/457 374/374/457
f 434/434/458 387/387/458 388/388/458
f 360/360/459 221/221/459 323/323/459
f 606/606/460 243/243/460 244/244/460
f 599/599/461 34/34/461 607/607/461
f 608/608/462 609/609/463 610/610/462
f 611/611/464 464/464/465 63/63/465
f 612/612/466 613/613/466 188/188/466
f 174/174/467 106/106/467 105/105/467
f 405/405/468 404/404/468 179/179/468
f 614/614/469 541/541/470 615/615/469
f 616/616/471 617/617/471 421/421/471
f 222/222/472 618/618/472 20/20/472
f 618/618/473 246/246/473 20/20/473
f 264/264/474 619/619/475 620/620/475
f 621/621/476 622/622/477 623/623/476
f 11/11/478 156/156/478 24/24/478
f 260/260/479 623/623/480 450/450/479
f 556/556/481 624/624/481 625/625/481
f 626/626/482 627/627/482 1/1/482
f 57/57/483 628/628/483 629/629/483
f 323/323/484 556/556/484 555/555/484
f 630/630/485 631/631/485 26/26/485
f 303/303/486 131/131/486 344/344/486
f 446/446/487 424/424/487 469/469/487
f 608/608/488 632/632/489 229/229/488
f 33/33/490 633/633/491 634/634/490
f 635/635/492 636/636/492 637/637/492
f 638/638/493 639/639/493 588/588/493
f 640/640/494 641/641/494 642/642/494
f 640/640/495 642/642/496 643/643/495
f 644/644/497 645/645/497 646/646/497
f 645/645/498 647/647/498 646/646/498
f 648/648/499 190/190/499 649/649/499
f 650/650/500 510/510/501 512/512/500
f 67/67/502 66/66/503 396/396/504
f 651/651/505 308/308/506 307/307/505
f 586/586/507 350/350/507 153/153/507
f 540/540/508 615/615/508 541/541/508
f 141/141/509 652/652/510 439/439/509
f 653/653/511 654/654/511 650/650/511
f 231/231/512 248/248/512 235/235/512
f 248/248/513 519/519/513 235/235/513
f 369/369/514 365/365/514 655/655/514
f 648/648/515 309/309/515 503/503/515
f 656/656/516 650/650/517 654/654/517
f 249/249/518 657/657/518 79/79/518
f 155/155/519 658/658/519 194/194/519
f 133/133/520 132/132/521 659/659/520
f 46/46/522 402/402/522 660/660/522
f 332/332/523 333/333/523 341/341/523
f 333/333/524 329/329/524 341/341/524
f 661/661/525 264/264/525 522/522/525
f 662/662/526 663/663/527 664/664/528
f 665/665/529 539/539/529 666/666/529
f 96/96/530 98/98/531 462/462/532
f 26/26/533 667/667/533 668/668/533
f 482/482/534 481/481/534 536/536/534
f 395/395/535 669/669/535 670/670/535
f 671/671/536 672/672/536 351/351/536
f 673/673/537 418/418/537 400/400/538
f 481/481/539 674/674/540 536/536/539
f 675/675/541 676/676/541 677/677/541
f 678/678/542 679/679/542 680/680/542
f 267/267/543 547/547/543 619/619/543
f 14/14/544 130/130/544 15/15/544
f 681/681/545 682/682/545 683/683/545
f 130/130/546 128/128/547 15/15/546
f 331/331/548 358/358/549 388/388/548
f 491/491/550 493/493/550 579/579/550
f 590/590/551 580/580/551 493/493/551
f 343/343/552 131/131/552 134/134/552
f 684/684/553 685/685/553 686/686/553
f 687/687/554 450/450/554 622/622/555
f 685/685/556 621/621/557 686/686/558
f 408/408/559 607/607/559 596/596/559
f 636/636/560 495/495/560 494/494/560
f 609/609/561 599/599/561 607/607/561
f 688/688/562 33/33/562 634/634/562
f 683/683/563 682/682/564 689/689/564
f 682/682/565 690/690/565 689/689/565
f 68/68/566 691/691/566 286/286/566
f 692/692/567 411/411/567 693/693/567
f 667/667/568 566/566/568 668/668/568
f 335/335/569 456/456/569 694/694/569
f 420/420/570 304/304/570 290/290/570
f 695/695/571 654/654/572 653/653/573
f 110/110/574 76/76/574 670/670/574
f 328/328/575 344/344/575 343/343/575
f 176/176/576 676/676/576 696/696/576
f 287/287/577 560/560/577 697/697/577
f 224/224/578 698/698/578 490/490/579
f 699/699/580 681/681/580 700/700/580
f 701/701/581 474/474/581 582/582/581
f 702/702/582 703/703/583 520/520/583
f 558/558/584 704/704/585 705/705/586
f 400/400/587 418/418/587 417/417/587
f 645/645/588 664/664/588 663/663/589
f 380/380/590 525/525/591 630/630/592
f 671/671/593 351/351/593 586/586/593
f 531/531/594 160/160/594 706/706/594
f 707/707/595 708/708/595 593/593/595
f 189/189/596 302/302/597 649/649/597
f 278/278/598 417/417/598 419/419/598
f 426/426/599 428/428/599 709/709/599
f 367/367/600 368/368/600 366/366/600
f 443/443/601 393/393/602 710/710/601
f 159/159/603 711/711/604 160/160/604
f 711/711/605 706/706/605 160/160/605
f 644/644/606 172/172/606 662/662/606
f 677/677/607 676/676/607 310/310/607
f 712/712/608 680/680/608 662/662/608
f 504/504/609 377/377/609 376/376/609
f 561/561/610 306/306/610 614/614/610
f 77/77/611 713/713/611 714/714/611
f 306/306/612 715/715/612 614/614/612
f 10/10/613 605/605/613 157/157/613
f 688/688/614 716/716/614 717/717/614
f 718/718/615 228/228/615 719/719/616
f 675/675/617 476/476/617 305/305/618
f 720/720/619 491/491/620 497/497/619
f 564/564/621 30/30/621 406/406/621
f 404/404/622 115/115/623 629/629/622
f 721/721/624 603/603/624 381/381/624
f 442/442/625 643/643/626 140/140/626
f 85/85/627 477/477/628 64/64/628
f 354/354/629 609/609/629 718/718/629
f 239/239/630 1/1/630 3/3/630
f 627/627/631 2/2/631 1/1/631
f 637/637/632 722/722/632 4/4/632
f 689/689/633 5/5/633 164/164/633
f 689/689/634 690/690/634 5/5/634
f 637/637/635 4/4/635 6/6/635
f 58/58/636 8/8/636 7/7/636
f 5/5/637 4/4/637 164/164/637
f 58/58/638 273/273/638 8/8/638
f 526/526/639 7/7/639 9/9/639
f 226/226/640 13/13/641 15/15/642
f 62/62/643 19/19/643 21/21/643
f 194/194/644 22/22/644 24/24/644
f 631/631/645 723/723/645 27/27/645
f 27/27/646 243/243/646 211/211/646
f 26/26/647 631/631/647 27/27/647
f 470/470/648 28/28/649 30/30/650
f 211/211/651 25/25/651 27/27/651
f 25/25/12 667/667/652 26/26/12
f 470/470/653 279/279/653 278/278/653
f 607/607/654 34/34/654 36/36/654
f 470/470/648 278/278/655 28/28/649
f 529/529/656 31/31/656 33/33/656
f 529/529/657 528/528/657 31/31/657
f 713/713/658 37/37/658 39/39/659
f 724/724/660 725/725/661 237/237/661
f 373/373/662 40/40/662 42/42/662
f 40/40/663 384/384/664 655/655/665
f 655/655/666 365/365/667 370/370/667
f 237/237/668 421/421/668 617/617/668
f 386/386/669 40/40/669 655/655/669
f 237/237/670 617/617/671 724/724/670
f 429/429/672 43/43/672 45/45/672
f 370/370/673 386/386/673 655/655/673
f 617/617/674 726/726/674 724/724/674
f 40/40/675 386/386/675 41/41/675
f 386/386/676 421/421/676 237/237/676
f 386/386/677 237/237/677 41/41/677
f 166/166/678 727/727/678 728/728/678
f 244/244/679 166/166/680 729/729/680
f 166/166/680 728/728/681 729/729/680
f 544/544/682 402/402/682 730/730/682
f 544/544/683 403/403/683 402/402/683
f 402/402/684 46/46/684 48/48/684
f 402/402/685 48/48/685 730/730/685
f 412/412/686 692/692/686 52/52/686
f 412/412/687 411/411/687 692/692/687
f 53/53/688 49/49/688 51/51/688
f 52/52/689 692/692/689 53/53/689
f 495/495/690 204/204/691 731/731/690
f 495/495/692 732/732/692 204/204/692
f 204/204/693 206/206/693 733/733/693
f 204/204/694 733/733/694 731/731/694
f 7/7/695 56/56/695 58/58/695
f 734/734/696 735/735/696 56/56/696
f 735/735/697 57/57/697 56/56/697
f 734/734/698 736/736/698 735/735/698
f 193/193/699 59/59/699 191/191/699
f 61/61/700 254/254/700 191/191/701
f 59/59/702 61/61/702 191/191/702
f 334/334/703 68/68/704 70/70/705
f 5/5/706 71/71/707 6/6/707
f 76/76/708 737/737/708 738/738/708
f 699/699/709 73/73/709 75/75/709
f 699/699/710 700/700/710 73/73/710
f 110/110/711 108/108/711 37/37/711
f 713/713/712 110/110/712 37/37/712
f 737/737/713 76/76/713 78/78/713
f 432/432/714 79/79/714 81/81/714
f 77/77/715 110/110/715 713/713/715
f 737/737/716 739/739/716 738/738/716
f 77/77/717 76/76/717 110/110/717
f 657/657/718 80/80/718 79/79/718
f 739/739/719 526/526/720 738/738/719
f 739/739/721 527/527/721 526/526/721
f 526/526/722 9/9/722 738/738/722
f 740/740/723 87/87/723 31/31/723
f 82/82/724 32/32/724 87/87/724
f 444/444/725 88/88/43 90/90/43
f 741/741/726 742/742/726 743/743/727
f 125/125/728 741/741/728 743/743/728
f 744/744/729 741/741/729 127/127/729
f 741/741/730 125/125/730 127/127/730
f 744/744/731 518/518/731 741/741/732
f 51/51/733 745/745/734 55/55/733
f 479/479/735 99/99/735 101/101/735
f 479/479/736 483/483/736 99/99/736
f 51/51/737 746/746/737 745/745/737
f 745/745/738 425/425/738 457/457/738
f 55/55/739 745/745/739 457/457/739
f 451/451/740 55/55/740 457/457/740
f 102/102/741 121/121/741 103/103/741
f 103/103/742 208/208/742 210/210/742
f 103/103/743 210/210/743 104/104/743
f 534/534/744 111/111/744 113/113/744
f 111/111/745 747/747/745 748/748/745
f 591/591/746 565/565/746 567/567/746
f 111/111/747 748/748/747 112/112/747
f 274/274/748 114/114/748 116/116/748
f 115/115/749 575/575/749 116/116/749
f 114/114/750 629/629/750 115/115/750
f 297/297/751 591/591/751 298/298/751
f 591/591/752 567/567/752 298/298/752
f 120/120/753 65/65/754 749/749/753
f 750/750/755 397/397/755 66/66/755
f 270/270/756 120/120/753 749/749/753
f 65/65/757 121/121/757 66/66/757
f 121/121/758 750/750/758 66/66/758
f 533/533/759 122/122/759 124/124/759
f 751/751/760 420/420/761 290/290/760
f 419/419/762 751/751/762 669/669/763
f 292/292/764 751/751/764 290/290/764
f 751/751/765 419/419/765 420/420/765
f 751/751/766 670/670/766 669/669/766
f 628/628/767 57/57/767 735/735/767
f 126/126/768 752/752/768 127/127/768
f 628/628/769 126/126/63 125/125/62
f 628/628/770 735/735/771 126/126/771
f 753/753/772 426/426/772 709/709/772
f 709/709/773 313/313/773 312/312/773
f 392/392/774 391/391/774 272/272/774
f 754/754/775 392/392/775 180/180/775
f 97/97/776 96/96/776 755/755/776
f 96/96/777 754/754/777 755/755/777
f 312/312/778 756/756/778 709/709/778
f 756/756/779 753/753/780 709/709/780
f 757/757/781 756/756/781 392/392/781
f 754/754/782 96/96/783 757/757/784
f 754/754/782 757/757/784 392/392/785
f 757/757/786 753/753/786 756/756/786
f 392/392/787 272/272/787 180/180/787
f 133/133/788 299/299/788 134/134/788
f 104/104/789 135/135/71 102/102/71
f 612/612/790 136/136/791 135/135/790
f 359/359/792 137/137/792 139/139/792
f 137/137/793 694/694/793 455/455/794
f 137/137/795 359/359/795 694/694/795
f 694/694/796 456/456/796 455/455/797
f 140/140/798 758/758/798 141/141/798
f 141/141/799 438/438/799 142/142/799
f 147/147/800 759/759/800 145/145/800
f 146/146/801 192/192/801 147/147/802
f 755/755/803 754/754/803 180/180/803
f 463/463/804 755/755/804 508/508/805
f 463/463/806 462/462/806 98/98/806
f 755/755/804 463/463/804 97/97/807
f 463/463/808 98/98/808 97/97/808
f 755/755/809 180/180/809 508/508/809
f 100/100/810 158/158/810 101/101/810
f 158/158/811 148/148/811 150/150/811
f 158/158/812 150/150/813 101/101/812
f 663/663/814 760/760/814 645/645/814
f 663/663/815 721/721/815 760/760/815
f 760/760/816 761/761/816 645/645/816
f 605/605/817 604/604/818 762/762/817
f 673/673/819 763/763/820 764/764/820
f 673/673/821 765/765/821 642/642/821
f 641/641/822 640/640/822 763/763/822
f 138/138/823 352/352/823 139/139/823
f 157/157/824 605/605/825 155/155/825
f 762/762/826 763/763/826 352/352/826
f 641/641/827 763/763/827 642/642/827
f 605/605/828 352/352/829 155/155/828
f 763/763/830 673/673/830 642/642/830
f 763/763/820 762/762/831 764/764/820
f 605/605/832 762/762/832 352/352/832
f 352/352/833 763/763/833 139/139/833
f 132/132/834 316/316/834 659/659/835
f 161/161/836 160/160/837 316/316/836
f 161/161/838 148/148/838 159/159/838
f 316/316/839 160/160/840 659/659/840
f 62/62/841 766/766/841 162/162/841
f 163/163/842 234/234/842 767/767/842
f 19/19/843 62/62/844 162/162/844
f 163/163/845 767/767/845 19/19/845
f 118/118/846 117/117/846 164/164/846
f 164/164/847 4/4/847 165/165/847
f 723/723/848 169/169/848 27/27/848
f 731/731/849 166/166/849 168/168/849
f 731/731/850 727/727/850 166/166/850
f 244/244/851 27/27/851 170/170/851
f 166/166/852 244/244/852 167/167/852
f 244/244/853 170/170/853 167/167/853
f 661/661/854 171/171/854 173/173/854
f 508/508/855 180/180/855 129/129/855
f 742/742/856 152/152/856 179/179/856
f 742/742/857 741/741/857 154/154/857
f 742/742/858 154/154/858 152/152/858
f 768/768/859 182/182/860 184/184/860
f 769/769/861 185/185/861 187/187/861
f 121/121/862 102/102/862 750/750/862
f 136/136/863 648/648/863 102/102/863
f 770/770/864 445/445/865 444/444/866
f 648/648/867 188/188/867 190/190/867
f 102/102/868 648/648/869 750/750/868
f 648/648/870 136/136/870 188/188/870
f 684/684/871 770/770/871 90/90/871
f 684/684/872 686/686/872 770/770/872
f 770/770/864 444/444/866 90/90/873
f 255/255/874 574/574/874 252/252/874
f 147/147/875 255/255/875 771/771/875
f 606/606/876 414/414/876 198/198/876
f 410/410/877 772/772/877 773/773/877
f 410/410/878 253/253/878 772/772/878
f 192/192/879 191/191/880 255/255/880
f 773/773/881 772/772/881 414/414/881
f 147/147/882 192/192/882 255/255/882
f 606/606/883 773/773/883 414/414/883
f 202/202/884 326/326/884 342/342/884
f 198/198/108 414/414/885 338/338/886
f 193/193/102 192/192/102 197/197/887
f 255/255/888 252/252/888 771/771/888
f 199/199/889 193/193/889 197/197/889
f 198/198/108 338/338/886 199/199/109
f 202/202/890 327/327/890 326/326/891
f 200/200/892 202/202/892 342/342/893
f 201/201/894 333/333/895 202/202/894
f 611/611/896 108/108/112 86/86/112
f 200/200/897 484/484/897 201/201/897
f 213/213/898 203/203/899 145/145/898
f 643/643/900 765/765/900 140/140/900
f 643/643/901 642/642/901 765/765/902
f 765/765/903 758/758/903 140/140/903
f 774/774/904 773/773/905 606/606/906
f 728/728/907 774/774/907 729/729/907
f 774/774/904 606/606/906 729/729/908
f 212/212/909 25/25/909 211/211/909
f 197/197/910 209/209/910 212/212/910
f 211/211/911 198/198/911 197/197/912
f 689/689/913 117/117/913 683/683/913
f 146/146/914 203/203/914 192/192/914
f 213/213/915 145/145/915 759/759/915
f 209/209/916 213/213/916 210/210/917
f 209/209/918 197/197/918 203/203/918
f 213/213/919 759/759/919 210/210/919
f 203/203/920 197/197/920 192/192/920
f 689/689/921 164/164/921 117/117/921
f 214/214/922 775/775/923 215/215/922
f 700/700/924 214/214/924 73/73/924
f 683/683/925 117/117/925 119/119/926
f 683/683/927 119/119/927 502/502/927
f 494/494/928 216/216/928 218/218/928
f 502/502/929 214/214/929 700/700/929
f 681/681/930 683/683/930 502/502/930
f 502/502/931 700/700/932 681/681/931
f 219/219/933 507/507/933 478/478/934
f 220/220/935 701/701/935 221/221/935
f 219/219/936 478/478/936 220/220/937
f 618/618/938 222/222/938 224/224/938
f 128/128/939 174/174/940 15/15/939
f 776/776/941 225/225/941 174/174/941
f 225/225/942 95/95/942 91/91/942
f 93/93/943 226/226/944 91/91/944
f 468/468/945 227/227/945 229/229/946
f 174/174/947 225/225/948 15/15/947
f 226/226/949 225/225/949 91/91/949
f 719/719/950 228/228/950 227/227/951
f 519/519/952 247/247/952 231/231/952
f 230/230/953 519/519/953 231/231/953
f 233/233/954 777/777/954 234/234/954
f 78/78/955 489/489/955 737/737/955
f 78/78/956 490/490/956 489/489/956
f 232/232/131 231/231/131 236/236/957
f 778/778/958 489/489/959 233/233/959
f 163/163/960 778/778/960 233/233/960
f 489/489/961 778/778/961 737/737/961
f 409/409/962 722/722/963 779/779/963
f 722/722/964 637/637/965 636/636/965
f 722/722/966 636/636/967 779/779/966
f 611/611/968 38/38/968 108/108/968
f 245/245/969 246/246/969 618/618/969
f 714/714/970 713/713/970 39/39/970
f 245/245/971 618/618/971 224/224/971
f 224/224/972 714/714/972 39/39/972
f 62/62/973 21/21/973 63/63/973
f 657/657/974 249/249/974 250/250/974
f 410/410/975 251/251/975 253/253/975
f 771/771/976 252/252/976 251/251/976
f 624/624/977 257/257/977 543/543/977
f 260/260/978 445/445/978 780/780/978
f 315/315/979 256/256/979 258/258/979
f 315/315/980 545/545/980 256/256/980
f 781/781/981 625/625/981 624/624/982
f 257/257/983 256/256/983 543/543/983
f 781/781/984 624/624/984 543/543/984
f 196/196/985 782/782/985 265/265/985
f 196/196/986 10/10/986 12/12/986
f 12/12/987 768/768/987 184/184/987
f 782/782/988 764/764/988 265/265/988
f 196/196/989 184/184/989 782/782/989
f 260/260/149 437/437/990 261/261/150
f 258/258/991 259/259/991 315/315/991
f 445/445/992 260/260/993 259/259/992
f 783/783/994 262/262/994 264/264/994
f 445/445/995 770/770/995 780/780/995
f 259/259/148 261/261/150 315/315/996
f 268/268/997 263/263/997 262/262/997
f 268/268/998 267/267/999 263/263/999
f 784/784/1000 785/785/1000 786/786/1000
f 787/787/1001 592/592/1001 786/786/1001
f 784/784/1002 266/266/1002 268/268/1002
f 784/784/1003 786/786/1003 266/266/1003
f 787/787/1004 668/668/1004 592/592/1004
f 297/297/1005 271/271/1005 591/591/1005
f 567/567/1006 550/550/1006 298/298/1006
f 270/270/1007 67/67/1007 271/271/1007
f 749/749/1008 65/65/1009 67/67/1010
f 271/271/1011 297/297/1011 269/269/1011
f 270/270/1012 749/749/1008 67/67/1010
f 768/768/1013 12/12/1013 24/24/1013
f 269/269/1014 550/550/1014 270/270/1014
f 550/550/1015 269/269/1015 298/298/1015
f 592/592/1016 591/591/1016 786/786/1016
f 591/591/1017 271/271/1017 786/786/1017
f 182/182/1018 768/768/1018 23/23/1018
f 768/768/1019 24/24/1019 23/23/1019
f 181/181/1020 180/180/1020 272/272/1020
f 8/8/1021 273/273/160 274/274/160
f 684/684/1022 89/89/1023 533/533/1023
f 684/684/1024 90/90/1024 89/89/1024
f 124/124/1025 276/276/1025 788/788/1025
f 124/124/1026 123/123/1026 276/276/1026
f 122/122/1027 89/89/1027 276/276/1027
f 89/89/1028 122/122/1028 533/533/1028
f 276/276/1029 789/789/1029 788/788/1029
f 89/89/1030 789/789/1030 276/276/1030
f 587/587/1031 277/277/1031 279/279/1031
f 790/790/1032 278/278/1032 277/277/1032
f 790/790/1033 417/417/1033 278/278/1033
f 791/791/1034 112/112/1034 205/205/1034
f 413/413/1035 113/113/1035 693/693/1036
f 112/112/1037 207/207/1037 205/205/1037
f 113/113/1038 280/280/1038 693/693/1038
f 378/378/1039 285/285/1039 287/287/1039
f 281/281/165 113/113/165 791/791/1040
f 113/113/1041 112/112/1041 791/791/1041
f 569/569/1042 282/282/1042 284/284/1042
f 569/569/1043 792/792/1043 793/793/1043
f 569/569/1044 793/793/1044 282/282/1044
f 794/794/1045 82/82/1046 548/548/1046
f 285/285/1047 16/16/1047 286/286/1047
f 285/285/1048 17/17/1049 16/16/1048
f 794/794/1050 83/83/1050 82/82/1050
f 82/82/1051 524/524/1051 523/523/1052
f 82/82/1053 523/523/1053 548/548/1053
f 795/795/1054 293/293/1055 295/295/1054
f 515/515/1056 296/296/1056 216/216/1056
f 558/558/1057 296/296/1057 796/796/1057
f 296/296/1058 515/515/1058 796/796/1058
f 728/728/1059 731/731/1059 774/774/1059
f 728/728/1060 727/727/1060 731/731/1060
f 731/731/1061 733/733/1061 774/774/1061
f 613/613/1062 220/220/1062 188/188/1062
f 478/478/1063 189/189/1063 220/220/1063
f 478/478/1064 301/301/1064 189/189/1064
f 476/476/1065 109/109/1065 291/291/1065
f 715/715/1066 306/306/1066 308/308/1067
f 476/476/1068 290/290/1068 305/305/1069
f 476/476/1068 291/291/1070 290/290/1068
f 149/149/1071 374/374/1071 377/377/1071
f 649/649/1072 150/150/1072 309/309/1072
f 301/301/1073 101/101/1073 302/302/1073
f 301/301/1074 479/479/1074 101/101/1074
f 310/310/1075 182/182/1076 416/416/1076
f 101/101/1077 649/649/1077 302/302/1077
f 649/649/1078 101/101/1078 150/150/1078
f 149/149/1079 377/377/1079 309/309/1079
f 310/310/1080 676/676/1080 183/183/1080
f 797/797/1081 315/315/1081 314/314/1081
f 182/182/1076 23/23/1082 416/416/1076
f 473/473/1083 311/311/1083 313/313/1083
f 473/473/1084 472/472/1085 311/311/1085
f 797/797/1086 475/475/1086 798/798/1086
f 315/315/1087 797/797/1087 545/545/1087
f 799/799/1088 314/314/1088 261/261/1088
f 546/546/1089 161/161/192 317/317/192
f 797/797/1090 798/798/1090 545/545/1090
f 800/800/1091 801/801/1092 697/697/1091
f 800/800/1093 532/532/1093 801/801/1093
f 801/801/1094 802/802/1095 697/697/1096
f 342/342/1097 134/134/1097 200/200/1097
f 93/93/1098 321/321/1099 226/226/1100
f 320/320/1101 321/321/1102 92/92/1102
f 321/321/1099 13/13/1103 226/226/1100
f 556/556/1104 323/323/1104 325/325/1104
f 221/221/1105 324/324/1105 323/323/1105
f 221/221/1106 701/701/1106 324/324/1106
f 22/22/1107 658/658/1108 348/348/1107
f 22/22/1109 194/194/1110 658/658/1110
f 658/658/1111 345/345/1111 348/348/1111
f 329/329/1112 333/333/1112 201/201/1112
f 330/330/1113 68/68/1114 334/334/1115
f 331/331/1116 330/330/1116 334/334/1116
f 329/329/1117 201/201/1117 330/330/1118
f 335/335/1119 331/331/1119 334/334/1119
f 337/337/1120 371/371/1121 338/338/1121
f 354/354/1122 718/718/1122 355/355/1122
f 355/355/1123 717/717/1124 356/356/1123
f 703/703/1125 803/803/1125 651/651/1125
f 703/703/1126 702/702/1126 803/803/1126
f 803/803/1127 804/804/1128 651/651/1127
f 123/123/1129 122/122/1129 276/276/1129
f 369/369/1130 367/367/1130 365/365/1130
f 505/505/1131 538/538/1131 379/379/1131
f 505/505/1132 504/504/1132 538/538/1132
f 538/538/1133 242/242/1133 379/379/1133
f 199/199/1129 371/371/1129 193/193/1129
f 374/374/1134 375/375/1134 377/377/1134
f 374/374/1135 373/373/1135 42/42/1135
f 41/41/1136 242/242/1136 42/42/1137
f 374/374/1138 42/42/1138 375/375/1138
f 242/242/1139 538/538/1139 375/375/1139
f 242/242/1140 375/375/1140 42/42/1140
f 761/761/1141 381/381/1141 380/380/1141
f 761/761/1142 760/760/1142 381/381/1142
f 525/525/1143 380/380/1143 382/382/1143
f 40/40/1144 373/373/1144 383/383/1144
f 770/770/1145 686/686/1145 780/780/1145
f 686/686/1146 621/621/1146 623/623/1146
f 686/686/1147 623/623/1148 780/780/1147
f 370/370/1149 388/388/264 386/386/264
f 370/370/1150 340/340/1150 339/339/1150
f 329/329/1151 388/388/1151 341/341/1151
f 388/388/1152 339/339/1152 341/341/1152
f 339/339/1153 388/388/1153 370/370/1153
f 726/726/1154 505/505/1155 724/724/1155
f 208/208/1156 120/120/1156 209/209/1157
f 208/208/1156 103/103/1158 120/120/1156
f 726/726/1159 396/396/1159 398/398/1159
f 398/398/1160 503/503/1161 505/505/1160
f 379/379/1162 238/238/1162 237/237/1162
f 398/398/1163 505/505/1163 726/726/1163
f 379/379/1164 725/725/1164 505/505/1164
f 379/379/1165 237/237/1165 725/725/1165
f 505/505/1155 725/725/1166 724/724/1155
f 88/88/1167 444/444/1167 805/805/1167
f 393/393/1168 443/443/1169 259/259/1169
f 806/806/1170 391/391/1170 807/807/1170
f 312/312/1171 311/311/1172 389/389/1171
f 808/808/1173 809/809/1173 625/625/1173
f 805/805/1174 710/710/1174 88/88/1174
f 392/392/1175 756/756/1175 312/312/1175
f 392/392/1176 312/312/1171 389/389/1171
f 391/391/1177 259/259/1177 807/807/1177
f 393/393/1178 259/259/1178 391/391/1178
f 710/710/1179 389/389/1179 88/88/1179
f 389/389/1180 710/710/1181 393/393/1180
f 392/392/1182 389/389/1182 393/393/1182
f 810/810/1183 808/808/1183 781/781/1183
f 808/808/1184 625/625/1184 781/781/1184
f 790/790/1185 277/277/1185 400/400/1185
f 28/28/1186 274/274/1186 29/29/1186
f 274/274/1187 116/116/1187 29/29/1187
f 779/779/1188 407/407/1188 409/409/1188
f 798/798/1189 401/401/1189 403/403/1189
f 798/798/1190 475/475/1190 401/401/1190
f 575/575/1191 404/404/1191 406/406/1191
f 575/575/1192 115/115/1192 404/404/1192
f 733/733/1193 206/206/1193 410/410/1193
f 693/693/1194 411/411/280 413/413/280
f 112/112/1195 410/410/1195 207/207/1196
f 112/112/1197 748/748/1197 251/251/1197
f 773/773/1198 774/774/1199 733/733/1198
f 251/251/1200 410/410/1201 112/112/1200
f 773/773/1198 733/733/1198 410/410/1202
f 336/336/1203 338/338/1203 415/415/1203
f 348/348/1204 416/416/1204 22/22/1204
f 562/562/1205 561/561/1205 811/811/1205
f 561/561/1206 614/614/1206 695/695/1206
f 561/561/1207 695/695/1207 811/811/1207
f 418/418/1208 420/420/1208 419/419/1208
f 779/779/1209 218/218/1210 407/407/1211
f 175/175/1212 184/184/1213 176/176/1214
f 304/304/1215 420/420/1215 357/357/1215
f 418/418/1216 782/782/1216 175/175/1216
f 420/420/1217 175/175/1217 357/357/1218
f 184/184/1213 183/183/1219 176/176/1214
f 175/175/1220 782/782/1220 184/184/1220
f 143/143/1221 422/422/1221 144/144/1221
f 514/514/1222 423/423/1222 422/422/1223
f 282/282/1224 793/793/1224 431/431/1224
f 469/469/1225 282/282/1226 431/431/1225
f 424/424/1227 467/467/1227 457/457/1227
f 812/812/1228 18/18/1228 81/81/1229
f 424/424/291 282/282/293 469/469/1230
f 424/424/1231 457/457/1231 425/425/1231
f 793/793/1232 429/429/1232 431/431/1232
f 43/43/1233 429/429/1233 571/571/1233
f 429/429/1234 793/793/1234 792/792/1234
f 429/429/1235 792/792/1235 571/571/1235
f 812/812/1236 310/310/1236 416/416/1236
f 268/268/1237 646/646/1237 784/784/1237
f 347/347/1238 346/346/1238 137/137/1238
f 16/16/1239 347/347/1239 455/455/1239
f 361/361/1240 432/432/1240 363/363/1240
f 361/361/1241 813/813/1241 814/814/1242
f 814/814/1243 588/588/1244 432/432/1244
f 416/416/1245 18/18/1245 812/812/1245
f 348/348/1246 347/347/1246 16/16/1246
f 814/814/1247 432/432/1247 361/361/1247
f 347/347/1248 137/137/1249 455/455/1249
f 18/18/1250 348/348/1250 16/16/1250
f 18/18/1251 432/432/1252 81/81/1251
f 18/18/1253 416/416/1253 348/348/1254
f 449/449/1255 436/436/1255 260/260/1255
f 449/449/1256 815/815/1256 436/436/1256
f 644/644/1257 646/646/1257 262/262/1257
f 646/646/1258 647/647/1259 816/816/1259
f 646/646/1260 816/816/1260 784/784/1260
f 646/646/1261 268/268/1261 262/262/1261
f 440/440/302 585/585/1262 584/584/1263
f 522/522/1264 817/817/1264 818/818/1264
f 441/441/1265 818/818/1265 442/442/1265
f 442/442/1266 142/142/1266 438/438/1266
f 440/440/1267 584/584/1267 441/441/1267
f 445/445/304 259/259/1268 443/443/304
f 442/442/1269 438/438/1269 440/440/1269
f 818/818/1270 817/817/1270 442/442/1270
f 443/443/1271 805/805/1271 444/444/1271
f 467/467/1272 446/446/1272 448/448/1273
f 560/560/1274 322/322/1274 300/300/1274
f 560/560/1275 691/691/1275 322/322/1275
f 446/446/1276 469/469/1276 430/430/1276
f 45/45/1277 446/446/1277 429/429/1277
f 446/446/1278 430/430/1278 429/429/1278
f 450/450/1279 55/55/1279 451/451/1279
f 446/446/1280 45/45/1280 447/447/1280
f 55/55/1281 450/450/1281 54/54/1281
f 451/451/308 815/815/1282 449/449/308
f 450/450/1283 687/687/1283 54/54/1283
f 454/454/1284 459/459/1284 452/452/1284
f 452/452/1285 819/819/1285 453/453/1285
f 69/69/1286 16/16/1286 456/456/1286
f 457/457/1287 467/467/1287 448/448/1287
f 436/436/1288 457/457/313 458/458/313
f 436/436/1289 815/815/1289 451/451/1289
f 632/632/1290 704/704/1290 678/678/1290
f 436/436/1291 451/451/1292 457/457/1291
f 632/632/1293 705/705/1293 704/704/1293
f 704/704/1294 557/557/1294 678/678/1294
f 819/819/1295 452/452/1295 820/820/1295
f 452/452/1296 459/459/1296 460/460/1296
f 452/452/1297 460/460/1297 820/820/1297
f 769/769/1298 187/187/1298 468/468/1298
f 147/147/1299 789/789/1299 759/759/1299
f 89/89/1300 472/472/1301 789/789/1301
f 89/89/1302 88/88/1302 390/390/1302
f 390/390/1303 389/389/1303 311/311/1303
f 709/709/1304 428/428/1304 313/313/1304
f 472/472/1305 89/89/1305 390/390/1305
f 311/311/1306 472/472/1306 390/390/1306
f 69/69/1307 456/456/1307 70/70/1307
f 428/428/1308 473/473/1308 313/313/1308
f 789/789/1309 472/472/1309 759/759/1309
f 472/472/1310 428/428/1310 759/759/1310
f 428/428/1311 427/427/1311 759/759/1311
f 821/821/1312 582/582/1313 474/474/1313
f 463/463/1314 320/320/1314 461/461/1314
f 463/463/1315 14/14/1315 13/13/1315
f 320/320/1316 463/463/1316 321/321/1316
f 320/320/1317 821/821/1317 474/474/1317
f 458/458/1318 314/314/1318 799/799/1318
f 463/463/1319 13/13/1319 321/321/1319
f 797/797/1320 314/314/1320 475/475/1320
f 799/799/1321 261/261/1321 437/437/1321
f 458/458/1322 401/401/1322 314/314/1322
f 600/600/1323 524/524/1324 82/82/1323
f 437/437/1325 458/458/1325 799/799/1325
f 437/437/1326 436/436/1326 458/458/1326
f 87/87/1327 600/600/1327 82/82/1327
f 600/600/1328 822/822/1329 524/524/1329
f 87/87/1330 601/601/1330 600/600/1330
f 476/476/1331 675/675/1331 823/823/1331
f 346/346/1332 353/353/1333 137/137/1332
f 476/476/1334 823/823/1334 80/80/1335
f 477/477/1336 250/250/1336 766/766/1336
f 250/250/1337 162/162/1337 766/766/1337
f 80/80/1338 657/657/1338 477/477/1338
f 476/476/1339 85/85/1339 84/84/1339
f 477/477/1340 657/657/1340 250/250/1340
f 476/476/1341 477/477/1341 85/85/1341
f 346/346/1342 345/345/1342 353/353/1342
f 353/353/1343 138/138/1344 137/137/1343
f 824/824/1345 480/480/1345 482/482/1345
f 824/824/1346 594/594/1346 596/596/1346
f 824/824/1347 596/596/1347 480/480/1347
f 535/535/1348 330/330/1348 484/484/1348
f 825/825/1349 485/485/1349 487/487/1349
f 826/826/1350 488/488/1350 490/490/1350
f 731/731/1351 168/168/1351 495/495/1351
f 589/589/1352 498/498/1352 500/500/1352
f 579/579/1353 415/415/1354 497/497/1355
f 579/579/1356 336/336/1356 415/415/1356
f 501/501/1357 214/214/1357 502/502/1357
f 824/824/1358 501/501/1358 119/119/1358
f 824/824/1359 482/482/1359 536/536/1359
f 827/827/1360 362/362/1360 287/287/1360
f 824/824/1361 536/536/1361 501/501/1361
f 363/363/1362 378/378/1362 362/362/1362
f 363/363/1363 18/18/1364 378/378/1364
f 828/828/1365 468/468/1366 229/229/1365
f 229/229/1367 632/632/1368 678/678/1367
f 828/828/1369 229/229/1369 712/712/1369
f 229/229/1370 678/678/1371 712/712/1371
f 60/60/1372 580/580/1372 61/61/1372
f 60/60/1373 336/336/1373 580/580/1373
f 580/580/1374 590/590/1374 61/61/1374
f 14/14/1375 463/463/1375 508/508/1375
f 508/508/1376 129/129/1376 130/130/1376
f 600/600/1377 512/512/1377 822/822/1377
f 665/665/1378 511/511/1378 829/829/1378
f 511/511/1379 510/510/1379 829/829/1379
f 512/512/1380 509/509/1380 822/822/1380
f 293/293/1381 74/74/1381 289/289/1381
f 289/289/1382 288/288/1382 294/294/1383
f 168/168/1384 167/167/1384 170/170/1384
f 568/568/1385 168/168/1385 170/170/1385
f 515/515/1386 494/494/1386 168/168/1386
f 293/293/1387 486/486/1387 830/830/1387
f 515/515/1388 168/168/1388 568/568/1389
f 293/293/1390 795/795/1390 486/486/1390
f 486/486/1391 485/485/1391 830/830/1391
f 741/741/1392 518/518/1392 154/154/1392
f 516/516/1393 153/153/363 518/518/363
f 818/818/1394 520/520/1394 522/522/1394
f 822/822/1395 509/509/1395 524/524/1395
f 831/831/1396 523/523/1396 509/509/1396
f 723/723/1397 525/525/1397 169/169/1397
f 723/723/1398 631/631/1398 630/630/1398
f 527/527/1399 832/832/1399 56/56/1399
f 723/723/1400 630/630/1400 525/525/1400
f 56/56/1401 7/7/1401 526/526/1401
f 800/800/1402 530/530/1402 532/532/1402
f 769/769/1403 528/528/1403 185/185/1403
f 769/769/1404 468/468/1405 828/828/1404
f 769/769/1404 828/828/1404 528/528/1406
f 659/659/1407 531/531/1407 530/530/1407
f 659/659/1408 160/160/1408 531/531/1408
f 685/685/1409 533/533/1409 534/534/1410
f 685/685/1409 684/684/1411 533/533/1409
f 788/788/1412 111/111/1413 124/124/1413
f 111/111/1413 533/533/1414 124/124/1413
f 375/375/1415 538/538/1416 376/376/1416
f 775/775/1417 501/501/1417 537/537/1417
f 775/775/1418 214/214/1418 501/501/1418
f 666/666/1419 539/539/1419 541/541/1419
f 210/210/1420 427/427/1420 104/104/1420
f 210/210/1421 759/759/1421 427/427/1421
f 427/427/1422 426/426/1422 135/135/1422
f 427/427/1423 135/135/1423 104/104/1423
f 542/542/1424 810/810/1424 781/781/1425
f 543/543/1426 256/256/1426 545/545/1426
f 545/545/1427 798/798/1427 403/403/1427
f 781/781/1428 543/543/1428 542/542/1428
f 403/403/1429 544/544/1429 545/545/1429
f 317/317/1430 319/319/1430 546/546/1430
f 266/266/1431 786/786/1431 271/271/1431
f 271/271/1432 616/616/1432 547/547/1432
f 800/800/1433 300/300/1434 530/530/1433
f 800/800/1435 697/697/1436 560/560/1436
f 133/133/1437 530/530/1437 299/299/1437
f 800/800/1438 560/560/1438 300/300/1438
f 318/318/1439 316/316/388 303/303/388
f 178/178/1440 833/833/1440 794/794/1440
f 667/667/1441 212/212/1441 550/550/1441
f 178/178/1442 548/548/1442 179/179/1442
f 178/178/1443 794/794/1443 548/548/1443
f 667/667/1444 25/25/1444 212/212/1444
f 270/270/1445 550/550/1445 120/120/1445
f 827/827/1446 552/552/1446 360/360/1446
f 360/360/1447 362/362/1447 827/827/1447
f 552/552/1448 802/802/1448 801/801/1449
f 532/532/1450 531/531/1450 706/706/1450
f 159/159/1451 576/576/1452 711/711/1452
f 483/483/1453 506/506/1454 99/99/1454
f 506/506/1455 507/507/1455 219/219/1455
f 506/506/1456 576/576/1456 99/99/1457
f 552/552/1458 801/801/1458 532/532/1458
f 711/711/1452 576/576/1452 532/532/1459
f 834/834/1460 249/249/1460 638/638/1460
f 219/219/1461 221/221/393 552/552/393
f 706/706/1462 711/711/1462 532/532/1462
f 506/506/1463 532/532/1463 576/576/1463
f 506/506/1464 552/552/1465 532/532/1465
f 552/552/1466 506/506/1466 219/219/1466
f 658/658/1467 155/155/396 345/345/396
f 249/249/1468 553/553/1468 162/162/1468
f 249/249/1469 834/834/1469 553/553/1469
f 249/249/1470 639/639/1470 638/638/1470
f 766/766/1471 62/62/1471 477/477/1471
f 808/808/1472 835/835/1473 836/836/1472
f 71/71/1474 837/837/1475 838/838/1474
f 809/809/1476 554/554/399 556/556/399
f 809/809/1477 808/808/1478 836/836/1477
f 809/809/1479 836/836/1479 554/554/1479
f 280/280/1480 71/71/1480 693/693/1480
f 791/791/1481 71/71/1482 281/281/1483
f 204/204/1484 72/72/1484 205/205/1484
f 204/204/1485 732/732/1486 635/635/1486
f 71/71/1482 280/280/1487 281/281/1483
f 71/71/1474 838/838/1474 693/693/1488
f 204/204/1489 635/635/1489 72/72/1489
f 557/557/1490 704/704/1490 558/558/1490
f 71/71/1491 791/791/1491 205/205/1491
f 558/558/1492 796/796/1492 559/559/1493
f 691/691/1494 560/560/1494 286/286/1494
f 751/751/1495 292/292/1495 110/110/1495
f 109/109/1496 110/110/404 291/291/404
f 306/306/1497 561/561/1498 307/307/1498
f 465/465/1499 407/407/1500 296/296/1500
f 548/548/1501 563/563/1501 549/549/1501
f 831/831/1502 563/563/1503 523/523/1502
f 563/563/1504 548/548/1504 523/523/1504
f 563/563/1505 831/831/1505 509/509/1505
f 587/587/1506 279/279/1506 511/511/1506
f 563/563/1507 509/509/1507 511/511/1507
f 568/568/1508 170/170/1508 169/169/1508
f 279/279/1509 471/471/1509 563/563/1509
f 169/169/1510 382/382/1510 381/381/1510
f 381/381/1511 603/603/1511 568/568/1511
f 570/570/414 569/569/414 499/499/1512
f 792/792/1513 569/569/1513 571/571/1513
f 839/839/1514 141/141/1514 758/758/1514
f 569/569/1515 500/500/1515 499/499/1515
f 673/673/1516 839/839/1517 765/765/1516
f 839/839/1518 758/758/1518 765/765/1518
f 572/572/1519 493/493/1519 492/492/1519
f 492/492/1520 720/720/1521 577/577/1520
f 492/492/1522 577/577/1522 573/573/1522
f 255/255/1523 254/254/1523 574/574/1523
f 159/159/1524 158/158/1525 100/100/1525
f 29/29/1526 575/575/1526 30/30/1526
f 29/29/1527 116/116/1527 575/575/1527
f 100/100/1528 99/99/1528 576/576/1528
f 577/577/1529 720/720/1529 772/772/1529
f 252/252/1530 573/573/1530 253/253/1530
f 252/252/1531 574/574/1531 573/573/1531
f 772/772/1532 253/253/1532 577/577/1533
f 720/720/1534 496/496/1535 772/772/1535
f 496/496/1536 415/415/1536 414/414/1536
f 496/496/1537 414/414/1537 772/772/1537
f 49/49/1538 75/75/1538 50/50/1538
f 75/75/1539 578/578/1539 50/50/1539
f 837/837/1540 682/682/1540 838/838/1540
f 681/681/1541 692/692/1541 682/682/1541
f 75/75/1542 74/74/1542 293/293/1542
f 284/284/1543 283/283/1543 830/830/1543
f 53/53/1544 699/699/1544 75/75/1544
f 186/186/1545 185/185/1545 581/581/1545
f 699/699/1546 53/53/1547 681/681/1547
f 53/53/1547 692/692/1548 681/681/1547
f 682/682/1549 692/692/1550 838/838/1550
f 75/75/1551 293/293/1551 830/830/1551
f 283/283/1552 75/75/1552 830/830/1552
f 624/624/1553 325/325/1553 257/257/1553
f 582/582/1554 821/821/1555 257/257/1555
f 80/80/1556 677/677/1556 81/81/1556
f 325/325/1557 324/324/1557 582/582/1557
f 80/80/1558 823/823/1558 677/677/1558
f 677/677/1559 812/812/1559 81/81/1559
f 357/357/432 175/175/1560 177/177/432
f 177/177/1561 696/696/1561 305/305/1561
f 839/839/1562 399/399/1562 665/665/1563
f 399/399/1564 511/511/1564 665/665/1565
f 639/639/1566 79/79/1567 588/588/1566
f 825/825/1568 589/589/1568 485/485/1568
f 589/589/1569 284/284/1569 485/485/1569
f 284/284/1570 589/589/1570 569/569/1570
f 71/71/1571 690/690/1571 837/837/1571
f 284/284/1572 830/830/1572 485/485/1572
f 71/71/1573 5/5/1573 690/690/1573
f 690/690/1574 682/682/1574 837/837/1574
f 565/565/1575 591/591/1575 566/566/1575
f 840/840/1576 514/514/1576 593/593/1576
f 840/840/1097 423/423/1097 514/514/1097
f 356/356/1577 671/671/1577 513/513/1577
f 356/356/1578 717/717/1578 672/672/1578
f 671/671/1579 593/593/1579 513/513/1579
f 171/171/1580 661/661/1580 521/521/1580
f 356/356/1581 672/672/1581 671/671/1581
f 841/841/1582 171/171/1583 520/520/1584
f 601/601/1585 740/740/1585 602/602/1585
f 601/601/1586 87/87/1586 740/740/1586
f 688/688/1587 227/227/1588 581/581/1587
f 171/171/1583 521/521/1589 520/520/1584
f 171/171/1590 841/841/1591 597/597/1590
f 598/598/1592 740/740/1592 171/171/1592
f 740/740/1593 598/598/1593 602/602/1593
f 688/688/1594 719/719/1594 227/227/1594
f 227/227/1595 187/187/1595 186/186/1595
f 227/227/1596 186/186/1596 581/581/1596
f 653/653/1597 600/600/1597 602/602/1597
f 653/653/1598 512/512/1598 600/600/1598
f 34/34/1599 422/422/1599 35/35/1599
f 599/599/1600 609/609/1600 354/354/1600
f 354/354/1601 356/356/1601 513/513/1601
f 422/422/514 143/143/514 35/35/514
f 599/599/1602 354/354/1602 513/513/1602
f 796/796/1603 515/515/1603 603/603/1603
f 54/54/1604 687/687/1605 622/622/1606
f 622/622/1607 621/621/1607 685/685/1607
f 534/534/1608 412/412/1608 52/52/1609
f 412/412/1608 534/534/1608 413/413/1610
f 54/54/1611 534/534/1611 52/52/1612
f 685/685/1613 534/534/1613 622/622/1613
f 319/319/1614 318/318/452 366/366/452
f 534/534/1615 54/54/1615 622/622/1615
f 764/764/1616 604/604/1617 265/265/1618
f 764/764/1619 762/762/1619 604/604/1619
f 605/605/1620 10/10/1621 195/195/1620
f 368/368/1622 655/655/1622 384/384/1622
f 604/604/455 195/195/455 265/265/1623
f 384/384/1624 383/383/1624 372/372/1624
f 434/434/1625 433/433/1625 820/820/1625
f 149/149/1626 148/148/1626 161/161/1626
f 546/546/1627 368/368/1627 384/384/1627
f 374/374/1628 149/149/1629 161/161/1630
f 546/546/1631 374/374/1628 161/161/1630
f 546/546/1632 384/384/1632 372/372/1632
f 820/820/1633 460/460/1634 387/387/1633
f 358/358/1635 434/434/1635 388/388/1635
f 358/358/1636 139/139/1637 763/763/1636
f 763/763/1638 842/842/1638 435/435/1638
f 434/434/1639 820/820/1639 387/387/1639
f 763/763/1640 434/434/1640 358/358/1641
f 763/763/1642 435/435/1642 434/434/1642
f 555/555/1643 360/360/1644 323/323/1645
f 555/555/1646 554/554/1647 843/843/1648
f 198/198/1649 243/243/1649 606/606/1649
f 555/555/1646 843/843/1648 360/360/1650
f 198/198/1651 211/211/1651 243/243/1651
f 729/729/1652 606/606/1652 244/244/1652
f 228/228/1653 609/609/1653 608/608/1653
f 228/228/1654 718/718/1654 609/609/1654
f 466/466/1655 608/608/462 610/610/462
f 39/39/1656 38/38/1656 245/245/1656
f 63/63/1657 245/245/1657 611/611/1657
f 611/611/1658 86/86/1658 464/464/1658
f 464/464/465 64/64/1659 63/63/465
f 136/136/1660 612/612/1660 188/188/1660
f 245/245/1661 38/38/1661 611/611/1661
f 844/844/1662 613/613/1663 612/612/1663
f 776/776/1664 174/174/1664 105/105/1664
f 549/549/1665 405/405/1665 179/179/1665
f 549/549/1666 564/564/1666 405/405/1666
f 743/743/1667 742/742/1667 404/404/1667
f 652/652/1668 666/666/1669 541/541/1668
f 404/404/1670 742/742/1670 179/179/1670
f 615/615/1671 845/845/1672 846/846/1672
f 846/846/1673 695/695/1674 614/614/1674
f 715/715/1675 308/308/1675 804/804/1675
f 583/583/1676 585/585/1676 803/803/1676
f 585/585/1262 440/440/302 439/439/301
f 541/541/1668 715/715/1677 652/652/1668
f 846/846/1678 614/614/469 615/615/469
f 715/715/1679 541/541/1679 614/614/1679
f 804/804/1680 585/585/1680 439/439/1681
f 585/585/1682 804/804/1682 803/803/1682
f 715/715/1683 439/439/1683 652/652/1683
f 147/147/1684 771/771/1684 789/789/1684
f 715/715/1685 804/804/1685 439/439/1685
f 747/747/1686 788/788/1687 789/789/1688
f 251/251/1689 748/748/1689 747/747/1689
f 747/747/1686 111/111/1690 788/788/1687
f 771/771/1691 747/747/1686 789/789/1688
f 771/771/1692 251/251/1692 747/747/1692
f 547/547/1693 616/616/1693 847/847/1693
f 616/616/1694 421/421/1694 847/847/1694
f 264/264/1695 263/263/1695 619/619/1695
f 848/848/1696 264/264/1696 620/620/1696
f 522/522/1697 264/264/1697 817/817/1697
f 264/264/1698 848/848/1698 817/817/1698
f 12/12/1699 11/11/1699 24/24/1699
f 450/450/479 449/449/1700 260/260/479
f 260/260/1701 780/780/1702 623/623/1702
f 623/623/1703 622/622/1703 450/450/1703
f 625/625/1704 809/809/1704 556/556/1704
f 556/556/1705 325/325/1706 624/624/1706
f 629/629/1707 114/114/1707 58/58/1707
f 318/318/1708 303/303/1709 344/344/1710
f 114/114/1711 273/273/1711 58/58/1711
f 57/57/1712 629/629/1712 58/58/1712
f 787/787/1713 630/630/1713 26/26/1713
f 787/787/1714 786/786/1714 785/785/1714
f 787/787/1715 785/785/1715 630/630/1715
f 228/228/1716 608/608/488 229/229/488
f 705/705/1717 632/632/1717 608/608/1717
f 814/814/1718 638/638/1718 588/588/1718
f 6/6/1719 635/635/1719 637/637/1719
f 6/6/1720 72/72/1720 635/635/1720
f 594/594/1721 824/824/1721 119/119/1721
f 595/595/1722 594/594/1723 118/118/1722
f 594/594/1724 119/119/1724 118/118/1724
f 664/664/1725 645/645/1725 849/849/1725
f 380/380/1726 647/647/1726 761/761/1726
f 380/380/1727 816/816/1727 647/647/1727
f 309/309/1728 648/648/1728 649/649/1728
f 645/645/1729 644/644/1729 849/849/1729
f 647/647/1730 645/645/1731 761/761/1731
f 653/653/1732 650/650/1732 512/512/1732
f 829/829/1733 510/510/1733 656/656/1733
f 726/726/1734 67/67/502 396/396/504
f 510/510/1735 650/650/1735 656/656/1735
f 616/616/1736 67/67/1737 617/617/1736
f 616/616/1738 271/271/1738 67/67/1738
f 562/562/1739 651/651/1739 307/307/1739
f 67/67/502 726/726/1734 617/617/1740
f 804/804/1741 308/308/1741 651/651/1741
f 350/350/1742 349/349/1743 716/716/1742
f 153/153/1744 350/350/1744 151/151/1744
f 850/850/1745 586/586/1745 517/517/1745
f 586/586/1746 153/153/1746 517/517/1746
f 438/438/1747 141/141/1747 439/439/1747
f 350/350/1742 716/716/1742 151/151/1748
f 8/8/1749 274/274/1749 394/394/1749
f 394/394/1750 76/76/1750 738/738/1750
f 8/8/1751 394/394/1751 9/9/1751
f 394/394/1752 738/738/1752 9/9/1752
f 368/368/1753 369/369/1753 655/655/1753
f 397/397/1754 750/750/1754 398/398/1754
f 648/648/1755 503/503/1755 750/750/1755
f 377/377/1756 504/504/1756 309/309/1756
f 750/750/1757 503/503/1757 398/398/1757
f 309/309/1758 504/504/1758 503/503/1758
f 639/639/1759 249/249/1759 79/79/1759
f 156/156/1760 155/155/1760 194/194/1760
f 530/530/1761 133/133/520 659/659/520
f 842/842/1762 763/763/1762 640/640/1762
f 640/640/1763 643/643/1764 442/442/1763
f 848/848/1765 640/640/1765 817/817/1765
f 848/848/1766 842/842/1766 640/640/1766
f 640/640/1767 442/442/1767 817/817/1767
f 401/401/1768 447/447/1768 402/402/1768
f 401/401/1769 458/458/1769 448/448/1769
f 402/402/1770 447/447/1770 660/660/1770
f 401/401/1771 448/448/1771 447/447/1771
f 521/521/1772 661/661/1772 522/522/1772
f 173/173/1773 264/264/1774 661/661/1774
f 173/173/1775 783/783/1775 264/264/1775
f 680/680/1776 663/663/527 662/662/526
f 721/721/1777 663/663/1777 679/679/1777
f 849/849/1778 662/662/1778 664/664/1778
f 666/666/1779 652/652/1780 141/141/1779
f 663/663/1781 680/680/1781 679/679/1781
f 665/665/1782 666/666/1782 839/839/1783
f 665/665/1784 829/829/1784 539/539/1784
f 757/757/1785 96/96/530 462/462/532
f 666/666/1786 141/141/1786 839/839/1786
f 787/787/1787 26/26/1787 668/668/1787
f 757/757/1788 462/462/1788 461/461/1788
f 844/844/1789 612/612/1790 474/474/1791
f 135/135/1792 461/461/1792 612/612/1792
f 135/135/1793 426/426/1794 753/753/1794
f 461/461/1795 135/135/1795 757/757/1795
f 612/612/1790 461/461/1796 474/474/1791
f 135/135/1797 753/753/1797 757/757/1797
f 76/76/1798 395/395/1798 670/670/1798
f 76/76/1799 394/394/1799 395/395/1799
f 673/673/1800 400/400/1800 839/839/1800
f 782/782/1801 418/418/1801 764/764/1801
f 418/418/537 673/673/537 764/764/1802
f 400/400/1803 399/399/1804 839/839/1805
f 823/823/1806 675/675/1807 677/677/1807
f 712/712/1808 678/678/1808 680/680/1808
f 619/619/1809 263/263/1809 267/267/1809
f 679/679/1810 678/678/1811 559/559/1812
f 678/678/1811 557/557/1813 559/559/1812
f 267/267/1814 266/266/1814 547/547/1814
f 547/547/1815 847/847/1815 619/619/1815
f 272/272/1816 391/391/1816 806/806/1817
f 807/807/1818 259/259/1818 258/258/1819
f 776/776/1820 806/806/1820 225/225/1820
f 821/821/1821 320/320/1821 94/94/1821
f 105/105/1822 107/107/1822 272/272/1823
f 806/806/1824 776/776/1824 105/105/1824
f 806/806/1825 807/807/1825 225/225/1825
f 95/95/1826 257/257/1826 94/94/1826
f 272/272/1827 806/806/1827 105/105/1827
f 807/807/1828 257/257/1828 95/95/1828
f 257/257/1829 821/821/1829 94/94/1829
f 807/807/1830 95/95/1830 225/225/1830
f 807/807/1831 258/258/1831 257/257/1831
f 329/329/1832 331/331/1832 388/388/1832
f 694/694/1833 358/358/1833 331/331/1833
f 694/694/1834 359/359/1834 358/358/1834
f 535/535/1835 200/200/1835 322/322/1835
f 330/330/1836 535/535/1836 691/691/1836
f 535/535/1837 322/322/1837 691/691/1837
f 579/579/1838 497/497/1839 491/491/1840
f 572/572/1841 590/590/1841 493/493/1841
f 342/342/1842 343/343/1842 134/134/1842
f 493/493/1843 580/580/1843 579/579/1843
f 794/794/1844 833/833/1844 633/633/1844
f 633/633/1845 33/33/1845 32/32/1845
f 794/794/1846 633/633/1846 83/83/1846
f 633/633/1847 32/32/1847 83/83/1847
f 218/218/1848 636/636/1848 494/494/1848
f 607/607/1849 480/480/1849 596/596/1849
f 596/596/1850 595/595/1850 165/165/1850
f 165/165/1851 4/4/1851 722/722/1851
f 466/466/1852 610/610/1852 408/408/1852
f 409/409/1853 408/408/1853 596/596/1853
f 596/596/1854 165/165/1855 722/722/1854
f 408/408/1856 610/610/1856 607/607/1856
f 596/596/1857 722/722/1857 409/409/1857
f 218/218/1858 779/779/1859 636/636/1860
f 732/732/1861 495/495/1862 635/635/1862
f 495/495/1862 636/636/1863 635/635/1862
f 610/610/1864 609/609/1864 607/607/1864
f 716/716/1865 688/688/1865 634/634/1866
f 584/584/1867 803/803/1867 441/441/1867
f 33/33/1868 688/688/1868 529/529/1868
f 688/688/1869 581/581/1869 529/529/1869
f 584/584/1870 583/583/1870 803/803/1870
f 803/803/1871 702/702/1871 441/441/1871
f 286/286/1872 69/69/1872 68/68/1872
f 68/68/1873 330/330/1873 691/691/1873
f 838/838/1874 692/692/1875 693/693/1874
f 667/667/1876 550/550/1877 567/567/1877
f 566/566/1878 592/592/1878 668/668/1878
f 667/667/1879 567/567/1879 566/566/1879
f 331/331/1880 335/335/1880 694/694/1880
f 811/811/1881 602/602/1881 841/841/1881
f 695/695/1882 846/846/1672 845/845/1672
f 845/845/1883 615/615/1883 540/540/1883
f 540/540/1884 539/539/1884 829/829/1884
f 829/829/1885 656/656/1886 654/654/1887
f 602/602/1888 695/695/1888 653/653/1888
f 597/597/1889 841/841/1889 598/598/1889
f 695/695/1890 602/602/1891 811/811/1890
f 751/751/1892 110/110/1892 670/670/1892
f 654/654/1893 845/845/1893 829/829/1893
f 654/654/572 695/695/571 845/845/1894
f 845/845/1895 540/540/1895 829/829/1895
f 841/841/1896 602/602/1896 598/598/1896
f 326/326/1897 328/328/1897 343/343/1898
f 696/696/1899 177/177/1899 176/176/1899
f 176/176/1900 183/183/1900 676/676/1900
f 676/676/1901 675/675/1901 696/696/1901
f 802/802/1902 287/287/1902 697/697/1902
f 802/802/1903 552/552/1904 827/827/1905
f 698/698/1906 826/826/1906 490/490/1906
f 802/802/1903 827/827/1905 287/287/1907
f 77/77/1908 714/714/1908 78/78/1908
f 223/223/1909 698/698/578 224/224/578
f 223/223/1910 777/777/1910 233/233/1910
f 714/714/1911 224/224/1911 490/490/1911
f 701/701/1912 220/220/1912 613/613/1912
f 233/233/1913 698/698/1914 223/223/1914
f 714/714/1915 490/490/1915 78/78/1915
f 613/613/1916 844/844/1917 474/474/1916
f 324/324/1918 701/701/1918 582/582/1918
f 613/613/1916 474/474/1916 701/701/1919
f 651/651/1920 562/562/1921 811/811/1921
f 520/520/1922 703/703/1922 841/841/1922
f 441/441/1923 702/702/1924 818/818/1925
f 811/811/1921 841/841/1926 651/651/1920
f 705/705/1927 608/608/1927 466/466/1927
f 841/841/1926 703/703/1928 651/651/1920
f 702/702/1929 520/520/1929 818/818/1930
f 466/466/1931 465/465/1931 296/296/1931
f 790/790/1932 400/400/1932 417/417/1932
f 466/466/1933 558/558/584 705/705/586
f 466/466/1934 296/296/1934 558/558/1934
f 745/745/1935 746/746/1935 425/425/1935
f 785/785/1936 380/380/590 630/630/592
f 785/785/1937 784/784/1937 816/816/1937
f 785/785/1938 816/816/1938 380/380/1938
f 746/746/1939 51/51/1939 50/50/1939
f 282/282/1940 425/425/1940 283/283/1940
f 425/425/1941 746/746/1941 578/578/1941
f 746/746/1942 50/50/1942 578/578/1942
f 425/425/1943 578/578/1944 283/283/1943
f 851/851/1945 593/593/1945 850/850/1945
f 708/708/1946 852/852/1947 853/853/1947
f 593/593/1948 708/708/1948 854/854/1948
f 593/593/1949 671/671/1949 586/586/1949
f 707/707/1950 593/593/1950 851/851/1950
f 190/190/1951 189/189/1951 649/649/1951
f 593/593/1952 586/586/1952 850/850/1952
f 708/708/1953 853/853/1954 854/854/1953
f 364/364/1955 367/367/1955 366/366/1955
f 669/669/1956 278/278/1956 419/419/1956
f 669/669/1957 395/395/1958 28/28/1957
f 669/669/1957 28/28/1957 278/278/1959
f 805/805/1960 443/443/1960 710/710/1960
f 820/820/1961 433/433/1962 819/819/1962
f 433/433/1963 435/435/1963 842/842/1964
f 620/620/1965 454/454/1965 848/848/1965
f 620/620/1966 619/619/1966 847/847/1966
f 385/385/1967 460/460/1967 421/421/1967
f 385/385/1968 387/387/1968 460/460/1968
f 819/819/1962 433/433/1962 842/842/1969
f 454/454/1970 453/453/1970 848/848/1970
f 421/421/1971 460/460/1971 454/454/1971
f 453/453/1972 819/819/1972 842/842/1972
f 847/847/1973 421/421/1973 454/454/1973
f 453/453/1974 842/842/1974 848/848/1974
f 620/620/1975 847/847/1975 454/454/1975
f 783/783/1976 173/173/1976 262/262/1976
f 172/172/1977 644/644/1977 173/173/1977
f 849/849/1978 644/644/1978 662/662/1978
f 173/173/1979 644/644/1979 262/262/1979
f 812/812/1980 677/677/1980 310/310/1980
f 828/828/1981 740/740/1981 528/528/1981
f 662/662/1982 171/171/1983 828/828/1984
f 172/172/1985 171/171/1985 662/662/1985
f 740/740/1986 828/828/1986 171/171/1986
f 712/712/1987 662/662/1982 828/828/1984
f 740/740/1988 31/31/1988 528/528/1988
f 151/151/1989 716/716/1989 634/634/1989
f 634/634/1990 633/633/1991 833/833/1991
f 152/152/1992 151/151/1992 178/178/1992
f 151/151/1993 634/634/1994 833/833/1993
f 151/151/1995 833/833/1995 178/178/1995
f 11/11/1996 10/10/1996 157/157/1996
f 351/351/1997 672/672/1997 349/349/1998
f 719/719/1999 688/688/1999 355/355/1999
f 349/349/2000 672/672/2000 717/717/2000
f 355/355/2001 718/718/2001 719/719/2001
f 716/716/2002 349/349/2003 717/717/2003
f 688/688/2004 717/717/2004 355/355/2004
f 696/696/2005 675/675/2005 305/305/2006
f 497/497/619 496/496/2007 720/720/619
f 720/720/2008 492/492/2008 491/491/2008
f 564/564/2009 563/563/2009 471/471/2009
f 30/30/2010 564/564/2010 470/470/2010
f 405/405/2011 564/564/2011 406/406/2011
f 628/628/2012 404/404/2012 629/629/2012
f 564/564/2013 471/471/2013 470/470/2013
f 628/628/2014 125/125/2014 743/743/2014
f 721/721/2015 679/679/2015 559/559/2015
f 628/628/2016 743/743/2016 404/404/2016
f 559/559/2017 796/796/2018 603/603/2017
f 760/760/2019 721/721/2019 381/381/2019
f 559/559/2020 603/603/2020 721/721/2020
f 142/142/2021 442/442/2021 140/140/2021
f 464/464/2022 85/85/2022 64/64/2022
