# Blender v3.0.1 OBJ File: ''
# www.blender.org
mtllib sb3.mtl
o obj1.007
v -0.002188 0.001473 -0.004719
v -0.000945 0.001681 -0.005221
v -0.000965 0.001923 -0.005803
v -0.008473 -0.009086 0.005719
v -0.009859 -0.007980 0.002773
v -0.008751 -0.010356 0.003419
v -0.003261 -0.005823 0.008038
v -0.003408 -0.005869 0.008026
v -0.003642 -0.006379 0.007901
v -0.008421 -0.000305 0.001435
v -0.008838 -0.000705 0.002785
v -0.008512 -0.000406 0.002463
v 0.003062 -0.000015 -0.008178
v 0.002663 -0.000114 -0.008556
v 0.002629 0.000725 -0.007964
v 0.005840 0.000570 -0.004026
v 0.005798 0.000872 -0.003943
v 0.005938 0.000599 -0.004006
v -0.004551 -0.001144 -0.007829
v -0.004770 -0.000629 -0.007193
v -0.004617 -0.000211 -0.006843
v -0.002267 0.000636 -0.007817
v -0.001472 0.000353 -0.008413
v 0.009852 -0.001633 0.000957
v 0.010342 -0.003245 0.000745
v 0.010521 -0.003107 -0.000419
v -0.005768 -0.008079 0.007745
v -0.005354 -0.010029 0.007773
v -0.003869 -0.007328 0.007711
v 0.006178 -0.003136 -0.006821
v 0.007024 -0.003758 -0.006843
v 0.006714 -0.003836 -0.007128
v 0.009119 -0.000272 -0.002682
v 0.007737 0.001494 -0.002326
v 0.008745 0.000281 0.000448
v 0.009739 -0.001185 0.000413
v 0.010052 -0.001601 -0.000871
v -0.008505 -0.004291 0.007058
v -0.009015 -0.003953 0.006306
v -0.009783 -0.005852 0.004524
v -0.007023 -0.001631 0.007561
v -0.008109 -0.001924 0.006844
v -0.007091 -0.002570 0.007937
v 0.000002 -0.013600 0.006585
v 0.000220 -0.013938 0.006024
v 0.002917 -0.013785 0.004482
v 0.001937 -0.003802 0.008954
v 0.002870 -0.003497 0.008807
v 0.001631 -0.002574 0.009131
v 0.001153 -0.002729 0.009191
v 0.000710 -0.003309 0.009108
v 0.001303 -0.004001 0.008944
v -0.003730 -0.015664 0.000179
v -0.002169 -0.016788 0.001458
v -0.003992 -0.016062 0.001705
v -0.001485 -0.016077 -0.001448
v -0.001111 -0.016539 -0.000560
v 0.003510 0.000608 0.003979
v 0.003914 0.000545 0.003744
v 0.003579 0.000704 0.003434
v 0.004991 -0.000092 -0.004762
v 0.004852 -0.000556 -0.005115
v 0.004628 -0.000601 -0.005477
v 0.003661 -0.004131 0.008700
v 0.004248 -0.001768 0.007777
v -0.000136 -0.002678 0.000467
v -0.000462 -0.002726 0.000743
v -0.000362 -0.002624 0.000899
v 0.003682 -0.001400 0.007961
v 0.004197 -0.001668 0.007763
v 0.003480 -0.000535 0.007438
v 0.002309 0.002251 -0.005775
v 0.004036 0.002273 -0.004667
v 0.003195 0.002096 -0.005917
v 0.006423 0.000875 -0.003902
v 0.006520 0.001192 -0.003487
v 0.006990 0.001062 -0.003847
v -0.005008 -0.015332 0.002399
v -0.004648 -0.015648 0.002164
v -0.004948 -0.015350 0.002922
v -0.005897 0.001514 0.001071
v -0.005345 0.001576 0.001161
v -0.005555 0.001511 0.000792
v 0.006083 -0.014450 -0.000195
v 0.006201 -0.013920 0.000163
v 0.006041 -0.014496 0.000401
v 0.006952 0.001418 0.001566
v 0.007118 0.001925 -0.001347
v 0.005961 0.002347 -0.000480
v -0.000158 -0.000505 -0.009327
v 0.000019 0.001327 -0.007602
v 0.002685 0.001570 -0.007061
v 0.001455 -0.005359 0.009075
v 0.000684 -0.006453 0.009356
v 0.000936 -0.006375 0.009384
v 0.006535 -0.003864 -0.007529
v 0.005967 -0.003635 -0.007661
v 0.005856 -0.003218 -0.007096
v -0.001149 -0.001618 0.008398
v -0.000508 -0.000996 0.008754
v -0.001021 -0.001150 0.008650
v -0.000949 -0.006033 0.008734
v -0.000566 -0.006356 0.008701
v 0.000055 -0.005257 0.008540
v -0.000910 -0.005132 0.008753
v 0.007655 0.001503 -0.002813
v 0.005642 0.002453 -0.000793
v -0.000601 -0.007272 0.008902
v -0.006870 -0.011816 -0.001717
v -0.006647 -0.012008 -0.001548
v -0.006877 -0.012106 -0.001185
v -0.000182 -0.016532 0.003105
v 0.000073 -0.016496 0.003443
v -0.000190 -0.016536 0.003130
v 0.000593 -0.005093 0.008623
v -0.000087 -0.003545 0.008888
v -0.000432 -0.004527 0.008631
v 0.000745 -0.016463 0.002887
v 0.000421 -0.016519 0.003162
v 0.000160 -0.016593 0.002837
v -0.001014 -0.002296 -0.000360
v -0.000693 -0.002715 -0.000176
v -0.000447 -0.002559 -0.000407
v 0.007797 -0.000686 0.003612
v 0.008720 -0.000082 0.001592
v 0.007344 0.001076 0.001863
v -0.001670 -0.001782 0.000447
v -0.001420 -0.002002 -0.000027
v -0.002978 -0.000243 -0.000370
v 0.002556 -0.016616 0.000882
v 0.003618 -0.016558 -0.000550
v 0.004351 -0.015994 -0.000149
v 0.004640 -0.000871 -0.005989
v 0.004920 -0.000856 -0.005667
v 0.004510 -0.001019 -0.006408
v 0.001951 -0.016138 0.002394
v -0.001536 0.000991 0.007562
v -0.000471 -0.000075 0.008493
v -0.000490 0.001354 0.007089
v 0.001233 0.001649 0.005175
v 0.000952 0.001639 0.004854
v 0.000593 0.001692 0.005137
v -0.001673 0.001842 0.005302
v -0.002283 0.001790 0.005257
v -0.001999 0.001794 0.005577
v 0.005713 -0.000324 -0.004548
v 0.005260 -0.000030 -0.004440
v 0.005639 0.000074 -0.004217
v 0.006680 -0.004261 -0.007574
v 0.006437 -0.004313 -0.007918
v 0.006281 -0.003921 -0.007864
v -0.001651 -0.015751 -0.001926
v -0.001036 -0.014798 -0.003714
v 0.000618 -0.016252 -0.003134
v 0.000838 -0.015688 -0.003973
v 0.006053 -0.013946 0.000649
v -0.005801 -0.013938 0.000573
v -0.007320 -0.012548 0.002107
v -0.005720 -0.013616 0.000138
v -0.005217 -0.013843 -0.000719
v -0.004838 -0.014659 -0.000079
v -0.000313 -0.004932 0.008593
v -0.000890 -0.004781 0.008670
v -0.001552 -0.003129 -0.009940
v -0.000285 -0.004497 -0.010133
v -0.001524 -0.005808 -0.009722
v 0.002530 -0.000125 0.000575
v 0.003575 0.001068 -0.001057
v 0.002447 0.000143 -0.000514
v 0.006441 -0.001761 -0.006187
v 0.005879 -0.001731 -0.006287
v 0.005843 -0.001084 -0.005825
v -0.000242 -0.014954 0.005735
v 0.000151 -0.014818 0.005571
v -0.004611 -0.003283 -0.008807
v -0.003591 -0.004255 -0.009399
v -0.005902 -0.005972 -0.008031
v -0.000154 -0.008045 0.009234
v -0.000097 -0.008475 0.009268
v 0.000407 -0.008317 0.009289
v 0.000313 -0.007906 0.009357
v 0.010242 -0.002564 -0.003059
v 0.000244 -0.007483 0.009357
v 0.000814 -0.007746 0.009327
v 0.000728 -0.007333 0.009406
v 0.004055 -0.001484 -0.008161
v 0.004556 -0.001825 -0.007401
v 0.004364 -0.001858 -0.007790
v 0.004281 -0.002302 -0.008193
v 0.006863 -0.004231 -0.007175
v -0.000783 -0.002880 -0.010029
v -0.001244 -0.001715 -0.009655
v 0.000713 -0.001529 -0.009847
v 0.006077 -0.004410 -0.008159
v 0.005553 -0.004118 -0.008332
v 0.005938 -0.004011 -0.008120
v 0.005485 -0.014999 0.000397
v 0.005586 -0.015036 0.000322
v 0.005662 -0.014946 0.000446
v 0.003826 -0.000712 -0.007501
v 0.003957 0.000617 -0.006816
v -0.003326 -0.013524 -0.003097
v -0.003934 -0.013277 -0.003013
v -0.005715 -0.012054 -0.003170
v -0.002173 -0.016412 0.003603
v -0.003224 -0.015797 0.004347
v 0.005489 -0.001396 -0.006584
v 0.005215 -0.001433 -0.006907
v 0.005332 -0.001199 -0.006493
v 0.001913 -0.015329 -0.004600
v 0.003297 -0.013926 -0.005761
v 0.003664 -0.014185 -0.005458
v -0.000052 0.001752 0.005099
v -0.001071 0.001918 0.005349
v -0.000547 0.001895 0.005478
v 0.005452 -0.003292 -0.007858
v 0.004350 -0.003574 -0.008792
v -0.006545 -0.007594 -0.006850
v -0.008609 -0.006610 -0.004775
v -0.007089 -0.005079 -0.007055
v -0.000724 -0.002798 0.000417
v -0.000817 -0.002739 0.000482
v 0.001656 -0.001252 -0.009563
v 0.003000 -0.000450 -0.008599
v 0.002850 -0.001782 -0.009333
v -0.000535 -0.000858 0.008750
v -0.000480 -0.000987 0.008757
v -0.000193 -0.000443 0.008648
v 0.001669 -0.016697 -0.002803
v 0.001933 -0.016803 -0.002551
v 0.001674 -0.016891 -0.002218
v 0.006861 -0.004683 -0.007100
v 0.006856 -0.004648 -0.007091
v 0.006865 -0.005133 -0.007008
v -0.006740 -0.004097 0.008345
v -0.008279 -0.003342 0.007249
v -0.005800 -0.007765 -0.007411
v -0.005807 -0.011111 -0.004199
v -0.007352 -0.008871 -0.004986
v -0.004712 -0.014120 -0.000837
v 0.005770 0.002227 -0.001409
v 0.005907 0.001974 -0.002026
v 0.010644 -0.005278 -0.000666
v 0.010318 -0.006597 -0.002365
v 0.010510 -0.003597 -0.002531
v -0.003299 -0.001442 0.008907
v -0.003293 -0.001134 0.008844
v -0.003384 -0.001015 0.008791
v -0.000546 -0.016519 0.003400
v 0.005630 0.002315 -0.000204
v 0.005048 0.001996 0.000332
v 0.005636 0.002116 0.000382
v 0.009051 -0.001560 0.002662
v 0.008877 -0.001167 0.002633
v -0.004897 0.001955 0.002384
v -0.005151 0.001856 0.002057
v -0.005002 0.002106 0.002994
v -0.003869 0.002127 0.004277
v -0.004260 0.002174 0.003858
v -0.004211 0.002180 0.003994
v -0.001240 0.001893 -0.006126
v -0.003807 0.001195 -0.003344
v -0.003306 0.001229 -0.003759
v -0.008281 -0.000127 0.001668
v -0.005309 0.002000 0.003266
v 0.000855 -0.005951 -0.009686
v 0.002069 -0.005892 -0.009030
v 0.000935 -0.005927 -0.009658
v 0.007041 -0.002437 -0.006552
v 0.005968 -0.002764 -0.006719
v 0.006204 -0.002263 -0.006453
v 0.005803 0.000994 -0.003887
v 0.005465 0.000911 -0.004231
v 0.005332 0.001751 -0.004094
v 0.003027 0.001247 -0.007280
v 0.002876 0.001620 -0.006914
v 0.003984 -0.016457 -0.001422
v 0.005020 -0.015139 0.000304
v 0.005350 -0.015191 -0.000010
v 0.005296 -0.015563 -0.001555
v 0.004463 -0.001431 -0.007089
v 0.004565 -0.001410 -0.006933
v 0.004722 -0.001371 -0.006773
v -0.005022 0.001270 0.000626
v -0.004717 0.000989 -0.000348
v -0.005036 0.001128 -0.000113
v 0.006970 -0.013297 -0.003349
v 0.008947 -0.010118 -0.002796
v 0.008184 -0.011551 -0.001903
v 0.002077 -0.005348 0.009117
v 0.001108 -0.006768 0.009410
v -0.005381 0.000956 -0.002565
v -0.005562 0.000990 -0.000764
v -0.005252 0.001090 -0.001036
v 0.005055 0.002152 -0.000257
v 0.005091 0.002217 -0.000851
v 0.005398 0.002325 -0.001123
v 0.005184 0.002102 -0.001459
v 0.006803 0.000755 -0.004189
v 0.006304 0.000353 -0.004259
v 0.006380 0.000739 -0.004009
v 0.006579 -0.000035 -0.004777
v 0.005818 -0.000092 -0.004332
v -0.009148 -0.002601 0.005608
v 0.006097 0.001071 -0.003671
v 0.005844 0.001427 -0.003532
v -0.007154 -0.004661 -0.006951
v -0.008965 -0.004529 -0.004290
v -0.007716 -0.003151 -0.005614
v -0.000946 -0.013048 -0.005521
v 0.001409 -0.005311 0.009043
v 0.001443 -0.004851 0.008989
v -0.000105 -0.000015 -0.003377
v -0.008024 -0.011034 0.004611
v 0.004656 -0.000003 0.004346
v -0.006374 -0.005699 -0.007696
v -0.005647 -0.003224 -0.007958
v -0.004638 -0.002856 -0.008656
v 0.004817 -0.001253 -0.006615
v -0.005807 -0.011111 -0.004199
v -0.006715 -0.011501 -0.002735
v 0.004311 -0.001054 -0.006792
v 0.000038 -0.001670 0.001795
v -0.000540 -0.002261 0.001273
v -0.001279 -0.001397 0.001715
v 0.009302 -0.003920 -0.005355
v 0.008471 -0.004684 -0.006192
v 0.008048 -0.003901 -0.006547
v 0.003617 0.001296 -0.002240
v 0.003888 0.001518 -0.002503
v 0.002928 0.002213 -0.004614
v -0.000019 0.001810 -0.005449
v 0.000639 0.001890 -0.006002
v -0.004190 -0.015905 0.001549
v 0.005102 -0.004966 0.008041
v 0.006830 -0.005208 0.006568
v 0.006362 -0.004496 0.007007
v 0.005767 -0.014057 0.000943
v 0.007658 -0.009594 0.002981
v -0.003643 -0.014643 -0.001277
v -0.004355 -0.014942 -0.000217
v -0.004334 -0.014460 -0.000651
v 0.005166 -0.000477 -0.004833
v 0.002337 0.002280 -0.005251
v 0.000589 0.001869 -0.005404
v 0.000846 0.001738 -0.005037
v 0.003456 -0.013405 -0.006023
v 0.005118 -0.013925 -0.005037
v -0.000054 -0.001136 -0.002101
v -0.000058 -0.001961 -0.000837
v -0.005312 0.001100 -0.000436
v -0.004972 0.001105 -0.000714
v -0.000887 -0.002353 0.001020
v -0.008229 -0.004226 0.007374
v -0.007747 -0.009794 0.006365
v -0.006113 -0.006292 0.008245
v -0.006650 -0.006452 0.008108
v -0.006451 -0.007899 0.007716
v 0.002058 0.002263 -0.005572
v -0.006391 -0.002825 0.008375
v -0.000268 -0.015051 0.005663
v 0.001449 -0.002184 0.009093
v -0.006464 -0.012200 -0.001424
v 0.009087 -0.002764 -0.005397
v 0.008947 -0.002365 -0.005357
v 0.009215 -0.002303 -0.005035
v 0.003353 0.000697 0.002514
v 0.000010 -0.002494 0.000709
v 0.003000 0.000536 0.002711
v -0.000212 -0.003141 0.008914
v -0.000558 -0.003232 0.008661
v -0.000241 -0.001806 -0.001270
v -0.000301 -0.001437 -0.001843
v -0.000571 -0.001626 -0.001565
v -0.007352 -0.008871 -0.004986
v -0.007790 -0.010018 -0.003314
v -0.008951 -0.008830 -0.002789
v -0.008609 -0.006610 -0.004775
v -0.001856 -0.014394 -0.003139
v -0.001655 -0.014302 -0.003537
v 0.005036 -0.001044 -0.006280
v 0.005794 -0.000691 -0.005306
v 0.005781 -0.001520 -0.006246
v 0.005580 -0.001145 -0.006152
v -0.000753 -0.002191 -0.000683
v -0.001067 -0.001831 -0.000884
v -0.001014 -0.002296 -0.000360
v -0.001464 -0.013083 -0.004793
v -0.002314 -0.013111 -0.004435
v -0.001822 -0.012429 -0.005580
v 0.010511 -0.005399 0.000019
v 0.009029 -0.009904 -0.002903
v 0.000884 -0.001916 -0.009913
v 0.002297 -0.003267 -0.009709
v -0.000519 -0.002005 -0.001005
v -0.000409 -0.002067 -0.000907
v -0.001248 -0.005237 0.008737
v -0.005510 -0.007653 -0.007700
v -0.003561 -0.005591 -0.009270
v -0.003542 -0.008796 -0.007960
v -0.006020 -0.007383 -0.007495
v -0.007073 -0.010933 0.006581
v -0.005562 0.000990 -0.000764
v -0.005864 0.000868 -0.000494
v -0.005592 0.001139 -0.000072
v -0.005276 0.001229 0.000064
v -0.005252 0.001090 -0.001036
v -0.004675 0.001044 -0.000946
v -0.004144 0.001183 -0.003065
v -0.005793 0.001363 0.000461
v 0.010144 -0.007075 -0.002685
v 0.009622 -0.008077 -0.003447
v -0.005151 0.001315 0.000499
v -0.005427 0.001285 0.000177
v 0.007284 -0.001315 -0.005854
v 0.006794 -0.002079 -0.006417
v -0.004580 0.001747 0.002164
v -0.005056 0.002098 0.003593
v 0.004420 0.001104 0.003225
v 0.004916 0.000156 0.004043
v 0.005792 0.000935 0.003242
v 0.004262 -0.000193 0.005811
v 0.003866 -0.000021 0.006102
v 0.002169 -0.017015 -0.000386
v -0.002169 -0.016788 0.001458
v -0.001111 -0.016539 -0.000560
v -0.009923 -0.003577 0.003658
v -0.010302 -0.005424 0.002444
v 0.005626 0.001968 0.000971
v 0.006053 0.001031 0.003042
v 0.006636 0.001651 0.001310
v -0.004509 0.002170 0.004239
v 0.001337 0.001613 0.005276
v 0.003219 0.000764 0.003718
v -0.009312 -0.001365 0.003297
v -0.009105 -0.001119 0.003635
v -0.003970 -0.006915 0.007716
v 0.009362 -0.001215 0.001833
v 0.009053 -0.000604 0.001745
v -0.000149 0.001680 -0.006978
v -0.002192 -0.010424 0.008581
v -0.001647 -0.011132 0.008432
v -0.006977 -0.000286 0.005058
v -0.006415 0.000523 0.005000
v -0.006863 -0.000059 0.004922
v 0.008151 -0.010222 -0.004891
v 0.007126 -0.011394 -0.005494
v 0.006880 -0.009151 -0.006819
v 0.001243 0.001259 0.006346
v 0.003188 -0.000213 0.007246
v 0.007708 -0.005303 0.005526
v 0.008762 -0.003538 0.004147
v -0.000010 -0.006185 0.008767
v -0.000113 -0.006675 0.008944
v 0.009486 -0.001416 -0.003762
v 0.010198 -0.002992 -0.003496
v -0.010262 -0.004736 -0.000826
v -0.009664 -0.002232 0.003195
v 0.003847 0.000935 0.003172
v 0.004105 0.001200 0.002911
v 0.003852 0.001099 0.002584
v -0.000877 -0.002743 0.000268
v -0.001101 -0.002505 0.000117
v -0.001382 -0.003013 0.008188
v -0.001234 -0.003409 0.008141
v -0.000808 -0.003287 0.008323
v -0.001056 -0.002027 0.008289
v -0.001125 -0.001872 0.008317
v -0.000961 -0.002392 0.008280
v -0.000973 -0.002447 0.008300
v -0.001495 -0.002608 0.008250
v -0.001420 -0.002924 0.008201
v -0.000905 -0.002427 0.008329
v -0.000594 -0.002343 0.008524
v -0.000623 -0.001902 0.008465
v -0.004233 -0.003151 -0.008988
v -0.004792 0.002078 0.002828
v -0.000560 -0.002681 0.000815
v -0.007190 -0.000634 0.005298
v -0.007230 -0.000158 0.004688
v 0.000208 -0.007045 0.009303
v -0.005272 -0.010893 0.007769
v -0.002115 -0.011710 0.008205
v -0.002424 0.001775 0.005091
v 0.000598 -0.006931 0.009431
v 0.000682 -0.006905 0.009444
v -0.001279 -0.012692 -0.005745
v -0.001481 0.001754 -0.006456
v -0.000420 -0.002498 -0.000440
v -0.000447 -0.002559 -0.000407
v -0.000361 -0.002534 -0.000388
v 0.005233 0.002126 -0.002057
v 0.004640 0.002020 -0.002106
v 0.000213 0.001692 0.005448
v -0.001485 -0.016077 -0.001448
v -0.000469 -0.016410 -0.001109
v 0.007734 0.001121 -0.003360
v 0.009114 -0.001478 -0.004553
v 0.007342 0.000618 -0.004303
v -0.002689 -0.005935 0.008144
v -0.002698 -0.005650 0.008099
v -0.002609 -0.004730 0.008083
v -0.001195 -0.003846 0.008191
v 0.010177 -0.004238 0.001464
v 0.010238 -0.004647 0.001207
v 0.009204 -0.004688 0.003492
v -0.003807 0.001195 -0.003344
v -0.003725 0.001031 -0.002826
v 0.007462 0.001371 -0.003184
v -0.001324 -0.016100 0.004510
v -0.001036 -0.016226 0.004299
v -0.000417 -0.015427 0.005336
v -0.003773 0.001008 -0.002722
v -0.003443 -0.007207 0.007893
v 0.002194 -0.006025 -0.008946
v -0.000655 -0.000595 0.008726
v -0.006204 0.000499 -0.002359
v -0.007368 -0.000999 -0.002981
v 0.003841 0.001308 -0.001319
v 0.002979 0.001155 -0.001691
v -0.006204 0.000499 -0.002359
v -0.007478 -0.000514 -0.002235
v -0.001852 -0.004506 0.008299
v -0.001858 -0.004599 0.008321
v 0.005598 0.002050 -0.002341
v 0.005450 0.002120 -0.002479
v 0.005532 0.002094 -0.001742
v -0.002447 -0.016712 0.001842
v -0.001871 0.000670 0.007896
v -0.003086 -0.000458 0.008548
v -0.004112 -0.013582 0.006871
v -0.005600 -0.012712 0.006817
v -0.004473 -0.014091 0.006154
v 0.002109 -0.002435 -0.009711
v 0.010325 -0.002248 -0.000839
v 0.010665 -0.003916 -0.000938
v -0.002176 0.001445 0.004567
v -0.001823 -0.000032 0.003010
v -0.002095 0.000232 0.003183
v -0.009008 -0.001965 0.005374
v -0.009494 -0.001869 0.003541
v 0.002909 -0.015208 0.002542
v 0.002138 -0.015829 0.002736
v 0.002702 0.000598 0.003065
v 0.002929 0.000781 0.003398
v 0.003287 0.000728 0.003116
v 0.000120 0.001696 0.004970
v 0.000230 0.001701 0.005395
v -0.000786 0.001916 0.005669
v -0.001110 0.001863 0.005944
v -0.002619 0.001774 0.005535
v -0.001704 0.001762 0.005896
v -0.001404 0.001891 0.005626
v -0.002929 0.001855 0.005220
v -0.005067 0.001954 0.004182
v -0.004699 0.001982 0.004608
v -0.002557 0.001755 0.004934
v -0.002829 0.001718 0.004611
v 0.007670 -0.004005 -0.006771
v 0.004127 0.000230 -0.006883
v 0.004228 0.000245 -0.006641
v 0.004273 0.000246 -0.006451
v -0.000420 -0.002498 -0.000440
v 0.004967 -0.001709 -0.007205
v -0.000185 -0.002161 -0.000695
v -0.000783 -0.004039 0.008444
v -0.000658 -0.004146 0.008539
v -0.000472 -0.003651 0.008670
v -0.000839 -0.001733 -0.001249
v 0.005547 -0.001981 -0.007075
v 0.005689 -0.001967 -0.006640
v 0.005802 -0.002375 -0.006656
v -0.000641 -0.001165 -0.002111
v -0.000250 -0.001029 -0.002276
v 0.000090 0.000050 -0.003424
v 0.000338 -0.000036 -0.003181
v -0.000365 -0.002854 0.000134
v -0.000819 -0.002700 -0.000076
v 0.006731 -0.013428 -0.003682
v 0.005510 -0.002858 -0.007434
v -0.007716 -0.003151 -0.005614
v -0.008965 -0.004529 -0.004290
v -0.007639 -0.002700 -0.005336
v -0.007368 -0.000999 -0.002981
v 0.003532 -0.001603 -0.008818
v 0.004503 -0.002257 -0.007830
v 0.004656 -0.002639 -0.008049
v 0.004835 -0.002171 -0.007563
v 0.004898 -0.002233 -0.007604
v 0.004978 -0.000307 0.004578
v 0.006418 0.000682 0.003305
v 0.005120 -0.002515 -0.007732
v 0.005421 -0.002440 -0.007439
v 0.004930 -0.002144 -0.007530
v 0.005282 -0.002042 -0.007400
v 0.005687 -0.002831 -0.007030
v 0.005056 -0.001682 -0.007193
v 0.005373 -0.001595 -0.007005
v 0.005571 -0.001560 -0.006621
v 0.005605 -0.001556 -0.006520
v -0.008099 -0.000698 0.004946
v -0.008321 -0.001257 0.005785
v 0.004472 -0.000621 -0.005899
v 0.005173 -0.000754 -0.005340
v 0.002343 -0.004574 0.009081
v 0.004336 0.000682 -0.006032
v -0.009263 -0.008794 -0.001987
v -0.009414 -0.006976 -0.003184
v -0.000105 -0.002597 -0.000127
v -0.000153 -0.000644 -0.002666
v -0.002244 -0.003736 0.008255
v -0.002126 -0.004141 0.008215
v 0.001359 -0.008008 0.009166
v 0.005442 -0.007051 0.007538
v -0.002173 -0.016412 0.003603
v -0.002169 -0.016674 0.002543
v 0.004121 -0.016102 -0.002707
v 0.004458 -0.016014 -0.002445
v 0.003727 -0.016542 -0.001748
v -0.002544 0.001749 0.004924
v -0.003389 0.001311 -0.004813
v 0.002290 -0.016859 -0.002174
v 0.001993 -0.016821 -0.002492
v 0.003119 -0.016063 -0.003554
v 0.009079 -0.005904 0.003498
v 0.001371 -0.004427 0.008968
v -0.000650 0.001829 -0.005490
v 0.006439 -0.013989 -0.003338
v 0.004814 -0.015842 -0.002216
v -0.000583 -0.014645 0.006146
v -0.001132 -0.014816 0.006118
v 0.006709 0.000794 0.003017
v 0.001751 0.001267 0.004270
v 0.000545 -0.000501 0.002822
v 0.001629 0.001324 0.004359
v 0.004716 0.001249 0.002956
v 0.009076 -0.005628 0.003611
v 0.009291 -0.005488 0.002587
v 0.003046 0.000588 0.002785
v 0.003581 0.000877 0.002847
v -0.010182 -0.006307 0.002868
v -0.000892 -0.002868 0.008313
v -0.003872 -0.002515 0.008931
v -0.005965 -0.004042 0.008578
v 0.009533 -0.003751 -0.005023
v 0.001899 -0.000647 0.008263
v 0.003315 -0.000796 0.007804
v 0.005763 -0.014696 0.000666
v 0.005345 -0.014451 0.000962
v 0.005324 0.002381 -0.000519
v 0.006212 -0.000984 -0.005593
v 0.007392 -0.000754 -0.005494
v 0.007298 -0.001077 -0.005737
v 0.005621 0.001794 -0.003418
v 0.005871 0.001829 -0.002791
v 0.000274 -0.001201 0.008851
v 0.000157 -0.001687 0.008893
v 0.007915 -0.003501 -0.006513
v 0.007575 -0.000999 -0.005598
v 0.003744 0.001970 -0.005789
v 0.002790 0.002107 -0.006141
v 0.005637 -0.000422 -0.004675
v 0.005536 -0.000376 -0.004601
v 0.005209 0.000403 -0.004480
v 0.005859 0.000142 -0.004186
v 0.005503 0.000475 -0.004181
v 0.006085 0.001479 -0.003185
v 0.006215 0.001357 -0.003268
v 0.006497 0.001586 -0.002854
v 0.005455 0.001771 -0.003832
v 0.002435 -0.016954 -0.000062
v 0.003688 -0.016598 -0.001153
v 0.002978 -0.002185 -0.009363
v -0.002842 -0.000230 0.001114
v -0.003526 -0.015048 0.005006
v 0.007954 0.001164 -0.002994
v 0.000072 -0.001660 0.001797
v 0.001346 0.001469 0.004563
v 0.005036 0.001853 0.000921
v 0.005322 0.002028 0.000655
v 0.000996 -0.016547 -0.002834
v 0.004922 0.002208 -0.002372
v 0.005527 0.002095 -0.001739
v -0.002789 0.001573 -0.005353
v 0.003942 0.001024 -0.006327
v 0.004643 0.002025 -0.004753
v -0.006375 -0.008118 0.007695
v -0.006384 -0.000718 0.006868
v -0.005323 0.001686 0.004443
v 0.002530 -0.016179 -0.003604
v 0.002796 -0.015941 -0.003866
v -0.007989 -0.001585 0.006682
v 0.005380 -0.009227 0.006541
v 0.000098 -0.015263 0.005322
v 0.005805 -0.007355 0.007153
v -0.001459 -0.004962 0.008616
v -0.000801 -0.004188 0.008487
v 0.004986 -0.004560 0.008083
v 0.005916 -0.014843 0.000113
v 0.000302 -0.000792 -0.009512
v -0.005280 0.001542 0.001115
v -0.004793 0.001705 0.001792
v 0.000282 -0.016023 0.004289
v -0.000038 -0.015602 0.005025
v 0.005386 -0.014190 0.001120
v -0.000286 -0.016440 0.003726
v -0.000778 0.001534 0.006841
v -0.000184 -0.001784 0.008750
v -0.002191 -0.014994 -0.002445
v -0.000654 -0.014369 -0.004428
v -0.005576 -0.012492 -0.002538
v -0.009069 -0.009172 -0.002075
v -0.000244 -0.005237 -0.010028
v 0.001135 0.000858 -0.003893
v 0.007205 -0.004141 -0.006919
v -0.004796 -0.015331 0.003332
v -0.002169 -0.016674 0.002543
v -0.002236 -0.016755 0.002060
v 0.007383 -0.011336 -0.005161
v -0.006340 -0.003709 0.008499
v -0.003643 -0.014643 -0.001277
v -0.004355 -0.014942 -0.000217
v -0.003730 -0.015664 0.000179
v -0.004078 -0.014356 -0.000981
v -0.004334 -0.014460 -0.000651
v -0.004712 -0.014120 -0.000837
v -0.005576 -0.012492 -0.002538
v -0.003934 -0.013277 -0.003013
v -0.003326 -0.013524 -0.003097
v 0.008998 -0.003438 0.003793
v 0.006474 -0.002604 0.005949
v 0.006740 -0.002498 0.005630
v -0.006121 0.001322 0.000737
v -0.010158 -0.004657 -0.001479
v -0.004144 0.001183 -0.003065
v 0.000113 -0.002425 0.000191
v 0.004884 0.001970 -0.001189
v 0.006239 -0.000562 -0.005141
v -0.002427 -0.008404 -0.008527
v 0.000576 -0.005461 0.008705
v -0.005865 -0.013184 0.006016
v 0.004852 -0.000363 0.004807
v -0.001752 -0.000502 0.002486
v -0.001423 -0.001241 0.001804
v 0.007280 -0.005467 -0.006731
v 0.008422 -0.008314 -0.005471
v 0.005445 -0.006376 -0.008379
v 0.005800 -0.008538 -0.007711
v 0.002714 0.000913 -0.001429
v -0.004078 -0.014356 -0.000981
v 0.004979 -0.010781 -0.007172
v 0.009517 -0.003543 -0.005048
v -0.006545 -0.007594 -0.006850
v -0.003773 0.001008 -0.002722
v -0.003725 0.001031 -0.002826
v -0.007639 -0.002700 -0.005336
v -0.001067 -0.001831 -0.000884
v 0.004695 -0.000304 0.004924
v 0.001980 -0.016958 -0.001902
v -0.002236 -0.016755 0.002060
v -0.002447 -0.016712 0.001842
v -0.005274 -0.012628 0.007088
v -0.007719 -0.000304 0.004562
v 0.000405 -0.008417 -0.008302
v 0.000177 -0.006751 -0.009535
v -0.003306 0.001229 -0.003759
v -0.004103 -0.014080 0.006403
v -0.007478 -0.000514 -0.002235
v -0.005381 0.000956 -0.002565
v -0.007545 -0.000652 -0.002369
v -0.008271 -0.001245 -0.001449
v -0.002459 0.001369 0.004373
v -0.010108 -0.005063 -0.001825
v -0.007545 -0.000652 -0.002369
v -0.009796 -0.006243 -0.002639
v -0.007154 -0.004661 -0.006951
v -0.007089 -0.005079 -0.007055
v -0.001073 -0.014665 0.006249
vt 0.882700 0.823010
vt 0.835220 0.818010
vt 0.834430 0.807090
vt 0.203230 0.400050
vt 0.158120 0.445160
vt 0.167420 0.366050
vt 0.298480 0.472030
vt 0.295960 0.471020
vt 0.290250 0.454240
vt 0.158970 0.688270
vt 0.178230 0.661610
vt 0.175860 0.676010
vt 0.761160 0.687590
vt 0.770570 0.683900
vt 0.764820 0.711900
vt 0.664560 0.705380
vt 0.662560 0.713530
vt 0.663230 0.704110
vt 0.906340 0.679780
vt 0.915730 0.700190
vt 0.916740 0.717160
vt 0.862850 0.734450
vt 0.845540 0.718100
vt 0.573070 0.578100
vt 0.579100 0.531000
vt 0.595340 0.537050
vt 0.255360 0.410500
vt 0.256350 0.349600
vt 0.283020 0.421940
vt 0.711860 0.580580
vt 0.704350 0.554030
vt 0.710930 0.553750
vt 0.625390 0.629750
vt 0.620450 0.692420
vt 0.575850 0.642730
vt 0.580150 0.592960
vt 0.599550 0.582430
vt 0.227780 0.532810
vt 0.216150 0.545830
vt 0.185930 0.501530
vt 0.252890 0.602520
vt 0.234020 0.597580
vt 0.253580 0.574600
vt 0.336720 0.184990
vt 0.339840 0.163790
vt 0.436510 0.136840
vt 0.390660 0.518470
vt 0.405880 0.525070
vt 0.386750 0.555430
vt 0.379050 0.552310
vt 0.371490 0.537420
vt 0.380400 0.514670
vt 0.093580 0.139740
vt 0.135400 0.083510
vt 0.139840 0.139910
vt -0.000230 0.099580
vt 0.019690 0.071280
vt 0.465910 0.715330
vt 0.476840 0.710870
vt 0.476500 0.727530
vt 0.689060 0.700900
vt 0.698260 0.687930
vt 0.707230 0.686790
vt 0.417550 0.502560
vt 0.433920 0.578270
vt 0.392640 0.889890
vt 0.339330 0.867530
vt 0.354360 0.856830
vt 0.424720 0.590560
vt 0.433380 0.581620
vt 0.426150 0.622490
vt 0.743450 0.784260
vt 0.692630 0.771010
vt 0.728440 0.765090
vt 0.656540 0.700830
vt 0.647590 0.707730
vt 0.651040 0.693900
vt 0.155750 0.177630
vt 0.150890 0.163310
vt 0.168410 0.178490
vt 0.173340 0.781440
vt 0.181860 0.794400
vt 0.169080 0.792560
vt 0.624470 0.161200
vt 0.612390 0.171560
vt 0.608110 0.156000
vt 0.548800 0.694400
vt 0.603200 0.713630
vt 0.584520 0.746140
vt 0.822430 0.680680
vt 0.812610 0.751580
vt 0.753460 0.743410
vt 0.380730 0.468680
vt 0.366250 0.434380
vt 0.370360 0.436240
vt 0.717170 0.553510
vt 0.724480 0.564500
vt 0.718940 0.580170
vt 0.343780 0.602270
vt 0.355670 0.612200
vt 0.347010 0.610920
vt 0.339570 0.454150
vt 0.345500 0.441340
vt 0.358170 0.478580
vt 0.341930 0.485450
vt 0.629020 0.693460
vt 0.591060 0.756640
vt 0.343470 0.410030
vt 0.074540 0.307880
vt 0.076160 0.296810
vt 0.084180 0.296270
vt 0.274190 0.058080
vt 0.297890 0.063170
vt 0.274530 0.058740
vt 0.367700 0.482170
vt 0.358460 0.534870
vt 0.351020 0.505470
vt 0.333040 0.043050
vt 0.312960 0.052300
vt 0.285530 0.046320
vt 0.133600 0.917430
vt 0.196110 0.930970
vt 0.087670 0.958550
vt 0.523460 0.613350
vt 0.558390 0.628990
vt 0.546260 0.677210
vt 0.216000 0.863220
vt 0.179550 0.888760
vt 0.136900 0.851730
vt 0.616970 0.035070
vt 0.679420 0.078660
vt 0.645200 0.096250
vt 0.715290 0.673430
vt 0.706750 0.672700
vt 0.723120 0.666670
vt 0.451200 0.039250
vt 0.340670 0.682920
vt 0.357800 0.639460
vt 0.360460 0.699030
vt 0.404370 0.740820
vt 0.400130 0.751710
vt 0.389700 0.748090
vt 0.334200 0.752620
vt 0.319460 0.751110
vt 0.327550 0.743940
vt 0.677640 0.682520
vt 0.679920 0.700070
vt 0.671430 0.696580
vt 0.716890 0.540730
vt 0.723070 0.540410
vt 0.723460 0.553040
vt 0.938980 0.115920
vt 0.887940 0.162350
vt 0.842830 0.117550
vt 0.832420 0.146050
vt 0.599260 0.165430
vt 0.114410 0.220160
vt 0.147000 0.284310
vt 0.105000 0.225950
vt 0.082230 0.213840
vt 0.094350 0.185090
vt 0.352340 0.491180
vt 0.342790 0.497920
vt 0.848940 0.606810
vt 0.831190 0.563070
vt 0.852430 0.527400
vt 0.537720 0.801660
vt 0.603930 0.794460
vt 0.586110 0.821330
vt 0.697930 0.620410
vt 0.705430 0.628200
vt 0.698030 0.649980
vt 0.321450 0.141830
vt 0.333040 0.137410
vt 0.900770 0.609770
vt 0.883050 0.578700
vt 0.925520 0.529520
vt 0.349980 0.384460
vt 0.350210 0.370840
vt 0.358890 0.374360
vt 0.357960 0.388140
vt 0.631190 0.559210
vt 0.357500 0.401980
vt 0.366470 0.391720
vt 0.365600 0.405630
vt 0.749360 0.640640
vt 0.735860 0.633250
vt 0.742490 0.630830
vt 0.748290 0.615660
vt 0.710730 0.540780
vt 0.836530 0.611660
vt 0.842580 0.648010
vt 0.810590 0.644940
vt 0.729610 0.539620
vt 0.736780 0.551410
vt 0.730040 0.552330
vt 0.611800 0.133990
vt 0.613930 0.136300
vt 0.609440 0.139010
vt 0.744860 0.670890
vt 0.731890 0.710010
vt 0.004370 0.207450
vt 0.016710 0.224240
vt 0.038050 0.293920
vt 0.220320 0.107050
vt 0.220950 0.147180
vt 0.713050 0.640550
vt 0.720490 0.640460
vt 0.713400 0.648880
vt 0.802400 0.168530
vt 0.774210 0.227340
vt 0.765210 0.218070
vt 0.374110 0.754150
vt 0.349020 0.753060
vt 0.361560 0.748350
vt 0.731900 0.578280
vt 0.754890 0.574330
vt 0.945160 0.477300
vt 0.990870 0.507510
vt 0.949160 0.557340
vt 0.285940 0.887870
vt 0.278870 0.880440
vt 0.794340 0.650500
vt 0.766280 0.672230
vt 0.776020 0.631390
vt 0.355460 0.615890
vt 0.356150 0.612310
vt 0.361690 0.627080
vt 0.805370 0.104920
vt 0.793930 0.098560
vt 0.802060 0.087770
vt 0.710940 0.527250
vt 0.710820 0.528320
vt 0.710890 0.513360
vt 0.257880 0.530870
vt 0.233620 0.557160
vt 0.930500 0.471350
vt 0.970200 0.335320
vt 0.976090 0.430840
vt 0.075320 0.196380
vt 0.605680 0.750360
vt 0.619680 0.741980
vt 0.602060 0.476220
vt 0.628690 0.444050
vt 0.625120 0.528870
vt 0.311650 0.600590
vt 0.312060 0.609350
vt 0.310710 0.613010
vt 0.265720 0.070590
vt 0.577700 0.752770
vt 0.563390 0.759570
vt 0.564770 0.746090
vt 0.545620 0.580980
vt 0.544780 0.593570
vt 0.220910 0.791240
vt 0.208700 0.790250
vt 0.232290 0.780450
vt 0.275560 0.769240
vt 0.261690 0.774870
vt 0.264710 0.772570
vt 0.842080 0.798630
vt 0.962810 0.823870
vt 0.937940 0.826570
vt 0.164290 0.692990
vt 0.231660 0.768440
vt 0.815730 0.515840
vt 0.794910 0.513310
vt 0.814410 0.516320
vt 0.697850 0.592620
vt 0.712240 0.594450
vt 0.705090 0.607800
vt 0.661110 0.716430
vt 0.671010 0.719240
vt 0.667260 0.740140
vt 0.750500 0.729130
vt 0.748280 0.744400
vt 0.699480 0.101810
vt 0.617660 0.120510
vt 0.626370 0.130180
vt 0.673500 0.140760
vt 0.732900 0.648510
vt 0.729640 0.649400
vt 0.725460 0.650000
vt 0.168420 0.803420
vt 0.135970 0.815140
vt 0.143420 0.807100
vt 0.681070 0.237090
vt 0.648060 0.336900
vt 0.641090 0.281310
vt 0.390470 0.467050
vt 0.372520 0.422980
vt 1.012240 0.791120
vt 1.067940 0.792590
vt 1.059270 0.803510
vt 0.577850 0.765310
vt 0.592890 0.767310
vt 0.599220 0.761320
vt 0.608410 0.763320
vt 0.658830 0.689200
vt 0.665100 0.689390
vt 0.659120 0.698130
vt 0.672140 0.671820
vt 0.672140 0.687940
vt 0.209920 0.586060
vt 0.654400 0.713160
vt 0.652760 0.726780
vt 0.951070 0.570180
vt 1.001690 0.571170
vt 0.973950 0.617870
vt 0.867830 0.241730
vt 0.380130 0.470500
vt 0.381420 0.485950
vt 0.801790 0.841270
vt 0.187600 0.339930
vt 0.478750 0.672820
vt 0.934360 0.538190
vt 0.922140 0.614280
vt 0.902000 0.623150
vt 0.721930 0.653570
vt 0.022650 0.335320
vt 0.055520 0.322820
vt 0.730820 0.664140
vt 0.387260 0.812180
vt 0.342000 0.836100
vt 0.303340 0.820970
vt 0.667970 0.532340
vt 0.685590 0.516880
vt 0.691620 0.542080
vt 0.642040 0.791940
vt 0.646150 0.785580
vt 0.710880 0.793650
vt 0.804370 0.810830
vt 0.788390 0.793520
vt 0.135130 0.146680
vt 0.441880 0.473640
vt 0.477760 0.465380
vt 0.467590 0.488250
vt 0.591050 0.155470
vt 0.542190 0.316120
vt 0.051660 0.164340
vt 0.087450 0.168630
vt 0.076500 0.178720
vt 0.689250 0.686850
vt 0.734780 0.794290
vt 0.784910 0.808050
vt 0.773660 0.812150
vt 0.771710 0.244700
vt 0.733580 0.227670
vt 0.787750 0.872850
vt 0.717130 0.928130
vt 0.131520 0.800600
vt 0.122600 0.811320
vt 0.304180 0.847510
vt 0.233570 0.532880
vt 0.215550 0.374730
vt 0.259670 0.466730
vt 0.252040 0.464290
vt 0.247500 0.420630
vt 0.746160 0.792190
vt 0.264590 0.565460
vt 0.319780 0.138810
vt 0.384540 0.567870
vt 0.077240 0.286890
vt 0.667620 0.565240
vt 0.667270 0.577080
vt 0.661380 0.576290
vt 0.491220 0.752000
vt 0.405060 0.869150
vt 0.479920 0.753220
vt 0.357060 0.547740
vt 0.351130 0.548650
vt 0.794190 0.909980
vt 0.810580 0.883590
vt 0.846330 0.896680
vt 0.028540 0.430840
vt 0.055580 0.387390
vt 0.071640 0.431930
vt 0.043320 0.507510
vt 0.918310 0.164490
vt 0.906530 0.173030
vt 0.714150 0.659440
vt 0.690000 0.665390
vt 0.705540 0.635760
vt 0.705760 0.649710
vt 0.973720 0.933230
vt 0.979840 0.914650
vt 1.081150 0.917430
vt 0.885440 0.226730
vt 0.909020 0.228340
vt 0.885750 0.266110
vt 0.592610 0.470910
vt 0.648750 0.344480
vt 0.808730 0.633420
vt 0.788990 0.591030
vt 0.858050 0.925610
vt 0.830400 0.932080
vt 0.336030 0.483000
vt 0.924070 0.475040
vt 0.884450 0.538480
vt 0.894880 0.430450
vt 0.932300 0.484550
vt 0.221850 0.337860
vt 0.120390 0.792590
vt 0.127880 0.781190
vt 0.142130 0.791850
vt 0.148330 0.801120
vt 0.111720 0.803510
vt 0.113730 0.819290
vt 0.031220 0.820440
vt 0.157290 0.787120
vt 0.634620 0.431290
vt 0.649500 0.404470
vt 0.163390 0.802230
vt 0.151130 0.797330
vt 0.684280 0.622780
vt 0.697880 0.605950
vt 0.220750 0.798170
vt 0.242010 0.767920
vt 0.493720 0.722010
vt 0.487070 0.677130
vt 0.510410 0.690160
vt 0.453500 0.649110
vt 0.444320 0.653460
vt 0.736560 0.044100
vt 1.082950 0.083510
vt 0.967240 0.071280
vt 0.178360 0.569800
vt 0.156690 0.522330
vt 0.551910 0.739410
vt 0.516340 0.689660
vt 0.551440 0.707630
vt 0.262190 0.763430
vt 0.405880 0.736590
vt 0.464790 0.730020
vt 0.181430 0.635530
vt 0.188090 0.640920
vt 0.282500 0.437080
vt 0.558510 0.590750
vt 0.557960 0.610620
vt 0.814040 0.772480
vt 0.308850 0.316430
vt 0.315890 0.290840
vt 0.229180 0.667790
vt 0.237420 0.693530
vt 0.229310 0.676370
vt 0.684260 0.345810
vt 0.705070 0.313260
vt 0.717650 0.388590
vt 0.396490 0.704920
vt 0.423330 0.636350
vt 0.499400 0.463100
vt 0.524990 0.519360
vt 0.355440 0.445370
vt 0.352870 0.428800
vt 0.641510 0.596700
vt 0.637880 0.548890
vt 0.110310 0.554430
vt 0.176120 0.610770
vt 0.485970 0.731880
vt 0.495020 0.736310
vt 0.497940 0.746180
vt 0.250430 0.892890
vt 0.211010 0.892980
vt 0.336810 0.563440
vt 0.338520 0.550620
vt 0.346500 0.551430
vt 0.344480 0.591970
vt 0.343610 0.596220
vt 0.345430 0.580900
vt 0.345150 0.578950
vt 0.335780 0.575680
vt 0.336360 0.566220
vt 0.346400 0.578980
vt 0.351980 0.578040
vt 0.352220 0.591970
vt 0.893980 0.613050
vt 0.232750 0.786780
vt 0.328750 0.861500
vt 0.228950 0.653930
vt 0.221700 0.673200
vt 0.357630 0.416200
vt 0.255360 0.325340
vt 0.305060 0.276160
vt 0.315110 0.754470
vt 0.364080 0.419130
vt 0.365440 0.419760
vt 0.873280 0.258410
vt 0.848100 0.787990
vt 0.964360 0.960200
vt 1.035220 0.958550
vt 0.284770 0.966080
vt 0.622750 0.761400
vt 0.627410 0.775190
vt 0.379210 0.742330
vt 0.947320 0.099580
vt 0.919070 0.070650
vt 0.638550 0.682910
vt 0.654120 0.598910
vt 0.657070 0.675790
vt 0.308190 0.465510
vt 0.308420 0.475940
vt 0.311850 0.508560
vt 0.338460 0.535080
vt 0.569960 0.501380
vt 0.574280 0.490050
vt 0.537770 0.484910
vt 0.015260 0.823870
vt 0.029620 0.831570
vt 0.636430 0.693640
vt 0.267270 0.110840
vt 0.271350 0.100570
vt 0.310950 0.126700
vt 0.034320 0.831590
vt 0.291400 0.423910
vt 0.792870 0.508330
vt 0.353930 0.623250
vt 1.024270 0.762700
vt 1.016430 0.697970
vt 0.611020 0.789410
vt 0.630180 0.814390
vt 0.076720 0.762700
vt 0.085390 0.711330
vt 0.326030 0.512880
vt 0.325810 0.509500
vt 0.627760 0.750020
vt 0.631430 0.754390
vt 0.614270 0.753850
vt 0.150730 0.092910
vt 0.334880 0.669370
vt 0.315200 0.630770
vt 0.254720 0.236920
vt 0.236380 0.276740
vt 0.238670 0.223000
vt 0.790230 0.615220
vt 0.599960 0.562750
vt 0.603690 0.515370
vt 0.316690 0.763840
vt 0.307460 0.787590
vt 0.301280 0.784160
vt 0.209590 0.605050
vt 0.182670 0.619100
vt 0.493550 0.071680
vt 0.447880 0.053240
vt 0.466000 0.752900
vt 0.464570 0.743610
vt 0.477130 0.741230
vt 0.378780 0.755830
vt 0.379840 0.743780
vt 0.355920 0.744300
vt 0.348610 0.736780
vt 0.313530 0.742390
vt 0.335170 0.735970
vt 0.341550 0.745380
vt 0.304790 0.749910
vt 0.250500 0.753710
vt 0.262950 0.750190
vt 0.310840 0.757500
vt 0.301570 0.763480
vt 0.697780 0.541810
vt 0.731130 0.697880
vt 0.726670 0.699910
vt 0.723630 0.701710
vt 0.016810 0.960200
vt 0.727820 0.633360
vt 0.728540 0.940400
vt 0.345690 0.524830
vt 0.347750 0.519960
vt 0.351860 0.534750
vt 0.901770 0.908880
vt 0.719540 0.619800
vt 0.712700 0.621560
vt 0.712530 0.608250
vt 0.843380 0.875950
vt 0.806950 0.868960
vt 0.791690 0.838750
vt 0.775570 0.842440
vt 0.344500 0.920730
vt 0.203800 0.917380
vt 0.689620 0.235460
vt 0.725960 0.592690
vt 0.026400 0.617870
vt 0.054140 0.571170
vt 0.029770 0.633200
vt 0.068880 0.697970
vt 0.762350 0.635810
vt 0.741840 0.617750
vt 0.742610 0.603560
vt 0.734480 0.618860
vt 0.734170 0.616090
vt 0.479870 0.655750
vt 0.515710 0.672010
vt 0.733160 0.604760
vt 0.726150 0.605700
vt 0.732790 0.618860
vt 0.726570 0.618790
vt 0.719360 0.593900
vt 0.726440 0.633140
vt 0.720000 0.633150
vt 0.712890 0.634650
vt 0.711220 0.635090
vt 0.214990 0.648040
vt 0.221900 0.623460
vt 0.715760 0.683950
vt 0.698180 0.674390
vt 0.395560 0.491480
vt 0.715780 0.716080
vt 0.085000 0.431760
vt 0.070160 0.493060
vt 0.472640 0.935540
vt 0.801150 0.857790
vt 0.320850 0.540440
vt 0.321820 0.526890
vt 0.375370 0.381100
vt 0.450270 0.404890
vt 1.167870 0.107050
vt 1.130480 0.091080
vt 0.725150 0.133030
vt 0.711870 0.134200
vt 0.715760 0.102550
vt 0.311060 0.757710
vt 0.917940 0.803810
vt 0.775730 0.090800
vt 0.791130 0.097190
vt 0.764000 0.140250
vt 0.538190 0.447000
vt 0.380870 0.500360
vt 0.824830 0.812960
vt 0.689170 0.214600
vt 0.698860 0.138290
vt 0.315840 0.159210
vt 0.300750 0.160900
vt 0.522840 0.672380
vt 0.424780 0.751380
vt 0.402810 0.781200
vt 0.420850 0.751720
vt 0.502710 0.723010
vt 0.536260 0.455490
vt 0.552220 0.462490
vt 0.479230 0.751420
vt 0.487940 0.743190
vt 0.161320 0.495040
vt 0.345800 0.565390
vt 0.301470 0.571160
vt 0.268750 0.530830
vt 0.662110 0.535080
vt 0.396390 0.618570
vt 0.420830 0.611660
vt 0.601550 0.144760
vt 0.591480 0.137440
vt 0.584400 0.762900
vt 0.690400 0.648590
vt 0.677260 0.637180
vt 0.682070 0.629240
vt 0.651240 0.739560
vt 0.636530 0.737780
vt 0.367900 0.602900
vt 0.365280 0.589550
vt 0.691560 0.554460
vt 0.677680 0.628000
vt 0.717490 0.755620
vt 0.739110 0.767870
vt 0.680910 0.680460
vt 0.680640 0.684250
vt 0.679890 0.711080
vt 0.668490 0.693870
vt 0.670990 0.709160
vt 0.644080 0.724370
vt 0.645150 0.718680
vt 0.634900 0.718770
vt 0.660940 0.739950
vt 0.702580 0.042320
vt 0.699800 0.089940
vt 0.775110 0.619490
vt 0.219210 0.829280
vt 0.231850 0.173500
vt 0.631530 0.680640
vt 0.389410 0.811860
vt 0.412010 0.752390
vt 0.549270 0.752650
vt 0.557080 0.750570
vt 0.830420 0.106040
vt 0.631800 0.769650
vt 0.614200 0.753990
vt 0.893140 0.803770
vt 0.724840 0.725880
vt 0.686660 0.753180
vt 0.247670 0.413600
vt 0.255840 0.636950
vt 0.249070 0.740430
vt 0.781420 0.135330
vt 0.775670 0.146560
vt 0.234230 0.608220
vt 0.459640 0.326370
vt 0.328280 0.124720
vt 0.458930 0.394260
vt 0.332730 0.493800
vt 0.345150 0.519420
vt 0.440160 0.486830
vt 0.618050 0.148590
vt 0.815360 0.669410
vt 0.181200 0.795950
vt 0.207390 0.799770
vt 0.324020 0.087510
vt 0.320030 0.113580
vt 0.585440 0.142950
vt 0.286670 0.074900
vt 0.355280 0.708800
vt 0.359700 0.589950
vt 0.940970 0.146210
vt 0.870100 0.184530
vt 0.047910 0.271690
vt 0.082470 0.419120
vt 0.831680 0.541060
vt 0.750160 0.822320
vt 0.704210 0.541190
vt 0.179090 0.177930
vt 0.182930 0.091080
vt 0.161780 0.088190
vt 0.697930 0.312780
vt 0.264410 0.540600
vt 0.999210 0.164340
vt 1.035000 0.168630
vt 1.041130 0.139740
vt 1.012940 0.176660
vt 1.024050 0.178720
vt 1.022870 0.196380
vt 0.995460 0.271690
vt 0.964260 0.224240
vt 0.951920 0.207450
vt 0.531250 0.522470
vt 0.480650 0.553660
vt 0.487410 0.557210
vt 0.162180 0.775950
vt 0.100570 0.558800
vt 0.978770 0.820440
vt 0.459490 0.903300
vt 0.602470 0.769320
vt 0.682370 0.662310
vt 0.873770 0.442300
vt 0.366730 0.469000
vt 0.221690 0.262940
vt 0.474870 0.652680
vt 0.300360 0.798750
vt 0.298240 0.817670
vt 0.704260 0.500540
vt 0.685000 0.406560
vt 0.743320 0.483440
vt 0.737840 0.412790
vt 0.623250 0.821670
vt 0.065400 0.176660
vt 0.749320 0.339110
vt 0.662130 0.540840
vt -0.002390 0.477300
vt 0.981870 0.831590
vt 0.977170 0.831570
vt 0.977320 0.633200
vt 0.032290 0.914650
vt 0.470990 0.654790
vt 0.785540 0.080650
vt 1.109320 0.088190
vt 1.098280 0.092910
vt 0.243810 0.276700
vt 0.214500 0.665930
vt 0.826140 0.428630
vt 0.827490 0.492320
vt -0.009610 0.826570
vt 0.247540 0.220540
vt 1.032940 0.711330
vt 0.064690 0.791120
vt 1.030290 0.706160
vt 0.102530 0.678310
vt 0.307550 0.766190
vt 0.094800 0.547720
vt 0.082740 0.706160
vt 0.080470 0.514430
vt 0.003520 0.570180
vt 0.001610 0.557340
vt 0.303960 0.165670
vn 0.1837 0.9565 0.2268
vn -0.9507 -0.0954 0.2950
vn -0.0795 -0.0572 0.9952
vn -0.4994 0.8542 -0.1447
vn 0.6294 0.2647 -0.7306
vn 0.6307 0.2650 -0.7294
vn 0.1787 0.0801 -0.9806
vn -0.1701 0.6040 -0.7786
vn -0.1701 0.6041 -0.7786
vn -0.2627 0.4399 -0.8588
vn 0.9783 0.0951 0.1842
vn -0.0065 0.1846 0.9828
vn 0.5727 0.3999 -0.7156
vn 0.8973 0.4355 -0.0720
vn 0.9255 0.3780 -0.0255
vn -0.8673 0.1190 0.4834
vn -0.8684 0.1248 0.4799
vn -0.5125 0.5699 0.6423
vn -0.5124 0.5699 0.6423
vn 0.2019 -0.6747 0.7099
vn 0.2020 -0.6747 0.7099
vn 0.1412 0.0381 0.9892
vn -0.0101 -0.0199 0.9998
vn -0.0034 -0.0206 0.9998
vn -0.5543 -0.8149 -0.1692
vn -0.5446 -0.8201 -0.1759
vn -0.5444 -0.8211 -0.1714
vn 0.4505 0.8909 0.0575
vn 0.4505 0.8909 0.0574
vn 0.8562 -0.1050 -0.5058
vn 0.3662 0.3459 0.8639
vn 0.3663 0.3459 0.8638
vn -0.1976 0.8600 -0.4705
vn 0.6133 0.5145 0.5993
vn 0.3353 0.8651 -0.3731
vn 0.3353 0.8651 -0.3732
vn -0.0273 0.7175 -0.6961
vn -0.0273 0.7174 -0.6961
vn -0.7858 -0.6031 0.1369
vn 0.1188 0.9511 -0.2852
vn 0.8940 -0.4246 0.1434
vn 0.6194 0.7829 0.0579
vn 0.1038 0.5503 -0.8285
vn 0.1037 0.5503 -0.8285
vn 0.2361 0.5684 -0.7882
vn -0.1513 0.5674 0.8094
vn 0.5819 0.5725 -0.5777
vn 0.5818 0.5725 -0.5777
vn -0.1546 -0.2880 0.9451
vn 0.1303 0.2033 0.9704
vn 0.1800 0.0965 0.9789
vn 0.4678 0.8282 -0.3087
vn 0.2649 0.3032 0.9154
vn -0.5149 -0.7908 -0.3311
vn -0.5149 -0.7907 -0.3311
vn 0.0468 -0.9951 0.0869
vn -0.1727 -0.0194 0.9848
vn -0.1734 -0.0195 0.9847
vn 0.0028 -0.9753 0.2211
vn 0.0031 -0.9752 0.2214
vn 0.4281 0.6197 0.6578
vn 0.7270 0.5606 0.3964
vn 0.8595 0.5111 0.0100
vn 0.2777 -0.8387 0.4684
vn 0.5994 0.6120 -0.5159
vn 0.2042 -0.7991 0.5654
vn 0.2070 0.7800 0.5905
vn 0.2793 0.9267 -0.2514
vn 0.1181 0.9880 -0.0993
vn 0.3921 0.4501 -0.8023
vn 0.8041 0.1111 -0.5840
vn -0.5718 -0.6954 -0.4352
vn -0.5377 -0.6930 -0.4803
vn 0.8915 -0.2843 0.3528
vn 0.8914 -0.2843 0.3528
vn -0.8608 -0.2929 -0.4161
vn -0.8573 -0.4579 -0.2352
vn 0.2047 0.3339 0.9201
vn -0.2267 -0.1966 -0.9539
vn -0.3703 0.9259 0.0749
vn 0.3050 0.3869 -0.8702
vn 0.5660 -0.4981 0.6569
vn 0.3537 -0.3800 0.8547
vn 0.3516 -0.3797 0.8557
vn -0.4780 -0.0514 -0.8768
vn -0.0682 0.2511 0.9656
vn -0.2516 0.0059 0.9678
vn -0.2517 0.0059 0.9678
vn 0.9602 0.2384 -0.1454
vn -0.0992 -0.0141 0.9950
vn 0.9007 0.0083 -0.4344
vn 0.8967 -0.0043 -0.4427
vn 0.6657 0.0574 -0.7440
vn -0.0416 0.1117 -0.9929
vn 0.4775 -0.0099 -0.8786
vn 0.4776 -0.0099 -0.8785
vn -0.0900 -0.7313 0.6761
vn -0.0899 -0.7313 0.6761
vn 0.8026 -0.0261 -0.5960
vn -0.4401 -0.6258 -0.6439
vn -0.4401 -0.6258 -0.6440
vn -0.5670 -0.7571 0.3244
vn 0.6702 0.4420 -0.5962
vn 0.6687 0.4417 -0.5981
vn -0.0275 -0.8120 -0.5830
vn -0.0298 -0.8095 -0.5863
vn -0.0276 -0.8120 -0.5830
vn 0.3039 0.8729 -0.3817
vn 0.3039 0.8729 -0.3816
vn 0.3025 0.8726 -0.3834
vn 0.5972 0.2378 -0.7660
vn -0.7558 -0.1645 -0.6338
vn 0.4532 0.7162 -0.5307
vn 0.4353 0.2174 -0.8736
vn 0.4461 0.1940 -0.8737
vn 0.1513 0.2519 0.9558
vn 0.1513 0.2519 0.9559
vn -0.2696 -0.9499 -0.1579
vn 0.9444 -0.0809 0.3188
vn -0.5340 0.3408 0.7737
vn -0.5308 0.3457 0.7738
vn -0.6328 -0.5597 -0.5351
vn -0.6328 -0.5598 -0.5351
vn -0.6118 -0.6382 -0.4673
vn 0.2879 0.8168 -0.4999
vn 0.2862 0.8162 -0.5020
vn 0.9548 -0.2898 -0.0662
vn -0.2503 0.4085 0.8778
vn -0.4125 -0.9062 -0.0931
vn -0.0248 0.9885 0.1495
vn -0.0248 0.9885 0.1494
vn 0.7563 0.3094 0.5765
vn 0.1434 0.9019 -0.4075
vn 0.1499 0.9014 -0.4063
vn 0.1450 0.9024 -0.4057
vn 0.4547 0.8477 -0.2733
vn 0.5487 0.6929 0.4679
vn -0.3884 0.9009 -0.1935
vn -0.3024 0.7492 0.5893
vn -0.3023 0.7492 0.5893
vn 0.1105 0.3054 -0.9458
vn 0.8759 -0.3459 -0.3365
vn 0.7149 -0.0423 -0.6979
vn 0.4460 0.5381 -0.7152
vn 0.3704 -0.8789 0.3006
vn 0.3704 -0.8789 0.3005
vn 0.0010 -0.8554 0.5179
vn -0.2078 -0.7940 0.5713
vn 0.4247 -0.8451 0.3246
vn -0.0977 0.9896 -0.1058
vn 0.4662 0.8238 -0.3224
vn 0.4662 0.8238 -0.3225
vn 0.7293 -0.6832 0.0372
vn 0.1244 0.2592 0.9578
vn -0.1461 0.9637 -0.2236
vn -0.4802 0.8767 0.0282
vn -0.4802 0.8767 0.0283
vn -0.3110 0.8646 -0.3946
vn -0.2040 0.4769 -0.8550
vn -0.2934 0.5430 -0.7868
vn -0.7833 0.4386 0.4404
vn -0.7833 0.4386 0.4405
vn 0.5106 0.3391 -0.7901
vn -0.7369 0.2537 -0.6266
vn -0.2468 -0.6247 -0.7409
vn -0.4063 0.3688 0.8360
vn -0.4064 0.3688 0.8360
vn 0.2719 0.8146 0.5124
vn -0.8984 -0.3951 0.1918
vn 0.5109 0.8275 0.2328
vn 0.5110 0.8275 0.2328
vn -0.5754 0.0924 -0.8126
vn -0.5319 0.2134 -0.8194
vn 0.6821 0.1798 -0.7088
vn -0.6833 -0.5776 -0.4466
vn -0.6821 -0.5797 -0.4457
vn 0.5887 0.3663 -0.7206
vn 0.2945 0.3652 -0.8831
vn 0.2944 0.3652 -0.8832
vn 0.6979 -0.2188 -0.6819
vn -0.1202 0.9595 0.2549
vn 0.2424 0.9696 0.0332
vn -0.7292 -0.6841 0.0147
vn 0.6046 -0.0433 0.7954
vn 0.5685 -0.5593 0.6033
vn -0.7285 -0.4403 -0.5249
vn 0.6441 0.1376 -0.7524
vn 0.6442 0.1376 -0.7524
vn -0.0697 0.9473 0.3127
vn 0.2229 -0.6835 -0.6951
vn 0.2293 -0.6823 -0.6942
vn -0.4704 0.8360 0.2824
vn 0.1583 0.9655 -0.2067
vn 0.4746 0.4315 -0.7672
vn -0.7563 0.0822 0.6490
vn -0.7563 0.0822 0.6491
vn -0.2333 -0.0747 0.9695
vn 0.0365 0.9043 -0.4253
vn -0.3268 0.5764 0.7490
vn -0.3267 0.5764 0.7490
vn -0.1933 -0.0925 0.9768
vn -0.1934 -0.0925 0.9768
vn -0.1934 -0.0926 0.9767
vn 0.3264 -0.5656 0.7573
vn 0.0843 0.2827 0.9555
vn -0.5858 -0.7139 -0.3837
vn 0.7626 0.0488 -0.6450
vn -0.3645 0.7874 -0.4972
vn -0.5875 0.0374 0.8084
vn 0.1359 0.9078 0.3967
vn -0.7879 -0.4010 -0.4673
vn -0.8034 -0.2967 -0.5163
vn -0.7366 -0.5534 -0.3888
vn 0.1503 0.8772 -0.4559
vn 0.7331 0.2426 -0.6354
vn 0.5544 0.6821 0.4769
vn -0.3604 -0.8231 -0.4388
vn -0.3604 -0.8232 -0.4388
vn 0.8194 -0.5272 0.2250
vn 0.8181 -0.5287 0.2263
vn 0.1760 -0.1870 -0.9665
vn -0.5956 0.4386 -0.6729
vn 0.1911 0.9103 0.3673
vn 0.8230 0.2171 0.5249
vn -0.3738 -0.4310 -0.8213
vn -0.3711 -0.4321 -0.8219
vn -0.3711 -0.4322 -0.8219
vn -0.5095 -0.3120 -0.8019
vn -0.8901 -0.1550 0.4285
vn -0.8901 -0.1551 0.4285
vn -0.6264 -0.1438 -0.7661
vn -0.1855 0.9644 -0.1883
vn 0.0353 0.9174 -0.3965
vn 0.0353 0.9173 -0.3965
vn 0.2690 0.9600 -0.0780
vn 0.0046 0.8093 -0.5874
vn 0.8525 -0.3803 -0.3587
vn 0.8524 -0.3803 -0.3587
vn 0.2836 0.7526 -0.5942
vn 0.2836 0.7527 -0.5942
vn 0.1538 0.7650 -0.6254
vn 0.3774 0.8435 -0.3822
vn 0.3411 0.2696 -0.9005
vn 0.4301 0.6991 -0.5712
vn 0.4317 0.6996 -0.5694
vn 0.5758 0.7928 -0.1998
vn 0.0013 0.9991 -0.0433
vn 0.0014 0.9991 -0.0432
vn 0.1120 0.9803 -0.1627
vn 0.3043 0.9082 -0.2875
vn 0.3029 0.9081 -0.2893
vn 0.3042 0.9082 -0.2875
vn 0.1970 0.7605 0.6187
vn 0.7232 0.5951 0.3506
vn -0.3264 -0.9446 -0.0350
vn -0.9445 0.2710 0.1859
vn 0.3358 0.9123 0.2344
vn 0.2618 0.9640 -0.0467
vn 0.6158 0.7839 -0.0789
vn -0.6525 0.7514 -0.0980
vn -0.6524 0.7515 -0.0980
vn -0.5355 0.2900 0.7932
vn -0.1258 0.1999 0.9717
vn -0.2162 0.2013 0.9554
vn -0.2153 0.1985 0.9562
vn 0.8410 0.3593 0.4045
vn 0.2021 0.9097 -0.3628
vn 0.2021 0.9097 -0.3629
vn 0.9258 0.3183 0.2039
vn 0.9258 0.3182 0.2039
vn -0.1469 -0.0707 0.9866
vn -0.6503 0.7459 0.1439
vn 0.6502 -0.5371 -0.5374
vn 0.6493 -0.5382 -0.5374
vn 0.5832 0.7629 0.2790
vn 0.7368 0.0179 0.6759
vn -0.1588 0.5567 0.8154
vn 0.9129 0.0667 -0.4028
vn 0.9138 0.0677 -0.4004
vn 0.4452 0.6480 -0.6180
vn 0.0818 0.0890 0.9927
vn 0.6149 0.5209 -0.5921
vn -0.9211 0.3849 -0.0582
vn -0.9211 0.3849 -0.0583
vn -0.9198 0.3855 -0.0731
vn -0.4152 0.9082 0.0527
vn -0.4171 0.9075 0.0501
vn 0.8861 0.3703 -0.2787
vn -0.3854 0.0007 0.9227
vn -0.3854 0.0007 0.9228
vn 0.6263 0.1438 0.7662
vn -0.0970 0.0199 0.9951
vn -0.0609 0.1002 0.9931
vn -0.1383 0.5485 0.8246
vn -0.3799 0.5968 0.7068
vn -0.5954 0.0655 0.8008
vn -0.7521 -0.0123 0.6590
vn -0.7474 0.0656 0.6611
vn -0.5363 0.1456 0.8314
vn -0.5362 0.1456 0.8314
vn -0.3884 0.3286 0.8609
vn -0.2465 0.1554 -0.9566
vn -0.2465 0.1553 -0.9566
vn 0.6329 0.7290 -0.2606
vn 0.2495 0.9295 -0.2715
vn 0.1753 0.7206 -0.6708
vn 0.4098 0.5714 -0.7110
vn 0.4097 0.5714 -0.7111
vn 0.4098 0.5714 -0.7111
vn 0.2885 0.4441 -0.8482
vn 0.2885 0.4441 -0.8483
vn -0.4438 0.3739 0.8144
vn -0.4439 0.3739 0.8144
vn -0.0548 0.3400 0.9388
vn -0.3379 0.8452 0.4141
vn -0.1287 0.3006 0.9450
vn -0.1286 0.3006 0.9450
vn -0.2776 -0.0746 0.9578
vn -0.7734 -0.0085 0.6338
vn -0.7734 -0.0085 0.6339
vn -0.1776 0.3845 0.9059
vn -0.1775 0.3845 0.9059
vn 0.0340 0.3469 0.9373
vn -0.1292 0.2086 0.9694
vn -0.1293 0.2086 0.9694
vn -0.6596 -0.6849 -0.3097
vn -0.6596 -0.6848 -0.3097
vn -0.6347 -0.7092 -0.3070
vn 0.1235 0.8631 -0.4896
vn -0.2256 0.7325 0.6423
vn 0.0296 0.9889 -0.1457
vn 0.3541 0.9279 0.1169
vn 0.3540 0.9279 0.1169
vn -0.3377 -0.9055 -0.2570
vn -0.3377 -0.9055 -0.2571
vn -0.2568 -0.8807 -0.3980
vn 0.2396 0.9407 -0.2401
vn 0.7185 0.3382 -0.6078
vn 0.7358 0.1910 -0.6497
vn -0.1367 0.3435 0.9291
vn -0.1368 0.3435 0.9291
vn -0.1271 0.2195 0.9673
vn -0.1272 0.2195 0.9673
vn -0.4039 0.3022 0.8635
vn -0.4039 0.3022 0.8634
vn 0.9483 -0.1542 0.2774
vn 0.8516 -0.2289 0.4716
vn 0.8516 -0.2288 0.4716
vn 0.3754 0.9188 0.1218
vn 0.4798 0.5620 -0.6738
vn -0.1102 -0.6963 0.7093
vn 0.4974 0.8675 0.0020
vn 0.4975 0.8675 0.0020
vn -0.3969 0.1366 0.9076
vn -0.3984 0.1344 0.9073
vn -0.3969 0.1367 0.9076
vn 0.2869 -0.4750 -0.8319
vn -0.2219 0.8996 0.3761
vn 0.0236 0.3609 0.9323
vn -0.3363 -0.7037 -0.6259
vn -0.5094 0.7135 -0.4811
vn -0.1635 0.9493 0.2685
vn -0.1615 0.9501 0.2669
vn -0.1636 0.9493 0.2685
vn -0.4080 0.8004 0.4391
vn -0.4482 0.8709 -0.2017
vn -0.0519 0.4145 0.9086
vn 0.6163 0.7751 -0.1393
vn -0.5599 -0.8277 0.0380
vn 0.9035 0.1020 -0.4163
vn 0.9035 0.1020 -0.4162
vn 0.0591 0.6594 0.7494
vn -0.5368 -0.4262 0.7282
vn 0.3390 0.0000 -0.9408
vn 0.4635 0.7081 -0.5327
vn 0.9996 -0.0097 -0.0269
vn 0.9997 -0.0090 -0.0215
vn 0.4666 0.5304 -0.7078
vn 0.4706 0.5317 -0.7042
vn 0.4706 0.5317 -0.7041
vn -0.8416 0.5171 0.1558
vn 0.4759 -0.7634 0.4367
vn 0.0319 0.8430 -0.5370
vn 0.2208 0.9591 -0.1769
vn -0.8685 0.4728 0.1489
vn 0.1156 0.9900 -0.0810
vn 0.1155 0.9900 -0.0810
vn 0.1764 0.9688 -0.1742
vn 0.1765 0.9688 -0.1742
vn -0.1061 0.9924 -0.0617
vn -0.1067 0.9923 -0.0624
vn 0.1729 0.8052 -0.5673
vn 0.1729 0.8051 -0.5674
vn 0.1163 0.8103 -0.5743
vn 0.3739 0.9248 -0.0699
vn 0.3739 0.9248 -0.0698
vn 0.0217 0.9633 0.2674
vn 0.1996 0.9798 0.0093
vn 0.1997 0.9798 0.0094
vn 0.4530 0.8641 -0.2193
vn -0.1836 0.9788 0.0904
vn 0.3070 0.8829 -0.3554
vn 0.3091 0.8832 -0.3527
vn 0.3328 0.9218 -0.1986
vn 0.5127 -0.3440 -0.7866
vn 0.5128 -0.3440 -0.7866
vn 0.9034 0.1815 -0.3885
vn 0.9270 0.2935 -0.2334
vn 0.3021 0.4646 0.8324
vn 0.3022 0.4646 0.8324
vn 0.0940 0.6431 -0.7600
vn 0.0949 0.7275 0.6795
vn -0.2009 0.8325 0.5163
vn -0.2008 0.8325 0.5163
vn -0.5999 0.2688 0.7536
vn 0.2488 0.7995 0.5467
vn 0.2488 0.7996 0.5466
vn 0.3008 0.9161 0.2652
vn -0.1679 0.9454 0.2793
vn 0.9554 0.0187 -0.2947
vn 0.0796 0.7823 0.6178
vn 0.1112 0.9034 0.4140
vn 0.1113 0.9034 0.4140
vn 0.0684 0.8131 0.5781
vn 0.0010 0.9470 0.3212
vn 0.0009 0.9470 0.3212
vn 0.8246 -0.0264 -0.5650
vn 0.8246 -0.0264 -0.5651
vn 0.4284 0.5500 -0.7169
vn 0.4373 0.8991 0.0187
vn 0.4353 0.9000 0.0224
vn 0.7213 -0.5692 0.3946
vn 0.4953 -0.7789 -0.3847
vn 0.8780 0.0898 -0.4702
vn -0.7308 0.4730 -0.4922
vn -0.7241 0.5849 -0.3655
vn 0.7855 -0.0352 -0.6179
vn 0.7850 -0.0352 -0.6186
vn 0.7854 -0.0352 -0.6179
vn 0.7897 0.3121 -0.5282
vn 0.7896 0.3121 -0.5282
vn 0.4633 0.5330 -0.7080
vn 0.1968 0.8311 0.5201
vn 0.7025 -0.1289 -0.6999
vn 0.7048 -0.1284 -0.6977
vn 0.3440 -0.0330 -0.9384
vn 0.3441 -0.0330 -0.9384
vn 0.6066 0.3680 -0.7047
vn 0.7666 0.4669 -0.4408
vn 0.6192 0.0161 -0.7851
vn 0.3216 0.4494 -0.8334
vn 0.4223 0.5656 0.7083
vn 0.7704 0.0469 -0.6358
vn 0.7705 0.0469 -0.6357
vn 0.8332 0.2642 -0.4858
vn 0.8331 0.2642 -0.4859
vn 0.7197 0.1326 -0.6815
vn 0.7187 0.1380 -0.6815
vn 0.4865 0.0969 -0.8683
vn 0.6610 0.4262 -0.6176
vn 0.6610 0.4262 -0.6177
vn 0.9293 0.1987 -0.3114
vn 0.3840 0.4702 -0.7946
vn 0.7049 0.5556 -0.4409
vn 0.7049 0.5556 -0.4410
vn 0.7440 0.2162 -0.6322
vn 0.7419 0.2158 -0.6348
vn 0.8421 -0.5388 -0.0224
vn 0.9116 0.2517 -0.3249
vn 0.4702 0.8819 -0.0340
vn -0.5101 0.8499 0.1319
vn 0.7049 0.6247 -0.3360
vn 0.7143 0.3606 -0.5998
vn 0.5127 0.7390 -0.4370
vn 0.5113 0.7388 -0.4390
vn 0.5146 0.5985 -0.6139
vn 0.5146 0.5985 -0.6140
vn 0.7972 0.6037 0.0013
vn 0.7973 0.6036 0.0013
vn 0.1069 0.3481 0.9313
vn 0.7347 0.4008 -0.5474
vn 0.7371 0.4012 -0.5439
vn 0.9701 -0.1591 -0.1835
vn 0.9704 -0.1583 -0.1826
vn 0.9700 -0.1591 -0.1836
vn 0.6098 0.6753 -0.4149
vn 0.6098 0.6753 -0.4148
vn -0.9293 -0.1619 -0.3319
vn 0.4363 0.7772 -0.4535
vn -0.2908 0.8486 0.4420
vn -0.1012 0.8656 0.4904
vn -0.1548 0.0652 0.9858
vn 0.0628 0.0758 0.9951
vn 0.3408 -0.0051 0.9401
vn -0.2392 -0.8883 0.3919
vn -0.2392 -0.8883 0.3920
vn -0.2392 -0.8884 0.3919
vn -0.0920 0.9932 0.0709
vn 0.2254 -0.9721 -0.0650
vn 0.2267 -0.9719 -0.0634
vn 0.4089 0.8051 -0.4296
vn 0.4070 0.8048 -0.4321
vn -0.3385 0.8043 -0.4884
vn 0.0812 -0.9781 -0.1915
vn 0.6170 -0.3907 0.6831
vn 0.6170 -0.3906 0.6831
vn 0.9055 0.4076 0.1183
vn -0.4063 0.2161 0.8878
vn -0.4085 0.2208 0.8857
vn 0.0756 0.9720 0.2227
vn 0.8931 0.0077 -0.4498
vn 0.8931 0.0077 -0.4497
vn 0.0168 0.9900 -0.1401
vn 0.0188 0.9903 -0.1377
vn -0.8672 0.0566 -0.4947
vn 0.3740 -0.8831 -0.2834
vn 0.3741 -0.8830 -0.2834
vn 0.4528 0.8753 -0.1697
vn 0.4450 0.8921 0.0786
vn 0.0202 -0.5810 0.8137
vn 0.0172 -0.5778 0.8160
vn 0.0189 -0.5780 0.8158
vn 0.0460 0.8469 -0.5298
vn 0.0134 0.9734 -0.2289
vn 0.0139 0.9735 -0.2283
vn -0.1392 0.9860 0.0916
vn -0.1393 0.9860 0.0916
vn 0.7813 0.6141 0.1114
vn 0.4824 0.8257 0.2924
vn -0.0205 0.5879 -0.8087
vn 0.0829 0.9716 0.2216
vn -0.1539 0.4379 0.8858
vn 0.9380 -0.2300 0.2594
vn -0.2043 0.9437 -0.2601
vn -0.1578 0.9864 -0.0452
vn -0.1771 0.9586 0.2228
vn -0.1772 0.9586 0.2228
vn -0.3442 0.2398 0.9077
vn -0.3443 0.2398 0.9077
vn -0.9967 0.0079 -0.0813
vn -0.8100 0.1235 0.5733
vn -0.8100 0.1206 0.5739
vn -0.1118 0.0447 0.9927
vn -0.1119 0.0447 0.9927
vn -0.8087 0.1180 0.5762
vn 0.2928 -0.9560 0.0177
vn 0.8985 -0.3313 -0.2879
vn 0.9003 -0.3249 -0.2896
vn 0.4111 0.7250 0.5525
vn 0.2812 -0.2881 0.9154
vn 0.3596 0.7658 0.5332
vn -0.1683 0.9189 -0.3568
vn 0.2066 0.5813 -0.7870
vn 0.2066 0.5814 -0.7870
vn 0.0912 0.4635 -0.8814
vn -0.3133 0.0757 0.9466
vn 0.6105 0.7165 -0.3374
vn 0.6106 0.7165 -0.3374
vn 0.6121 0.7155 -0.3366
vn -0.1523 0.3202 0.9350
vn -0.5377 0.2052 0.8178
vn 0.5053 -0.0230 -0.8626
vn -0.6556 0.3441 0.6721
vn 0.3801 0.3226 -0.8669
vn -0.2539 0.3673 -0.8948
vn 0.4744 0.6310 -0.6138
vn 0.4745 0.6310 -0.6138
vn 0.1183 0.6920 -0.7122
vn 0.1184 0.6920 -0.7122
vn 0.4380 0.3802 -0.8146
vn 0.7677 -0.2328 -0.5970
vn 0.7670 -0.2330 -0.5979
vn 0.2311 0.3030 -0.9245
vn 0.2310 0.3030 -0.9246
vn 0.0851 0.3806 -0.9208
vn 0.7071 0.0221 -0.7067
vn 0.7105 0.0229 -0.7034
vn 0.5145 -0.2665 -0.8150
vn 0.3942 0.1192 -0.9113
vn 0.1455 -0.0705 -0.9868
vn 0.1456 -0.0705 -0.9868
vn 0.4715 0.6504 -0.5956
vn 0.4715 0.6504 -0.5955
vn -0.2214 0.2981 -0.9285
vn -0.0442 0.4375 -0.8981
vn 0.0530 0.0125 0.9985
vn 0.0377 0.1692 0.9849
vn 0.6800 0.7185 0.1460
vn 0.4290 -0.3034 -0.8508
vn 0.4291 -0.3034 -0.8508
vn 0.5903 0.7461 -0.3081
vn 0.6154 0.5853 -0.5280
vn 0.6144 0.5851 -0.5293
vn 0.4198 0.6130 -0.6693
vn 0.8629 0.3330 -0.3802
vn 0.7543 0.3141 -0.5765
vn 0.4591 0.5436 -0.7027
vn 0.4590 0.5436 -0.7027
vn 0.1504 -0.9504 0.2722
vn 0.4119 -0.1897 -0.8913
vn 0.4118 -0.1897 -0.8913
vn 0.1919 0.4411 -0.8767
vn 0.7331 0.5086 -0.4515
vn 0.5695 0.1066 -0.8151
vn 0.5694 0.1066 -0.8151
vn 0.9069 0.1874 -0.3774
vn 0.9069 0.1874 -0.3773
vn -0.3242 -0.5097 0.7969
vn -0.0522 0.9857 -0.1599
vn -0.0522 0.9858 -0.1599
vn 0.8277 0.3589 -0.4315
vn 0.8276 0.3589 -0.4315
vn -0.2540 0.1070 0.9613
vn -0.2541 0.1070 0.9612
vn 0.6411 0.5998 -0.4788
vn -0.1259 0.6435 -0.7550
vn -0.1583 0.6286 -0.7614
vn -0.1583 0.6287 -0.7614
vn 0.4285 0.8238 -0.3711
vn 0.1944 0.7608 -0.6192
vn 0.4495 0.8076 -0.3817
vn -0.2629 0.9604 -0.0927
vn -0.2628 0.9604 -0.0927
vn -0.1656 0.9853 0.0421
vn -0.1671 0.9851 0.0404
vn -0.0347 0.9652 0.2593
vn 0.0006 0.9955 -0.0949
vn -0.0008 0.9953 -0.0966
vn -0.4882 -0.8715 -0.0468
vn -0.1096 0.9503 0.2914
vn -0.0231 0.9781 0.2069
vn -0.5099 -0.8522 -0.1172
vn -0.0138 0.9656 0.2595
vn 0.0732 -0.3693 0.9264
vn 0.0724 -0.3695 0.9264
vn 0.0245 0.9122 -0.4091
vn 0.0492 0.7802 -0.6236
vn -0.2661 0.7926 -0.5486
vn -0.2690 0.7917 -0.5485
vn -0.2660 0.7926 -0.5486
vn 0.5059 0.0461 -0.8614
vn -0.9472 0.0049 0.3205
vn -0.9655 0.0466 0.2563
vn -0.9363 -0.1374 0.3232
vn -0.2382 0.1060 0.9654
vn -0.6328 0.7591 -0.1529
vn 0.7218 0.2140 -0.6582
vn 0.6059 0.3406 -0.7190
vn 0.6059 0.3406 -0.7189
vn 0.6281 0.2644 -0.7318
vn 0.7141 0.2359 -0.6591
vn 0.7914 0.1498 -0.5926
vn 0.7489 0.2238 -0.6238
vn 0.7489 0.2238 -0.6237
vn -0.0044 0.0315 -0.9995
vn 0.7434 0.4481 -0.4966
vn 0.7634 0.3672 -0.5314
vn 0.7635 0.3672 -0.5313
vn 0.1669 0.1650 -0.9721
vn -0.2171 0.2041 0.9546
vn 0.1758 -0.1011 0.9792
vn 0.1759 -0.1010 0.9792
vn 0.1771 -0.1002 0.9791
vn 0.2036 -0.0571 0.9774
vn 0.0355 -0.1996 0.9792
vn -0.1055 0.2001 0.9741
vn 0.0956 0.0779 0.9924
vn 0.2691 -0.1637 0.9491
vn 0.2176 -0.0085 0.9760
vn 0.0952 -0.0974 0.9907
vn 0.1375 -0.1138 0.9839
vn 0.1087 0.0524 0.9927
vn 0.0350 -0.3694 0.9286
vn 0.0350 -0.3695 0.9286
vn 0.1388 -0.0865 0.9865
vn 0.1249 0.0264 0.9918
vn 0.0429 -0.0939 0.9947
vn 0.0680 -0.0792 0.9945
vn 0.0679 -0.0792 0.9945
vn -0.0023 0.1598 0.9871
vn -0.3280 0.5894 -0.7382
vn 0.9816 0.1146 0.1530
vn 0.9742 0.2101 0.0821
vn 0.9755 0.1944 0.1032
vn -0.1014 0.1837 0.9777
vn 0.5499 0.3934 -0.7368
vn -0.5123 0.8295 0.2226
vn -0.5123 0.8295 0.2225
vn -0.3636 0.8714 0.3294
vn -0.6260 0.7422 0.2393
vn 0.8447 0.5041 -0.1802
vn 0.0293 -0.9681 -0.2487
vn 0.8942 0.4337 -0.1105
vn 0.9210 0.3862 -0.0505
vn -0.8661 0.1130 0.4870
vn -0.7825 0.0825 0.6172
vn -0.0804 -0.9465 -0.3124
vn -0.0105 -0.9627 -0.2703
vn 0.0429 -0.9238 -0.3806
vn 0.0430 -0.9237 -0.3806
vn -0.4603 0.7167 0.5239
vn -0.5552 0.5228 0.6469
vn 0.3116 -0.3179 0.8955
vn 0.2682 -0.4735 0.8390
vn 0.3089 -0.4185 0.8541
vn 0.3204 -0.5155 0.7948
vn 0.3204 -0.5155 0.7947
vn 0.0015 -0.2939 0.9558
vn 0.4090 -0.3270 0.8520
vn 0.2613 -0.3858 0.8848
vn 0.3495 -0.3795 0.8566
vn 0.3462 -0.4233 0.8372
vn -0.1359 0.4646 0.8750
vn -0.0167 -0.0195 0.9997
vn 0.1099 0.0371 0.9933
vn -0.0869 0.4138 0.9062
vn -0.0870 0.4138 0.9062
vn -0.0440 0.4757 0.8785
vn -0.1381 0.5014 0.8541
vn -0.1382 0.5014 0.8541
vn -0.5447 -0.8190 -0.1803
vn -0.5979 -0.7815 -0.1781
vn 0.4949 0.8664 0.0661
vn 0.4950 0.8664 0.0661
vn 0.4862 0.2621 0.8336
vn 0.4074 0.2771 0.8702
vn 0.4080 0.0969 0.9078
vn 0.4079 0.0969 0.9079
vn 0.5415 0.3875 0.7460
vn 0.3901 0.3288 0.8601
vn -0.2755 0.8228 -0.4971
vn 0.4291 0.2583 0.8655
vn 0.6612 0.4891 0.5689
vn 0.3409 0.8736 -0.3474
vn 0.2217 0.9539 -0.2025
vn 0.2217 0.9538 -0.2026
vn -0.0217 0.6925 -0.7211
vn 0.8323 -0.5338 0.1492
vn 0.6778 0.7349 0.0225
vn 0.2155 0.6466 -0.7318
vn 0.2180 0.6479 -0.7299
vn 0.2131 0.6453 -0.7336
vn 0.2028 0.6795 -0.7051
vn 0.3867 0.5163 -0.7641
vn 0.2068 0.5117 -0.8339
vn 0.2802 0.4993 -0.8199
vn 0.2801 0.4993 -0.8199
vn -0.0210 0.4869 0.8732
vn 0.7065 0.5896 -0.3915
vn 0.5853 0.5953 -0.5505
vn 0.4837 0.7422 -0.4639
vn 0.4837 0.7422 -0.4638
vn 0.7468 0.4770 -0.4634
vn 0.7468 0.4770 -0.4633
vn 0.3949 0.7735 -0.4958
vn 0.3949 0.7734 -0.4958
vn 0.4436 0.7836 -0.4349
vn 0.2210 0.2147 0.9513
vn 0.5203 0.8405 -0.1512
vn 0.6645 0.7249 -0.1815
vn 0.6644 0.7250 -0.1815
vn 0.6645 0.7250 -0.1815
vn -0.1435 -0.0527 0.9882
vn -0.4106 0.2254 0.8835
vn -0.2398 -0.1475 0.9596
vn -0.2398 -0.1475 0.9595
vn -0.0941 0.0751 0.9927
vn -0.1719 -0.0192 0.9849
vn 0.7709 0.4810 0.4175
vn 0.7548 0.4970 0.4281
vn 0.7086 0.5758 0.4079
vn 0.8929 0.4301 -0.1333
vn 0.8929 0.4301 -0.1334
vn 0.3514 -0.6299 0.6927
vn 0.2721 -0.6497 0.7099
vn 0.2721 -0.6496 0.7099
vn 0.4695 -0.6555 0.5915
vn 0.4046 -0.6658 0.6269
vn 0.4046 -0.6657 0.6269
vn 0.2935 -0.6350 0.7146
vn 0.3722 -0.4658 0.8028
vn 0.3723 -0.4658 0.8028
vn 0.3596 -0.7039 0.6126
vn 0.3775 -0.6843 0.6239
vn 0.4495 -0.4727 0.7579
vn 0.4495 -0.4727 0.7580
vn 0.3953 -0.6751 0.6229
vn 0.3619 -0.6494 0.6689
vn 0.2289 -0.8063 0.5454
vn 0.2289 -0.8064 0.5453
vn 0.0131 -0.8113 0.5845
vn 0.0131 -0.8113 0.5844
vn 0.2954 -0.7808 0.5505
vn 0.3343 -0.7425 0.5804
vn 0.3343 -0.7425 0.5805
vn 0.1442 0.8792 0.4541
vn 0.0815 -0.8205 0.5658
vn 0.2263 -0.7489 0.6229
vn 0.2263 -0.7489 0.6228
vn 0.1856 0.7765 0.6022
vn 0.3541 0.7308 0.5836
vn 0.3541 0.7307 0.5836
vn 0.1651 0.9858 -0.0310
vn 0.1685 0.9851 -0.0339
vn 0.1652 0.9858 -0.0310
vn 0.2670 0.4723 -0.8400
vn 0.7881 0.0718 -0.6114
vn 0.7894 0.0721 -0.6097
vn -0.3641 -0.0936 0.9266
vn -0.3641 -0.0936 0.9267
vn -0.3600 -0.0684 0.9304
vn -0.3893 0.0961 0.9161
vn -0.5436 0.0440 0.8382
vn -0.1211 0.1471 0.9817
vn -0.3284 -0.0431 0.9436
vn -0.7029 -0.3587 -0.6143
vn -0.5223 -0.6729 -0.5239
vn -0.6410 -0.6842 -0.3478
vn -0.5935 -0.6743 -0.4394
vn -0.6838 -0.6807 -0.2628
vn -0.7428 -0.6231 -0.2452
vn -0.8363 -0.5252 -0.1574
vn -0.8682 -0.4806 -0.1237
vn -0.8291 -0.4502 -0.3316
vn -0.8291 -0.4501 -0.3316
vn -0.8209 -0.5202 -0.2358
vn -0.8202 -0.5209 -0.2365
vn -0.8208 -0.5202 -0.2358
vn -0.8312 -0.5265 -0.1787
vn -0.7868 -0.4212 -0.4512
vn -0.8215 -0.5196 -0.2350
vn -0.7782 -0.5615 -0.2813
vn -0.8039 -0.5738 -0.1565
vn -0.8032 -0.5244 -0.2827
vn -0.8032 -0.5243 -0.2827
vn -0.5836 -0.7232 -0.3693
vn -0.8186 -0.5507 -0.1634
vn -0.8190 -0.5634 -0.1091
vn -0.8635 -0.4947 -0.0981
vn -0.8635 -0.4947 -0.0980
vn -0.2055 -0.2019 -0.9576
vn -0.0945 -0.1199 -0.9883
vn -0.1735 -0.2756 -0.9455
vn 0.4221 0.4317 -0.7972
vn -0.2206 -0.2149 -0.9514
vn -0.1246 0.9180 0.3764
vn 0.0195 0.9069 0.4208
vn 0.0195 0.9070 0.4208
vn -0.1265 0.9023 0.4122
vn -0.1264 0.9023 0.4122
vn 0.9804 0.1702 -0.0991
vn -0.5285 0.0051 -0.8489
vn -0.4448 -0.1520 -0.8826
vn -0.4449 -0.1520 -0.8826
vn -0.4081 0.0047 -0.9129
vn 0.9488 0.2338 -0.2122
vn -0.1656 0.8841 0.4369
vn -0.1655 0.8842 0.4369
vn -0.1655 0.8841 0.4369
vn -0.1422 0.8626 0.4855
vn -0.1493 0.8615 0.4854
vn -0.1353 0.8636 0.4858
vn 0.8494 0.0673 -0.5235
vn 0.5714 0.1411 -0.8085
vn -0.0374 0.2292 -0.9727
vn -0.0375 0.2292 -0.9727
vn -0.0289 0.2059 -0.9781
vn 0.0306 -0.0096 -0.9995
vn 0.5425 0.0541 -0.8383
vn -0.1136 0.0990 -0.9886
vn -0.1137 0.0990 -0.9886
vn 0.5902 0.0106 -0.8072
vn 0.5999 -0.0226 -0.7998
vn -0.1661 -0.5019 0.8488
vn 0.6069 -0.0360 -0.7940
vn -0.0691 0.5079 0.8587
vn -0.3349 0.2823 0.8990
vn -0.0898 -0.5770 0.8118
vn -0.0832 -0.5770 0.8125
vn 0.5823 0.1074 -0.8058
vn -0.0765 -0.5771 0.8131
vn -0.5290 -0.6871 -0.4980
vn -0.5786 -0.7477 0.3258
vn -0.5862 -0.7482 0.3109
vn -0.5862 -0.7482 0.3108
vn -0.5799 -0.7413 0.3379
vn -0.5776 -0.7485 0.3259
vn 0.6864 0.4454 -0.5749
vn -0.5763 -0.7496 0.3256
vn -0.6070 -0.7349 0.3023
vn 0.6136 0.1719 -0.7707
vn -0.0252 -0.8144 -0.5797
vn -0.1187 -0.8435 -0.5238
vn -0.1186 -0.8435 -0.5238
vn 0.5053 0.3504 -0.7886
vn 0.5460 0.0867 -0.8333
vn 0.5460 0.0868 -0.8333
vn 0.7229 0.3664 -0.5858
vn -0.7628 -0.1625 -0.6259
vn 0.4218 0.2846 -0.8609
vn 0.4218 0.2846 -0.8608
vn 0.4699 0.3829 -0.7953
vn 0.4699 0.3829 -0.7954
vn -0.6630 -0.2100 -0.7185
vn 0.3908 0.8029 -0.4501
vn 0.3917 0.8031 -0.4489
vn -0.7347 -0.1898 -0.6513
vn 0.6700 -0.7045 -0.2340
vn 0.7050 -0.6917 -0.1565
vn 0.7769 -0.5941 -0.2083
vn 0.7226 -0.6661 -0.1849
vn 0.7251 -0.6681 -0.1671
vn 0.5774 0.1300 -0.8061
vn 0.1272 0.2819 0.9510
vn -0.0878 0.2929 0.9521
vn -0.3757 -0.9127 -0.1609
vn -0.0286 0.3954 0.9181
vn -0.4438 0.3668 0.8176
vn -0.4439 0.3668 0.8176
vn -0.4912 0.3370 0.8032
vn -0.4913 0.3370 0.8032
vn -0.5372 0.3357 0.7738
vn -0.5431 -0.6255 -0.5602
vn -0.5394 -0.6298 -0.5589
vn -0.7542 -0.4908 -0.4362
vn -0.6698 -0.4836 -0.5635
vn -0.6802 -0.6936 -0.2371
vn -0.6061 -0.6714 -0.4264
vn -0.5320 -0.7262 -0.4355
vn -0.6209 -0.6958 -0.3610
vn -0.5374 -0.6048 -0.5877
vn -0.5375 -0.6048 -0.5876
vn -0.6684 -0.4566 -0.5872
vn -0.5948 -0.6114 -0.5219
vn -0.6661 -0.5074 -0.5468
vn -0.6660 -0.5074 -0.5468
vn -0.6758 -0.6064 -0.4190
vn -0.5467 -0.7663 -0.3375
vn -0.5182 -0.7441 -0.4218
vn -0.5182 -0.7440 -0.4218
vn -0.6686 -0.4977 -0.5525
vn -0.6686 -0.4978 -0.5525
vn -0.3873 -0.7107 -0.5873
vn -0.6654 -0.6479 -0.3707
vn -0.6238 -0.6569 -0.4235
vn -0.7841 -0.5367 -0.3117
vn -0.5467 -0.6211 -0.5616
vn -0.5502 -0.6724 -0.4951
vn -0.6140 -0.7257 -0.3106
vn -0.5859 -0.6607 -0.4693
vn -0.5675 -0.6874 -0.4533
vn -0.4794 -0.6259 -0.6152
vn -0.6448 -0.6075 -0.4638
vn 0.2771 0.8120 -0.5137
vn 0.2773 0.8142 -0.5101
vn 0.2771 0.8119 -0.5138
vn 0.1516 0.8276 -0.5405
vn 0.1517 0.8276 -0.5405
vn 0.2687 0.7113 -0.6495
vn 0.1708 0.8484 -0.5010
vn 0.1708 0.8484 -0.5011
vn 0.1806 0.8487 -0.4971
vn 0.1949 0.7275 -0.6578
vn 0.2090 0.8269 -0.5221
vn 0.9668 -0.2522 -0.0411
vn 0.2768 0.8097 -0.5174
vn 0.3223 0.8270 -0.4607
vn 0.7732 0.2976 0.5600
vn -0.0797 0.3158 0.9455
vn -0.2888 0.4046 0.8677
vn -0.2129 0.3692 0.9046
vn -0.2228 0.2918 0.9302
vn 0.6921 0.2294 0.6844
vn 0.7042 0.3044 0.6414
vn 0.7058 0.3027 0.6405
vn 0.7521 0.2997 0.5870
vn 0.7083 0.3160 0.6312
vn 0.6101 0.3791 0.6958
vn 0.1367 0.9024 -0.4087
vn 0.7073 0.3010 0.6396
vn -0.0052 0.9967 -0.0815
vn -0.0079 0.9964 -0.0847
vn -0.2527 0.9098 -0.3293
vn -0.2528 0.9098 -0.3293
vn -0.4390 0.8960 -0.0669
vn 0.0446 0.1613 -0.9859
vn -0.0382 0.9486 -0.3141
vn -0.3957 0.8862 -0.2411
vn -0.3958 0.8861 -0.2411
vn 0.1392 0.1082 -0.9843
vn 0.8378 -0.3483 -0.4205
vn 0.8377 -0.3483 -0.4206
vn 0.8069 0.0954 -0.5829
vn 0.9843 -0.0422 -0.1716
vn 0.9843 -0.0422 -0.1715
vn 0.7495 -0.4957 -0.4387
vn 0.7495 -0.4957 -0.4388
vn 0.8925 0.1464 -0.4266
vn 0.8232 0.1171 -0.5555
vn 0.7043 0.0202 -0.7096
vn 0.7044 0.0202 -0.7096
vn 0.8529 -0.0472 -0.5200
vn 0.8528 -0.0472 -0.5200
vn 0.7060 0.0447 -0.7068
vn -0.8161 0.5368 -0.2140
vn -0.8174 0.5356 -0.2121
vn -0.8315 0.5537 -0.0448
vn -0.8148 0.5381 -0.2159
vn 0.3201 -0.9048 0.2810
vn 0.3754 -0.9204 0.1093
vn 0.3753 -0.9204 0.1093
vn 0.5253 0.6484 -0.5511
vn 0.3300 -0.9228 0.1988
vn 0.2934 -0.8889 0.3517
vn 0.2935 -0.8889 0.3517
vn 0.3834 -0.8755 0.2943
vn 0.4075 -0.8386 0.3614
vn 0.7333 0.6614 -0.1575
vn 0.7342 0.6599 -0.1594
vn 0.6455 0.7079 -0.2866
vn 0.7387 0.6316 -0.2356
vn 0.6724 -0.7239 0.1546
vn 0.6724 -0.7239 0.1547
vn 0.6758 -0.7203 0.1563
vn 0.7324 0.6629 -0.1555
vn 0.7604 -0.6494 0.0045
vn 0.7605 -0.6494 0.0045
vn 0.0016 0.9714 -0.2376
vn 0.6690 -0.7274 0.1529
vn 0.0568 0.9966 -0.0597
vn 0.0568 0.9966 -0.0598
vn -0.0822 0.9320 -0.3531
vn 0.0246 0.9838 -0.1776
vn -0.5011 0.8604 -0.0928
vn -0.5057 0.8576 -0.0939
vn -0.5051 0.8580 -0.0930
vn -0.2440 0.9435 -0.2240
vn -0.2440 0.9436 -0.2240
vn 0.2437 0.9672 -0.0711
vn -0.5876 0.7818 -0.2084
vn -0.5876 0.7818 -0.2085
vn -0.3334 0.9045 -0.2661
vn -0.4366 0.8669 -0.2407
vn -0.4401 0.8637 -0.2455
vn -0.4462 0.8876 -0.1140
vn -0.4462 0.8877 -0.1139
vn -0.4180 0.9072 -0.0471
vn -0.3721 0.9272 -0.0429
vn -0.3722 0.9272 -0.0429
vn -0.4563 0.8898 -0.0031
vn -0.4332 0.8699 -0.2358
vn -0.5187 0.8369 -0.1746
vn -0.5187 0.8370 -0.1746
vn -0.3653 0.9306 0.0227
vn -0.3653 0.9306 0.0226
vn -0.6348 0.7627 -0.1237
vn -0.6348 0.7627 -0.1238
vn -0.3795 0.8375 -0.3931
vn -0.5186 0.8323 -0.1958
vn -0.5186 0.8323 -0.1957
vn -0.4448 0.8924 -0.0762
vn -0.4448 0.8924 -0.0763
vn -0.3403 0.9108 -0.2339
vn -0.4527 0.8783 -0.1535
vn -0.4528 0.8783 -0.1535
vn -0.4686 0.8834 0.0095
vn -0.4685 0.8834 0.0095
vn -0.5092 0.8556 -0.0933
vn 0.5184 -0.8543 -0.0370
vn 0.6214 -0.7648 -0.1700
vn 0.6501 -0.7510 0.1153
vn -0.0193 0.7543 -0.6562
vn -0.2436 0.4659 -0.8506
vn -0.2436 0.4658 -0.8507
vn -0.1629 0.5708 -0.8048
vn -0.7879 0.3357 0.5162
vn -0.7880 0.3357 0.5161
vn -0.2227 0.6703 -0.7079
vn -0.2227 0.6702 -0.7079
vn -0.2516 0.5608 -0.7888
vn -0.2284 0.6287 -0.7434
vn -0.7428 0.3112 0.5928
vn -0.7448 0.3107 0.5905
vn -0.7211 0.5853 0.3707
vn -0.7460 0.4948 0.4458
vn -0.7450 0.4951 0.4471
vn -0.7460 0.4948 0.4457
vn 0.6597 0.3797 -0.6485
vn -0.6198 0.3222 -0.7156
vn -0.6198 0.3223 -0.7155
vn -0.1999 -0.5248 -0.8274
vn -0.2000 -0.5248 -0.8274
vn 0.5400 0.7896 -0.2915
vn -0.4024 -0.6870 -0.6051
vn -0.3011 -0.6455 -0.7019
vn -0.3603 -0.6282 -0.6896
vn -0.2469 -0.6989 -0.6713
vn -0.2300 -0.6569 -0.7181
vn 0.4696 0.7626 -0.4450
vn 0.5030 0.7402 -0.4462
vn 0.0948 0.8455 0.5256
vn 0.0948 0.8455 0.5255
vn 0.1676 0.9302 0.3266
vn 0.1988 0.8226 0.5327
vn 0.1852 0.7889 0.5860
vn 0.2074 0.7998 0.5634
vn 0.2074 0.7997 0.5634
vn -0.3658 0.4354 0.8226
vn -0.3651 0.4396 0.8206
vn -0.3651 0.4396 0.8207
vn -0.3645 0.4436 0.8188
vn -0.8869 -0.4441 0.1272
vn -0.8816 -0.4063 0.2403
vn -0.8692 -0.4352 0.2349
vn -0.8692 -0.4352 0.2348
vn -0.8742 -0.3336 0.3529
vn 0.5815 0.7474 0.3213
vn 0.4165 0.8180 0.3966
vn -0.5645 0.0858 -0.8210
vn -0.2832 0.1521 0.9469
vn -0.5658 0.0849 -0.8201
vn -0.2712 0.1891 0.9438
vn -0.1220 0.1773 0.9766
vn -0.1219 0.1773 0.9766
vn 0.9305 0.0895 -0.3552
vn 0.9305 0.0895 -0.3553
vn -0.6844 -0.5756 -0.4475
vn -0.6767 -0.5533 -0.4858
vn 0.2608 0.5327 -0.8051
vn 0.1592 0.5824 -0.7971
vn 0.0043 0.5752 -0.8180
vn -0.0252 0.5868 -0.8093
vn -0.0252 0.5869 -0.8093
vn 0.0897 0.5671 -0.8188
vn 0.7216 0.0178 -0.6921
vn 0.7216 0.0178 -0.6920
vn 0.2157 0.4786 -0.8511
vn 0.3108 0.4151 -0.8550
vn 0.3114 0.4162 -0.8543
vn 0.3113 0.4162 -0.8543
vn 0.2626 0.5892 -0.7641
vn 0.2626 0.5892 -0.7642
vn 0.2626 0.5891 -0.7642
vn 0.3118 0.4173 -0.8536
vn 0.6755 -0.1686 -0.7178
vn 0.6632 -0.3151 -0.6789
vn 0.6631 -0.3151 -0.6789
vn 0.6705 -0.3640 -0.6464
vn 0.6706 -0.3640 -0.6464
vn 0.4840 -0.6696 -0.5634
vn 0.7190 -0.4271 -0.5482
vn -0.3701 0.9137 -0.1678
vn -0.3701 0.9137 -0.1679
vn 0.7310 -0.3925 -0.5582
vn 0.7309 -0.3925 -0.5583
vn 0.4698 -0.4145 -0.7794
vn 0.6121 -0.3054 -0.7294
vn 0.6540 -0.1236 -0.7463
vn -0.2622 0.9261 0.2712
vn -0.2622 0.9261 0.2711
vn -0.2993 0.9465 0.1203
vn -0.3002 0.9464 0.1192
vn -0.2994 0.9465 0.1202
vn 0.2035 0.9720 0.1174
vn 0.0149 0.9897 -0.1425
vn -0.3821 0.8664 0.3216
vn 0.1101 0.9838 -0.1415
vn 0.6004 0.1022 0.7931
vn 0.6170 -0.1287 0.7764
vn 0.5934 -0.0754 0.8014
vn 0.5843 -0.6358 0.5044
vn 0.5931 -0.6590 0.4625
vn 0.5169 -0.6051 0.6055
vn 0.5096 -0.5572 0.6557
vn 0.6492 -0.3241 0.6881
vn 0.6742 -0.3040 0.6730
vn 0.6742 -0.3041 0.6730
vn 0.3678 -0.4914 0.7895
vn -0.7241 -0.3257 -0.6080
vn 0.7418 0.1599 -0.6513
vn 0.7418 0.1599 -0.6512
vn -0.0910 0.9787 0.1841
vn 0.0643 0.9673 0.2453
vn 0.3933 -0.5817 -0.7120
vn 0.3932 -0.5817 -0.7120
vn 0.3505 -0.6897 -0.6337
vn 0.2165 -0.6846 -0.6960
vn 0.2079 -0.7041 -0.6790
vn -0.4823 0.8731 0.0710
vn 0.4111 -0.6194 -0.6688
vn -0.3897 0.9038 0.1771
vn -0.3896 0.9038 0.1771
vn -0.4748 0.8292 0.2950
vn -0.4749 0.8291 0.2950
vn -0.3517 0.8803 0.3183
vn -0.7664 0.5780 0.2803
vn 0.0344 0.9336 -0.3568
vn 0.0344 0.9335 -0.3568
vn -0.5274 0.8120 0.2500
vn -0.4360 0.8606 0.2633
vn -0.4360 0.8606 0.2634
vn -0.4661 0.8466 0.2569
vn -0.6243 0.0653 0.7785
vn -0.2112 0.8693 0.4468
vn -0.2170 0.8651 0.4522
vn -0.2141 0.8669 0.4503
vn -0.3272 0.8763 0.3537
vn -0.3271 0.8763 0.3537
vn -0.3050 0.9059 0.2937
vn -0.2200 0.8617 0.4573
vn -0.0822 0.9213 0.3800
vn -0.3071 0.9316 0.1945
vn -0.2083 0.8702 0.4466
vn -0.3015 0.8736 0.3819
vn -0.2824 0.5940 0.7532
vn -0.2502 0.7113 0.6569
vn -0.1179 0.0672 0.9907
vn -0.1179 0.0672 0.9908
vn -0.0167 0.3643 0.9311
vn -0.3270 0.8517 -0.4096
vn -0.3270 0.8517 -0.4095
vn 0.8482 -0.0607 -0.5262
vn 0.8130 -0.2667 -0.5176
vn 0.8146 -0.2663 -0.5152
vn 0.7639 -0.1520 -0.6272
vn -0.3540 0.2514 0.9008
vn -0.7355 -0.6506 -0.1891
vn -0.7343 -0.6530 -0.1855
vn -0.7355 -0.6506 -0.1890
vn -0.4994 0.1687 0.8498
vn -0.4849 0.1858 0.8546
vn -0.4999 0.1871 0.8456
vn -0.4999 0.1872 0.8456
vn -0.6182 -0.7567 -0.2126
vn -0.6262 -0.7113 -0.3192
vn -0.7366 -0.6483 -0.1927
vn -0.6996 -0.6540 -0.2880
vn -0.6996 -0.6539 -0.2880
vn -0.8541 -0.2154 -0.4734
vn -0.7877 -0.2942 -0.5412
vn 0.1226 0.9104 -0.3952
vn 0.7955 0.1825 -0.5779
vn 0.0902 0.8240 -0.5594
vn 0.3134 0.8529 -0.4175
vn 0.1289 0.8240 -0.5518
vn 0.1289 0.8239 -0.5518
vn 0.4802 0.7757 0.4095
vn 0.5133 0.7951 0.3230
vn 0.2593 0.8234 0.5047
vn 0.2592 0.8234 0.5047
vn 0.4622 0.7600 0.4570
vn 0.5385 0.7216 0.4350
vn 0.5385 0.7217 0.4350
vn 0.5098 0.7256 0.4622
vn 0.4761 0.6870 0.5490
vn 0.6207 0.7342 0.2752
vn 0.6216 0.7341 0.2734
vn 0.6983 0.5484 0.4601
vn 0.0627 -0.1059 -0.9924
vn 0.6198 0.7342 0.2771
vn 0.8484 -0.5073 0.1511
vn 0.8207 -0.5257 0.2237
vn 0.8042 -0.5335 0.2620
vn 0.2028 -0.1675 -0.9648
vn 0.1140 0.8984 0.4241
vn -0.5728 0.4297 -0.6980
vn -0.5728 0.4297 -0.6981
vn -0.5114 0.3597 -0.7805
vn -0.5256 0.4906 -0.6950
vn -0.5256 0.4906 -0.6951
vn 0.1397 0.9485 0.2844
vn 0.1397 0.9484 0.2845
vn -0.0645 0.1609 0.9849
vn 0.6319 0.6124 0.4751
vn 0.8198 0.4481 0.3565
vn 0.7935 0.5146 0.3249
vn 0.8215 0.4696 0.3234
vn -0.5992 -0.4603 -0.6550
vn -0.4446 -0.3235 -0.8352
vn -0.2835 -0.4326 -0.8559
vn -0.3684 -0.4331 -0.8226
vn -0.8769 -0.1785 0.4462
vn -0.8616 -0.2705 0.4296
vn -0.7891 -0.2558 0.5585
vn -0.7891 -0.2559 0.5585
vn 0.8157 -0.4091 -0.4090
vn -0.0868 0.9230 -0.3748
vn -0.0869 0.9230 -0.3748
vn 0.0520 0.8158 -0.5760
vn -0.1353 0.8525 -0.5050
vn -0.0683 0.8664 -0.4946
vn -0.2418 0.8055 -0.5410
vn 0.8004 -0.4394 -0.4079
vn 0.2883 0.9044 -0.3145
vn 0.7799 -0.5029 -0.3727
vn 0.7799 -0.5029 -0.3726
vn 0.4071 0.8251 -0.3916
vn 0.4072 0.8251 -0.3916
vn 0.4106 0.8257 -0.3869
vn 0.4036 0.8247 -0.3963
vn 0.1283 0.9697 -0.2079
vn 0.1529 0.9694 -0.1921
vn 0.1555 0.9696 -0.1889
vn -0.1381 0.9721 -0.1897
vn -0.1380 0.9721 -0.1897
vn 0.1546 0.7606 0.6305
vn 0.3046 0.8530 0.4239
vn 0.2539 0.8743 0.4136
vn 0.7832 0.4841 0.3901
vn 0.7299 0.5407 0.4181
vn 0.6797 0.6231 0.3871
vn 0.5820 0.8120 -0.0444
vn 0.6544 0.6773 0.3364
vn 0.6544 0.6772 0.3364
vn -0.4168 -0.8976 0.1436
vn -0.4183 -0.8978 0.1375
vn 0.8738 0.3481 0.3395
vn 0.5778 0.6324 0.5159
vn 0.8092 0.5428 0.2251
vn 0.8092 0.5427 0.2251
vn -0.2382 -0.9480 0.2110
vn -0.4254 -0.8883 0.1731
vn -0.4254 -0.8883 0.1730
vn -0.9111 0.3170 0.2635
vn -0.9128 0.3119 0.2638
vn -0.2989 -0.9325 -0.2027
vn -0.9094 0.3220 0.2632
vn -0.9582 0.2186 0.1843
vn -0.9583 0.2186 0.1843
vn 0.3349 0.9287 0.1590
vn 0.1744 0.9825 0.0648
vn 0.1377 0.9875 0.0766
vn 0.2622 0.8787 0.3990
vn 0.2620 0.8788 0.3988
vn 0.3025 0.9224 0.2400
vn 0.2473 0.9664 0.0696
vn 0.2922 0.9535 0.0738
vn 0.3567 0.9189 0.1685
vn 0.4025 0.9105 0.0947
vn 0.4024 0.9105 0.0947
vn 0.5586 0.8091 -0.1825
vn 0.6573 0.7516 0.0559
vn 0.6573 0.7516 0.0558
vn 0.6575 0.7514 0.0558
vn 0.6837 0.7286 0.0416
vn 0.6420 0.7599 0.1023
vn 0.6571 0.7518 0.0559
vn 0.3492 0.8142 -0.4637
vn 0.3500 0.8144 -0.4629
vn 0.3493 0.8142 -0.4637
vn 0.1455 0.8856 -0.4410
vn 0.1455 0.8857 -0.4410
vn 0.4207 0.8273 -0.3722
vn 0.8510 0.2943 0.4350
vn 0.2795 0.9097 -0.3071
vn 0.9167 0.3490 0.1948
vn 0.9083 0.3964 0.1339
vn 0.8953 0.4208 0.1465
vn -0.0250 -0.1745 0.9843
vn 0.6531 -0.5358 -0.5352
vn 0.6703 -0.6246 -0.4007
vn 0.6703 -0.6246 -0.4008
vn 0.5978 0.7765 0.1993
vn 0.7585 0.0639 0.6485
vn -0.3439 0.5175 0.7835
vn -0.3481 0.5179 0.7814
vn 0.8989 -0.0444 -0.4358
vn 0.9148 0.0688 -0.3980
vn 0.9003 0.0960 -0.4246
vn -0.2209 0.6009 0.7682
vn -0.2196 0.5853 0.7805
vn -0.3398 0.5169 0.7857
vn 0.3282 0.6347 -0.6996
vn 0.0754 0.2697 0.9600
vn -0.0165 0.3657 0.9306
vn 0.0125 0.0786 0.9968
vn -0.2867 0.9558 0.0656
vn 0.8625 0.4555 -0.2206
vn -0.2407 -0.0148 0.9705
vn -0.2408 -0.0149 0.9705
vn -0.2605 0.1905 0.9465
vn -0.4006 0.1905 0.8962
vn -0.2234 0.1988 0.9542
vn 0.0311 -0.9945 0.1001
vn 0.0313 -0.9946 0.0990
vn 0.0284 -0.9939 0.1062
vn 0.0317 -0.9948 0.0969
vn 0.0329 -0.9949 0.0953
vn 0.1851 -0.9764 0.1112
vn 0.1835 -0.9769 0.1093
vn 0.0469 -0.9881 0.1467
vn 0.0481 -0.9878 0.1482
vn -0.6294 -0.0458 0.7757
vn -0.5829 0.0583 0.8105
vn -0.5647 0.1498 0.8116
vn -0.5883 -0.0715 0.8055
vn -0.2734 0.0551 -0.9603
vn 0.2860 0.5900 0.7551
vn 0.2409 0.5289 0.8138
vn 0.3813 0.4819 0.7889
vn 0.3624 0.4537 0.8141
vn 0.2553 0.4693 0.8453
vn -0.1279 0.2808 0.9512
vn -0.0410 0.2266 0.9731
vn -0.1230 0.2215 0.9674
vn -0.0935 0.2965 0.9504
vn -0.0936 0.2965 0.9504
vn -0.1968 -0.9455 0.2593
vn -0.1957 -0.9454 0.2608
vn 0.6263 0.1437 0.7662
vn -0.2071 -0.9030 0.3765
vn -0.1095 0.9117 0.3960
vn -0.2205 0.8704 0.4402
vn -0.2204 0.8704 0.4402
vn -0.3058 -0.1447 0.9410
vn -0.3058 -0.1446 0.9410
vn -0.1868 -0.0896 0.9783
vn -0.0770 0.8167 0.5719
vn 0.0332 0.7547 -0.6552
vn -0.0005 0.6809 -0.7324
vn -0.0004 0.6809 -0.7324
vn -0.0092 0.7251 -0.6886
vn -0.0092 0.7251 -0.6885
vn -0.0993 0.9941 -0.0432
vn -0.0981 0.9943 -0.0418
vn -0.0981 0.9943 -0.0419
vn 0.2921 0.9438 0.1549
vn 0.4691 0.8654 0.1764
vn 0.2305 0.9598 0.1601
vn 0.2383 0.9620 0.1336
vn 0.2383 0.9619 0.1337
vn 0.3785 0.9217 0.0852
vn 0.3758 0.9232 0.0811
vn 0.3784 0.9217 0.0852
vn 0.4494 0.8792 0.1584
vn 0.3810 0.9202 0.0894
vn 0.0111 -0.5366 -0.8437
vn -0.1251 -0.4619 -0.8781
vn -0.0451 -0.7176 -0.6950
vn 0.0277 -0.4761 -0.8790
vn -0.1694 -0.5040 -0.8470
vn -0.1694 -0.5039 -0.8470
vn -0.0512 -0.5525 -0.8319
vn -0.0511 -0.5525 -0.8319
vn 0.3776 0.9231 -0.0733
vn 0.3775 0.9231 -0.0733
vn 0.2613 0.9583 -0.1154
vn 0.2613 0.9583 -0.1155
vn 0.2841 0.9496 -0.1323
vn 0.3898 0.8923 -0.2277
vn 0.1563 0.9875 -0.0180
vn 0.1564 0.9875 -0.0179
vn -0.6420 0.6937 0.3265
vn -0.6469 0.6898 0.3249
vn -0.6457 0.6902 0.3266
vn 0.3602 0.9145 -0.1845
vn 0.1553 0.9808 -0.1178
vn -0.6396 0.7481 0.1766
vn -0.7728 0.6261 0.1040
vn -0.6519 0.6859 0.3234
vn -0.7700 0.6242 0.1325
vn 0.6894 0.4125 -0.5955
vn 0.6894 0.4125 -0.5954
vn 0.6899 0.2316 -0.6859
vn -0.4581 0.3639 0.8110
vn -0.4580 0.3639 0.8110
vn 0.6814 0.3139 -0.6612
vn 0.9538 -0.1733 0.2453
vn 0.9542 -0.1740 0.2435
vn 0.9593 -0.1363 0.2472
vn 0.9598 -0.1404 0.2429
vn 0.9588 -0.1320 0.2514
vn 0.9745 -0.1004 0.2006
vn 0.8769 -0.0648 0.4764
vn 0.7730 -0.0917 0.6277
vn 0.7737 -0.0848 0.6278
vn 0.7726 -0.0982 0.6273
vn 0.3506 0.9282 0.1249
vn 0.8017 -0.0691 0.5937
vn 0.4607 0.6089 -0.6457
vn 0.3656 0.9208 0.1360
vn 0.3656 0.9208 0.1361
vn -0.1622 -0.6506 0.7419
vn -0.2543 -0.5147 0.8188
vn -0.2993 -0.6065 0.7366
vn -0.2992 -0.6065 0.7366
vn -0.3953 0.1389 0.9080
vn 0.0922 -0.4567 -0.8848
vn 0.0958 -0.4531 -0.8863
vn 0.0946 -0.4548 -0.8856
vn 0.0761 -0.4547 -0.8874
vn 0.2084 -0.3309 -0.9204
vn 0.2090 -0.3306 -0.9203
vn 0.4224 -0.4885 -0.7635
vn -0.4090 0.6548 -0.6355
vn 0.0976 -0.4513 -0.8870
vn 0.2096 -0.3303 -0.9203
vn 0.0982 -0.4498 -0.8877
vn -0.3855 0.8300 -0.4031
vn -0.5459 0.6434 -0.5366
vn -0.5459 0.6435 -0.5366
vn -0.3050 0.9232 -0.2337
vn -0.3144 0.8300 -0.4607
vn -0.5422 0.6739 -0.5019
vn -0.2541 0.6972 -0.6704
vn -0.1657 0.9485 0.2701
vn -0.2132 0.8998 0.3808
vn -0.2131 0.8998 0.3808
vn -0.4958 0.8578 -0.1357
vn 0.4696 0.8642 -0.1808
vn 0.4696 0.8641 -0.1809
vn -0.2468 0.9324 -0.2639
vn 0.9063 0.1153 -0.4066
vn 0.9063 0.1153 -0.4065
vn -0.5563 -0.4063 0.7249
vn 0.0236 0.5618 0.8269
vn 0.0881 0.5401 0.8370
vn 0.0632 0.5439 0.8367
vn 0.0633 0.5439 0.8368
vn -0.0616 0.6099 0.7901
vn -0.5301 -0.4160 0.7389
vn 0.3046 -0.0062 -0.9525
vn 0.2769 0.0427 -0.9599
vn 0.2768 0.0427 -0.9600
vn 0.2769 0.0427 -0.9600
vn 0.3717 -0.0590 -0.9265
vn 0.3716 -0.0590 -0.9265
vn 0.0742 0.7717 -0.6316
vn 0.0767 0.7718 -0.6312
vn 0.3551 0.6894 -0.6313
vn 0.1832 0.8607 -0.4749
vn 0.1833 0.8607 -0.4749
vn 0.0717 0.7716 -0.6320
vn 0.9759 -0.1029 -0.1922
vn 0.3956 0.5563 -0.7307
vn 0.9994 -0.0103 -0.0324
vn 0.9988 0.0035 -0.0480
vn 0.6248 0.6448 -0.4403
vn 0.6049 0.6787 -0.4165
vn 0.6041 0.6809 -0.4140
vn 0.5828 0.7692 -0.2621
vn 0.5828 0.7692 -0.2622
vn 0.6034 0.6831 -0.4115
vn 0.0187 0.9053 -0.4244
vn 0.0186 0.9053 -0.4244
vn -0.1132 0.8214 -0.5590
vn -0.1131 0.8214 -0.5590
vn -0.8781 0.4669 0.1047
vn 0.3066 -0.7009 -0.6440
vn 0.4629 -0.3451 -0.8164
vn 0.4629 -0.3451 -0.8165
vn 0.4630 -0.3451 -0.8164
vn 0.3083 -0.6824 -0.6628
vn 0.2615 0.9440 -0.2013
vn 0.0869 0.9724 -0.2166
vn 0.0867 0.9723 -0.2169
vn 0.2001 0.9772 -0.0709
vn 0.2001 0.9772 -0.0710
vn 0.2583 0.9248 -0.2792
vn 0.2572 0.9248 -0.2805
vn 0.2582 0.9249 -0.2792
vn 0.1836 0.7500 -0.6354
vn 0.3307 0.6713 -0.6633
vn 0.5269 0.6939 -0.4907
vn 0.5244 0.6946 -0.4925
vn -0.0028 0.9720 0.2351
vn 0.5218 0.6953 -0.4943
vn 0.1965 0.7274 -0.6575
vn 0.1758 0.7405 -0.6487
vn 0.1758 0.7404 -0.6487
vn 0.1538 0.7904 -0.5930
vn 0.1537 0.7904 -0.5930
vn 0.0140 0.9964 0.0836
vn 0.1617 0.9864 -0.0281
vn 0.1015 0.9604 0.2595
vn 0.1016 0.9604 0.2595
vn 0.0975 0.9662 0.2386
vn 0.1680 0.9792 0.1135
vn -0.0434 0.9629 0.2662
vn -0.1801 0.9827 0.0431
vn 0.3048 0.8825 -0.3581
vn 0.3163 0.9269 -0.2019
vn 0.4648 -0.3931 -0.7934
vn 0.5900 -0.3937 -0.7049
vn 0.4856 -0.3378 -0.8063
vn -0.4425 0.7272 -0.5248
vn 0.3208 -0.3364 -0.8854
vn -0.3886 0.8122 -0.4352
vn -0.4303 0.8223 -0.3724
vn -0.4303 0.8223 -0.3723
vn 0.9272 0.1738 -0.3318
vn 0.8244 0.1479 -0.5464
vn 0.0250 0.6862 -0.7270
vn 0.0250 0.6863 -0.7269
vn 0.3535 0.6083 -0.7106
vn 0.2169 0.7453 -0.6304
vn -0.0977 0.9896 -0.1059
vn 0.2262 0.7036 -0.6736
vn -0.6434 0.3537 0.6789
vn 0.1252 0.6964 -0.7067
vn 0.9235 -0.0685 -0.3775
vn -0.0980 0.8644 0.4932
vn 0.9106 -0.1328 -0.3913
vn 0.8966 -0.1388 -0.4205
vn 0.8345 0.0894 -0.5438
vn 0.7620 -0.4345 0.4802
vn 0.7897 0.0635 -0.6102
vn 0.8152 0.1870 -0.5481
vn 0.4392 0.8983 0.0149
vn 0.4320 0.9012 -0.0336
vn 0.8325 -0.5301 0.1608
vn 0.7464 -0.5628 0.3551
vn 0.7341 -0.5117 0.4465
vn 0.5906 -0.7416 -0.3182
vn 0.5906 -0.7416 -0.3181
vn 0.7708 -0.4052 0.4917
vn 0.7681 -0.4104 0.4915
vn 0.7639 -0.5282 0.3706
vn 0.7735 -0.3999 0.4917
vn 0.4764 -0.8047 -0.3542
vn 0.4765 -0.8047 -0.3541
vn 0.4787 -0.8045 -0.3517
vn -0.3849 0.6561 0.6491
vn -0.4412 0.5606 0.7008
vn -0.3268 0.4271 0.8431
vn -0.4319 0.6045 0.6694
vn -0.2965 0.6720 0.6786
vn -0.2964 0.6720 0.6786
vn 0.8311 0.1509 -0.5353
vn 0.8972 0.1800 -0.4033
vn -0.8326 0.3192 -0.4527
vn -0.7152 0.6577 -0.2365
vn -0.7351 0.5967 -0.3218
vn -0.6263 0.6904 -0.3620
vn 0.6789 0.1118 -0.7256
vn 0.6789 0.1118 -0.7257
vn -0.7048 0.5524 -0.4450
vn -0.7584 0.5886 -0.2799
vn -0.6535 0.5690 -0.4993
vn -0.7332 0.4248 -0.5310
vn 0.7556 0.1708 -0.6324
vn 0.7745 0.2038 -0.5989
vn 0.8217 0.0477 -0.5679
vn 0.2702 0.3721 -0.8880
vn 0.3835 0.3535 -0.8532
vn 0.2648 0.3210 -0.9093
vn 0.2648 0.3211 -0.9093
vn 0.3105 0.3516 -0.8832
vn 0.3104 0.3516 -0.8832
vn 0.2344 0.4399 -0.8669
vn 0.3975 0.7702 0.4988
vn 0.5378 0.5996 0.5926
vn 0.7230 0.1278 -0.6789
vn 0.4333 0.6460 0.6284
vn 0.6015 0.2371 -0.7629
vn -0.5481 -0.1260 0.8269
vn -0.5482 -0.1260 0.8268
vn -0.5481 -0.1260 0.8268
vn 0.5846 0.8028 -0.1176
vn 0.5846 0.8028 -0.1175
vn -0.5115 0.8589 0.0265
vn -0.5111 0.8591 0.0268
vn -0.3796 0.9249 0.0221
vn -0.3899 0.9208 0.0091
vn -0.3900 0.9208 0.0091
vn -0.4202 0.9069 0.0325
vn -0.4201 0.9069 0.0325
vn 0.7465 0.6613 0.0738
vn -0.0803 0.9396 0.3328
vn -0.4352 0.8996 0.0364
vn -0.4335 0.9003 0.0388
vn -0.1967 0.9776 0.0751
vn -0.4604 0.8799 0.1176
vn -0.5026 0.5685 0.6513
vn -0.4260 0.9036 0.0453
vn -0.4239 0.9044 0.0483
vn -0.5108 0.8593 0.0271
vn 0.7819 0.6031 0.1577
vn 0.7819 0.6031 0.1578
vn 0.7393 0.6723 0.0383
vn 0.7393 0.6722 0.0384
vn 0.2363 0.2437 0.9406
vn 0.8814 -0.2511 -0.4001
vn 0.9035 -0.3008 -0.3052
vn 0.9697 -0.1599 -0.1845
vn 0.7992 -0.4271 -0.4230
vn 0.7992 -0.4271 -0.4229
vn 0.7124 -0.2791 -0.6439
vn 0.7093 -0.2798 -0.6470
vn 0.9348 -0.1874 -0.3017
vn 0.2943 0.3789 -0.8774
vn 0.2937 0.3812 -0.8766
vn 0.8328 -0.3485 -0.4301
vn 0.8962 -0.3143 -0.3130
vn 0.2380 0.2760 -0.9312
vn 0.2930 0.3835 -0.8758
vn -0.9217 -0.2396 -0.3049
vn -0.9217 -0.2397 -0.3049
vn -0.9490 -0.1206 -0.2912
vn -0.0589 0.8495 0.5243
vn -0.0588 0.8495 0.5243
vn -0.0590 0.8495 0.5243
vn 0.1231 -0.0640 0.9903
vn 0.2875 -0.0726 0.9550
vn 0.2566 0.0485 0.9653
vn 0.1581 -0.0168 0.9873
vn 0.1536 -0.0197 0.9879
vn 0.1628 -0.0141 0.9866
vn -0.1879 -0.9343 0.3029
vn 0.2921 -0.0400 0.9556
vn 0.3654 -0.0196 0.9306
vn -0.4132 -0.7712 0.4842
vn -0.0178 -0.9143 0.4046
vn -0.0174 -0.9141 0.4051
vn -0.0178 -0.9143 0.4047
vn -0.2388 -0.9197 0.3116
vn -0.2390 -0.9197 0.3114
vn -0.2949 -0.7862 0.5431
vn -0.2950 -0.7862 0.5431
vn -0.2623 -0.8647 0.4284
vn -0.2635 -0.8650 0.4271
vn -0.0182 -0.9145 0.4042
vn -0.9700 -0.2422 -0.0201
vn -0.2291 -0.8649 0.4465
vn -0.1929 -0.9314 0.3088
vn -0.1924 -0.9312 0.3094
vn -0.1929 -0.9313 0.3089
vn -0.1257 -0.9342 0.3340
vn -0.1258 -0.9341 0.3340
vn -0.1946 -0.9262 0.3229
vn -0.9651 -0.2615 -0.0103
vn -0.9401 -0.3401 -0.0245
vn 0.0492 -0.9866 -0.1558
vn 0.6769 -0.2137 0.7044
vn 0.1125 -0.9790 -0.1700
vn 0.6724 -0.4007 0.6223
vn 0.6724 -0.4007 0.6224
vn 0.6938 -0.2804 0.6634
vn 0.6961 -0.3773 0.6108
vn 0.9513 0.0302 -0.3069
vn 0.1662 -0.8628 -0.4775
vn 0.1662 -0.8627 -0.4776
vn 0.2591 -0.8925 -0.3692
vn 0.1806 -0.8632 -0.4714
vn 0.1807 -0.8632 -0.4714
vn -0.8030 0.0807 -0.5905
vn -0.8445 0.0176 -0.5352
vn -0.7992 0.0600 -0.5981
vn -0.8721 0.1546 -0.4643
vn 0.3814 -0.8774 -0.2909
vn 0.4479 -0.8572 -0.2543
vn 0.4660 0.8391 0.2808
vn 0.4660 0.8391 0.2807
vn 0.0746 -0.5964 0.7992
vn 0.0747 -0.5980 0.7980
vn 0.1632 -0.5334 0.8300
vn 0.0165 -0.5723 0.8199
vn 0.0748 -0.5995 0.7969
vn 0.0224 -0.5785 0.8153
vn 0.4309 0.7671 0.4753
vn 0.5492 0.7798 0.3006
vn 0.0947 0.9864 0.1344
vn 0.9275 -0.2687 0.2599
vn -0.1685 0.4407 0.8817
vn -0.1829 0.4216 0.8882
vn -0.3952 0.4883 0.7781
vn -0.3951 0.4883 0.7781
vn -0.6233 0.2401 0.7442
vn -0.2679 0.1775 0.9469
vn -0.4269 0.5707 0.7015
vn -0.3074 0.4313 0.8482
vn -0.4137 0.3108 0.8557
vn -0.4136 0.3108 0.8558
vn -0.2886 0.2328 0.9287
vn -0.3127 0.2686 0.9111
vn -0.3128 0.2686 0.9111
vn -0.2486 0.1510 0.9568
vn -0.4528 0.3120 0.8352
vn -0.4529 0.3120 0.8352
vn -0.3100 0.3668 0.8771
vn -0.3099 0.3668 0.8772
vn -0.3100 0.3668 0.8772
vn -0.4348 0.4241 0.7944
vn -0.4125 0.3635 0.8353
vn -0.2927 0.4581 0.8393
vn -0.2927 0.4580 0.8394
vn -0.2931 0.3916 0.8722
vn -0.2932 0.3916 0.8722
vn -0.6706 -0.4507 0.5892
vn -0.3832 0.1935 0.9032
vn -0.4302 0.3589 0.8283
vn -0.6314 -0.4518 0.6303
vn -0.6317 -0.4519 0.6299
vn -0.5281 -0.6703 0.5213
vn -0.6821 -0.5527 0.4788
vn -0.9944 -0.0111 -0.1051
vn -0.9943 -0.0265 -0.1029
vn -0.9965 0.0398 -0.0740
vn -0.9601 0.1839 -0.2105
vn -0.9602 0.1839 -0.2105
vn -0.9961 -0.0284 -0.0840
vn 0.3140 -0.9490 0.0292
vn 0.3156 -0.9484 0.0313
vn 0.3156 -0.9484 0.0314
vn 0.4353 0.7442 0.5067
vn 0.8967 -0.3375 -0.2863
vn 0.8936 -0.3358 -0.2978
vn 0.8936 -0.3358 -0.2979
vn 0.9056 -0.2310 -0.3558
vn 0.4572 0.7070 0.5395
vn 0.3891 0.7590 0.5219
vn 0.3891 0.7591 0.5219
vn 0.2741 0.6866 0.6734
vn -0.1852 0.9525 -0.2418
vn -0.1853 0.9525 -0.2418
vn -0.2162 -0.4690 0.8564
vn -0.2162 -0.4690 0.8563
vn -0.2909 -0.2258 0.9297
vn -0.1621 -0.3917 0.9057
vn -0.1621 -0.3918 0.9057
vn 0.0635 0.5172 -0.8535
vn 0.1457 0.4301 -0.8910
vn 0.0203 0.3600 -0.9327
vn 0.2078 0.5778 -0.7893
vn 0.1244 0.4457 -0.8865
vn 0.0814 0.6065 -0.7909
vn 0.0815 0.6065 -0.7909
vn 0.0318 0.2915 -0.9560
vn 0.0137 0.4928 -0.8700
vn 0.0136 0.4928 -0.8700
vn 0.1358 0.4502 -0.8825
vn -0.1560 0.0964 0.9830
vn 0.3433 -0.0227 -0.9389
vn 0.6712 0.6693 -0.3186
vn 0.6712 0.6693 -0.3187
vn 0.6748 0.7040 -0.2213
vn 0.6748 0.7041 -0.2213
vn 0.7745 0.5136 -0.3693
vn 0.7525 0.5089 -0.4181
vn 0.7524 0.5089 -0.4181
vn 0.6089 0.7175 -0.3382
vn 0.2881 0.0748 -0.9547
vn 0.3210 0.1355 -0.9373
vn 0.1918 0.0124 -0.9814
vn 0.1918 0.0123 -0.9814
vn -0.3977 0.3505 0.8480
vn -0.3976 0.3505 0.8480
vn -0.2692 0.0836 0.9594
vn -0.2693 0.0836 0.9594
vn -0.2192 0.2769 0.9356
vn -0.2157 0.2228 0.9507
vn -0.5863 0.3510 0.7301
vn -0.5476 0.3249 0.7711
vn -0.2663 0.3373 -0.9029
vn -0.2610 0.3377 -0.9043
vn -0.5714 0.3599 0.7375
vn -0.5714 0.3599 0.7376
vn -0.1522 0.3680 -0.9173
vn -0.2718 0.3370 -0.9014
vn 0.2484 0.7523 -0.6102
vn 0.2473 0.7553 -0.6069
vn -0.4077 0.2091 -0.8888
vn 0.3874 0.7093 -0.5889
vn 0.2462 0.7583 -0.6036
vn 0.4040 0.2267 -0.8862
vn 0.2770 0.1879 -0.9423
vn 0.4345 0.0649 -0.8983
vn 0.7282 0.6852 0.0129
vn 0.7596 0.5655 0.3212
vn 0.7596 0.5656 0.3212
vn 0.5273 0.7876 -0.3189
vn 0.5274 0.7875 -0.3188
vn 0.7908 0.6064 0.0837
vn -0.0870 -0.9947 -0.0556
vn -0.2118 -0.9714 -0.1072
vn -0.1782 -0.9820 -0.0631
vn -0.1783 -0.9820 -0.0631
vn 0.2054 -0.8822 0.4237
vn 0.2054 -0.8822 0.4238
vn 0.3828 -0.2498 -0.8894
vn 0.3795 -0.1558 -0.9120
vn 0.8252 0.3482 -0.4447
vn 0.8252 0.3482 -0.4448
vn 0.6076 0.5527 -0.5703
vn 0.6080 0.5528 -0.5698
vn 0.7814 0.4329 -0.4495
vn 0.7817 0.4369 -0.4451
vn 0.6433 0.4736 -0.6015
vn 0.5706 0.7245 -0.3868
vn 0.5705 0.7245 -0.3868
vn 0.4108 0.8055 -0.4271
vn 0.4745 0.5330 -0.7005
vn 0.8252 0.3934 -0.4054
vn 0.7131 0.5063 -0.4850
vn 0.7130 0.5063 -0.4850
vn 0.5884 0.5800 -0.5634
vn 0.5884 0.5800 -0.5633
vn 0.7810 0.4290 -0.4539
vn 0.7756 0.4451 -0.4475
vn 0.7757 0.4451 -0.4475
vn 0.6999 0.5317 -0.4769
vn 0.7000 0.5317 -0.4769
vn 0.8792 0.2895 -0.3785
vn 0.7267 0.4452 -0.5232
vn 0.6685 0.5927 -0.4493
vn 0.9061 0.2211 -0.3606
vn 0.9062 0.2211 -0.3605
vn 0.8065 0.3644 -0.4657
vn 0.8064 0.3644 -0.4657
vn -0.4687 -0.6713 0.5742
vn -0.4751 -0.6705 0.5698
vn 0.8884 0.2813 -0.3627
vn 0.7944 0.3757 -0.4772
vn 0.8931 0.3159 -0.3201
vn 0.8932 0.3159 -0.3201
vn -0.4634 -0.6724 0.5771
vn -0.3638 -0.7209 0.5899
vn -0.0386 0.9991 -0.0149
vn 0.6384 0.4965 -0.5882
vn 0.6396 0.4968 -0.5866
vn 0.6396 0.4967 -0.5866
vn 0.8509 0.3302 -0.4086
vn 0.8192 0.2338 -0.5237
vn -0.3166 0.1003 0.9432
vn -0.3129 0.1332 0.9404
vn -0.3130 0.1332 0.9404
vn -0.3076 -0.8379 -0.4509
vn -0.3140 -0.8359 -0.4502
vn -0.2428 -0.8433 -0.4794
vn -0.2425 -0.8431 -0.4799
vn -0.2428 -0.8433 -0.4795
vn -0.3010 -0.8398 -0.4517
vn -0.2430 -0.8435 -0.4790
vn -0.2120 0.7003 -0.6816
vn -0.3397 0.6834 -0.6463
vn -0.3397 0.6833 -0.6463
vn -0.1782 0.7833 -0.5956
vn -0.0407 0.6967 -0.7162
vn 0.9040 0.0997 0.4157
vn 0.9026 0.0693 0.4248
vn 0.9147 0.0838 0.3954
vn 0.8880 0.0652 0.4553
vn 0.4156 0.8141 -0.4057
vn 0.4136 0.8138 -0.4082
vn 0.4522 0.8328 -0.3193
vn -0.0064 0.9988 0.0477
vn -0.0064 0.9988 0.0476
vn 0.5101 0.7898 -0.3407
vn -0.0515 0.9036 0.4252
vn -0.0548 -0.7397 0.6707
vn -0.0898 -0.7063 0.7022
vn -0.0900 -0.7065 0.7020
vn -0.0555 -0.7692 0.6366
vn -0.5913 -0.7865 -0.1783
vn -0.4151 -0.8974 0.1496
vn 0.0741 -0.3691 0.9264
vn 0.1568 -0.3593 0.9199
vn 0.1395 -0.3367 0.9312
vn -0.2632 0.7935 -0.5487
vn 0.5662 0.1223 -0.8151
vn 0.5662 0.1224 -0.8151
vn 0.4147 0.1776 -0.8924
vn 0.4147 0.1776 -0.8925
vn 0.5655 0.1413 -0.8125
vn 0.5656 0.1413 -0.8125
vn 0.6269 0.0202 -0.7788
usemtl mat0.007
s 1
f 1/1/1 2/2/1 3/3/1
f 4/4/2 5/5/2 6/6/2
f 7/7/3 8/8/3 9/9/3
f 10/10/4 11/11/4 12/12/4
f 13/13/5 14/14/6 15/15/5
f 16/16/7 17/17/7 18/18/7
f 19/19/8 20/20/9 21/21/8
f 22/22/10 23/23/10 19/19/10
f 24/24/11 25/25/11 26/26/11
f 27/27/12 28/28/12 29/29/12
f 30/30/13 31/31/13 32/32/13
f 33/33/14 34/34/14 35/35/14
f 35/35/15 36/36/15 37/37/15
f 38/38/16 39/39/17 40/40/16
f 41/41/18 42/42/19 43/43/18
f 44/44/20 45/45/20 46/46/21
f 47/47/22 48/48/22 49/49/22
f 50/50/23 51/51/24 52/52/23
f 53/53/25 54/54/25 55/55/25
f 53/53/26 56/56/27 57/57/26
f 58/58/28 59/59/29 60/60/29
f 61/61/30 62/62/30 63/63/30
f 64/64/31 65/65/32 48/48/32
f 66/66/33 67/67/33 68/68/33
f 69/69/34 70/70/34 71/71/34
f 72/72/35 73/73/35 74/74/36
f 75/75/37 76/76/37 77/77/38
f 78/78/39 79/79/39 80/80/39
f 81/81/40 82/82/40 83/83/40
f 84/84/41 85/85/41 86/86/41
f 87/87/42 88/88/42 89/89/42
f 90/90/43 23/23/44 91/91/44
f 15/15/45 91/91/45 92/92/45
f 93/93/46 94/94/46 95/95/46
f 96/96/47 97/97/48 98/98/48
f 99/99/49 100/100/49 101/101/49
f 102/102/50 103/103/50 104/104/50
f 104/104/51 105/105/51 102/102/51
f 88/88/52 106/106/52 107/107/52
f 103/103/53 102/102/53 108/108/53
f 109/109/54 110/110/54 111/111/55
f 112/112/56 113/113/56 114/114/56
f 115/115/57 116/116/57 117/117/58
f 118/118/59 119/119/60 120/120/60
f 121/121/61 122/122/61 123/123/61
f 124/124/62 125/125/62 126/126/62
f 127/127/63 128/128/63 129/129/63
f 130/130/64 131/131/64 132/132/64
f 133/133/65 134/134/65 135/135/65
f 136/136/66 118/118/66 130/130/66
f 137/137/67 138/138/67 139/139/67
f 140/140/68 141/141/68 142/142/68
f 143/143/69 144/144/69 145/145/69
f 146/146/70 147/147/70 148/148/70
f 149/149/71 150/150/71 151/151/71
f 152/152/72 153/153/72 154/154/72
f 153/153/73 155/155/73 154/154/73
f 85/85/74 156/156/75 86/86/75
f 157/157/76 158/158/76 159/159/76
f 159/159/77 160/160/77 161/161/77
f 105/105/78 162/162/78 163/163/78
f 164/164/79 165/165/79 166/166/79
f 167/167/80 168/168/80 169/169/80
f 170/170/81 171/171/81 172/172/81
f 44/44/82 173/173/82 45/45/82
f 173/173/83 174/174/84 45/45/84
f 175/175/85 176/176/85 177/177/85
f 178/178/86 179/179/86 180/180/86
f 178/178/87 180/180/88 181/181/88
f 182/182/89 33/33/89 37/37/89
f 183/183/90 184/184/90 185/185/90
f 186/186/91 187/187/91 188/188/91
f 186/186/92 188/188/92 189/189/92
f 190/190/93 32/32/93 31/31/93
f 191/191/94 192/192/94 193/193/94
f 194/194/95 195/195/96 196/196/95
f 197/197/97 198/198/98 199/199/98
f 200/200/99 13/13/99 201/201/99
f 202/202/100 203/203/100 204/204/101
f 55/55/102 205/205/102 206/206/102
f 207/207/103 208/208/103 209/209/104
f 210/210/105 211/211/106 212/212/107
f 213/213/108 214/214/109 215/215/110
f 216/216/111 195/195/111 217/217/111
f 218/218/112 219/219/112 220/220/112
f 67/67/113 221/221/113 222/222/113
f 223/223/114 14/14/114 224/224/114
f 224/224/115 225/225/115 223/223/115
f 226/226/116 227/227/116 228/228/117
f 229/229/118 230/230/118 231/231/118
f 232/232/119 233/233/119 234/234/119
f 235/235/120 43/43/121 236/236/120
f 237/237/122 238/238/123 239/239/122
f 161/161/124 160/160/124 240/240/124
f 241/241/125 106/106/126 242/242/126
f 243/243/127 244/244/127 245/245/127
f 246/246/128 247/247/128 248/248/128
f 112/112/129 114/114/129 249/249/129
f 250/250/130 251/251/131 252/252/130
f 253/253/132 254/254/132 124/124/132
f 255/255/133 256/256/134 257/257/135
f 258/258/136 259/259/136 260/260/136
f 261/261/137 262/262/137 263/263/137
f 81/81/138 264/264/138 265/265/138
f 266/266/139 267/267/140 268/268/140
f 269/269/141 270/270/141 271/271/141
f 149/149/142 190/190/142 233/233/142
f 272/272/143 273/273/143 274/274/143
f 275/275/144 92/92/144 276/276/144
f 131/131/145 277/277/146 132/132/146
f 197/197/147 278/278/147 279/279/147
f 279/279/148 198/198/148 197/197/148
f 279/279/149 132/132/149 280/280/149
f 281/281/150 282/282/150 283/283/150
f 284/284/151 285/285/152 286/286/152
f 287/287/153 288/288/153 289/289/153
f 290/290/154 95/95/154 291/291/154
f 292/292/155 293/293/155 294/294/155
f 251/251/156 295/295/157 168/168/157
f 296/296/158 297/297/158 298/298/158
f 299/299/159 300/300/159 301/301/159
f 300/300/160 302/302/160 303/303/160
f 236/236/161 304/304/161 39/39/162
f 305/305/163 272/272/163 306/306/163
f 307/307/164 308/308/164 309/309/164
f 310/310/165 211/211/165 210/210/165
f 311/311/166 312/312/167 115/115/166
f 313/313/168 2/2/168 1/1/168
f 314/314/169 6/6/169 158/158/169
f 315/315/170 59/59/171 58/58/170
f 316/316/172 317/317/172 175/175/172
f 317/317/173 318/318/173 175/175/173
f 283/283/174 282/282/174 319/319/174
f 320/320/175 204/204/176 321/321/175
f 282/282/177 322/322/177 319/319/177
f 323/323/178 324/324/178 325/325/179
f 326/326/180 327/327/180 328/328/180
f 329/329/181 330/330/181 331/331/181
f 332/332/182 333/333/182 3/3/182
f 55/55/183 79/79/183 334/334/183
f 335/335/184 336/336/184 337/337/184
f 338/338/185 156/156/185 339/339/185
f 340/340/186 341/341/186 342/342/186
f 343/343/187 62/62/188 61/61/187
f 344/344/189 345/345/189 346/346/189
f 347/347/190 348/348/191 212/212/190
f 169/169/192 349/349/192 350/350/192
f 351/351/193 286/286/193 352/352/193
f 324/324/194 353/353/194 325/325/194
f 354/354/195 38/38/195 355/355/196
f 356/356/197 357/357/197 358/358/197
f 72/72/198 333/333/198 359/359/198
f 41/41/199 43/43/199 360/360/200
f 358/358/201 27/27/202 356/356/203
f 174/174/204 173/173/204 361/361/204
f 50/50/205 49/49/205 362/362/205
f 111/111/206 110/110/206 363/363/206
f 364/364/207 365/365/207 366/366/207
f 367/367/208 368/368/208 369/369/208
f 116/116/209 370/370/209 371/371/209
f 372/372/210 373/373/210 374/374/210
f 375/375/211 376/376/211 377/377/211
f 375/375/212 377/377/212 378/378/212
f 379/379/213 380/380/213 153/153/213
f 381/381/214 134/134/214 382/382/214
f 383/383/215 384/384/215 172/172/215
f 385/385/216 386/386/216 387/387/216
f 388/388/217 389/389/218 390/390/218
f 391/391/219 392/392/220 244/244/219
f 393/393/221 394/394/221 165/165/221
f 317/317/222 20/20/222 19/19/222
f 395/395/223 385/385/223 396/396/223
f 397/397/224 108/108/224 102/102/224
f 398/398/225 399/399/226 400/400/227
f 398/398/228 401/401/228 177/177/228
f 314/314/229 402/402/230 355/355/230
f 233/233/231 190/190/231 234/234/231
f 351/351/232 403/403/232 404/404/232
f 405/405/233 406/406/234 351/351/233
f 407/407/235 408/408/235 409/409/235
f 410/410/236 405/405/236 404/404/236
f 326/326/237 411/411/237 412/412/238
f 410/410/239 83/83/239 413/413/240
f 405/405/241 414/414/241 406/406/241
f 413/413/242 406/406/242 414/414/242
f 415/415/243 269/269/243 416/416/243
f 256/256/244 255/255/245 417/417/244
f 284/284/246 413/413/246 83/83/246
f 352/352/247 407/407/248 403/403/248
f 418/418/249 259/259/249 257/257/249
f 407/407/250 352/352/251 408/408/252
f 419/419/253 420/420/253 421/421/253
f 71/71/254 422/422/254 423/423/254
f 424/424/255 425/425/255 426/426/255
f 40/40/256 427/427/256 428/428/256
f 429/429/257 430/430/257 431/431/257
f 258/258/258 260/260/258 432/432/258
f 433/433/259 58/58/259 434/434/259
f 11/11/260 435/435/261 436/436/260
f 437/437/262 9/9/262 8/8/262
f 227/227/263 226/226/263 100/100/263
f 226/226/264 101/101/264 100/100/265
f 438/438/266 439/439/266 254/254/266
f 3/3/267 333/333/267 440/440/268
f 36/36/269 439/439/270 438/438/270
f 179/179/271 441/441/271 442/442/271
f 443/443/272 444/444/272 445/445/272
f 446/446/273 447/447/274 448/448/273
f 449/449/275 450/450/275 423/423/275
f 451/451/276 452/452/276 337/337/276
f 453/453/277 103/103/277 454/454/277
f 366/366/278 455/455/279 456/456/279
f 384/384/280 381/381/280 382/382/280
f 163/163/281 162/162/281 117/117/281
f 382/382/282 172/172/282 384/384/282
f 457/457/283 428/428/284 458/458/284
f 428/428/285 427/427/285 458/458/285
f 459/459/286 460/460/287 461/461/287
f 222/222/288 462/462/288 463/463/288
f 464/464/289 465/465/290 466/466/290
f 467/467/291 468/468/291 469/469/291
f 470/470/292 471/471/292 472/472/292
f 468/468/293 471/471/293 469/469/293
f 471/471/294 470/470/294 469/469/294
f 473/473/295 469/469/295 470/470/295
f 402/402/296 358/358/296 354/354/296
f 354/354/297 358/358/297 357/357/297
f 467/467/298 469/469/298 473/473/298
f 467/467/299 473/473/299 474/474/300
f 467/467/301 474/474/301 475/475/301
f 476/476/302 192/192/303 164/164/303
f 222/222/304 221/221/304 462/462/304
f 259/259/305 477/477/305 257/257/305
f 68/68/306 67/67/306 478/478/306
f 353/353/307 324/324/308 68/68/309
f 68/68/310 478/478/311 353/353/310
f 312/312/312 311/311/313 93/93/312
f 312/312/314 93/93/314 290/290/314
f 479/479/315 443/443/315 480/480/315
f 481/481/316 183/183/317 185/185/317
f 482/482/318 483/483/318 441/441/318
f 145/145/319 144/144/320 484/484/320
f 485/485/321 486/486/322 94/94/321
f 94/94/323 486/486/323 291/291/323
f 94/94/324 291/291/325 95/95/324
f 310/310/326 388/388/327 487/487/327
f 388/388/328 390/390/328 487/487/328
f 488/488/329 261/261/329 440/440/329
f 489/489/330 490/490/330 491/491/330
f 298/298/331 492/492/331 493/493/331
f 139/139/332 449/449/333 494/494/332
f 426/426/334 495/495/335 496/496/335
f 495/495/336 152/152/336 496/496/336
f 73/73/337 359/359/337 344/344/337
f 497/497/338 498/498/338 499/499/338
f 498/498/339 366/366/339 365/365/339
f 500/500/340 501/501/341 7/7/340
f 502/502/342 7/7/343 501/501/342
f 466/466/344 465/465/345 503/503/344
f 25/25/346 504/504/346 505/505/346
f 506/506/347 505/505/348 504/504/347
f 507/507/349 409/409/349 508/508/349
f 77/77/350 509/509/350 497/497/350
f 510/510/351 511/511/351 512/512/351
f 409/409/352 408/408/353 513/513/352
f 437/437/354 29/29/355 514/514/356
f 515/515/357 267/267/357 394/394/357
f 372/372/358 349/349/358 373/373/358
f 516/516/359 247/247/359 246/246/359
f 240/240/360 342/342/360 341/341/360
f 517/517/361 21/21/361 518/518/361
f 168/168/362 519/519/363 520/520/364
f 480/480/365 443/443/365 445/445/365
f 404/404/366 521/521/366 522/522/366
f 503/503/367 523/523/367 524/524/367
f 525/525/368 526/526/368 527/527/368
f 55/55/369 54/54/369 528/528/369
f 190/190/370 149/149/370 96/96/371
f 516/516/372 529/529/372 530/530/372
f 531/531/373 532/532/373 533/533/373
f 534/534/374 223/223/374 225/225/374
f 91/91/375 440/440/375 333/333/375
f 535/535/376 26/26/377 536/536/376
f 537/537/378 538/538/379 539/539/380
f 540/540/381 541/541/381 304/304/381
f 542/542/382 543/543/382 136/136/382
f 544/544/383 545/545/383 546/546/383
f 547/547/384 548/548/384 142/142/384
f 541/541/385 427/427/385 304/304/385
f 549/549/386 214/214/386 550/550/387
f 551/551/388 145/145/389 484/484/388
f 143/143/390 552/552/391 553/553/390
f 547/547/392 537/537/393 213/213/393
f 537/537/394 143/143/394 214/214/394
f 484/484/395 554/554/396 551/551/396
f 552/552/397 551/551/397 137/137/397
f 494/494/398 548/548/399 213/213/399
f 547/547/400 213/213/400 548/548/400
f 555/555/401 556/556/401 432/432/401
f 557/557/402 558/558/403 554/554/402
f 434/434/404 60/60/404 546/546/404
f 559/559/405 328/328/405 327/327/406
f 560/560/407 201/201/407 561/561/407
f 201/201/408 562/562/408 561/561/408
f 121/121/409 123/123/410 563/563/410
f 283/283/411 208/208/411 564/564/411
f 385/385/412 489/489/412 565/565/412
f 396/396/413 565/565/414 350/350/414
f 566/566/415 567/567/415 568/568/415
f 569/569/416 395/395/416 372/372/417
f 569/569/418 372/372/418 374/374/418
f 396/396/419 350/350/419 372/372/419
f 570/570/420 571/571/420 572/572/420
f 573/573/421 373/373/421 349/349/421
f 573/573/422 349/349/423 574/574/423
f 313/313/424 575/575/424 346/346/424
f 313/313/425 576/576/425 575/575/426
f 171/171/427 572/572/428 571/571/428
f 196/196/429 97/97/429 151/151/429
f 577/577/430 122/122/431 578/578/430
f 339/339/432 85/85/432 289/289/432
f 579/579/433 348/348/433 447/447/433
f 216/216/434 580/580/434 98/98/434
f 581/581/435 582/582/435 583/583/435
f 582/582/436 584/584/436 583/583/436
f 585/585/437 186/186/438 189/189/439
f 189/189/440 586/586/441 587/587/441
f 586/586/442 588/588/442 589/589/442
f 590/590/443 591/591/443 420/420/443
f 592/592/444 593/593/445 580/580/444
f 594/594/446 595/595/447 593/593/447
f 594/594/448 593/593/448 592/592/448
f 188/188/449 187/187/449 588/588/449
f 588/588/450 586/586/450 188/188/450
f 281/281/451 564/564/451 187/187/451
f 590/590/452 124/124/452 591/591/452
f 570/570/453 593/593/453 595/595/454
f 207/207/455 384/384/456 383/383/456
f 270/270/457 98/98/458 596/596/457
f 597/597/459 598/598/459 570/570/459
f 597/597/460 570/570/461 595/595/461
f 571/571/462 570/570/462 598/598/462
f 597/597/463 208/208/463 598/598/463
f 599/599/464 598/598/465 208/208/465
f 208/208/466 207/207/467 599/599/466
f 244/244/468 392/392/468 412/412/468
f 599/599/469 207/207/469 600/600/469
f 285/285/470 408/408/470 352/352/470
f 601/601/471 436/436/471 602/602/471
f 603/603/472 63/63/472 134/134/472
f 134/134/473 133/133/473 603/603/473
f 63/63/474 62/62/475 604/604/474
f 604/604/476 134/134/477 63/63/477
f 35/35/478 34/34/479 88/88/478
f 48/48/480 47/47/480 605/605/480
f 322/322/481 282/282/482 281/281/482
f 562/562/483 606/606/484 603/603/485
f 322/322/486 135/135/487 319/319/486
f 377/377/488 607/607/488 608/608/488
f 384/384/489 209/209/489 381/381/489
f 565/565/490 491/491/490 609/609/490
f 313/313/491 610/610/491 576/576/491
f 611/611/492 502/502/492 612/612/492
f 291/291/493 486/486/493 185/185/493
f 290/290/494 613/613/494 614/614/494
f 615/615/495 616/616/496 249/249/497
f 250/250/498 295/295/498 251/251/498
f 617/617/499 618/618/500 619/619/499
f 557/557/501 484/484/502 620/620/501
f 621/621/503 517/517/503 292/292/503
f 622/622/504 623/623/504 624/624/504
f 451/451/505 339/339/506 625/625/505
f 463/463/507 128/128/507 127/127/507
f 312/312/508 626/626/509 115/115/509
f 3/3/510 2/2/510 627/627/510
f 571/571/511 598/598/512 599/599/512
f 329/329/513 520/520/513 519/519/514
f 582/582/515 378/378/515 608/608/515
f 348/348/516 628/628/517 629/629/516
f 213/213/518 215/215/518 494/494/518
f 215/215/519 549/549/519 494/494/519
f 361/361/520 630/630/521 631/631/522
f 66/66/523 577/577/523 221/221/523
f 221/221/524 67/67/525 66/66/524
f 491/491/526 123/123/527 122/122/526
f 578/578/528 463/463/528 462/462/528
f 430/430/529 632/632/529 87/87/529
f 633/633/530 634/634/530 635/635/530
f 460/460/531 419/419/531 636/636/531
f 104/104/532 103/103/532 453/453/532
f 637/637/533 625/625/533 638/638/533
f 367/367/534 639/639/534 546/546/534
f 459/459/535 640/640/535 546/546/535
f 546/546/536 60/60/537 459/459/537
f 108/108/538 500/500/538 514/514/539
f 457/457/540 5/5/540 641/641/540
f 642/642/541 466/466/542 371/371/542
f 643/643/543 644/644/544 356/356/543
f 466/466/542 568/568/545 371/371/542
f 277/277/546 619/619/546 618/618/546
f 645/645/547 245/245/547 244/244/548
f 450/450/549 646/646/549 647/647/549
f 648/648/550 338/338/550 649/649/550
f 591/591/551 430/430/551 421/421/551
f 296/296/552 650/650/552 107/107/552
f 77/77/553 499/499/554 299/299/553
f 651/651/555 652/652/555 653/653/555
f 485/485/556 481/481/556 185/185/556
f 654/654/557 526/526/558 655/655/559
f 50/50/560 656/656/560 657/657/560
f 474/474/561 473/473/561 642/642/561
f 658/658/562 328/328/562 559/559/562
f 474/474/563 642/642/563 371/371/563
f 653/653/564 652/652/564 659/659/564
f 192/192/565 19/19/565 23/23/565
f 74/74/566 660/660/567 661/661/566
f 146/146/568 662/662/568 663/663/569
f 147/147/570 663/663/570 343/343/570
f 664/664/571 147/147/572 61/61/572
f 146/146/573 663/663/574 147/147/574
f 665/665/575 303/303/575 148/148/575
f 664/664/576 666/666/577 148/148/576
f 148/148/578 147/147/578 664/664/578
f 666/666/579 16/16/579 665/665/579
f 665/665/580 148/148/580 666/666/581
f 660/660/582 276/276/583 661/661/582
f 665/665/584 18/18/584 300/300/584
f 301/301/585 300/300/585 18/18/585
f 180/180/586 184/184/586 181/181/586
f 184/184/587 183/183/587 181/181/587
f 129/129/588 513/513/588 408/408/588
f 16/16/589 666/666/589 273/273/590
f 655/655/591 525/525/591 242/242/591
f 306/306/592 667/667/593 668/668/592
f 655/655/594 669/669/594 667/667/594
f 670/670/595 654/654/595 306/306/595
f 667/667/596 306/306/596 654/654/596
f 669/669/597 668/668/597 667/667/598
f 671/671/599 672/672/599 131/131/599
f 394/394/600 673/673/601 194/194/601
f 75/75/602 301/301/602 17/17/602
f 674/674/603 417/417/603 539/539/603
f 305/305/604 17/17/604 272/272/605
f 322/322/606 200/200/607 603/603/607
f 510/510/608 675/675/608 206/206/608
f 359/359/609 333/333/609 345/345/610
f 33/33/611 455/455/612 498/498/611
f 235/235/613 357/357/614 356/356/614
f 676/676/615 497/497/615 509/509/615
f 634/634/616 633/633/616 544/544/616
f 369/369/617 677/677/617 634/634/618
f 141/141/619 140/140/619 678/678/619
f 545/545/620 544/544/620 633/633/620
f 140/140/621 633/633/621 635/635/621
f 679/679/622 461/461/623 460/460/623
f 251/251/624 679/679/625 680/680/624
f 609/609/626 491/491/626 122/122/626
f 251/251/627 680/680/628 252/252/627
f 496/496/629 681/681/629 231/231/629
f 250/250/630 650/650/630 295/295/630
f 429/429/631 680/680/631 679/679/631
f 496/496/632 152/152/632 154/154/632
f 492/492/633 682/682/633 493/493/633
f 630/630/634 442/442/635 483/483/634
f 241/241/636 683/683/636 298/298/636
f 298/298/637 297/297/637 241/241/637
f 22/22/638 21/21/639 684/684/640
f 659/659/641 365/365/641 415/415/641
f 263/263/291 1/1/291 3/3/291
f 40/40/642 5/5/642 4/4/642
f 40/40/643 641/641/643 5/5/643
f 314/314/644 4/4/644 6/6/644
f 500/500/645 7/7/645 9/9/645
f 264/264/646 10/10/646 12/12/646
f 13/13/647 275/275/647 201/201/647
f 13/13/648 224/224/649 14/14/648
f 275/275/650 13/13/5 15/15/5
f 660/660/651 685/685/651 276/276/651
f 274/274/652 685/685/652 686/686/652
f 685/685/653 660/660/654 686/686/653
f 17/17/655 301/301/655 18/18/655
f 685/685/656 275/275/656 276/276/656
f 275/275/657 685/685/658 201/201/657
f 18/18/659 665/665/659 16/16/659
f 101/101/264 226/226/264 516/516/660
f 643/643/661 8/8/662 502/502/663
f 643/643/664 611/611/664 471/471/664
f 8/8/665 356/356/665 437/437/665
f 8/8/666 7/7/666 502/502/666
f 611/611/667 465/465/667 464/464/667
f 471/471/668 468/468/668 99/99/668
f 246/246/669 643/643/669 471/471/669
f 356/356/670 27/27/670 437/437/670
f 611/611/671 643/643/671 502/502/671
f 611/611/672 464/464/672 472/472/672
f 101/101/673 246/246/674 99/99/674
f 246/246/675 471/471/675 99/99/675
f 611/611/676 472/472/676 471/471/676
f 8/8/677 643/643/677 356/356/677
f 101/101/678 516/516/679 246/246/679
f 29/29/680 437/437/680 27/27/680
f 22/22/681 19/19/681 21/21/681
f 535/535/682 24/24/682 26/26/682
f 535/535/683 37/37/683 36/36/683
f 535/535/684 36/36/684 24/24/684
f 27/27/685 687/687/685 28/28/685
f 98/98/686 30/30/686 32/32/686
f 479/479/687 688/688/688 443/443/687
f 688/688/689 689/689/689 444/444/689
f 688/688/690 444/444/690 443/443/690
f 676/676/691 106/106/691 34/34/691
f 623/623/692 690/690/692 624/624/692
f 33/33/693 676/676/693 34/34/693
f 33/33/694 35/35/694 37/37/694
f 4/4/695 38/38/16 40/40/16
f 4/4/696 355/355/696 38/38/696
f 229/229/697 690/690/697 230/230/697
f 690/690/698 623/623/698 230/230/698
f 690/690/699 691/691/700 624/624/700
f 41/41/701 692/692/701 42/42/701
f 42/42/702 236/236/702 43/43/702
f 613/613/703 693/693/703 614/614/703
f 630/630/704 173/173/704 44/44/704
f 174/174/705 361/361/705 694/694/705
f 693/693/706 44/44/707 46/46/706
f 613/613/708 630/630/708 44/44/708
f 693/693/709 695/695/709 614/614/709
f 44/44/710 693/693/710 613/613/710
f 174/174/84 46/46/711 45/45/84
f 174/174/712 694/694/712 46/46/712
f 397/397/713 163/163/713 696/696/713
f 47/47/714 50/50/23 52/52/23
f 47/47/715 49/49/715 50/50/715
f 397/397/716 105/105/716 163/163/717
f 163/163/718 117/117/718 697/697/718
f 163/163/719 697/697/720 696/696/720
f 54/54/721 53/53/26 57/57/26
f 334/334/722 53/53/722 55/55/722
f 434/434/723 58/58/724 60/60/723
f 64/64/725 698/698/725 65/65/725
f 48/48/726 69/69/726 49/49/726
f 335/335/727 698/698/727 64/64/728
f 65/65/729 70/70/729 69/69/729
f 69/69/730 362/362/730 49/49/730
f 368/368/731 66/66/731 68/68/731
f 48/48/732 65/65/732 69/69/732
f 647/647/733 69/69/733 71/71/733
f 74/74/734 661/661/734 72/72/734
f 72/72/735 359/359/736 73/73/735
f 299/299/737 75/75/737 77/77/737
f 699/699/738 84/84/738 86/86/738
f 431/431/739 87/87/739 89/89/739
f 75/75/740 305/305/740 76/76/741
f 75/75/740 17/17/742 305/305/740
f 305/305/743 668/668/743 76/76/743
f 275/275/744 15/15/744 92/92/744
f 700/700/745 91/91/745 15/15/745
f 700/700/746 90/90/746 91/91/747
f 290/290/748 93/93/748 95/95/748
f 32/32/749 96/96/749 98/98/749
f 151/151/750 97/97/750 96/96/750
f 701/701/751 284/284/752 83/83/752
f 97/97/753 216/216/754 98/98/754
f 702/702/755 701/701/756 82/82/756
f 701/701/757 83/83/757 82/82/757
f 104/104/758 162/162/758 105/105/758
f 107/107/759 89/89/759 88/88/759
f 88/88/760 34/34/761 106/106/762
f 162/162/763 104/104/763 115/115/763
f 115/115/509 626/626/509 52/52/764
f 52/52/765 51/51/766 116/116/765
f 162/162/767 115/115/767 117/117/767
f 52/52/768 116/116/57 115/115/57
f 254/254/769 125/125/769 124/124/769
f 254/254/770 439/439/770 125/125/770
f 632/632/771 124/124/771 126/126/771
f 674/674/772 127/127/772 129/129/773
f 694/694/774 703/703/774 46/46/774
f 694/694/775 704/704/776 703/703/776
f 542/542/777 46/46/777 543/543/777
f 542/542/778 136/136/778 132/132/779
f 132/132/780 279/279/780 278/278/780
f 649/649/781 338/338/782 705/705/782
f 542/542/783 278/278/783 649/649/783
f 542/542/784 132/132/784 278/278/784
f 705/705/785 542/542/786 649/649/785
f 705/705/787 46/46/787 542/542/787
f 46/46/788 703/703/788 543/543/788
f 703/703/789 118/118/790 543/543/789
f 703/703/791 706/706/791 113/113/792
f 118/118/793 703/703/793 119/119/793
f 132/132/794 136/136/795 130/130/794
f 139/139/796 707/707/796 137/137/796
f 703/703/797 113/113/797 119/119/797
f 118/118/798 136/136/799 543/543/799
f 137/137/800 529/529/800 138/138/800
f 138/138/801 646/646/801 139/139/802
f 552/552/803 143/143/804 145/145/805
f 303/303/806 146/146/806 148/148/806
f 96/96/807 149/149/808 151/151/808
f 468/468/809 475/475/810 99/99/809
f 468/468/811 467/467/811 475/475/811
f 708/708/812 657/657/812 227/227/812
f 100/100/813 475/475/813 708/708/813
f 227/227/814 100/100/814 708/708/814
f 475/475/815 100/100/815 99/99/815
f 379/379/816 153/153/816 709/709/816
f 153/153/817 710/710/817 155/155/817
f 240/240/818 160/160/818 711/711/818
f 153/153/819 152/152/819 709/709/819
f 341/341/820 334/334/820 161/161/820
f 341/341/821 53/53/821 334/334/821
f 78/78/822 161/161/822 79/79/822
f 158/158/823 712/712/823 111/111/823
f 712/712/824 377/377/825 376/376/824
f 376/376/826 321/321/827 109/109/828
f 363/363/829 160/160/829 159/159/829
f 157/157/830 159/159/830 161/161/830
f 712/712/831 376/376/826 109/109/828
f 160/160/832 363/363/832 711/711/832
f 157/157/833 161/161/833 78/78/833
f 712/712/834 109/109/835 111/111/835
f 111/111/836 363/363/836 159/159/836
f 161/161/837 334/334/837 79/79/837
f 159/159/838 158/158/838 111/111/838
f 157/157/839 78/78/839 158/158/840
f 164/164/841 166/166/841 176/176/841
f 164/164/842 191/191/842 165/165/842
f 165/165/843 713/713/843 166/166/843
f 651/651/844 170/170/844 172/172/844
f 166/166/845 399/399/845 176/176/845
f 460/460/846 459/459/846 419/419/846
f 459/459/847 60/60/848 59/59/848
f 459/459/849 59/59/849 419/419/850
f 37/37/851 535/535/851 182/182/851
f 316/316/852 175/175/852 177/177/852
f 176/176/853 399/399/853 177/177/854
f 175/175/855 476/476/855 176/176/855
f 182/182/856 455/455/856 33/33/856
f 576/576/857 714/714/858 575/575/859
f 714/714/860 331/331/861 346/346/860
f 714/714/860 346/346/860 575/575/862
f 188/188/863 586/586/863 189/189/863
f 715/715/864 190/190/864 31/31/864
f 192/192/865 90/90/866 700/700/866
f 193/193/867 192/192/867 700/700/867
f 193/193/868 393/393/868 191/191/868
f 150/150/869 194/194/869 151/151/869
f 191/191/870 164/164/871 192/192/871
f 194/194/872 196/196/872 151/151/872
f 673/673/873 225/225/873 585/585/873
f 648/648/874 197/197/874 199/199/874
f 673/673/875 585/585/875 217/217/875
f 195/195/876 194/194/876 673/673/876
f 195/195/877 673/673/877 217/217/877
f 278/278/878 197/197/879 649/649/879
f 560/560/880 200/200/880 201/201/880
f 197/197/879 648/648/881 649/649/879
f 320/320/882 202/202/882 204/204/882
f 716/716/883 55/55/883 206/206/883
f 716/716/884 80/80/885 79/79/885
f 55/55/886 717/717/886 205/205/886
f 528/528/887 718/718/887 717/717/887
f 384/384/888 207/207/888 209/209/888
f 55/55/889 528/528/889 717/717/889
f 716/716/890 79/79/890 55/55/890
f 587/587/891 216/216/891 217/217/891
f 691/691/892 210/210/105 212/212/107
f 691/691/893 690/690/893 210/210/894
f 587/587/895 586/586/895 589/589/895
f 216/216/896 587/587/897 592/592/897
f 216/216/898 97/97/898 196/196/898
f 316/316/899 218/218/899 220/220/899
f 216/216/900 196/196/900 195/195/901
f 587/587/902 589/589/903 592/592/903
f 316/316/904 177/177/904 401/401/904
f 478/478/905 67/67/906 222/222/906
f 316/316/907 401/401/907 218/218/907
f 579/579/908 719/719/908 287/287/908
f 446/446/909 288/288/909 719/719/909
f 446/446/910 412/412/910 392/392/910
f 719/719/911 288/288/911 287/287/911
f 446/446/912 392/392/912 288/288/912
f 224/224/913 585/585/913 225/225/913
f 516/516/914 226/226/914 228/228/914
f 657/657/915 656/656/915 227/227/915
f 681/681/916 229/229/916 231/231/916
f 227/227/917 656/656/917 228/228/917
f 720/720/918 43/43/918 235/235/919
f 720/720/920 360/360/921 43/43/921
f 354/354/922 235/235/120 236/236/120
f 400/400/923 390/390/924 238/238/923
f 388/388/925 310/310/925 710/710/925
f 710/710/926 153/153/926 380/380/926
f 495/495/927 721/721/927 152/152/927
f 722/722/928 721/721/928 723/723/928
f 724/724/929 725/725/929 726/726/929
f 726/726/930 727/727/930 728/728/930
f 237/237/931 398/398/931 400/400/932
f 401/401/933 237/237/933 218/218/933
f 400/400/934 487/487/934 390/390/934
f 710/710/935 380/380/936 388/388/935
f 709/709/937 721/721/937 729/729/937
f 726/726/938 728/728/938 724/724/938
f 729/729/939 721/721/940 728/728/940
f 237/237/941 239/239/942 218/218/941
f 380/380/943 389/389/943 388/388/943
f 721/721/944 709/709/944 152/152/944
f 721/721/945 495/495/945 723/723/945
f 728/728/946 721/721/946 724/724/946
f 237/237/947 400/400/923 238/238/923
f 389/389/948 238/238/948 390/390/948
f 379/379/949 729/729/949 380/380/949
f 729/729/950 389/389/950 380/380/950
f 729/729/951 238/238/951 389/389/951
f 379/379/952 709/709/952 729/729/952
f 341/341/953 161/161/953 240/240/953
f 106/106/954 509/509/955 669/669/956
f 509/509/957 77/77/957 76/76/958
f 76/76/959 668/668/959 669/669/959
f 527/527/960 683/683/960 241/241/961
f 241/241/962 297/297/962 107/107/962
f 509/509/963 76/76/963 669/669/963
f 242/242/964 527/527/964 241/241/964
f 536/536/965 243/243/965 245/245/965
f 242/242/966 106/106/954 669/669/956
f 241/241/967 107/107/967 106/106/967
f 124/124/968 452/452/968 730/730/968
f 360/360/969 720/720/969 644/644/969
f 246/246/970 248/248/970 643/643/970
f 248/248/971 360/360/971 643/643/971
f 360/360/972 644/644/972 643/643/972
f 731/731/973 65/65/973 698/698/973
f 452/452/974 732/732/975 337/337/975
f 253/253/976 124/124/976 730/730/976
f 124/124/977 732/732/977 452/452/977
f 698/698/978 337/337/978 731/731/978
f 477/477/979 255/255/133 257/257/135
f 337/337/975 732/732/975 731/731/980
f 3/3/981 261/261/981 263/263/982
f 265/265/983 257/257/984 256/256/984
f 264/264/985 12/12/985 265/265/985
f 416/416/986 269/269/986 271/271/986
f 256/256/987 81/81/987 265/265/987
f 81/81/988 733/733/989 264/264/989
f 30/30/990 270/270/990 269/269/990
f 232/232/991 234/234/992 150/150/992
f 685/685/993 274/274/993 606/606/993
f 232/232/994 149/149/995 233/233/995
f 232/232/996 150/150/997 149/149/996
f 670/670/998 272/272/998 274/274/998
f 670/670/999 306/306/999 272/272/999
f 17/17/1000 16/16/1000 273/273/1001
f 274/274/1002 273/273/1002 606/606/1003
f 17/17/1004 273/273/1004 272/272/1004
f 435/435/1005 734/734/1006 457/457/1005
f 541/541/1007 435/435/1007 458/458/1007
f 435/435/1005 457/457/1005 458/458/1008
f 131/131/1009 672/672/1009 277/277/1009
f 277/277/1010 629/629/1011 280/280/1011
f 564/564/1012 281/281/1012 283/283/1012
f 279/279/1013 699/699/1013 198/198/1013
f 279/279/1014 280/280/1014 699/699/1015
f 132/132/1016 277/277/1016 280/280/1016
f 699/699/1017 199/199/1017 198/198/1017
f 674/674/1018 129/129/1019 285/285/1018
f 413/413/1020 284/284/1020 286/286/1020
f 284/284/1021 701/701/1021 674/674/1021
f 84/84/1022 287/287/1023 289/289/1024
f 284/284/1025 674/674/1018 285/285/1018
f 84/84/1026 699/699/1027 280/280/1027
f 735/735/1028 292/292/1028 294/294/1028
f 84/84/1022 280/280/1029 287/287/1023
f 261/261/1030 684/684/1030 262/262/1031
f 261/261/1032 488/488/1032 684/684/1032
f 292/292/1033 735/735/1033 621/621/1033
f 577/577/1034 66/66/1035 609/609/1036
f 262/262/1037 684/684/1038 621/621/1038
f 735/735/1039 262/262/1039 621/621/1039
f 368/368/1040 736/736/1040 66/66/1041
f 367/367/1042 546/546/1042 640/640/1042
f 679/679/1043 367/367/1043 461/461/1044
f 295/295/1045 650/650/1045 296/296/1046
f 330/330/1047 519/519/1047 493/493/1047
f 330/330/1048 329/329/1049 519/519/1049
f 167/167/1050 679/679/1050 168/168/1050
f 167/167/1051 367/367/1043 679/679/1043
f 367/367/1052 167/167/1053 368/368/1053
f 519/519/1054 737/737/1055 493/493/1055
f 296/296/1056 737/737/1057 295/295/1056
f 737/737/1058 296/296/1058 298/298/1058
f 368/368/1059 167/167/1059 736/736/1060
f 295/295/1061 519/519/1062 168/168/1061
f 295/295/1063 737/737/1063 519/519/1063
f 367/367/1064 640/640/1065 461/461/1064
f 679/679/1066 251/251/1066 168/168/1067
f 66/66/1035 736/736/1068 609/609/1036
f 629/629/1069 628/628/1069 280/280/1069
f 628/628/1070 579/579/1070 287/287/1070
f 628/628/1071 287/287/1071 280/280/1071
f 738/738/1072 662/662/1072 146/146/1072
f 303/303/1073 665/665/1073 300/300/1074
f 75/75/1075 299/299/1075 301/301/1075
f 38/38/1076 236/236/1076 39/39/1077
f 303/303/1078 302/302/1079 146/146/1079
f 300/300/1080 299/299/1080 302/302/1080
f 302/302/1081 738/738/1081 146/146/1081
f 38/38/1082 354/354/1083 236/236/1082
f 540/540/1084 304/304/1084 42/42/1084
f 304/304/1085 236/236/1086 42/42/1087
f 668/668/1088 305/305/1088 306/306/1088
f 317/317/1089 307/307/1090 309/309/1089
f 211/211/1091 310/310/1092 347/347/1092
f 73/73/1093 526/526/1093 686/686/1093
f 310/310/1094 210/210/1094 710/710/1094
f 400/400/1095 739/739/1095 487/487/1095
f 210/210/1096 155/155/1096 710/710/1096
f 310/310/1097 487/487/1097 347/347/1097
f 487/487/1098 739/739/1098 347/347/1098
f 74/74/1099 73/73/1099 660/660/1099
f 73/73/1100 686/686/1100 660/660/1100
f 313/313/1101 573/573/1102 610/610/1101
f 627/627/1103 2/2/1103 332/332/1103
f 2/2/1104 313/313/1104 332/332/1104
f 573/573/1105 574/574/1105 610/610/1105
f 313/313/1106 1/1/1107 573/573/1107
f 93/93/1108 311/311/1109 740/740/1110
f 311/311/1109 115/115/1111 740/740/1110
f 158/158/1112 78/78/1112 80/80/1112
f 741/741/1113 158/158/1113 716/716/1113
f 741/741/1114 314/314/1115 158/158/1115
f 158/158/1116 80/80/1116 716/716/1116
f 590/590/1117 315/315/1117 742/742/1117
f 315/315/1118 58/58/1118 742/742/1118
f 316/316/1119 220/220/1119 307/307/1119
f 441/441/1120 179/179/1120 28/28/1120
f 316/316/1121 307/307/1121 317/317/1121
f 482/482/1122 441/441/1122 28/28/1122
f 28/28/1123 687/687/1124 482/482/1123
f 687/687/1125 358/358/1125 482/482/1126
f 376/376/1127 320/320/175 321/321/175
f 376/376/1128 375/375/1128 320/320/1128
f 743/743/1129 634/634/1129 744/744/1129
f 538/538/1130 537/537/1130 678/678/1130
f 678/678/1131 635/635/1131 634/634/1131
f 634/634/1132 677/677/1133 323/323/1132
f 323/323/1134 68/68/1134 324/324/1134
f 658/658/1135 326/326/1136 328/328/1135
f 678/678/1137 634/634/1137 538/538/1137
f 325/325/1138 744/744/1139 323/323/1140
f 634/634/1141 743/743/1142 538/538/1143
f 744/744/1139 634/634/1144 323/323/1140
f 658/658/1145 364/364/1145 326/326/1145
f 448/448/1146 745/745/1147 746/746/1147
f 747/747/1148 745/745/1148 748/748/1149
f 150/150/1150 234/234/1150 194/194/1150
f 234/234/1151 747/747/1151 194/194/1151
f 330/330/1152 493/493/1153 682/682/1152
f 326/326/1154 746/746/1155 327/327/1155
f 746/746/1156 745/745/1156 327/327/1156
f 745/745/1157 448/448/1157 748/748/1157
f 747/747/1158 234/234/1158 745/745/1158
f 714/714/1159 329/329/1160 331/331/1159
f 714/714/1161 749/749/1162 520/520/1163
f 627/627/1164 332/332/1164 3/3/1164
f 714/714/1165 520/520/513 329/329/513
f 330/330/1166 682/682/1166 331/331/1166
f 345/345/1167 333/333/1167 332/332/1167
f 698/698/1168 335/335/1168 337/337/1168
f 695/695/1169 336/336/1169 614/614/1169
f 336/336/1170 335/335/1170 614/614/1170
f 699/699/1171 86/86/1171 199/199/1171
f 86/86/1172 648/648/1172 199/199/1172
f 339/339/1173 693/693/1173 46/46/1173
f 705/705/1174 339/339/1174 46/46/1174
f 86/86/1175 156/156/1175 338/338/1175
f 648/648/1176 86/86/1176 338/338/1177
f 338/338/1178 339/339/1178 705/705/1178
f 750/750/1179 340/340/1179 342/342/1179
f 147/147/1180 343/343/1181 61/61/1180
f 346/346/1182 331/331/1182 344/344/1182
f 345/345/1183 332/332/1183 346/346/1183
f 751/751/1184 748/748/1185 448/448/1185
f 348/348/1186 751/751/1186 447/447/1186
f 211/211/1187 347/347/190 212/212/190
f 751/751/1188 348/348/1188 347/347/1188
f 169/169/1189 350/350/1189 167/167/1189
f 751/751/1190 448/448/1190 447/447/1190
f 714/714/1191 576/576/1192 749/749/1191
f 349/349/1193 169/169/1193 576/576/1194
f 349/349/1195 372/372/1195 350/350/1195
f 609/609/1196 736/736/1196 565/565/1196
f 403/403/1197 351/351/1197 352/352/1198
f 350/350/1199 736/736/1199 167/167/1199
f 576/576/1200 169/169/1201 749/749/1201
f 736/736/1202 350/350/1202 565/565/1202
f 402/402/1203 354/354/1203 355/355/1203
f 556/556/1204 688/688/1205 530/530/1206
f 688/688/1207 556/556/1208 689/689/1208
f 688/688/1209 602/602/1209 692/692/1209
f 530/530/1206 688/688/1205 41/41/1210
f 137/137/1211 556/556/1211 529/529/1211
f 556/556/1212 555/555/1212 689/689/1212
f 556/556/1204 530/530/1206 529/529/1213
f 688/688/1214 692/692/1214 41/41/1214
f 248/248/1215 41/41/1215 360/360/1215
f 248/248/1216 530/530/1216 41/41/1216
f 358/358/1217 687/687/1218 27/27/1217
f 656/656/1219 50/50/1219 362/362/1219
f 639/639/1220 367/367/1221 369/369/1221
f 752/752/1222 364/364/1222 366/366/1222
f 752/752/1223 645/645/1224 326/326/1224
f 752/752/1225 326/326/1225 364/364/1225
f 567/567/1226 697/697/1226 117/117/1226
f 711/711/1227 363/363/1228 110/110/1229
f 568/568/1230 116/116/1230 371/371/1230
f 568/568/1231 567/567/1231 117/117/1231
f 568/568/1232 117/117/1233 116/116/1232
f 110/110/1234 109/109/1234 321/321/1234
f 203/203/1235 711/711/1235 204/204/1235
f 711/711/1227 110/110/1229 321/321/1236
f 711/711/1237 321/321/1238 204/204/1238
f 377/377/1239 608/608/1239 378/378/1239
f 378/378/1240 753/753/1240 375/375/1240
f 134/134/1241 604/604/1241 382/382/1241
f 171/171/1242 383/383/1242 172/172/1242
f 738/738/1243 382/382/1243 662/662/1243
f 381/381/1244 135/135/1244 134/134/1244
f 382/382/1245 604/604/1245 662/662/1246
f 489/489/1247 385/385/1247 387/387/1247
f 569/569/1248 386/386/1248 395/395/1248
f 373/373/1249 573/573/1250 374/374/1250
f 573/573/1251 1/1/1251 263/263/1251
f 386/386/1252 573/573/1253 754/754/1252
f 573/573/1254 569/569/1254 374/374/1254
f 386/386/1255 385/385/1255 395/395/1255
f 573/573/1256 263/263/1257 755/755/1256
f 386/386/1258 569/569/1258 573/573/1258
f 191/191/1259 393/393/1259 165/165/1259
f 573/573/1256 755/755/1256 754/754/1260
f 392/392/1261 391/391/1261 288/288/1261
f 243/243/1262 391/391/219 244/244/219
f 391/391/1263 289/289/1263 288/288/1263
f 534/534/1264 394/394/1264 393/393/1264
f 396/396/1265 372/372/1265 395/395/1265
f 20/20/1266 317/317/1266 756/756/1267
f 318/318/1268 317/317/1268 19/19/1268
f 317/317/1269 309/309/1269 756/756/1270
f 385/385/1271 565/565/1272 396/396/1272
f 105/105/1273 397/397/1273 102/102/1273
f 578/578/1274 122/122/1274 121/121/1274
f 121/121/1275 757/757/1275 128/128/1275
f 578/578/1276 121/121/1276 463/463/1276
f 121/121/1277 128/128/1277 463/463/1277
f 398/398/1278 237/237/1278 401/401/1278
f 399/399/1279 398/398/1279 177/177/1279
f 399/399/1280 166/166/1280 739/739/1280
f 399/399/226 739/739/1281 400/400/227
f 4/4/1282 314/314/1282 355/355/1282
f 741/741/1283 402/402/1283 314/314/1283
f 741/741/1284 532/532/1284 402/402/1285
f 326/326/1286 412/412/1286 746/746/1286
f 410/410/1287 733/733/1288 83/83/1287
f 410/410/1289 414/414/1289 405/405/1289
f 405/405/1290 351/351/1290 404/404/1290
f 733/733/1291 81/81/1291 83/83/1291
f 410/410/1292 404/404/1292 733/733/1292
f 326/326/1293 645/645/1293 411/411/1293
f 410/410/1294 413/413/1294 414/414/1294
f 412/412/1295 446/446/1296 746/746/1295
f 286/286/1297 406/406/1298 413/413/1299
f 286/286/1297 351/351/1300 406/406/1298
f 432/432/1301 259/259/1301 418/418/1301
f 432/432/1302 260/260/1303 259/259/1303
f 265/265/1304 418/418/1305 257/257/1305
f 59/59/1306 420/420/1306 419/419/1306
f 59/59/1307 315/315/1307 420/420/1307
f 636/636/1308 419/419/1308 421/421/1308
f 70/70/1309 422/422/1309 71/71/1309
f 731/731/1310 422/422/1310 65/65/1310
f 590/590/1311 742/742/1311 732/732/1311
f 742/742/1312 758/758/1312 422/422/1312
f 450/450/1313 71/71/1313 423/423/1314
f 759/759/1315 424/424/1316 496/496/1315
f 422/422/1317 70/70/1317 65/65/1317
f 742/742/1318 731/731/1318 732/732/1318
f 731/731/1319 742/742/1319 422/422/1320
f 760/760/1321 425/425/1321 424/424/1321
f 760/760/1322 761/761/1323 425/425/1323
f 39/39/1324 427/427/1324 40/40/1325
f 424/424/1326 426/426/1326 496/496/1326
f 39/39/1324 304/304/1327 427/427/1324
f 641/641/1328 40/40/1329 428/428/1328
f 89/89/1330 252/252/1330 431/431/1330
f 650/650/1331 250/250/1331 107/107/1331
f 252/252/1332 680/680/1332 429/429/1332
f 421/421/1333 430/430/1334 636/636/1334
f 430/430/1335 429/429/1335 636/636/1335
f 554/554/1336 258/258/1336 432/432/1336
f 250/250/1337 89/89/1337 107/107/1337
f 250/250/1338 252/252/1338 89/89/1338
f 252/252/1339 429/429/1340 431/431/1340
f 140/140/1341 433/433/1341 434/434/1341
f 423/423/1342 58/58/1343 433/433/1344
f 758/758/1345 58/58/1345 422/422/1345
f 758/758/1346 742/742/1346 58/58/1346
f 58/58/1343 423/423/1342 422/422/1347
f 82/82/1348 256/256/1349 702/702/1350
f 82/82/1351 81/81/1351 256/256/1352
f 256/256/1353 417/417/1353 702/702/1353
f 253/253/1354 438/438/1354 254/254/1354
f 261/261/1355 3/3/1355 440/440/1355
f 24/24/1356 36/36/1356 438/438/1356
f 35/35/1357 439/439/1357 36/36/1357
f 35/35/1358 125/125/1358 439/439/1358
f 180/180/1359 179/179/1359 442/442/1359
f 746/746/1360 446/446/273 448/448/273
f 719/719/1361 447/447/1362 446/446/1362
f 433/433/1363 449/449/1363 423/423/1363
f 336/336/1364 451/451/1364 337/337/1364
f 697/697/1365 567/567/1366 566/566/1365
f 752/752/1367 366/366/1367 456/456/1367
f 455/455/279 182/182/1368 456/456/279
f 366/366/1369 498/498/1369 455/455/1369
f 524/524/1370 697/697/1370 503/503/1370
f 524/524/1371 696/696/1371 697/697/1371
f 697/697/1365 566/566/1365 503/503/1372
f 382/382/1373 651/651/1373 172/172/1373
f 503/503/1374 465/465/1374 611/611/1374
f 523/523/1375 503/503/1375 612/612/1375
f 503/503/1376 611/611/1376 612/612/1376
f 640/640/1377 459/459/1377 461/461/1377
f 127/127/1378 222/222/1378 463/463/1378
f 464/464/1379 642/642/1379 472/472/1380
f 464/464/1381 466/466/1381 642/642/1381
f 642/642/1382 473/473/1382 470/470/1382
f 642/642/1383 470/470/1383 472/472/1383
f 759/759/1384 672/672/1385 424/424/1386
f 619/619/1387 672/672/1385 622/622/1388
f 619/619/1389 277/277/1390 672/672/1389
f 672/672/1385 759/759/1384 622/622/1388
f 672/672/1391 671/671/1392 424/424/1392
f 762/762/1393 482/482/1393 532/532/1393
f 358/358/1394 402/402/1394 482/482/1394
f 235/235/1395 354/354/1395 357/357/1395
f 482/482/1396 402/402/1396 532/532/1396
f 176/176/1397 476/476/1397 164/164/1397
f 646/646/1398 138/138/1398 228/228/1398
f 362/362/1399 646/646/1399 656/656/1399
f 647/647/1400 646/646/1400 69/69/1400
f 646/646/1401 362/362/1401 69/69/1401
f 646/646/1402 228/228/1402 656/656/1402
f 605/605/1403 312/312/1403 290/290/1403
f 52/52/1404 626/626/1404 47/47/1404
f 312/312/1405 605/605/1405 626/626/1405
f 626/626/1406 605/605/1407 47/47/1406
f 113/113/1408 112/112/1408 119/119/1409
f 112/112/1410 249/249/1410 120/120/1410
f 112/112/1411 120/120/1411 119/119/1411
f 601/601/1412 479/479/1412 763/763/1412
f 479/479/1413 480/480/1414 763/763/1413
f 482/482/1415 762/762/1416 483/483/1415
f 483/483/1417 442/442/1417 441/441/1417
f 565/565/1418 489/489/1418 491/491/1418
f 91/91/1419 488/488/1419 440/440/1419
f 91/91/1420 23/23/1420 22/22/1421
f 91/91/1422 22/22/1423 488/488/1423
f 737/737/1424 298/298/1425 493/493/1426
f 550/550/1427 707/707/1427 549/549/1427
f 139/139/1428 494/494/1428 707/707/1428
f 433/433/1429 142/142/1429 449/449/1429
f 433/433/1430 140/140/1431 142/142/1430
f 142/142/1432 548/548/1433 494/494/1434
f 707/707/1435 494/494/1435 549/549/1435
f 449/449/1436 142/142/1432 494/494/1434
f 739/739/1437 764/764/1437 347/347/1437
f 713/713/1438 765/765/1438 166/166/1438
f 764/764/1439 739/739/1439 765/765/1439
f 764/764/1440 515/515/1440 751/751/1440
f 765/765/1441 739/739/1442 166/166/1442
f 764/764/1443 751/751/1444 347/347/1444
f 492/492/1445 526/526/1446 682/682/1446
f 492/492/1447 298/298/1448 683/683/1447
f 526/526/1449 492/492/1449 527/527/1449
f 492/492/1450 683/683/1450 527/527/1450
f 331/331/1451 73/73/1452 344/344/1451
f 692/692/1453 602/602/1454 42/42/1455
f 682/682/1456 526/526/1456 73/73/1456
f 331/331/1457 682/682/1457 73/73/1457
f 436/436/1458 540/540/1458 602/602/1458
f 436/436/1459 435/435/1459 541/541/1459
f 602/602/1454 540/540/1460 42/42/1455
f 436/436/1461 541/541/1461 540/540/1461
f 498/498/1462 659/659/1463 652/652/1463
f 659/659/1464 498/498/1464 365/365/1464
f 566/566/1465 466/466/1466 503/503/1466
f 498/498/1467 652/652/1467 499/499/1467
f 536/536/1468 25/25/1469 505/505/1468
f 391/391/1470 243/243/1471 536/536/1470
f 391/391/1470 536/536/1470 505/505/1472
f 536/536/1473 26/26/1473 25/25/1473
f 730/730/1474 506/506/1474 504/504/1474
f 451/451/1475 506/506/1475 452/452/1476
f 451/451/1475 637/637/1477 506/506/1475
f 766/766/1478 507/507/1478 508/508/1478
f 506/506/1479 730/730/1479 452/452/1479
f 499/499/1480 77/77/1480 497/497/1480
f 508/508/1481 409/409/1482 513/513/1481
f 631/631/1483 510/510/1483 512/512/1483
f 631/631/1484 531/531/1484 767/767/1484
f 631/631/1485 767/767/1486 510/510/1486
f 9/9/1487 437/437/354 514/514/356
f 751/751/1488 515/515/1489 748/748/1490
f 266/266/1491 765/765/1491 713/713/1491
f 394/394/1492 266/266/1493 165/165/1493
f 394/394/1494 267/267/1494 266/266/1494
f 517/517/1495 518/518/1495 768/768/1495
f 515/515/1489 747/747/1496 748/748/1490
f 266/266/1493 713/713/1497 165/165/1493
f 515/515/1489 394/394/1498 747/747/1496
f 621/621/1499 684/684/1499 21/21/1499
f 21/21/1500 20/20/1500 756/756/1501
f 769/769/1502 521/521/1502 403/403/1502
f 517/517/1503 621/621/1503 21/21/1503
f 21/21/1504 756/756/1504 518/518/1504
f 518/518/1505 770/770/1505 768/768/1505
f 749/749/1506 168/168/362 520/520/364
f 749/749/1507 169/169/1507 168/168/1508
f 771/771/1509 404/404/1509 522/522/1509
f 242/242/1510 525/525/1511 527/527/1511
f 521/521/1512 404/404/1512 403/403/1512
f 32/32/1513 190/190/1514 96/96/1514
f 533/533/1515 767/767/1515 531/531/1515
f 516/516/1516 530/530/1516 247/247/1516
f 516/516/1517 228/228/1517 138/138/1517
f 530/530/1518 248/248/1519 247/247/1519
f 516/516/1520 138/138/1520 529/529/1520
f 531/531/1521 762/762/1521 532/532/1521
f 393/393/1522 223/223/1522 534/534/1522
f 393/393/1523 193/193/1524 223/223/1525
f 673/673/1526 534/534/1527 225/225/1527
f 92/92/1528 72/72/1528 661/661/1529
f 276/276/1530 92/92/1530 661/661/1530
f 91/91/1531 333/333/1531 92/92/1532
f 333/333/1533 72/72/1528 92/92/1528
f 245/245/1534 456/456/1534 182/182/1534
f 772/772/1535 537/537/1535 539/539/1535
f 245/245/1536 535/535/376 536/536/376
f 245/245/1537 182/182/1537 535/535/1537
f 558/558/1538 255/255/1538 477/477/1538
f 258/258/1539 558/558/1540 259/259/1540
f 258/258/1541 554/554/1541 558/558/1542
f 558/558/1540 477/477/1543 259/259/1540
f 639/639/1544 544/544/1545 546/546/1544
f 639/639/1546 369/369/1546 544/544/1547
f 458/458/1548 427/427/1548 541/541/1548
f 764/764/1549 765/765/1549 515/515/1549
f 267/267/1550 515/515/1551 266/266/1552
f 515/515/1553 765/765/1553 266/266/1553
f 549/549/1554 215/215/1554 214/214/1554
f 214/214/1555 143/143/1555 553/553/1556
f 214/214/1557 553/553/1558 550/550/1558
f 547/547/1559 142/142/1560 141/141/1561
f 537/537/1562 547/547/1562 678/678/1562
f 537/537/1563 772/772/1563 620/620/1563
f 144/144/1564 537/537/1565 484/484/1565
f 550/550/1566 552/552/1566 707/707/1566
f 537/537/1565 620/620/1567 484/484/1565
f 537/537/1568 214/214/1568 213/213/1568
f 547/547/1569 141/141/1570 678/678/1569
f 537/537/1571 144/144/1572 143/143/1572
f 550/550/1573 553/553/1573 552/552/1573
f 552/552/803 145/145/805 551/551/1574
f 432/432/1575 556/556/1575 554/554/1576
f 137/137/1577 551/551/1577 556/556/1577
f 556/556/1578 551/551/1578 554/554/1578
f 552/552/1579 137/137/1579 707/707/1579
f 418/418/1580 555/555/1580 432/432/1580
f 484/484/1581 557/557/402 554/554/402
f 545/545/1582 434/434/1582 546/546/1582
f 745/745/1583 559/559/1583 327/327/1583
f 190/190/1584 715/715/1584 234/234/1584
f 715/715/1585 745/745/1585 234/234/1585
f 404/404/1586 10/10/1586 733/733/1586
f 745/745/1587 715/715/1587 559/559/1587
f 404/404/1588 771/771/1588 10/10/1588
f 10/10/1589 264/264/1590 733/733/1589
f 685/685/1591 562/562/1591 201/201/1591
f 685/685/1592 606/606/1592 562/562/1592
f 208/208/1593 597/597/1594 564/564/1594
f 319/319/1595 135/135/1595 381/381/1595
f 208/208/1596 319/319/1596 209/209/1596
f 597/597/150 187/187/1597 564/564/1597
f 319/319/1598 381/381/1598 209/209/1598
f 466/466/1599 566/566/1599 568/568/1599
f 283/283/1600 319/319/1600 208/208/1600
f 596/596/1601 580/580/1601 593/593/1601
f 332/332/1602 313/313/1602 346/346/1602
f 596/596/1603 570/570/1603 572/572/1603
f 596/596/1604 593/593/1604 570/570/1604
f 600/600/1605 207/207/1605 383/383/1605
f 506/506/1606 638/638/1606 505/505/1606
f 600/600/1607 171/171/1607 571/571/1607
f 600/600/1608 383/383/1608 171/171/1608
f 462/462/1609 577/577/430 578/578/430
f 462/462/1610 221/221/1610 577/577/1610
f 638/638/1611 625/625/1611 339/339/1611
f 339/339/1612 156/156/1612 85/85/1612
f 85/85/1613 84/84/1613 289/289/1613
f 719/719/1614 579/579/1615 447/447/1615
f 638/638/1616 391/391/1616 505/505/1617
f 391/391/1618 339/339/1618 289/289/1618
f 391/391/1616 638/638/1616 339/339/1619
f 628/628/1620 348/348/1621 579/579/1622
f 453/453/1623 94/94/1623 740/740/1623
f 481/481/1624 94/94/1624 454/454/1624
f 481/481/1625 485/485/1625 94/94/1625
f 94/94/1626 453/453/1626 454/454/1626
f 94/94/1627 93/93/1628 740/740/1628
f 216/216/1629 592/592/1629 580/580/1629
f 580/580/1630 596/596/1630 98/98/1630
f 773/773/1631 734/734/1631 582/582/1631
f 11/11/1632 10/10/1632 435/435/1632
f 771/771/1633 734/734/1633 10/10/1633
f 771/771/1634 522/522/1634 774/774/1634
f 189/189/1635 587/587/1636 217/217/1636
f 582/582/1637 734/734/1637 771/771/1637
f 10/10/1638 734/734/1638 435/435/1638
f 582/582/1639 771/771/1639 584/584/1639
f 771/771/1640 774/774/1640 584/584/1640
f 224/224/1641 186/186/1641 585/585/1641
f 224/224/1642 13/13/1642 186/186/1642
f 217/217/1643 585/585/1643 189/189/1643
f 597/597/1644 595/595/1644 594/594/1644
f 594/594/1645 592/592/1645 589/589/1645
f 187/187/1646 594/594/1647 588/588/1647
f 187/187/1648 597/597/1649 594/594/1649
f 594/594/1650 589/589/1650 588/588/1650
f 315/315/1651 590/590/1651 420/420/1651
f 124/124/1652 632/632/1652 591/591/1652
f 596/596/457 572/572/1653 270/270/457
f 590/590/1654 732/732/1654 124/124/1654
f 270/270/1655 30/30/1655 98/98/1655
f 411/411/1656 244/244/1657 412/412/1658
f 286/286/1659 285/285/1659 352/352/1660
f 689/689/1661 265/265/1662 444/444/1662
f 418/418/1663 265/265/1663 555/555/1663
f 763/763/1664 12/12/1665 11/11/1665
f 436/436/1666 763/763/1667 11/11/1667
f 87/87/1668 35/35/1668 88/88/1668
f 601/601/1669 602/602/1669 479/479/1669
f 265/265/1670 689/689/1671 555/555/1670
f 763/763/150 480/480/150 12/12/150
f 602/602/1672 688/688/1672 479/479/1672
f 480/480/1673 265/265/1673 12/12/1673
f 480/480/1674 445/445/1674 444/444/1674
f 436/436/1675 601/601/1676 763/763/1675
f 265/265/1662 480/480/1677 444/444/1662
f 125/125/1678 35/35/1679 126/126/1678
f 35/35/1680 87/87/1681 126/126/1681
f 64/64/1682 48/48/1682 605/605/1682
f 63/63/1683 606/606/1683 61/61/1683
f 603/603/1684 200/200/1684 560/560/1684
f 562/562/483 603/603/485 561/561/1685
f 273/273/1686 664/664/1687 606/606/1686
f 273/273/1688 666/666/1689 664/664/1689
f 603/603/1690 606/606/1690 63/63/1690
f 223/223/1691 700/700/1692 14/14/1692
f 606/606/1693 664/664/1693 61/61/1693
f 603/603/1694 560/560/1694 561/561/1694
f 223/223/1695 193/193/1695 700/700/1695
f 700/700/1692 15/15/1696 14/14/1692
f 377/377/1697 712/712/1698 607/607/1698
f 607/607/1699 775/775/1699 608/608/1699
f 610/610/1700 574/574/1701 349/349/1700
f 610/610/1700 349/349/1700 576/576/1702
f 184/184/1703 180/180/1703 613/613/1703
f 335/335/1704 290/290/1704 614/614/1704
f 605/605/1705 290/290/1705 64/64/1705
f 185/185/1706 613/613/1706 291/291/1707
f 185/185/1706 184/184/1708 613/613/1706
f 424/424/1709 120/120/1709 760/760/1709
f 290/290/1710 335/335/1710 64/64/1710
f 613/613/1711 290/290/1711 291/291/1711
f 424/424/1712 671/671/1712 130/130/1712
f 130/130/1713 118/118/1714 120/120/1715
f 113/113/1716 706/706/1717 114/114/1717
f 511/511/1718 510/510/1719 615/615/1718
f 249/249/1720 706/706/1721 511/511/1720
f 424/424/1722 130/130/1713 120/120/1715
f 5/5/1723 712/712/1723 6/6/1723
f 615/615/1724 249/249/1724 511/511/1724
f 616/616/1725 120/120/1726 249/249/1727
f 706/706/1728 249/249/1729 114/114/1728
f 120/120/1730 616/616/1730 760/760/1730
f 5/5/1731 607/607/1731 712/712/1731
f 712/712/1732 158/158/1732 6/6/1732
f 624/624/1733 617/617/1733 619/619/1733
f 451/451/1734 336/336/1734 695/695/1734
f 622/622/1735 624/624/1735 619/619/1735
f 695/695/1736 693/693/1737 339/339/1737
f 637/637/1738 451/451/1738 625/625/1738
f 695/695/1739 339/339/1739 451/451/1739
f 600/600/1740 571/571/1740 599/599/1740
f 348/348/1741 624/624/1742 212/212/1741
f 348/348/1743 617/617/1743 624/624/1743
f 624/624/1744 691/691/1744 212/212/1745
f 776/776/1746 777/777/1746 378/378/1746
f 775/775/1747 582/582/1747 608/608/1747
f 582/582/1748 776/776/1748 378/378/1748
f 775/775/1749 773/773/1749 582/582/1749
f 617/617/1750 348/348/1750 618/618/1750
f 348/348/1751 629/629/1751 618/618/1751
f 87/87/1752 431/431/1753 430/430/1752
f 361/361/1754 512/512/1755 694/694/1755
f 361/361/1756 173/173/1756 630/630/1756
f 630/630/521 778/778/1757 631/631/522
f 512/512/1755 704/704/1758 694/694/1755
f 361/361/520 631/631/522 512/512/1759
f 430/430/1760 591/591/1760 632/632/1760
f 632/632/1761 126/126/1761 87/87/1761
f 429/429/1762 460/460/1762 636/636/1762
f 506/506/1763 637/637/1763 638/638/1763
f 740/740/1764 104/104/1764 453/453/1764
f 740/740/1765 115/115/1765 104/104/1765
f 514/514/1766 29/29/1767 28/28/1766
f 178/178/1768 108/108/1768 179/179/1768
f 178/178/1769 181/181/1769 183/183/1769
f 454/454/1770 108/108/1770 481/481/1770
f 454/454/1771 103/103/1771 108/108/1771
f 696/696/1772 501/501/1773 397/397/1773
f 612/612/1774 502/502/1774 523/523/1774
f 501/501/1775 524/524/1775 502/502/1776
f 500/500/1777 9/9/1777 514/514/1777
f 108/108/1778 183/183/1779 481/481/1779
f 108/108/1780 514/514/1781 179/179/1782
f 524/524/1783 501/501/1783 696/696/1783
f 501/501/1784 500/500/1784 397/397/1784
f 502/502/1785 524/524/1786 523/523/1786
f 514/514/1787 28/28/1788 179/179/1788
f 716/716/1789 206/206/1789 675/675/1789
f 500/500/1790 108/108/1790 397/397/1790
f 108/108/1791 178/178/1791 183/183/1791
f 532/532/1792 741/741/1792 533/533/1793
f 675/675/1794 533/533/1794 716/716/1794
f 533/533/1795 741/741/1795 716/716/1795
f 775/775/1796 457/457/1796 773/773/1796
f 5/5/1797 457/457/1797 607/607/1797
f 428/428/1798 457/457/1798 641/641/1798
f 457/457/1799 734/734/1799 773/773/1800
f 457/457/1801 775/775/1801 607/607/1801
f 629/629/1802 277/277/1803 618/618/1804
f 449/449/1805 139/139/1805 646/646/1805
f 245/245/547 645/645/547 456/456/1806
f 411/411/1807 645/645/1807 244/244/1808
f 645/645/1809 752/752/1809 456/456/1809
f 71/71/1810 450/450/1810 647/647/1810
f 449/449/1811 646/646/1812 450/450/1812
f 420/420/1813 591/591/1813 421/421/1813
f 297/297/1814 296/296/1814 107/107/1815
f 531/531/1816 631/631/1817 778/778/1817
f 762/762/1818 531/531/1818 483/483/1818
f 531/531/1819 778/778/1819 483/483/1820
f 652/652/1821 302/302/1821 499/499/1821
f 416/416/1822 170/170/1822 415/415/1822
f 416/416/1823 271/271/1823 170/170/1823
f 651/651/1824 382/382/1824 738/738/1824
f 499/499/1825 302/302/1825 299/299/1825
f 652/652/1826 651/651/1827 738/738/1827
f 653/653/1828 415/415/1828 651/651/1828
f 302/302/1829 652/652/1830 738/738/1829
f 415/415/1831 170/170/1831 651/651/1831
f 486/486/1832 485/485/1832 185/185/1832
f 658/658/1833 31/31/1833 269/269/1833
f 526/526/1834 670/670/1834 686/686/1835
f 526/526/1836 525/525/1836 655/655/1837
f 655/655/1838 667/667/1838 654/654/1838
f 670/670/1839 274/274/1840 686/686/1840
f 526/526/558 654/654/557 670/670/1841
f 715/715/1842 31/31/1842 559/559/1842
f 31/31/1843 658/658/1843 559/559/1843
f 31/31/1844 30/30/1845 269/269/1845
f 657/657/1846 708/708/1846 370/370/1847
f 370/370/1848 116/116/1849 51/51/1849
f 657/657/1850 370/370/1850 50/50/1850
f 370/370/1851 51/51/1851 50/50/1851
f 370/370/1852 474/474/1852 371/371/1852
f 475/475/1853 474/474/1853 708/708/1853
f 19/19/1854 476/476/1854 318/318/1855
f 474/474/1856 370/370/1856 708/708/1857
f 90/90/1858 192/192/1858 23/23/1858
f 476/476/1854 19/19/1854 192/192/1859
f 604/604/1860 343/343/1861 662/662/1861
f 476/476/1862 175/175/1862 318/318/1862
f 604/604/1863 62/62/1863 343/343/1863
f 343/343/1861 663/663/1864 662/662/1861
f 171/171/1865 271/271/1865 572/572/1865
f 171/171/1866 170/170/1866 271/271/1866
f 271/271/1867 270/270/1867 572/572/1867
f 285/285/1868 129/129/1868 408/408/1868
f 129/129/1869 128/128/1870 757/757/1869
f 669/669/1871 655/655/1871 242/242/1872
f 129/129/1873 757/757/1873 513/513/1873
f 623/623/1874 622/622/1874 759/759/1874
f 230/230/1875 623/623/1875 231/231/1875
f 623/623/1876 759/759/1876 231/231/1877
f 130/130/1878 671/671/1878 131/131/1879
f 747/747/1880 394/394/1880 194/194/1880
f 534/534/1881 673/673/1881 394/394/1881
f 353/353/1882 127/127/1882 325/325/1883
f 353/353/1884 478/478/1885 222/222/1885
f 674/674/1886 744/744/1886 127/127/1887
f 674/674/1888 701/701/1888 702/702/1888
f 417/417/1889 255/255/1889 558/558/1890
f 558/558/1891 557/557/501 620/620/501
f 539/539/380 538/538/379 743/743/1892
f 222/222/1893 127/127/1893 353/353/1893
f 674/674/1894 702/702/1894 417/417/1895
f 620/620/1896 772/772/1897 558/558/1896
f 744/744/1886 674/674/1886 743/743/1898
f 674/674/1899 539/539/1899 743/743/1900
f 127/127/1901 744/744/1901 325/325/1902
f 186/186/1903 13/13/1903 200/200/1903
f 417/417/1904 772/772/1904 539/539/1904
f 772/772/1905 417/417/1905 558/558/1905
f 281/281/1906 187/187/1907 186/186/1907
f 322/322/1908 603/603/1908 135/135/1909
f 767/767/1910 675/675/1910 510/510/1911
f 200/200/1912 281/281/1912 186/186/1912
f 603/603/1913 133/133/1913 135/135/1913
f 200/200/1914 322/322/1915 281/281/1914
f 767/767/1910 533/533/1916 675/675/1910
f 205/205/1917 510/510/1917 206/206/1917
f 344/344/1918 359/359/1918 345/345/1918
f 106/106/1919 676/676/1920 509/509/1921
f 497/497/1922 33/33/1922 498/498/1922
f 497/497/1923 676/676/1923 33/33/1923
f 644/644/1924 235/235/1924 356/356/1924
f 644/644/1925 720/720/1926 235/235/1925
f 681/681/1927 154/154/1928 155/155/1927
f 155/155/1929 210/210/1930 690/690/1931
f 681/681/1927 155/155/1927 229/229/1932
f 155/155/1929 690/690/1931 229/229/1933
f 368/368/1934 677/677/1934 369/369/1934
f 368/368/1935 68/68/1936 323/323/1936
f 544/544/1937 369/369/1937 634/634/1937
f 368/368/1938 323/323/1938 677/677/1938
f 24/24/1939 253/253/1939 25/25/1939
f 24/24/1940 438/438/1940 253/253/1940
f 253/253/1941 730/730/1941 504/504/1941
f 253/253/1942 504/504/1942 25/25/1942
f 434/434/1943 633/633/1943 140/140/1944
f 434/434/1945 545/545/1945 633/633/1945
f 429/429/1946 679/679/1946 460/460/1947
f 140/140/1948 635/635/1948 678/678/1948
f 577/577/1949 609/609/1949 122/122/1949
f 704/704/1950 511/511/1950 703/703/1950
f 704/704/1951 512/512/1952 511/511/1952
f 511/511/1953 706/706/1953 703/703/1953
f 681/681/1954 496/496/1954 154/154/1954
f 759/759/1315 496/496/1315 231/231/1955
f 778/778/1956 630/630/634 483/483/634
f 613/613/1957 442/442/1957 630/630/1957
f 613/613/1958 180/180/1958 442/442/1958
f 488/488/1959 22/22/638 684/684/640
f 269/269/1960 365/365/1961 658/658/1960
f 415/415/1962 653/653/1963 659/659/1963
f 365/365/1964 269/269/1965 415/415/1965
f 365/365/1966 364/364/1966 658/658/1966
