# Blender 4.4.3
# www.blender.org
mtllib strawberry_collision_origin.mtl
o strawberry_collision
v -0.000363 -0.036802 0.001465
v -0.000407 -0.036802 0.001453
v -0.000343 -0.036788 0.001548
v -0.000348 -0.036771 0.001639
v -0.000236 -0.036768 0.001689
v -0.000249 -0.036758 0.001736
v -0.000276 -0.036761 0.001718
v 0.000194 -0.036778 0.001656
v 0.000191 -0.036795 0.001571
v 0.000242 -0.036846 0.001303
v 0.000071 -0.036871 0.001115
v 0.000046 -0.036860 0.001197
v 0.000029 -0.036865 0.001168
v -0.000002 -0.036871 0.001110
v -0.000009 -0.036860 0.001193
v -0.000264 -0.036843 0.001248
v -0.000298 -0.036846 0.001209
v -0.000309 -0.036833 0.001300
v -0.000345 -0.036836 0.001260
v -0.000279 -0.036833 0.001307
v -0.000301 -0.036826 0.001342
v -0.000321 -0.036829 0.001319
v -0.000393 -0.036819 0.001358
v -0.000401 -0.036812 0.001398
v -0.000462 -0.036802 0.001422
v -0.000526 -0.036792 0.001436
v -0.000563 -0.036813 0.001263
v -0.000444 -0.036819 0.001326
v -0.000612 -0.036816 0.001190
v -0.000418 -0.036829 0.001267
v -0.000445 -0.036836 0.001188
v -0.000546 -0.036836 0.001084
v -0.000495 -0.036846 0.001028
v -0.000427 -0.036850 0.001066
v -0.000457 -0.036853 0.000995
v -0.000351 -0.036846 0.001177
v -0.000357 -0.036860 0.001014
v -0.000304 -0.036860 0.001063
v -0.000298 -0.036867 0.000983
v -0.000243 -0.036860 0.001103
v -0.000351 -0.036867 0.000927
v -0.000215 -0.036874 0.000955
v -0.000233 -0.036877 0.000885
v -0.000198 -0.036870 0.001018
v -0.000003 -0.036887 0.000859
v 0.000013 -0.036884 0.000929
v 0.000090 -0.036886 0.000937
v 0.000072 -0.036883 0.000999
v 0.000096 -0.036881 0.001001
v 0.000048 -0.036883 0.000996
v 0.000109 -0.036888 0.000872
v 0.000080 -0.036889 0.000868
v 0.000074 -0.036878 0.001059
v 0.000012 -0.036877 0.001054
v 0.000025 -0.036881 0.000994
v 0.000409 -0.036843 0.001228
v 0.000349 -0.036847 0.001254
v 0.000352 -0.036844 0.001278
v 0.000293 -0.036848 0.001280
v 0.000356 -0.036840 0.001299
v 0.000359 -0.036836 0.001321
v 0.000426 -0.036829 0.001326
v 0.000495 -0.036826 0.001309
v 0.000497 -0.036802 0.001462
v 0.000346 -0.036792 0.001574
v 0.000351 -0.036795 0.001555
v 0.000471 -0.036778 0.001609
v 0.000478 -0.036782 0.001585
v 0.000373 -0.036771 0.001672
v 0.000435 -0.036761 0.001702
v 0.000270 -0.036785 0.001623
v 0.000262 -0.036782 0.001639
v 0.000315 -0.036751 0.001767
v 0.000279 -0.036765 0.001715
v 0.000290 -0.036769 0.001699
v 0.000383 -0.036744 0.001788
v -0.000321 -0.036717 0.001886
v -0.000277 -0.036747 0.001778
v -0.000413 -0.036727 0.001820
v -0.000459 -0.036710 0.001871
v -0.000306 -0.036751 0.001757
v -0.000398 -0.036703 0.001917
v -0.000530 -0.036720 0.001800
v -0.000413 -0.036747 0.001733
v -0.000502 -0.036741 0.001722
v -0.000448 -0.036754 0.001687
v -0.000612 -0.036738 0.001674
v -0.000478 -0.036761 0.001638
v -0.000444 -0.036778 0.001567
v -0.000425 -0.036771 0.001613
v -0.000570 -0.036761 0.001585
v -0.000582 -0.036768 0.001543
v -0.000586 -0.036771 0.001521
v -0.000516 -0.036778 0.001530
v -0.000458 -0.036789 0.001503
v -0.000662 -0.036762 0.001506
v -0.001385 -0.036741 0.000651
v -0.001125 -0.036776 0.000814
v -0.001010 -0.036788 0.000886
v -0.000907 -0.036799 0.000950
v -0.001152 -0.036788 0.000594
v -0.001275 -0.036772 0.000493
v -0.000862 -0.036812 0.000882
v -0.001098 -0.036785 0.000771
v -0.001351 -0.036752 0.000597
v -0.001034 -0.036813 0.000466
v -0.001144 -0.036800 0.000350
v -0.000968 -0.036816 0.000610
v -0.001047 -0.036816 0.000264
v -0.000893 -0.036830 0.000540
v -0.000803 -0.036836 0.000641
v -0.000692 -0.036846 0.000706
v -0.000838 -0.036830 0.000672
v -0.000783 -0.036830 0.000788
v -0.000832 -0.036846 0.000119
v -0.000679 -0.036861 0.000394
v -0.000852 -0.036843 0.000323
v -0.000614 -0.036864 0.000511
v -0.000591 -0.036860 0.000636
v -0.000693 -0.036853 0.000558
v -0.000812 -0.036843 0.000475
v -0.000900 -0.036836 0.000356
v -0.000649 -0.036867 0.000209
v -0.000586 -0.036871 0.000348
v -0.000655 -0.036864 0.000035
v -0.000540 -0.036877 0.000166
v -0.000487 -0.036877 0.000455
v -0.000443 -0.036877 0.000567
v -0.000485 -0.036881 0.000148
v -0.000532 -0.036874 -0.000009
v -0.000441 -0.036884 0.000293
v -0.000341 -0.036887 -0.000053
v -0.000340 -0.036891 0.000267
v -0.000288 -0.036894 0.000258
v -0.000245 -0.036891 0.000512
v -0.000356 -0.036887 0.000412
v -0.000081 -0.036902 0.000241
v -0.000185 -0.036899 0.000245
v -0.000164 -0.036895 0.000502
v -0.000256 -0.036895 0.000100
v -0.000276 -0.036890 -0.000063
v -0.000035 -0.036901 0.000379
v -0.000041 -0.036898 0.000500
v 0.000268 -0.036903 0.000135
v 0.000178 -0.036904 0.000270
v 0.000229 -0.036904 0.000282
v 0.000324 -0.036902 0.000152
v 0.000283 -0.036898 0.000439
v 0.000202 -0.036898 0.000540
v 0.000194 -0.036901 0.000413
v 0.000435 -0.036896 0.000191
v 0.000496 -0.036894 0.000040
v 0.001312 -0.036783 0.000837
v 0.001188 -0.036791 0.000957
v 0.001335 -0.036777 0.000898
v 0.000926 -0.036810 0.001060
v 0.001356 -0.036768 0.000959
v 0.001066 -0.036797 0.001061
v 0.001233 -0.036768 0.001124
v 0.001390 -0.036748 0.001083
v 0.001403 -0.036739 0.001146
v 0.001098 -0.036776 0.001212
v 0.000964 -0.036788 0.001240
v 0.000944 -0.036802 0.001152
v 0.000837 -0.036809 0.001183
v 0.001413 -0.036728 0.001209
v 0.001260 -0.036741 0.001294
v 0.001420 -0.036718 0.001273
v 0.001425 -0.036708 0.001337
v 0.001426 -0.036698 0.001401
v 0.001115 -0.036751 0.001364
v 0.000857 -0.036785 0.001345
v 0.001404 -0.036656 0.001657
v 0.001106 -0.036718 0.001568
v 0.001421 -0.036677 0.001530
v 0.000971 -0.036737 0.001557
v 0.000976 -0.036744 0.001511
v 0.001115 -0.036735 0.001467
v 0.001264 -0.036713 0.001467
v 0.001234 -0.036676 0.001694
v 0.001391 -0.036645 0.001720
v 0.001088 -0.036701 0.001669
v 0.001044 -0.036676 0.001816
v 0.000931 -0.036707 0.001733
v 0.001086 -0.036611 0.002067
v 0.001004 -0.036659 0.001911
v 0.001286 -0.036593 0.002024
v 0.000735 -0.036693 0.001887
v 0.001164 -0.036638 0.001913
v 0.001312 -0.036603 0.001965
v 0.000900 -0.036628 0.002088
v 0.000641 -0.036669 0.002019
v 0.000714 -0.036687 0.001921
v 0.001191 -0.036563 0.002193
v -0.000487 -0.036468 0.002659
v -0.000543 -0.036474 0.002642
v -0.000492 -0.036522 0.002512
v -0.000535 -0.036417 0.002801
v -0.000446 -0.036562 0.002394
v -0.000659 -0.036422 0.002757
v -0.000719 -0.036424 0.002730
v -0.000705 -0.036481 0.002571
v -0.000756 -0.036485 0.002543
v -0.000836 -0.036431 0.002670
v -0.000682 -0.036531 0.002424
v -0.000614 -0.036571 0.002316
v -0.000555 -0.036604 0.002220
v -0.000445 -0.036597 0.002276
v -0.000902 -0.036497 0.002446
v -0.000853 -0.036546 0.002306
v -0.000855 -0.036492 0.002480
v -0.000947 -0.036440 0.002600
v -0.000730 -0.036580 0.002239
v -0.000692 -0.036577 0.002266
v -0.000654 -0.036574 0.002292
v -0.000726 -0.036534 0.002397
v -0.000806 -0.036488 0.002513
v -0.001035 -0.036512 0.002331
v -0.001148 -0.036461 0.002433
v -0.000966 -0.036560 0.002199
v -0.000866 -0.036597 0.002116
v -0.000779 -0.036628 0.002042
v -0.001248 -0.036551 0.002056
v -0.001120 -0.036590 0.001991
v -0.001064 -0.036577 0.002078
v -0.001151 -0.036530 0.002200
v -0.001326 -0.036574 0.001901
v -0.001189 -0.036611 0.001853
v -0.001447 -0.036522 0.002010
v -0.001047 -0.036635 0.001851
v -0.000921 -0.036656 0.001844
v -0.001366 -0.036591 0.001793
v -0.001518 -0.036550 0.001830
v -0.001383 -0.036598 0.001737
v -0.001551 -0.036569 0.001706
v -0.001001 -0.036683 0.001657
v -0.001101 -0.036652 0.001725
v -0.001868 -0.036637 0.000442
v -0.001674 -0.036687 0.000466
v -0.001907 -0.036623 0.000519
v -0.001748 -0.036663 0.000605
v -0.002071 -0.036578 0.000429
v -0.001562 -0.036705 0.000623
v -0.001527 -0.036718 0.000561
v -0.001779 -0.036663 0.000294
v -0.001932 -0.036621 0.000184
v -0.001731 -0.036676 0.000223
v -0.001879 -0.036635 0.000107
v -0.001587 -0.036711 0.000334
v -0.001822 -0.036648 0.000032
v -0.001623 -0.036700 0.000088
v -0.001540 -0.036722 0.000272
v -0.001359 -0.036761 0.000330
v -0.001440 -0.036735 -0.000097
v -0.001374 -0.036746 -0.000153
v -0.001490 -0.036711 -0.000303
v -0.001262 -0.036775 -0.000009
v -0.001504 -0.036724 -0.000038
v -0.001380 -0.036755 0.000096
v -0.001632 -0.036687 -0.000178
v -0.001208 -0.036789 0.000176
v -0.001436 -0.036744 0.000152
v -0.001305 -0.036756 -0.000207
v -0.001415 -0.036722 -0.000361
v -0.001234 -0.036766 -0.000257
v -0.001161 -0.036775 -0.000304
v -0.001068 -0.036802 -0.000147
v -0.000977 -0.036823 0.000005
v -0.000914 -0.036831 -0.000032
v -0.001096 -0.036807 0.000086
v -0.000849 -0.036809 -0.000461
v -0.000767 -0.036816 -0.000491
v -0.000828 -0.036787 -0.000671
v -0.000783 -0.036833 -0.000290
v -0.000856 -0.036826 -0.000259
v -0.000917 -0.036779 -0.000638
v -0.000718 -0.036851 -0.000125
v -0.000650 -0.036857 -0.000151
v -0.000785 -0.036845 -0.000097
v -0.000850 -0.036838 -0.000066
v -0.001008 -0.036793 -0.000389
v -0.000513 -0.036834 -0.000562
v -0.000457 -0.036812 -0.000766
v -0.000397 -0.036860 -0.000397
v -0.000554 -0.036851 -0.000364
v -0.000552 -0.036806 -0.000748
v -0.000645 -0.036800 -0.000727
v -0.000440 -0.036872 -0.000209
v -0.000511 -0.036867 -0.000193
v -0.000737 -0.036794 -0.000701
v -0.000297 -0.036879 -0.000233
v -0.000318 -0.036864 -0.000409
v -0.000340 -0.036843 -0.000591
v -0.000362 -0.036816 -0.000780
v 0.000614 -0.036851 -0.000485
v 0.000678 -0.036826 -0.000664
v 0.000553 -0.036871 -0.000312
v 0.000424 -0.036888 -0.000168
v 0.000777 -0.036845 -0.000419
v 0.000855 -0.036819 -0.000592
v 0.000561 -0.036884 -0.000119
v 0.000628 -0.036869 -0.000283
v 0.001829 -0.036697 0.000281
v 0.001821 -0.036694 0.000694
v 0.001994 -0.036655 0.000620
v 0.001654 -0.036727 0.000765
v 0.001753 -0.036718 0.000536
v 0.001593 -0.036749 0.000620
v 0.001920 -0.036680 0.000447
v 0.001492 -0.036755 0.000833
v 0.001437 -0.036773 0.000701
v 0.001557 -0.036759 0.000550
v 0.001714 -0.036729 0.000459
v 0.001877 -0.036693 0.000363
v 0.001895 -0.036656 0.000942
v 0.001913 -0.036643 0.001026
v 0.002093 -0.036599 0.000981
v 0.001738 -0.036680 0.001068
v 0.001874 -0.036669 0.000858
v 0.001703 -0.036704 0.000915
v 0.001536 -0.036734 0.000969
v 0.001516 -0.036744 0.000901
v 0.001926 -0.036629 0.001111
v 0.002108 -0.036585 0.001074
v 0.001936 -0.036616 0.001196
v 0.002119 -0.036570 0.001167
v 0.001759 -0.036656 0.001224
v 0.001942 -0.036602 0.001282
v 0.001944 -0.036588 0.001368
v 0.002128 -0.036540 0.001354
v 0.001587 -0.036690 0.001249
v 0.001579 -0.036701 0.001179
v 0.001927 -0.036546 0.001625
v 0.001751 -0.036592 0.001616
v 0.001937 -0.036560 0.001540
v 0.001760 -0.036605 0.001538
v 0.002120 -0.036509 0.001541
v 0.001580 -0.036632 0.001605
v 0.001593 -0.036655 0.001463
v 0.001942 -0.036574 0.001454
v 0.001705 -0.036553 0.001847
v 0.001494 -0.036573 0.001951
v 0.001555 -0.036608 0.001746
v 0.001718 -0.036434 0.002279
v 0.001676 -0.036421 0.002354
v 0.001835 -0.036358 0.002428
v 0.001560 -0.036489 0.002213
v 0.001757 -0.036448 0.002202
v 0.001595 -0.036502 0.002142
v 0.001881 -0.036372 0.002346
v 0.001923 -0.036387 0.002261
v 0.001406 -0.036539 0.002147
v 0.001627 -0.036515 0.002070
v 0.001792 -0.036461 0.002123
v 0.001630 -0.036407 0.002428
v 0.001785 -0.036343 0.002508
v 0.001480 -0.036465 0.002349
v 0.001334 -0.036517 0.002271
v -0.000366 -0.036124 0.003481
v -0.000462 -0.036127 0.003468
v -0.000689 -0.036212 0.003245
v -0.000773 -0.036215 0.003217
v -0.000834 -0.036133 0.003368
v -0.000636 -0.036287 0.003095
v -0.000559 -0.036285 0.003117
v -0.000743 -0.036131 0.003399
v -0.000585 -0.036355 0.002947
v -0.000480 -0.036280 0.003135
v -0.000518 -0.036209 0.003291
v -0.001015 -0.036226 0.003110
v -0.001183 -0.036151 0.003206
v -0.001005 -0.036304 0.002933
v -0.001013 -0.036141 0.003294
v -0.000855 -0.036366 0.002836
v -0.000790 -0.036363 0.002868
v -0.000723 -0.036360 0.002897
v -0.000788 -0.036292 0.003040
v -0.000855 -0.036218 0.003185
v -0.000924 -0.036137 0.003333
v -0.001168 -0.036236 0.003023
v -0.001242 -0.036242 0.002974
v -0.001346 -0.036163 0.003103
v -0.001141 -0.036314 0.002847
v -0.001313 -0.036249 0.002922
v -0.001381 -0.036256 0.002868
v -0.001498 -0.036178 0.002987
v -0.001158 -0.036391 0.002635
v -0.000982 -0.036375 0.002763
v -0.001448 -0.036263 0.002810
v -0.001570 -0.036186 0.002924
v -0.001329 -0.036334 0.002698
v -0.001266 -0.036404 0.002537
v -0.001213 -0.036398 0.002587
v -0.001947 -0.036365 0.002105
v -0.002149 -0.036311 0.002068
v -0.001785 -0.036427 0.002054
v -0.002115 -0.036297 0.002156
v -0.001627 -0.036482 0.002003
v -0.002007 -0.036390 0.001942
v -0.002180 -0.036324 0.001979
v -0.002206 -0.036338 0.001889
v -0.001862 -0.036461 0.001830
v -0.002052 -0.036416 0.001776
v -0.002229 -0.036353 0.001797
v -0.002069 -0.036429 0.001691
v -0.002247 -0.036367 0.001705
v -0.001896 -0.036485 0.001676
v -0.001714 -0.036524 0.001730
v -0.001728 -0.036535 0.001660
v -0.001697 -0.036513 0.001799
v -0.001677 -0.036503 0.001868
v -0.002437 -0.036296 0.001719
v -0.002658 -0.036230 0.001624
v -0.002642 -0.036212 0.001733
v -0.002878 -0.036133 0.001627
v -0.003111 -0.036019 0.001628
v -0.002887 -0.036144 0.001506
v -0.003125 -0.036040 0.001499
v -0.002417 -0.036280 0.001819
v -0.002620 -0.036195 0.001842
v -0.002593 -0.036179 0.001949
v -0.002364 -0.036250 0.002017
v -0.002331 -0.036235 0.002113
v -0.002562 -0.036162 0.002056
v -0.002526 -0.036146 0.002161
v -0.002774 -0.036060 0.002095
v -0.002734 -0.036042 0.002209
v -0.002956 -0.035921 0.002258
v -0.003035 -0.035960 0.002010
v -0.002836 -0.036096 0.001863
v -0.003066 -0.035979 0.001883
v -0.002483 -0.036124 0.002262
v -0.002688 -0.036019 0.002319
v -0.002908 -0.035903 0.002379
v -0.001701 -0.036100 0.003044
v -0.001842 -0.035999 0.003172
v -0.001992 -0.035883 0.003306
v -0.001899 -0.035872 0.003386
v -0.002151 -0.035748 0.003444
v -0.002051 -0.035737 0.003531
v -0.001541 -0.036082 0.003177
v -0.001668 -0.035980 0.003316
v -0.001280 -0.036061 0.003350
v -0.001481 -0.035964 0.003446
v -0.001384 -0.035957 0.003504
v -0.001601 -0.035844 0.003603
v -0.001495 -0.035836 0.003666
v -0.001728 -0.035706 0.003766
v -0.001613 -0.035698 0.003835
v -0.001704 -0.035852 0.003535
v -0.001839 -0.035715 0.003692
v -0.001947 -0.035726 0.003614
v -0.001188 -0.036055 0.003400
v -0.001182 -0.035945 0.003609
v -0.000998 -0.036045 0.003488
v -0.001276 -0.035823 0.003780
v -0.001375 -0.035684 0.003958
v -0.001387 -0.035829 0.003725
v -0.001495 -0.035690 0.003899
v -0.000287 -0.036035 0.003663
v -0.000303 -0.035926 0.003843
v -0.000182 -0.036037 0.003671
v -0.000190 -0.035931 0.003853
v -0.000075 -0.035933 0.003856
v -0.000198 -0.035808 0.004045
v -0.000074 -0.035811 0.004048
v -0.000207 -0.035667 0.004245
v -0.000072 -0.035669 0.004249
v 0.000029 -0.036036 0.003668
v 0.000133 -0.036038 0.003661
v 0.000039 -0.035936 0.003854
v 0.000153 -0.035941 0.003847
v 0.000267 -0.035946 0.003835
v 0.000421 -0.035830 0.004008
v 0.000331 -0.035684 0.004225
v 0.000464 -0.035691 0.004205
v 0.000174 -0.035819 0.004039
v 0.000197 -0.035678 0.004238
v 0.000051 -0.035814 0.004046
v 0.000063 -0.035673 0.004246
v 0.000492 -0.035958 0.003798
v 0.000603 -0.035965 0.003771
v 0.000713 -0.035973 0.003740
v 0.000821 -0.035982 0.003705
v 0.000782 -0.035854 0.003923
v 0.000900 -0.035863 0.003884
v 0.000856 -0.035717 0.004113
v 0.000663 -0.035845 0.003957
v 0.000727 -0.035707 0.004149
v 0.000543 -0.035837 0.003985
v 0.000596 -0.035699 0.004180
v 0.000846 -0.036083 0.003498
v 0.000942 -0.036093 0.003456
v 0.000927 -0.035991 0.003665
v 0.001032 -0.036001 0.003620
v 0.001134 -0.036012 0.003571
v 0.001240 -0.035896 0.003739
v 0.001016 -0.035874 0.003841
v 0.001951 -0.036270 0.002592
v 0.002129 -0.036184 0.002680
v 0.002188 -0.036201 0.002586
v 0.002321 -0.036084 0.002773
v 0.002384 -0.036102 0.002670
v 0.002523 -0.035966 0.002868
v 0.002592 -0.035986 0.002756
v 0.002252 -0.036064 0.002872
v 0.002449 -0.035946 0.002976
v 0.002055 -0.036302 0.002415
v 0.002101 -0.036318 0.002324
v 0.002243 -0.036219 0.002488
v 0.002293 -0.036236 0.002389
v 0.002495 -0.036134 0.002455
v 0.002713 -0.036021 0.002523
v 0.002443 -0.036121 0.002565
v 0.002657 -0.036006 0.002642
v 0.002312 -0.036445 0.001539
v 0.002321 -0.036467 0.001439
v 0.002323 -0.036484 0.001337
v 0.002531 -0.036398 0.001428
v 0.002534 -0.036416 0.001318
v 0.002757 -0.036315 0.001415
v 0.002759 -0.036335 0.001296
v 0.002996 -0.036217 0.001399
v 0.002998 -0.036238 0.001269
v 0.002320 -0.036500 0.001236
v 0.002313 -0.036516 0.001134
v 0.002531 -0.036434 0.001208
v 0.002523 -0.036451 0.001098
v 0.002302 -0.036532 0.001033
v 0.002511 -0.036469 0.000988
v 0.002493 -0.036486 0.000879
v 0.002734 -0.036392 0.000938
v 0.002715 -0.036410 0.000819
v 0.002971 -0.036299 0.000882
v 0.002951 -0.036319 0.000754
v 0.002748 -0.036373 0.001056
v 0.002986 -0.036279 0.001011
v 0.002995 -0.036258 0.001140
v 0.002265 -0.036563 0.000833
v 0.002240 -0.036579 0.000734
v 0.002471 -0.036502 0.000770
v 0.002444 -0.036519 0.000663
v 0.002177 -0.036608 0.000540
v 0.002375 -0.036551 0.000453
v 0.002627 -0.036463 0.000471
v 0.002585 -0.036474 0.000357
v 0.002855 -0.036376 0.000377
v 0.002661 -0.036446 0.000586
v 0.002691 -0.036428 0.000702
v 0.002924 -0.036338 0.000627
v 0.002139 -0.036622 0.000445
v 0.002097 -0.036636 0.000352
v 0.001998 -0.036655 0.000172
v 0.002171 -0.036579 -0.000374
v 0.002093 -0.036590 -0.000467
v 0.002361 -0.036500 -0.000537
v 0.002279 -0.036521 -0.000639
v 0.001745 -0.036634 -0.000806
v 0.002002 -0.036557 -0.000920
v 0.001902 -0.036568 -0.001005
v 0.002099 -0.036546 -0.000830
v 0.002191 -0.036534 -0.000736
v 0.001230 -0.036731 -0.000876
v 0.001449 -0.036668 -0.001020
v 0.001344 -0.036675 -0.001083
v 0.001579 -0.036596 -0.001236
v 0.001464 -0.036603 -0.001304
v 0.001551 -0.036659 -0.000953
v 0.001690 -0.036587 -0.001164
v 0.001797 -0.036578 -0.001087
v 0.001032 -0.036781 -0.000732
v 0.000938 -0.036785 -0.000777
v 0.001130 -0.036737 -0.000929
v 0.000843 -0.036790 -0.000819
v 0.000745 -0.036793 -0.000856
v 0.000924 -0.036747 -0.001023
v 0.000819 -0.036750 -0.001063
v 0.001012 -0.036691 -0.001243
v 0.000897 -0.036695 -0.001286
v 0.000980 -0.036625 -0.001524
v 0.001125 -0.036686 -0.001194
v 0.001227 -0.036616 -0.001424
v 0.001235 -0.036681 -0.001141
v 0.001347 -0.036610 -0.001367
v 0.000853 -0.036621 -0.001564
v -0.000386 -0.036783 -0.000981
v -0.000490 -0.036778 -0.000966
v -0.000412 -0.036739 -0.001200
v -0.000524 -0.036734 -0.001183
v -0.000439 -0.036683 -0.001434
v -0.000561 -0.036677 -0.001416
v -0.000468 -0.036611 -0.001684
v -0.000600 -0.036605 -0.001665
v -0.000592 -0.036772 -0.000947
v -0.000694 -0.036766 -0.000923
v -0.000636 -0.036727 -0.001162
v -0.000746 -0.036720 -0.001137
v -0.000893 -0.036751 -0.000863
v -0.000855 -0.036713 -0.001106
v -0.000963 -0.036704 -0.001071
v -0.000921 -0.036654 -0.001333
v -0.001036 -0.036638 -0.001293
v -0.000990 -0.036581 -0.001574
v -0.000802 -0.036663 -0.001366
v -0.000682 -0.036670 -0.001394
v -0.000731 -0.036598 -0.001640
v -0.001613 -0.036668 -0.000463
v -0.001746 -0.036615 -0.000637
v -0.001886 -0.036543 -0.000822
v -0.001692 -0.036656 -0.000396
v -0.001767 -0.036642 -0.000327
v -0.001831 -0.036602 -0.000564
v -0.001913 -0.036587 -0.000489
v -0.001839 -0.036629 -0.000254
v -0.001908 -0.036615 -0.000178
v -0.001992 -0.036573 -0.000409
v -0.002067 -0.036558 -0.000327
v -0.002155 -0.036503 -0.000577
v -0.002236 -0.036487 -0.000488
v -0.002327 -0.036418 -0.000756
v -0.002415 -0.036401 -0.000660
v -0.002069 -0.036519 -0.000663
v -0.002235 -0.036435 -0.000849
v -0.001980 -0.036534 -0.000745
v -0.002138 -0.036452 -0.000938
v -0.001974 -0.036601 -0.000099
v -0.002205 -0.036526 -0.000153
v -0.002094 -0.036571 0.000066
v -0.002148 -0.036556 0.000153
v -0.002268 -0.036510 -0.000062
v -0.002328 -0.036494 0.000032
v -0.002455 -0.036436 -0.000200
v -0.002519 -0.036418 -0.000098
v -0.002652 -0.036346 -0.000348
v -0.002386 -0.036453 -0.000299
v -0.002313 -0.036470 -0.000395
v -0.002499 -0.036383 -0.000559
v -0.002199 -0.036540 0.000241
v -0.002245 -0.036524 0.000332
v -0.002382 -0.036477 0.000128
v -0.002433 -0.036460 0.000227
v -0.002286 -0.036506 0.000425
v -0.002479 -0.036443 0.000327
v -0.002517 -0.036418 0.000430
v -0.002683 -0.036363 0.000222
v -0.002728 -0.036344 0.000333
v -0.002633 -0.036382 0.000113
v -0.002845 -0.036287 -0.000010
v -0.002578 -0.036400 0.000006
v -0.002786 -0.036307 -0.000126
v -0.003377 -0.035933 0.001348
v -0.003368 -0.035911 0.001487
v -0.003627 -0.035791 0.001322
v -0.003617 -0.035767 0.001472
v -0.003380 -0.035955 0.001208
v -0.003629 -0.035814 0.001173
v -0.003353 -0.035889 0.001626
v -0.003332 -0.035867 0.001764
v -0.003601 -0.035744 0.001621
v -0.003578 -0.035720 0.001769
v -0.003850 -0.035584 0.001614
v -0.003825 -0.035559 0.001772
v -0.004097 -0.035412 0.001604
v -0.004071 -0.035386 0.001772
v -0.003867 -0.035609 0.001454
v -0.004115 -0.035438 0.001434
v -0.003877 -0.035634 0.001294
v -0.004126 -0.035465 0.001264
v -0.003880 -0.035660 0.001134
v -0.004130 -0.035492 0.001094
v -0.003305 -0.035846 0.001901
v -0.003271 -0.035825 0.002037
v -0.003548 -0.035697 0.001917
v -0.003790 -0.035529 0.001928
v -0.003129 -0.035754 0.002432
v -0.003591 -0.035187 0.003050
v -0.003190 -0.035110 0.003616
v -0.003402 -0.035144 0.003339
v -0.003499 -0.035165 0.003196
v -0.002596 -0.035442 0.003616
v -0.002317 -0.035597 0.003584
v -0.002209 -0.035584 0.003678
v -0.002486 -0.035430 0.003723
v -0.002369 -0.035416 0.003824
v -0.002656 -0.035250 0.003860
v -0.002531 -0.035235 0.003968
v -0.002824 -0.035057 0.003991
v -0.002690 -0.035041 0.004106
v -0.002775 -0.035265 0.003747
v -0.002952 -0.035074 0.003872
v -0.002887 -0.035276 0.003626
v -0.003074 -0.035091 0.003747
v -0.002096 -0.035572 0.003768
v -0.001979 -0.035561 0.003852
v -0.002123 -0.035392 0.004011
v -0.001859 -0.035551 0.003932
v -0.001735 -0.035542 0.004006
v -0.001993 -0.035381 0.004096
v -0.001860 -0.035371 0.004176
v -0.002398 -0.035216 0.004066
v -0.001608 -0.035534 0.004075
v -0.001478 -0.035527 0.004139
v -0.001723 -0.035362 0.004250
v -0.001583 -0.035354 0.004319
v -0.001689 -0.035168 0.004496
v -0.001792 -0.034965 0.004663
v -0.000216 -0.035508 0.004449
v -0.000225 -0.035334 0.004652
v -0.000234 -0.035146 0.004852
v -0.000066 -0.035150 0.004856
v -0.000242 -0.034946 0.005046
v -0.000063 -0.034950 0.005051
v 0.000076 -0.035515 0.004450
v 0.000221 -0.035520 0.004442
v 0.000089 -0.035342 0.004653
v 0.000245 -0.035348 0.004644
v 0.000366 -0.035527 0.004427
v 0.000510 -0.035534 0.004406
v 0.000556 -0.035362 0.004606
v 0.000437 -0.035168 0.004827
v 0.000603 -0.035176 0.004803
v 0.000270 -0.035161 0.004844
v 0.000294 -0.034962 0.005038
v 0.000102 -0.035155 0.004854
v 0.000115 -0.034955 0.005048
v 0.000652 -0.035542 0.004379
v 0.000794 -0.035552 0.004345
v 0.000710 -0.035371 0.004577
v 0.000862 -0.035381 0.004541
v 0.000930 -0.035197 0.004734
v 0.000998 -0.035000 0.004921
v 0.000767 -0.035186 0.004772
v 0.000824 -0.034988 0.004961
v 0.001988 -0.035493 0.004030
v 0.002273 -0.035339 0.004095
v 0.002403 -0.035359 0.003993
v 0.002429 -0.035152 0.004241
v 0.002568 -0.035173 0.004134
v 0.002138 -0.035320 0.004190
v 0.002286 -0.035131 0.004343
v 0.002571 -0.035588 0.003531
v 0.002676 -0.035615 0.003421
v 0.002764 -0.035425 0.003658
v 0.002873 -0.035447 0.003537
v 0.002953 -0.035243 0.003778
v 0.003070 -0.035267 0.003649
v 0.002649 -0.035402 0.003775
v 0.002830 -0.035219 0.003902
v 0.002528 -0.035380 0.003887
v 0.002702 -0.035196 0.004020
v 0.002570 -0.035790 0.003193
v 0.002655 -0.035810 0.003080
v 0.002865 -0.035660 0.003182
v 0.002735 -0.035832 0.002963
v 0.002809 -0.035853 0.002843
v 0.002948 -0.035677 0.003053
v 0.003073 -0.035489 0.003278
v 0.002977 -0.035471 0.003411
v 0.003181 -0.035292 0.003515
v 0.002878 -0.035875 0.002720
v 0.002939 -0.035891 0.002592
v 0.003167 -0.035741 0.002655
v 0.003245 -0.036102 0.001379
v 0.003248 -0.036124 0.001239
v 0.003500 -0.035972 0.001356
v 0.003756 -0.035828 0.001331
v 0.003760 -0.035854 0.001170
v 0.004011 -0.035671 0.001303
v 0.004015 -0.035698 0.001133
v 0.003997 -0.035639 0.001472
v 0.003244 -0.036146 0.001100
v 0.003234 -0.036168 0.000961
v 0.003499 -0.036020 0.001056
v 0.003218 -0.036190 0.000822
v 0.003471 -0.036066 0.000758
v 0.003447 -0.036089 0.000610
v 0.003726 -0.035928 0.000691
v 0.003744 -0.035904 0.000850
v 0.003999 -0.035751 0.000792
v 0.003756 -0.035879 0.001010
v 0.004011 -0.035725 0.000962
v 0.003168 -0.036232 0.000547
v 0.003133 -0.036253 0.000411
v 0.003379 -0.036133 0.000317
v 0.003093 -0.036273 0.000277
v 0.003336 -0.036155 0.000173
v 0.003579 -0.036020 0.000066
v 0.002471 -0.036428 -0.000818
v 0.002666 -0.036319 -0.001003
v 0.002864 -0.036197 -0.001191
v 0.003166 -0.036032 -0.001244
v 0.003060 -0.036059 -0.001380
v 0.002375 -0.036442 -0.000923
v 0.002276 -0.036455 -0.001024
v 0.002564 -0.036334 -0.001116
v 0.002456 -0.036348 -0.001225
v 0.002063 -0.036478 -0.001214
v 0.002227 -0.036373 -0.001428
v 0.002519 -0.036240 -0.001540
v 0.002393 -0.036253 -0.001646
v 0.002692 -0.036105 -0.001750
v 0.002558 -0.036119 -0.001863
v 0.002639 -0.036227 -0.001428
v 0.002820 -0.036091 -0.001632
v 0.002754 -0.036212 -0.001312
v 0.002943 -0.036076 -0.001509
v 0.001950 -0.036489 -0.001302
v 0.001833 -0.036499 -0.001384
v 0.002106 -0.036384 -0.001522
v 0.001981 -0.036395 -0.001611
v 0.001590 -0.036515 -0.001535
v 0.001851 -0.036404 -0.001695
v 0.001718 -0.036411 -0.001773
v 0.001991 -0.036286 -0.001931
v 0.002129 -0.036153 -0.002167
v 0.002129 -0.036276 -0.001842
v 0.002277 -0.036142 -0.002072
v 0.002420 -0.036131 -0.001971
v 0.001462 -0.036516 -0.001601
v 0.000765 -0.036321 -0.002422
v 0.000823 -0.036197 -0.002692
v 0.000649 -0.036197 -0.002726
v -0.000060 -0.036313 -0.002512
v 0.000120 -0.036192 -0.002784
v -0.000058 -0.036188 -0.002789
v 0.000297 -0.036195 -0.002772
v 0.000473 -0.036196 -0.002753
v -0.000354 -0.036520 -0.001957
v -0.000374 -0.036427 -0.002230
v -0.000498 -0.036524 -0.001945
v -0.000641 -0.036517 -0.001925
v -0.000528 -0.036420 -0.002214
v -0.000682 -0.036413 -0.002192
v -0.000559 -0.036302 -0.002486
v -0.000723 -0.036294 -0.002462
v -0.000589 -0.036169 -0.002757
v -0.000764 -0.036155 -0.002729
v -0.000393 -0.036309 -0.002503
v -0.000413 -0.036177 -0.002775
v -0.000227 -0.036315 -0.002512
v -0.000235 -0.036183 -0.002786
v -0.000782 -0.036509 -0.001898
v -0.000923 -0.036500 -0.001866
v -0.000834 -0.036405 -0.002163
v -0.000984 -0.036388 -0.002125
v -0.001061 -0.036491 -0.001827
v -0.001132 -0.036369 -0.002081
v -0.001276 -0.036349 -0.002030
v -0.002510 -0.036119 -0.001663
v -0.002673 -0.035986 -0.001885
v -0.002302 -0.036353 -0.001141
v -0.002406 -0.036335 -0.001045
v -0.002470 -0.036238 -0.001350
v -0.002582 -0.036219 -0.001247
v -0.002506 -0.036317 -0.000945
v -0.002602 -0.036298 -0.000840
v -0.002689 -0.036200 -0.001139
v -0.002792 -0.036180 -0.001027
v -0.002874 -0.036069 -0.001336
v -0.002984 -0.036048 -0.001217
v -0.003057 -0.035923 -0.001534
v -0.003174 -0.035901 -0.001406
v -0.002759 -0.036089 -0.001451
v -0.002934 -0.035945 -0.001656
v -0.002639 -0.036109 -0.001561
v -0.002806 -0.035966 -0.001773
v -0.002777 -0.036259 -0.000620
v -0.002889 -0.036160 -0.000911
v -0.002858 -0.036239 -0.000505
v -0.002933 -0.036219 -0.000386
v -0.003067 -0.036117 -0.000667
v -0.003148 -0.036096 -0.000539
v -0.003279 -0.035981 -0.000831
v -0.003365 -0.035958 -0.000695
v -0.003186 -0.036004 -0.000964
v -0.003088 -0.036026 -0.001092
v -0.003285 -0.035878 -0.001274
v -0.003002 -0.036198 -0.000264
v -0.003223 -0.036073 -0.000408
v -0.003443 -0.035931 -0.000555
v -0.003658 -0.035769 -0.000701
v -0.003324 -0.036038 0.000653
v -0.003350 -0.036022 0.000791
v -0.003366 -0.036000 0.000930
v -0.003597 -0.035886 0.000725
v -0.003615 -0.035862 0.000874
v -0.003376 -0.035978 0.001069
v -0.003625 -0.035838 0.001023
v -0.003876 -0.035685 0.000975
v -0.004125 -0.035519 0.000924
v -0.003865 -0.035710 0.000815
v -0.004113 -0.035545 0.000755
v -0.003846 -0.035736 0.000656
v -0.004093 -0.035572 0.000586
v -0.004369 -0.035308 0.001052
v -0.004306 -0.035197 0.001769
v -0.004706 -0.034752 0.001946
v -0.004925 -0.034537 0.001946
v -0.003804 -0.034997 0.003124
v -0.004007 -0.034793 0.003189
v -0.004204 -0.034579 0.003250
v -0.004397 -0.034356 0.003307
v -0.003708 -0.034974 0.003279
v -0.003604 -0.034952 0.003430
v -0.003905 -0.034769 0.003352
v -0.003795 -0.034745 0.003512
v -0.003493 -0.034930 0.003577
v -0.003376 -0.034910 0.003720
v -0.003679 -0.034723 0.003666
v -0.003555 -0.034701 0.003816
v -0.003859 -0.034507 0.003749
v -0.003729 -0.034484 0.003906
v -0.004036 -0.034281 0.003828
v -0.003891 -0.034248 0.003983
v -0.003981 -0.034530 0.003587
v -0.004164 -0.034305 0.003659
v -0.004097 -0.034554 0.003421
v -0.004285 -0.034330 0.003485
v -0.003252 -0.034890 0.003857
v -0.003123 -0.034872 0.003989
v -0.003425 -0.034681 0.003960
v -0.003288 -0.034661 0.004099
v -0.002987 -0.034854 0.004116
v -0.002839 -0.034826 0.004227
v -0.003145 -0.034643 0.004232
v -0.001721 -0.034749 0.004901
v -0.001811 -0.034537 0.005062
v -0.001622 -0.034523 0.005125
v -0.001897 -0.034312 0.005210
v -0.001702 -0.034305 0.005285
v -0.001981 -0.034079 0.005352
v -0.001776 -0.034071 0.005429
v -0.001098 -0.034287 0.005454
v -0.000891 -0.034280 0.005487
v -0.001301 -0.034291 0.005405
v -0.001358 -0.034059 0.005558
v -0.001503 -0.034298 0.005351
v -0.001569 -0.034064 0.005498
v -0.000439 -0.034729 0.005213
v -0.000656 -0.034508 0.005361
v -0.000459 -0.034515 0.005391
v -0.000251 -0.034736 0.005231
v -0.000061 -0.034740 0.005236
v -0.000259 -0.034518 0.005404
v -0.000059 -0.034522 0.005410
v -0.000267 -0.034287 0.005561
v -0.000057 -0.034297 0.005574
v -0.000055 -0.034055 0.005718
v 0.000128 -0.034742 0.005229
v 0.001064 -0.034793 0.005098
v 0.001459 -0.034138 0.005515
v 0.002429 -0.034932 0.004488
v 0.002568 -0.034724 0.004624
v 0.002581 -0.034954 0.004381
v 0.002729 -0.034976 0.004267
v 0.002728 -0.034747 0.004511
v 0.002883 -0.034771 0.004391
v 0.002871 -0.034532 0.004634
v 0.003034 -0.034557 0.004509
v 0.003010 -0.034307 0.004751
v 0.003181 -0.034334 0.004620
v 0.002702 -0.034508 0.004752
v 0.002833 -0.034282 0.004874
v 0.002650 -0.034257 0.004989
v 0.002870 -0.035000 0.004147
v 0.003006 -0.035025 0.004022
v 0.003033 -0.034796 0.004266
v 0.003174 -0.034817 0.004129
v 0.003137 -0.035050 0.003891
v 0.003261 -0.035076 0.003754
v 0.003191 -0.034583 0.004377
v 0.003340 -0.034353 0.004475
v 0.003378 -0.035102 0.003613
v 0.003991 -0.035276 0.002497
v 0.004442 -0.034898 0.002565
v 0.004663 -0.034694 0.002595
v 0.004297 -0.035141 0.002361
v 0.004350 -0.035169 0.002178
v 0.004397 -0.035199 0.001994
v 0.004438 -0.035233 0.001809
v 0.004629 -0.035007 0.001999
v 0.004669 -0.035039 0.001804
v 0.004854 -0.034801 0.002002
v 0.004896 -0.034833 0.001798
v 0.004579 -0.034975 0.002192
v 0.004802 -0.034768 0.002203
v 0.004521 -0.034943 0.002383
v 0.004740 -0.034735 0.002403
v 0.004223 -0.035438 0.001631
v 0.004249 -0.035474 0.001454
v 0.004468 -0.035263 0.001621
v 0.004489 -0.035293 0.001432
v 0.004261 -0.035502 0.001274
v 0.004264 -0.035531 0.001094
v 0.004502 -0.035323 0.001243
v 0.004506 -0.035353 0.001053
v 0.004718 -0.035096 0.001409
v 0.004701 -0.035070 0.001608
v 0.004260 -0.035559 0.000913
v 0.004245 -0.035584 0.000733
v 0.004501 -0.035382 0.000864
v 0.004477 -0.035397 0.000673
v 0.004736 -0.035194 0.000814
v 0.004404 -0.035273 -0.001233
v 0.004298 -0.035297 -0.001416
v 0.004501 -0.035249 -0.001046
v 0.004371 -0.035411 -0.000733
v 0.004589 -0.035223 -0.000855
v 0.003672 -0.035696 -0.001441
v 0.003370 -0.035891 -0.001425
v 0.003252 -0.035909 -0.001566
v 0.003562 -0.035727 -0.001598
v 0.003438 -0.035746 -0.001747
v 0.003749 -0.035551 -0.001768
v 0.003618 -0.035570 -0.001924
v 0.003873 -0.035531 -0.001607
v 0.003982 -0.035500 -0.001438
v 0.004185 -0.035320 -0.001594
v 0.003128 -0.035926 -0.001702
v 0.002997 -0.035942 -0.001833
v 0.003306 -0.035763 -0.001890
v 0.002859 -0.035952 -0.001956
v 0.003481 -0.035588 -0.002075
v 0.003645 -0.035389 -0.002251
v 0.002421 -0.035995 -0.002298
v 0.002264 -0.036006 -0.002399
v 0.002395 -0.035846 -0.002625
v 0.002518 -0.035663 -0.002839
v 0.002460 -0.035496 -0.003170
v 0.000879 -0.036051 -0.002955
v 0.000694 -0.036052 -0.002991
v 0.000933 -0.035893 -0.003210
v 0.000738 -0.035893 -0.003248
v 0.000986 -0.035721 -0.003459
v 0.000781 -0.035721 -0.003499
v 0.001038 -0.035536 -0.003705
v 0.000823 -0.035536 -0.003746
v 0.000508 -0.036051 -0.003019
v 0.000321 -0.036049 -0.003040
v 0.000542 -0.035892 -0.003278
v 0.000133 -0.036041 -0.003049
v 0.000574 -0.035712 -0.003524
v -0.000243 -0.036036 -0.003054
v -0.000431 -0.036030 -0.003042
v -0.000449 -0.035863 -0.003297
v -0.000618 -0.036023 -0.003024
v -0.000802 -0.035997 -0.002987
v -0.000647 -0.035863 -0.003282
v -0.000675 -0.035689 -0.003535
v -0.000701 -0.035495 -0.003777
v -0.002145 -0.035732 -0.002818
v -0.002259 -0.035582 -0.003063
v -0.002442 -0.035564 -0.002968
v -0.002362 -0.035392 -0.003290
v -0.002553 -0.035373 -0.003190
v -0.002659 -0.035695 -0.002535
v -0.002828 -0.035830 -0.002100
v -0.002823 -0.035684 -0.002428
v -0.002978 -0.035662 -0.002309
v -0.002794 -0.035525 -0.002755
v -0.002620 -0.035545 -0.002865
v -0.002740 -0.035354 -0.003083
v -0.002969 -0.035809 -0.001982
v -0.003105 -0.035787 -0.001858
v -0.003128 -0.035640 -0.002185
v -0.003271 -0.035618 -0.002054
v -0.003235 -0.035765 -0.001728
v -0.003360 -0.035742 -0.001593
v -0.003408 -0.035594 -0.001918
v -0.003538 -0.035569 -0.001775
v -0.003576 -0.035411 -0.002103
v -0.003708 -0.035378 -0.001951
v -0.003738 -0.035211 -0.002283
v -0.003876 -0.035176 -0.002124
v -0.003429 -0.035430 -0.002244
v -0.004754 -0.035036 0.000178
v -0.004334 -0.035397 0.000515
v -0.004355 -0.035369 0.000694
v -0.004567 -0.035211 0.000444
v -0.004589 -0.035182 0.000633
v -0.004368 -0.035341 0.000873
v -0.004601 -0.035151 0.000821
v -0.004817 -0.034939 0.000768
v -0.004817 -0.034984 0.000571
v -0.005033 -0.034767 0.000509
v -0.004794 -0.035015 0.000374
v -0.005142 -0.034310 0.001945
v -0.005318 -0.034055 0.002168
v -0.005463 -0.033776 0.002400
v -0.005384 -0.033744 0.002621
v -0.005587 -0.033484 0.002643
v -0.005532 -0.033808 0.002176
v -0.005585 -0.033836 0.001947
v -0.005800 -0.033581 0.001946
v -0.004990 -0.033929 0.003010
v -0.004691 -0.034143 0.003167
v -0.004587 -0.034121 0.003360
v -0.005294 -0.033713 0.002838
v -0.005495 -0.033453 0.002868
v -0.004469 -0.034094 0.003546
v -0.004345 -0.034069 0.003728
v -0.004210 -0.034044 0.003904
v -0.004384 -0.033798 0.003978
v -0.003221 -0.033108 0.005429
v -0.003002 -0.033093 0.005556
v -0.003435 -0.033124 0.005294
v -0.002362 -0.033590 0.005523
v -0.002064 -0.033836 0.005488
v -0.001851 -0.033828 0.005569
v -0.002147 -0.033584 0.005621
v -0.001924 -0.033576 0.005705
v -0.001634 -0.033821 0.005640
v -0.001414 -0.033816 0.005703
v -0.001699 -0.033569 0.005779
v -0.001470 -0.033563 0.005844
v -0.001525 -0.033303 0.005983
v -0.001761 -0.033305 0.005910
v 0.000205 -0.033044 0.006308
v 0.001527 -0.033897 0.005658
v 0.001745 -0.033915 0.005589
v 0.001594 -0.033648 0.005798
v 0.001821 -0.033666 0.005726
v 0.001661 -0.033390 0.005935
v 0.001896 -0.033409 0.005861
v 0.001957 -0.033930 0.005505
v 0.002165 -0.033947 0.005415
v 0.002044 -0.033685 0.005645
v 0.002263 -0.033706 0.005555
v 0.002370 -0.033968 0.005319
v 0.002355 -0.033450 0.005684
v 0.002447 -0.033187 0.005811
v 0.002128 -0.033429 0.005777
v 0.002211 -0.033165 0.005907
v 0.003326 -0.034100 0.004728
v 0.003942 -0.033372 0.004876
v 0.004739 -0.033814 0.003703
v 0.004876 -0.033857 0.003511
v 0.005071 -0.033607 0.003568
v 0.004884 -0.034481 0.002626
v 0.005111 -0.033932 0.003102
v 0.005312 -0.033680 0.003142
v 0.005202 -0.033648 0.003361
v 0.004958 -0.034515 0.002421
v 0.005022 -0.034549 0.002213
v 0.005232 -0.034312 0.002218
v 0.005076 -0.034583 0.002003
v 0.005121 -0.034617 0.001791
v 0.005297 -0.034354 0.002003
v 0.005341 -0.034386 0.001782
v 0.005506 -0.034106 0.002000
v 0.005560 -0.034146 0.001773
v 0.005780 -0.033899 0.001765
v 0.005160 -0.034793 0.000495
v 0.005591 -0.034377 0.000144
v 0.005828 -0.034149 0.000078
v 0.005783 -0.034177 -0.000162
v 0.005667 -0.034235 -0.000636
v 0.004801 -0.035018 -0.000975
v 0.004708 -0.035044 -0.001174
v 0.005011 -0.034800 -0.001094
v 0.004915 -0.034827 -0.001301
v 0.004607 -0.035069 -0.001369
v 0.004497 -0.035093 -0.001560
v 0.004809 -0.034853 -0.001504
v 0.004694 -0.034877 -0.001703
v 0.005007 -0.034622 -0.001637
v 0.004886 -0.034645 -0.001843
v 0.002576 -0.035299 -0.003391
v 0.002690 -0.035087 -0.003609
v 0.002800 -0.034859 -0.003822
v 0.002480 -0.035097 -0.003719
v 0.002264 -0.035100 -0.003816
v 0.001824 -0.035112 -0.003991
v 0.002135 -0.034889 -0.004141
v 0.001903 -0.034895 -0.004227
v 0.002221 -0.034656 -0.004367
v 0.001980 -0.034662 -0.004457
v 0.002362 -0.034882 -0.004045
v 0.002583 -0.034869 -0.003936
v 0.001310 -0.035331 -0.003890
v 0.001598 -0.035117 -0.004065
v -0.000727 -0.035290 -0.004019
v -0.000954 -0.035288 -0.003992
v -0.000992 -0.035080 -0.004240
v -0.000783 -0.034859 -0.004509
v -0.001029 -0.034856 -0.004481
v -0.000812 -0.034632 -0.004757
v -0.001066 -0.034621 -0.004720
v -0.001746 -0.034800 -0.004302
v -0.001814 -0.034575 -0.004544
v -0.001510 -0.034820 -0.004371
v -0.001569 -0.034595 -0.004616
v -0.001272 -0.034844 -0.004436
v -0.001319 -0.034608 -0.004674
v -0.002463 -0.035189 -0.003514
v -0.002664 -0.035169 -0.003411
v -0.002773 -0.034953 -0.003629
v -0.002859 -0.035149 -0.003298
v -0.002974 -0.034927 -0.003509
v -0.003092 -0.034698 -0.003721
v -0.003209 -0.034459 -0.003931
v -0.004046 -0.034967 -0.002298
v -0.004221 -0.034753 -0.002475
v -0.004394 -0.034525 -0.002649
v -0.004561 -0.034282 -0.002819
v -0.004719 -0.034248 -0.002628
v -0.004882 -0.034776 -0.001016
v -0.005084 -0.034546 -0.001135
v -0.005173 -0.034517 -0.000927
v -0.005030 -0.034704 -0.000608
v -0.005250 -0.034485 -0.000714
v -0.005450 -0.034235 -0.000815
v -0.006369 -0.033186 0.000925
v -0.006351 -0.033151 0.001183
v -0.006159 -0.033492 0.000707
v -0.006375 -0.033222 0.000667
v -0.006061 -0.033348 0.001700
v -0.006320 -0.033115 0.001439
v -0.006533 -0.032837 0.001426
v -0.006747 -0.032553 0.001414
v -0.006565 -0.032873 0.001161
v -0.006779 -0.032589 0.001141
v -0.006584 -0.032909 0.000895
v -0.006584 -0.032941 0.000628
v -0.005694 -0.033185 0.002899
v -0.004890 -0.032701 0.004463
v -0.005058 -0.032422 0.004547
v -0.004459 -0.032342 0.005113
v -0.004605 -0.032054 0.005215
v -0.004668 -0.032367 0.004933
v -0.004823 -0.032082 0.005032
v -0.004870 -0.032396 0.004747
v -0.005027 -0.032106 0.004834
v -0.003557 -0.032852 0.005403
v -0.003336 -0.032835 0.005543
v -0.003108 -0.032819 0.005674
v -0.003213 -0.032539 0.005789
v -0.001469 -0.032194 0.006591
v -0.001189 -0.032189 0.006638
v -0.001228 -0.031902 0.006786
v -0.000053 -0.032485 0.006595
v -0.000644 -0.031904 0.006861
v -0.000937 -0.031902 0.006829
v 0.000214 -0.032775 0.006456
v 0.000481 -0.032782 0.006438
v 0.000223 -0.032496 0.006597
v 0.000499 -0.032505 0.006582
v 0.001010 -0.032802 0.006369
v 0.000774 -0.032516 0.006556
v 0.002538 -0.032917 0.005937
v 0.002627 -0.032642 0.006063
v 0.003070 -0.032099 0.006200
v 0.002716 -0.032361 0.006190
v 0.004092 -0.033111 0.004978
v 0.004237 -0.032839 0.005075
v 0.004439 -0.032872 0.004898
v 0.004627 -0.032902 0.004709
v 0.004789 -0.032630 0.004801
v 0.004590 -0.032595 0.004991
v 0.006104 -0.032607 0.003310
v 0.005999 -0.033646 0.001759
v 0.006437 -0.033121 0.001752
v 0.006755 -0.032961 0.000931
v 0.006763 -0.032998 0.000655
v 0.006503 -0.033187 0.001221
v 0.006734 -0.032923 0.001206
v 0.006482 -0.033159 0.001489
v 0.006695 -0.032881 0.001478
v 0.006068 -0.033857 0.000262
v 0.006049 -0.033899 0.000012
v 0.006008 -0.033932 -0.000236
v 0.005956 -0.033965 -0.000483
v 0.005886 -0.033991 -0.000727
v 0.006173 -0.033708 -0.000563
v 0.006523 -0.033198 -0.000985
v 0.005273 -0.034162 -0.002121
v 0.005463 -0.033907 -0.002256
v 0.005852 -0.033383 -0.002526
v 0.005351 -0.033452 -0.003220
v 0.005532 -0.033434 -0.002997
v 0.005697 -0.033409 -0.002765
v 0.004286 -0.034282 -0.003314
v 0.004448 -0.034037 -0.003497
v 0.004251 -0.034060 -0.003682
v 0.004046 -0.034082 -0.003859
v 0.003829 -0.034098 -0.004024
v 0.003963 -0.033838 -0.004218
v 0.004096 -0.033571 -0.004410
v 0.002057 -0.034419 -0.004685
v 0.002132 -0.034168 -0.004910
v 0.002207 -0.033909 -0.005134
v 0.002281 -0.033643 -0.005358
v 0.001932 -0.033904 -0.005212
v 0.002000 -0.033647 -0.005449
v 0.000237 -0.034165 -0.005271
v -0.000040 -0.034160 -0.005278
v 0.000247 -0.033909 -0.005511
v -0.000039 -0.033903 -0.005518
v -0.000316 -0.034155 -0.005276
v -0.000326 -0.033895 -0.005513
v -0.000336 -0.033628 -0.005749
v -0.001621 -0.034338 -0.004837
v -0.001876 -0.034322 -0.004767
v -0.003325 -0.034210 -0.004139
v -0.003441 -0.033954 -0.004345
v -0.004025 -0.033639 -0.004241
v -0.004243 -0.033607 -0.004068
v -0.004161 -0.033371 -0.004439
v -0.004391 -0.033344 -0.004265
v -0.003798 -0.033670 -0.004405
v -0.003923 -0.033397 -0.004604
v -0.003558 -0.033690 -0.004550
v -0.003677 -0.033422 -0.004758
v -0.004540 -0.034045 -0.003167
v -0.004723 -0.034025 -0.002984
v -0.004895 -0.033999 -0.002791
v -0.005052 -0.033969 -0.002589
v -0.005230 -0.033707 -0.002740
v -0.005201 -0.033937 -0.002380
v -0.005338 -0.033904 -0.002164
v -0.005383 -0.033675 -0.002524
v -0.005525 -0.033641 -0.002301
v -0.005565 -0.033405 -0.002667
v -0.005748 -0.033128 -0.002808
v -0.005901 -0.033095 -0.002571
v -0.006647 -0.032846 -0.000774
v -0.006698 -0.032805 -0.000503
v -0.006569 -0.032877 -0.001041
v -0.006575 -0.032975 0.000361
v -0.006743 -0.032769 -0.000231
v -0.006961 -0.032261 0.001404
v -0.007178 -0.031961 0.001397
v -0.007396 -0.031654 0.001393
v -0.007346 -0.031617 0.001689
v -0.007616 -0.031339 0.001390
v -0.007564 -0.031301 0.001695
v -0.007325 -0.031192 0.002590
v -0.007419 -0.031228 0.002295
v -0.007499 -0.031264 0.001996
v -0.006364 -0.032016 0.003293
v -0.006678 -0.031740 0.003070
v -0.006419 -0.031679 0.003598
v -0.006271 -0.031650 0.003855
v -0.004975 -0.031786 0.005128
v -0.005049 -0.031146 0.005535
v -0.003369 -0.031348 0.006421
v -0.002888 -0.031014 0.006810
v -0.002588 -0.031005 0.006919
v -0.003182 -0.031025 0.006689
v -0.003471 -0.031037 0.006557
v 0.001255 -0.030729 0.007396
v 0.002226 -0.030787 0.007193
v 0.002542 -0.030809 0.007097
v 0.001905 -0.030764 0.007270
v 0.001537 -0.031061 0.007182
v 0.002893 -0.031781 0.006451
v 0.003167 -0.031807 0.006329
v 0.003435 -0.031834 0.006195
v 0.003697 -0.031862 0.006052
v 0.003951 -0.031891 0.005896
v 0.005644 -0.031497 0.004956
v 0.005812 -0.031187 0.005054
v 0.006416 -0.031305 0.004321
v 0.006592 -0.031344 0.004060
v 0.006227 -0.031265 0.004573
v 0.006025 -0.031225 0.004818
v 0.006307 -0.032326 0.003361
v 0.006504 -0.032032 0.003409
v 0.006632 -0.032071 0.003143
v 0.006749 -0.032111 0.002874
v 0.006852 -0.032150 0.002599
v 0.007067 -0.031853 0.002630
v 0.006977 -0.032681 0.000907
v 0.006985 -0.032719 0.000623
v 0.007200 -0.032393 0.000885
v 0.007209 -0.032431 0.000593
v 0.007426 -0.032098 0.000866
v 0.007435 -0.032136 0.000565
v 0.007653 -0.031795 0.000849
v 0.007662 -0.031833 0.000539
v 0.006740 -0.032922 -0.001068
v 0.006871 -0.032672 -0.001434
v 0.007092 -0.032383 -0.001524
v 0.006987 -0.032415 -0.001812
v 0.007195 -0.032109 -0.001907
v 0.007184 -0.032351 -0.001232
v 0.006040 -0.033103 -0.002655
v 0.006727 -0.032467 -0.002372
v 0.006868 -0.032445 -0.002097
v 0.007078 -0.032144 -0.002201
v 0.005880 -0.033129 -0.002901
v 0.005713 -0.033158 -0.003144
v 0.005529 -0.033180 -0.003375
v 0.005703 -0.032893 -0.003527
v 0.005875 -0.032594 -0.003675
v 0.004109 -0.033028 -0.004973
v 0.003965 -0.032749 -0.005344
v 0.004082 -0.032445 -0.005546
v 0.003797 -0.032460 -0.005716
v 0.004237 -0.032736 -0.005172
v 0.004361 -0.032430 -0.005367
v 0.004499 -0.032719 -0.004987
v 0.004636 -0.032420 -0.005182
v 0.002356 -0.033369 -0.005582
v 0.003394 -0.032761 -0.005644
v 0.003501 -0.032468 -0.005868
v 0.002066 -0.033373 -0.005676
v 0.001772 -0.033376 -0.005758
v 0.001828 -0.033093 -0.005990
v 0.001474 -0.033373 -0.005823
v 0.001173 -0.033368 -0.005876
v 0.001522 -0.033094 -0.006062
v 0.001569 -0.032802 -0.006297
v 0.001615 -0.032501 -0.006533
v -0.000345 -0.033344 -0.005977
v -0.001044 -0.032446 -0.006648
v -0.001372 -0.032427 -0.006593
v -0.000691 -0.032760 -0.006441
v -0.000713 -0.032462 -0.006687
v -0.002427 -0.033245 -0.005587
v -0.002205 -0.032975 -0.005906
v -0.002508 -0.032967 -0.005823
v -0.002276 -0.032686 -0.006144
v -0.002582 -0.032667 -0.006045
v -0.001699 -0.032412 -0.006532
v -0.002800 -0.032947 -0.005715
v -0.003087 -0.032924 -0.005594
v -0.003363 -0.032892 -0.005453
v -0.003183 -0.032629 -0.005815
v -0.003276 -0.032320 -0.006030
v -0.002886 -0.032651 -0.005939
v -0.004290 -0.033085 -0.004628
v -0.004531 -0.033062 -0.004452
v -0.004673 -0.032772 -0.004640
v -0.005210 -0.032135 -0.004808
v -0.005932 -0.032843 -0.002949
v -0.006090 -0.032809 -0.002704
v -0.006117 -0.032550 -0.003088
v -0.006280 -0.032516 -0.002836
v -0.006304 -0.032249 -0.003228
v -0.006471 -0.032214 -0.002967
v -0.006488 -0.031935 -0.003364
v -0.006307 -0.031973 -0.003627
v -0.006431 -0.032481 -0.002578
v -0.006900 -0.032106 -0.002151
v -0.007106 -0.031794 -0.002257
v -0.006770 -0.032142 -0.002429
v -0.006966 -0.031827 -0.002541
v -0.006627 -0.032178 -0.002701
v -0.006786 -0.032595 -0.001127
v -0.006859 -0.032558 -0.000851
v -0.006918 -0.032521 -0.000572
v -0.007134 -0.032224 -0.000638
v -0.007869 -0.031049 0.001075
v -0.008113 -0.030755 0.000743
v -0.008340 -0.030419 0.000731
v -0.008355 -0.030462 0.000397
v -0.008580 -0.030116 0.000378
v -0.007634 -0.030904 0.002320
v -0.007537 -0.030867 0.002623
v -0.007750 -0.030536 0.002660
v -0.007964 -0.030196 0.002699
v -0.008178 -0.029849 0.002741
v -0.006802 -0.029580 0.005135
v -0.006573 -0.029554 0.005402
v -0.006837 -0.029957 0.004766
v -0.007043 -0.029991 0.004496
v -0.005349 -0.030501 0.005764
v -0.005092 -0.030478 0.005970
v -0.004962 -0.030123 0.006296
v -0.004679 -0.030104 0.006485
v -0.004808 -0.029762 0.006624
v -0.002742 -0.030359 0.007219
v -0.002274 -0.029322 0.007902
v -0.002558 -0.029676 0.007641
v -0.002628 -0.029327 0.007807
v 0.000655 -0.029360 0.008151
v 0.002755 -0.029816 0.007568
v 0.002826 -0.029471 0.007732
v 0.003174 -0.029496 0.007613
v 0.004988 -0.030023 0.006488
v 0.005276 -0.030059 0.006285
v 0.004689 -0.029986 0.006673
v 0.005981 -0.030869 0.005154
v 0.005909 -0.030501 0.005493
v 0.005820 -0.030133 0.005846
v 0.005553 -0.030095 0.006071
v 0.005701 -0.029754 0.006199
v 0.006605 -0.030989 0.004402
v 0.007173 -0.030372 0.004290
v 0.008358 -0.030336 0.002167
v 0.008440 -0.030381 0.001832
v 0.008046 -0.030632 0.002464
v 0.008262 -0.030292 0.002499
v 0.008149 -0.030247 0.002825
v 0.007881 -0.031484 0.000834
v 0.007891 -0.031523 0.000515
v 0.008108 -0.031163 0.000822
v 0.008315 -0.030798 0.001148
v 0.008501 -0.030423 0.001492
v 0.007885 -0.031561 0.000196
v 0.007852 -0.031590 -0.000123
v 0.008093 -0.031280 -0.000163
v 0.008055 -0.031317 -0.000491
v 0.008285 -0.030991 -0.000537
v 0.008508 -0.030653 -0.000581
v 0.007289 -0.031835 -0.002305
v 0.007598 -0.030910 -0.003243
v 0.007563 -0.031220 -0.002820
v 0.007773 -0.030887 -0.002929
v 0.007916 -0.030849 -0.002602
v 0.006024 -0.032015 -0.004241
v 0.006200 -0.031699 -0.004402
v 0.007001 -0.030983 -0.004146
v 0.005964 -0.031720 -0.004656
v 0.005716 -0.031740 -0.004900
v 0.005040 -0.032090 -0.005165
v 0.005457 -0.031759 -0.005134
v 0.005610 -0.031431 -0.005314
v 0.005758 -0.031092 -0.005490
v 0.003602 -0.032156 -0.006081
v 0.003705 -0.031837 -0.006297
v 0.003807 -0.031510 -0.006514
v 0.003911 -0.031175 -0.006733
v 0.001662 -0.032190 -0.006770
v 0.001708 -0.031871 -0.007008
v 0.001361 -0.031870 -0.007077
v 0.001755 -0.031542 -0.007247
v 0.001397 -0.031541 -0.007318
v 0.002163 -0.031200 -0.007393
v 0.000311 -0.031524 -0.007432
v 0.000318 -0.031189 -0.007683
v 0.000675 -0.031534 -0.007413
v 0.000691 -0.031196 -0.007658
v 0.001037 -0.031538 -0.007373
v -0.000734 -0.032151 -0.006930
v -0.001076 -0.032138 -0.006895
v -0.001416 -0.032124 -0.006845
v -0.001457 -0.031803 -0.007086
v -0.001752 -0.032109 -0.006782
v -0.001803 -0.031787 -0.007020
v -0.001855 -0.031456 -0.007259
v -0.001906 -0.031116 -0.007499
v -0.003893 -0.031329 -0.006545
v -0.003999 -0.030988 -0.006762
v -0.004325 -0.030962 -0.006589
v -0.005244 -0.031518 -0.005387
v -0.005252 -0.030877 -0.005992
v -0.004952 -0.030905 -0.006203
v -0.004640 -0.030931 -0.006399
v -0.005362 -0.031819 -0.004990
v -0.005610 -0.031787 -0.004765
v -0.005509 -0.031487 -0.005166
v -0.005843 -0.031751 -0.004527
v -0.006071 -0.031720 -0.004284
v -0.006009 -0.031425 -0.004694
v -0.006246 -0.031396 -0.004447
v -0.006288 -0.031689 -0.004034
v -0.006490 -0.031654 -0.003773
v -0.006466 -0.031362 -0.004186
v -0.006646 -0.031027 -0.004338
v -0.006825 -0.030683 -0.004489
v -0.007307 -0.031470 -0.002360
v -0.008069 -0.030426 -0.002341
v -0.008062 -0.030915 -0.000561
v -0.008348 -0.030501 0.000061
v -0.008325 -0.030540 -0.000275
v -0.008286 -0.030579 -0.000610
v -0.009021 -0.029364 0.000709
v -0.008804 -0.029762 0.000361
v -0.009395 -0.028545 0.001462
v -0.009331 -0.028507 0.001837
v -0.009436 -0.028581 0.001083
v -0.009245 -0.028997 0.000705
v -0.009462 -0.028620 0.000703
v -0.009246 -0.029031 0.000333
v -0.009472 -0.028659 0.000322
v -0.008393 -0.029495 0.002787
v -0.008269 -0.029459 0.003118
v -0.009250 -0.028469 0.002208
v -0.008329 -0.029056 0.003503
v -0.008179 -0.029027 0.003835
v -0.008374 -0.028654 0.003905
v -0.006745 -0.029199 0.005514
v -0.006915 -0.028835 0.005628
v -0.007258 -0.028092 0.005868
v -0.006989 -0.028066 0.006149
v -0.005195 -0.028694 0.007059
v -0.004872 -0.028676 0.007255
v -0.003947 -0.028265 0.007933
v -0.004304 -0.028277 0.007773
v -0.001967 -0.028964 0.008158
v -0.001724 -0.027859 0.008772
v 0.001485 -0.028302 0.008593
v 0.003252 -0.029143 0.007775
v 0.003604 -0.029172 0.007643
v 0.004287 -0.029231 0.007332
v 0.004046 -0.028843 0.007657
v 0.004393 -0.028874 0.007491
v 0.004498 -0.028511 0.007653
v 0.006132 -0.029444 0.006096
v 0.006287 -0.029090 0.006226
v 0.006728 -0.028769 0.006100
v 0.006442 -0.028729 0.006358
v 0.007560 -0.029686 0.004458
v 0.007433 -0.028484 0.005663
v 0.007760 -0.029735 0.004161
v 0.008141 -0.029426 0.003924
v 0.008235 -0.029859 0.003202
v 0.008311 -0.029473 0.003600
v 0.008522 -0.029116 0.003670
v 0.008731 -0.028752 0.003742
v 0.008731 -0.030081 0.001504
v 0.008960 -0.029732 0.001520
v 0.009468 -0.029056 0.001178
v 0.009189 -0.029377 0.001537
v 0.009418 -0.029015 0.001557
v 0.008960 -0.029958 -0.000664
v 0.008915 -0.030004 -0.001028
v 0.008849 -0.029749 -0.002180
v 0.009068 -0.029385 -0.002255
v 0.008965 -0.029716 -0.001815
v 0.007619 -0.030598 -0.003679
v 0.007416 -0.030625 -0.003991
v 0.007188 -0.030641 -0.004287
v 0.007609 -0.030274 -0.004122
v 0.007375 -0.030290 -0.004427
v 0.007566 -0.029935 -0.004569
v 0.007757 -0.029574 -0.004710
v 0.007801 -0.029916 -0.004252
v 0.007993 -0.029551 -0.004381
v 0.005762 -0.030411 -0.006097
v 0.005907 -0.030052 -0.006284
v 0.004915 -0.030087 -0.006975
v 0.005036 -0.029721 -0.007183
v 0.005253 -0.030074 -0.006754
v 0.005387 -0.029713 -0.006962
v 0.005587 -0.030065 -0.006528
v 0.004012 -0.030828 -0.006947
v 0.003666 -0.030837 -0.007115
v 0.003314 -0.030846 -0.007270
v 0.002954 -0.030850 -0.007405
v 0.003028 -0.030497 -0.007637
v 0.002590 -0.030855 -0.007529
v 0.002654 -0.030500 -0.007763
v 0.002781 -0.029764 -0.008229
v 0.000325 -0.030842 -0.007929
v 0.000331 -0.030485 -0.008175
v 0.000337 -0.030120 -0.008421
v 0.000342 -0.029746 -0.008667
v -0.000070 -0.029738 -0.008677
v -0.001665 -0.030050 -0.008283
v -0.001301 -0.029693 -0.008588
v -0.000482 -0.029718 -0.008656
v -0.001958 -0.030767 -0.007740
v -0.002010 -0.030410 -0.007980
v -0.002390 -0.030391 -0.007889
v -0.002762 -0.030362 -0.007769
v -0.003217 -0.029983 -0.007888
v -0.003291 -0.029600 -0.008107
v -0.004766 -0.030584 -0.006609
v -0.005083 -0.030555 -0.006404
v -0.005214 -0.030196 -0.006604
v -0.005391 -0.030526 -0.006186
v -0.005529 -0.030166 -0.006379
v -0.005667 -0.029798 -0.006572
v -0.005804 -0.029423 -0.006763
v -0.006120 -0.029388 -0.006508
v -0.005344 -0.029828 -0.006802
v -0.005473 -0.029452 -0.007000
v -0.007005 -0.030331 -0.004639
v -0.007226 -0.030292 -0.004343
v -0.007184 -0.029971 -0.004788
v -0.007416 -0.029936 -0.004487
v -0.008029 -0.029496 -0.003981
v -0.008221 -0.029120 -0.004101
v -0.008129 -0.030101 -0.002761
v -0.008280 -0.030073 -0.002431
v -0.008406 -0.030037 -0.002093
v -0.008512 -0.029998 -0.001749
v -0.008613 -0.029672 -0.002170
v -0.008730 -0.029638 -0.001819
v -0.008590 -0.029952 -0.001400
v -0.008947 -0.029271 -0.001888
v -0.009163 -0.028897 -0.001955
v -0.009550 -0.028127 0.001865
v -0.009767 -0.027742 0.001895
v -0.009982 -0.027350 0.001927
v -0.010196 -0.026955 0.001960
v -0.009467 -0.028089 0.002245
v -0.009683 -0.027703 0.002285
v -0.010000 -0.026879 0.002771
v -0.009896 -0.027312 0.002325
v -0.010108 -0.026917 0.002368
v -0.008592 -0.027866 0.004407
v -0.008788 -0.027480 0.004497
v -0.007423 -0.027708 0.005987
v -0.007859 -0.027349 0.005809
v -0.008303 -0.026996 0.005619
v -0.008480 -0.026600 0.005735
v -0.008548 -0.027028 0.005287
v -0.008726 -0.026628 0.005392
v -0.006559 -0.027634 0.006815
v -0.006244 -0.027611 0.007064
v -0.006385 -0.027224 0.007214
v -0.006526 -0.026833 0.007366
v -0.006664 -0.026437 0.007520
v -0.004232 -0.027123 0.008453
v -0.003928 -0.026722 0.008789
v -0.004325 -0.026732 0.008630
v -0.001767 -0.027479 0.008959
v -0.002275 -0.026699 0.009256
v -0.002756 -0.026309 0.009358
v -0.003180 -0.026313 0.009245
v -0.001357 -0.027482 0.009018
v -0.000944 -0.027486 0.009061
v -0.000119 -0.027117 0.009290
v -0.000126 -0.026727 0.009484
v 0.003365 -0.026482 0.009150
v 0.002463 -0.026828 0.009198
v 0.004706 -0.027766 0.007985
v 0.005541 -0.027448 0.007738
v 0.006028 -0.027107 0.007684
v 0.006379 -0.027144 0.007439
v 0.006513 -0.026757 0.007597
v 0.007608 -0.028112 0.005782
v 0.008666 -0.027056 0.005493
v 0.008226 -0.027397 0.005711
v 0.008407 -0.027014 0.005834
v 0.008116 -0.026961 0.006148
v 0.009148 -0.028008 0.003894
v 0.009311 -0.028050 0.003525
v 0.009357 -0.027192 0.004424
v 0.009925 -0.027805 0.002431
v 0.010010 -0.027843 0.002029
v 0.010144 -0.027421 0.002477
v 0.009800 -0.027755 0.002822
v 0.009645 -0.028646 0.001579
v 0.009735 -0.028765 0.000405
v 0.009734 -0.028807 0.000012
v 0.009963 -0.028433 -0.000003
v 0.010189 -0.028052 -0.000016
v 0.009286 -0.029016 -0.002328
v 0.009503 -0.028639 -0.002399
v 0.009349 -0.028663 -0.002784
v 0.009707 -0.028250 -0.002466
v 0.009564 -0.028283 -0.002865
v 0.008791 -0.028387 -0.004392
v 0.009211 -0.027975 -0.004128
v 0.008980 -0.027995 -0.004505
v 0.009419 -0.027951 -0.003740
v 0.009392 -0.028307 -0.003254
v 0.008183 -0.029178 -0.004508
v 0.007936 -0.029197 -0.004841
v 0.007674 -0.029214 -0.005165
v 0.007401 -0.029233 -0.005481
v 0.007117 -0.029252 -0.005789
v 0.007290 -0.028879 -0.005957
v 0.007445 -0.028486 -0.006108
v 0.005152 -0.029343 -0.007385
v 0.005271 -0.028961 -0.007590
v 0.005385 -0.028569 -0.007788
v 0.005497 -0.028169 -0.007984
v 0.005106 -0.028177 -0.008220
v 0.003385 -0.028595 -0.008767
v 0.003880 -0.028193 -0.008827
v 0.004294 -0.028186 -0.008636
v 0.004703 -0.028181 -0.008434
v 0.002844 -0.029384 -0.008460
v 0.002904 -0.028993 -0.008686
v 0.002485 -0.028987 -0.008799
v 0.001673 -0.028589 -0.009232
v 0.000769 -0.029366 -0.008873
v 0.001213 -0.028981 -0.009063
v 0.001238 -0.028591 -0.009313
v 0.001261 -0.028187 -0.009550
v -0.000916 -0.029330 -0.008884
v -0.001335 -0.029318 -0.008842
v -0.001368 -0.028927 -0.009084
v -0.001400 -0.028529 -0.009323
v -0.001431 -0.028123 -0.009560
v -0.003845 -0.028800 -0.008402
v -0.005108 -0.028328 -0.008043
v -0.005224 -0.027930 -0.008257
v -0.004331 -0.028379 -0.008447
v -0.003935 -0.028408 -0.008633
v -0.005602 -0.029069 -0.007197
v -0.005940 -0.029039 -0.006953
v -0.006268 -0.029009 -0.006696
v -0.005487 -0.028305 -0.007822
v -0.006584 -0.028978 -0.006425
v -0.006887 -0.028946 -0.006143
v -0.007044 -0.028556 -0.006310
v -0.007172 -0.028909 -0.005844
v -0.007335 -0.028519 -0.006003
v -0.007661 -0.027724 -0.006321
v -0.007198 -0.028159 -0.006475
v -0.008980 -0.027554 -0.004569
v -0.009568 -0.027443 -0.003412
v -0.009742 -0.027414 -0.003018
v -0.009006 -0.027920 -0.004086
v -0.009378 -0.028517 -0.002020
v -0.009589 -0.028129 -0.002083
v -0.009477 -0.028478 -0.001636
v -0.009684 -0.028087 -0.001688
v -0.009769 -0.028049 -0.001293
v -0.009827 -0.028007 -0.000894
v -0.009875 -0.027969 -0.000494
v -0.010103 -0.027583 -0.000519
v -0.010318 -0.027186 -0.000542
v -0.010052 -0.027620 -0.000928
v -0.010943 -0.025815 0.001184
v -0.011146 -0.025401 0.001202
v -0.010975 -0.025853 0.000739
v -0.011178 -0.025438 0.000747
v -0.010078 -0.026441 0.003229
v -0.009919 -0.026399 0.003625
v -0.010122 -0.025997 0.003698
v -0.010323 -0.025591 0.003772
v -0.010515 -0.025179 0.003844
v -0.010326 -0.025137 0.004256
v -0.008655 -0.026200 0.005853
v -0.009084 -0.025824 0.005614
v -0.008828 -0.025796 0.005971
v -0.008541 -0.025759 0.006305
v -0.009259 -0.025416 0.005726
v -0.006795 -0.026032 0.007666
v -0.008245 -0.024886 0.007233
v -0.006439 -0.026011 0.007923
v -0.005812 -0.025574 0.008570
v -0.005416 -0.025559 0.008786
v -0.005922 -0.025167 0.008740
v -0.006031 -0.024757 0.008910
v -0.005620 -0.024741 0.009134
v -0.002870 -0.025507 0.009739
v -0.002471 -0.025097 0.010025
v -0.002926 -0.025101 0.009930
v -0.000138 -0.025932 0.009869
v 0.000313 -0.025947 0.009870
v 0.000776 -0.025560 0.010042
v 0.001236 -0.025576 0.010001
v 0.001273 -0.024764 0.010391
v 0.003860 -0.026118 0.009200
v 0.004955 -0.024971 0.009393
v 0.004440 -0.025347 0.009404
v 0.004517 -0.024941 0.009585
v 0.004001 -0.025316 0.009569
v 0.004069 -0.024910 0.009753
v 0.006644 -0.026364 0.007753
v 0.006393 -0.025924 0.008162
v 0.006772 -0.025966 0.007910
v 0.007137 -0.026008 0.007638
v 0.007975 -0.025693 0.007193
v 0.008121 -0.025289 0.007334
v 0.007628 -0.025647 0.007496
v 0.009104 -0.026714 0.005256
v 0.009282 -0.026315 0.005358
v 0.009340 -0.026759 0.004891
v 0.009529 -0.026364 0.004990
v 0.010129 -0.025608 0.004790
v 0.009714 -0.025965 0.005089
v 0.009896 -0.025562 0.005188
v 0.010672 -0.026678 0.002142
v 0.010779 -0.026236 0.002617
v 0.010883 -0.026279 0.002181
v 0.011069 -0.026438 0.000396
v 0.011271 -0.025998 0.000857
v 0.011233 -0.025958 0.001315
v 0.010955 -0.026316 0.001737
v 0.010629 -0.027273 -0.000038
v 0.010605 -0.027312 -0.000470
v 0.010540 -0.027340 -0.000900
v 0.010458 -0.027368 -0.001329
v 0.010682 -0.026977 -0.001368
v 0.010370 -0.027404 -0.001756
v 0.010581 -0.027006 -0.001804
v 0.011007 -0.026203 -0.001898
v 0.009616 -0.027555 -0.003835
v 0.009810 -0.027154 -0.003928
v 0.009403 -0.027579 -0.004231
v 0.009169 -0.027599 -0.004618
v 0.009593 -0.027177 -0.004333
v 0.009357 -0.027199 -0.004730
v 0.009779 -0.026770 -0.004433
v 0.009538 -0.026791 -0.004839
v 0.009961 -0.026358 -0.004531
v 0.010002 -0.026748 -0.004019
v 0.010189 -0.026337 -0.004110
v 0.008867 -0.026429 -0.006130
v 0.009168 -0.026414 -0.005745
v 0.009440 -0.026390 -0.005343
v 0.007431 -0.027704 -0.006740
v 0.007914 -0.027284 -0.006566
v 0.007584 -0.027300 -0.006904
v 0.007236 -0.027313 -0.007226
v 0.006870 -0.027322 -0.007529
v 0.007003 -0.026909 -0.007703
v 0.006496 -0.027331 -0.007822
v 0.004796 -0.027773 -0.008639
v 0.004382 -0.027782 -0.008852
v 0.004465 -0.027367 -0.009060
v 0.003956 -0.027785 -0.009042
v 0.004031 -0.027370 -0.009254
v 0.004105 -0.026949 -0.009463
v 0.004172 -0.026516 -0.009657
v 0.003719 -0.026522 -0.009854
v 0.004547 -0.026947 -0.009264
v 0.004622 -0.026515 -0.009453
v 0.001831 -0.026507 -0.010381
v 0.001284 -0.027775 -0.009784
v 0.001307 -0.027358 -0.010015
v 0.000840 -0.027347 -0.010065
v 0.000377 -0.026910 -0.010322
v -0.000099 -0.026899 -0.010334
v -0.000102 -0.026469 -0.010561
v 0.000853 -0.026917 -0.010283
v 0.001328 -0.026931 -0.010238
v -0.001461 -0.027707 -0.009788
v -0.001912 -0.027689 -0.009714
v -0.000575 -0.026891 -0.010332
v -0.000587 -0.026463 -0.010564
v -0.002359 -0.027668 -0.009618
v -0.002862 -0.027238 -0.009746
v -0.003241 -0.027630 -0.009379
v -0.003432 -0.026359 -0.010038
v -0.005330 -0.027518 -0.008457
v -0.005534 -0.026673 -0.008845
v -0.005830 -0.027071 -0.008406
v -0.006839 -0.026165 -0.008222
v -0.007216 -0.026138 -0.007917
v -0.005943 -0.026650 -0.008601
v -0.007496 -0.027343 -0.006795
v -0.007639 -0.026924 -0.006949
v -0.007818 -0.027315 -0.006475
v -0.008119 -0.027283 -0.006138
v -0.007575 -0.026107 -0.007593
v -0.008568 -0.026834 -0.005923
v -0.008850 -0.026805 -0.005560
v -0.008928 -0.027182 -0.005060
v -0.009109 -0.026772 -0.005183
v -0.009283 -0.026355 -0.005301
v -0.009453 -0.025933 -0.005417
v -0.009018 -0.026387 -0.005686
v -0.009183 -0.025964 -0.005810
v -0.009940 -0.027008 -0.003095
v -0.010311 -0.026174 -0.003240
v -0.010531 -0.026784 -0.000564
v -0.010740 -0.026377 -0.000584
v -0.010770 -0.026339 -0.000146
v -0.011344 -0.024983 0.001220
v -0.011538 -0.024562 0.001238
v -0.011477 -0.024523 0.001707
v -0.011577 -0.024057 0.002207
v -0.011709 -0.024130 0.001254
v -0.011748 -0.024169 0.000774
v -0.011924 -0.023737 0.000781
v -0.010700 -0.024761 0.003914
v -0.011037 -0.024374 0.003540
v -0.011224 -0.023954 0.003604
v -0.011398 -0.023528 0.003664
v -0.011367 -0.023990 0.003145
v -0.011553 -0.023567 0.003200
v -0.011480 -0.024022 0.002678
v -0.011669 -0.023600 0.002724
v -0.010102 -0.024659 0.005169
v -0.009863 -0.024626 0.005567
v -0.010032 -0.024208 0.005670
v -0.010197 -0.023787 0.005773
v -0.010352 -0.023361 0.005870
v -0.008185 -0.024029 0.007837
v -0.007679 -0.023141 0.008747
v -0.008322 -0.023613 0.007984
v -0.008667 -0.023632 0.007640
v -0.006136 -0.024344 0.009079
v -0.005718 -0.024328 0.009307
v -0.006236 -0.023925 0.009241
v -0.006865 -0.023107 0.009320
v -0.007281 -0.023125 0.009046
v -0.005285 -0.024309 0.009506
v -0.004930 -0.023882 0.009877
v -0.004021 -0.023869 0.010224
v -0.004555 -0.023462 0.010248
v -0.004088 -0.023456 0.010411
v -0.004622 -0.023041 0.010418
v -0.004151 -0.023037 0.010591
v -0.001611 -0.024282 0.010564
v -0.001171 -0.023451 0.010977
v -0.001668 -0.023450 0.010939
v 0.001290 -0.024354 0.010584
v 0.001773 -0.024371 0.010516
v 0.001307 -0.023937 0.010765
v 0.003728 -0.024057 0.010267
v 0.003301 -0.023619 0.010595
v 0.003348 -0.023204 0.010777
v 0.002810 -0.023588 0.010706
v 0.005478 -0.024597 0.009365
v 0.005913 -0.024637 0.009148
v 0.006009 -0.024226 0.009317
v 0.006635 -0.023434 0.009391
v 0.006103 -0.023813 0.009484
v 0.006193 -0.023398 0.009647
v 0.008264 -0.024882 0.007474
v 0.008403 -0.024473 0.007613
v 0.008739 -0.024507 0.007260
v 0.009863 -0.024240 0.006290
v 0.010020 -0.023826 0.006401
v 0.009549 -0.024188 0.006666
v 0.009705 -0.023777 0.006789
v 0.009223 -0.024141 0.007035
v 0.010071 -0.025154 0.005284
v 0.010306 -0.025199 0.004877
v 0.010529 -0.025248 0.004464
v 0.010712 -0.025286 0.004032
v 0.010912 -0.024883 0.004112
v 0.011088 -0.024467 0.004182
v 0.010888 -0.025332 0.003599
v 0.011090 -0.024928 0.003669
v 0.011276 -0.024514 0.003734
v 0.011456 -0.024097 0.003797
v 0.011477 -0.025590 0.000868
v 0.011678 -0.025178 0.000879
v 0.011688 -0.025212 0.000401
v 0.011874 -0.024761 0.000890
v 0.011889 -0.024798 0.000402
v 0.011972 -0.024475 -0.001088
v 0.012030 -0.024444 -0.000591
v 0.012070 -0.024413 -0.000094
v 0.011208 -0.025792 -0.001943
v 0.011064 -0.025810 -0.002399
v 0.010954 -0.025454 -0.003383
v 0.010577 -0.025896 -0.003757
v 0.010372 -0.025921 -0.004198
v 0.010766 -0.025480 -0.003839
v 0.010543 -0.025497 -0.004282
v 0.010944 -0.025057 -0.003917
v 0.011117 -0.024630 -0.003993
v 0.009024 -0.026009 -0.006258
v 0.009177 -0.025584 -0.006385
v 0.009327 -0.025154 -0.006509
v 0.009465 -0.024718 -0.006626
v 0.009121 -0.024725 -0.007024
v 0.006971 -0.025639 -0.008513
v 0.006216 -0.025204 -0.009266
v 0.005771 -0.025206 -0.009540
v 0.006314 -0.024764 -0.009442
v 0.005863 -0.024767 -0.009725
v 0.003309 -0.026088 -0.010228
v 0.002831 -0.026085 -0.010375
v 0.003360 -0.025647 -0.010429
v 0.002876 -0.025646 -0.010583
v 0.002348 -0.026080 -0.010501
v 0.002385 -0.025640 -0.010712
v 0.002421 -0.025196 -0.010918
v 0.002456 -0.024746 -0.011119
v 0.001944 -0.024733 -0.011217
v 0.002919 -0.025201 -0.010787
v 0.002962 -0.024753 -0.010985
v 0.003411 -0.025203 -0.010627
v -0.000599 -0.026026 -0.010786
v -0.000610 -0.025584 -0.011003
v -0.002163 -0.024639 -0.011242
v -0.001126 -0.025118 -0.011169
v -0.000619 -0.025129 -0.011198
v -0.003493 -0.025925 -0.010254
v -0.004485 -0.025439 -0.010097
v -0.004944 -0.025420 -0.009893
v -0.005021 -0.024974 -0.010083
v -0.005096 -0.024525 -0.010268
v -0.004557 -0.024996 -0.010296
v -0.004622 -0.024543 -0.010479
v -0.006953 -0.025730 -0.008388
v -0.007345 -0.025709 -0.008087
v -0.007467 -0.025272 -0.008249
v -0.007586 -0.024831 -0.008407
v -0.007695 -0.024383 -0.008557
v -0.007840 -0.025243 -0.007912
v -0.008811 -0.024302 -0.007473
v -0.009157 -0.024277 -0.007089
v -0.008451 -0.024327 -0.007845
v -0.007969 -0.024805 -0.008069
v -0.009344 -0.025537 -0.005932
v -0.009485 -0.025096 -0.006041
v -0.009620 -0.025506 -0.005532
v -0.010451 -0.024580 -0.004892
v -0.011123 -0.025240 -0.002033
v -0.011219 -0.025204 -0.001572
v -0.011312 -0.024815 -0.002079
v -0.011409 -0.024780 -0.001608
v -0.011497 -0.024387 -0.002124
v -0.011596 -0.024352 -0.001644
v -0.011676 -0.023955 -0.002168
v -0.011777 -0.023921 -0.001680
v -0.012127 -0.023347 0.000289
v -0.012307 -0.022915 0.000288
v -0.012473 -0.022478 0.000286
v -0.012626 -0.022035 0.000283
v -0.011726 -0.023139 0.003251
v -0.011893 -0.022708 0.003301
v -0.011573 -0.023102 0.003725
v -0.011738 -0.022671 0.003783
v -0.011672 -0.021736 0.004866
v -0.009925 -0.022867 0.006779
v -0.010068 -0.022441 0.006891
v -0.009284 -0.022814 0.007548
v -0.009764 -0.022421 0.007300
v -0.009416 -0.022388 0.007671
v -0.009897 -0.021993 0.007414
v -0.010024 -0.021563 0.007525
v -0.009671 -0.021534 0.007914
v -0.007388 -0.022703 0.009199
v -0.007491 -0.022279 0.009349
v -0.007062 -0.022261 0.009631
v -0.007156 -0.021836 0.009782
v -0.007591 -0.021854 0.009495
v -0.007684 -0.021425 0.009633
v -0.004687 -0.022618 0.010586
v -0.004211 -0.022617 0.010767
v -0.005846 -0.021363 0.010669
v -0.003274 -0.022188 0.011217
v -0.002769 -0.022189 0.011330
v -0.002807 -0.021770 0.011509
v -0.002842 -0.021347 0.011678
v -0.003317 -0.021766 0.011389
v -0.000186 -0.022644 0.011411
v 0.000329 -0.022660 0.011410
v 0.000331 -0.022241 0.011592
v 0.000862 -0.021831 0.011727
v 0.000334 -0.021821 0.011769
v 0.000336 -0.021396 0.011933
v 0.003393 -0.022786 0.010956
v 0.003889 -0.022809 0.010801
v 0.003433 -0.022360 0.011113
v 0.005490 -0.022069 0.010587
v 0.005559 -0.021650 0.010751
v 0.004996 -0.022034 0.010791
v 0.005056 -0.021612 0.010948
v 0.007599 -0.023099 0.008990
v 0.007704 -0.022680 0.009135
v 0.007803 -0.022257 0.009273
v 0.007901 -0.021835 0.009411
v 0.008014 -0.023142 0.008684
v 0.008126 -0.022723 0.008826
v 0.008740 -0.021911 0.008738
v 0.008234 -0.022302 0.008964
v 0.008339 -0.021880 0.009098
v 0.010171 -0.023408 0.006509
v 0.010316 -0.022988 0.006615
v 0.010443 -0.022558 0.006707
v 0.010247 -0.022088 0.007224
v 0.011597 -0.023206 0.004390
v 0.011700 -0.022316 0.005007
v 0.011450 -0.022269 0.005474
v 0.011630 -0.023677 0.003859
v 0.011788 -0.023717 0.003381
v 0.012219 -0.023376 0.002442
v 0.012382 -0.022947 0.002474
v 0.012303 -0.023412 0.001937
v 0.012636 -0.022554 0.001985
v 0.012220 -0.024021 -0.000608
v 0.012397 -0.023593 -0.000625
v 0.012159 -0.024052 -0.001114
v 0.012336 -0.023623 -0.001140
v 0.012236 -0.023646 -0.001649
v 0.012505 -0.023191 -0.001165
v 0.012417 -0.023218 -0.001686
v 0.012567 -0.023162 -0.000643
v 0.012724 -0.022724 -0.000660
v 0.012138 -0.022842 -0.003273
v 0.012316 -0.022827 -0.002763
v 0.012456 -0.022804 -0.002243
v 0.011285 -0.024199 -0.004069
v 0.011052 -0.024215 -0.004537
v 0.010834 -0.023370 -0.005646
v 0.010973 -0.022925 -0.005739
v 0.010524 -0.023376 -0.006096
v 0.008517 -0.024304 -0.007931
v 0.008641 -0.023862 -0.008071
v 0.008439 -0.022955 -0.008700
v 0.008756 -0.023413 -0.008203
v 0.008866 -0.022962 -0.008332
v 0.005948 -0.024320 -0.009898
v 0.006029 -0.023869 -0.010065
v 0.006102 -0.023409 -0.010217
v 0.006654 -0.022954 -0.010075
v 0.005546 -0.023862 -0.010323
v 0.004064 -0.023850 -0.011008
v 0.004630 -0.023402 -0.010985
v 0.004120 -0.023396 -0.011196
v 0.004171 -0.022933 -0.011366
v 0.003512 -0.024306 -0.011019
v 0.003001 -0.024296 -0.011169
v 0.003553 -0.023843 -0.011188
v 0.001973 -0.024285 -0.011427
v 0.001472 -0.023817 -0.011709
v 0.000943 -0.023807 -0.011774
v 0.000411 -0.023783 -0.011784
v 0.000417 -0.023324 -0.011982
v 0.000423 -0.022863 -0.012178
v 0.000955 -0.023344 -0.011962
v 0.000967 -0.022878 -0.012144
v 0.001489 -0.023351 -0.011885
v 0.001506 -0.022882 -0.012059
v -0.002195 -0.024185 -0.011444
v -0.002224 -0.023726 -0.011636
v -0.002252 -0.023262 -0.011822
v -0.003848 -0.022739 -0.011575
v -0.004365 -0.022726 -0.011401
v -0.005168 -0.024072 -0.010449
v -0.004750 -0.023632 -0.010844
v -0.005231 -0.023609 -0.010613
v -0.005628 -0.024044 -0.010193
v -0.004813 -0.023173 -0.011024
v -0.004867 -0.022706 -0.011186
v -0.007064 -0.023524 -0.009513
v -0.007392 -0.023955 -0.009038
v -0.007487 -0.023498 -0.009184
v -0.007162 -0.023071 -0.009677
v -0.007248 -0.022610 -0.009827
v -0.009303 -0.023838 -0.007227
v -0.009432 -0.023390 -0.007351
v -0.009556 -0.022937 -0.007473
v -0.009659 -0.022475 -0.007580
v -0.010932 -0.022382 -0.005812
v -0.011001 -0.023672 -0.004617
v -0.010904 -0.023251 -0.005160
v -0.011136 -0.023220 -0.004691
v -0.011711 -0.023545 -0.002701
v -0.011734 -0.023139 -0.003250
v -0.011885 -0.023110 -0.002755
v -0.011901 -0.022700 -0.003312
v -0.012043 -0.022250 -0.003368
v -0.012066 -0.023410 -0.000713
v -0.012295 -0.022949 -0.000223
v -0.012461 -0.022511 -0.000233
v -0.012621 -0.022070 -0.000244
v -0.012585 -0.021461 0.002400
v -0.012818 -0.021053 0.001893
v -0.012744 -0.021024 0.002429
v -0.012881 -0.020580 0.002453
v -0.013068 -0.020156 0.001921
v -0.012995 -0.020129 0.002471
v -0.012895 -0.020102 0.003016
v -0.011933 -0.020856 0.004988
v -0.011730 -0.020835 0.005486
v -0.011316 -0.020336 0.006499
v -0.011427 -0.019895 0.006572
v -0.010592 -0.020721 0.007310
v -0.010135 -0.021126 0.007623
v -0.011029 -0.020312 0.006962
v -0.011146 -0.019877 0.007049
v -0.008724 -0.020604 0.009249
v -0.008304 -0.020588 0.009591
v -0.008821 -0.020175 0.009374
v -0.008392 -0.020157 0.009714
v -0.008909 -0.019743 0.009488
v -0.008475 -0.019725 0.009832
v -0.005918 -0.020941 0.010829
v -0.004562 -0.019641 0.011856
v -0.005541 -0.020075 0.011326
v -0.006038 -0.020081 0.011099
v -0.003396 -0.020916 0.011711
v -0.002874 -0.020920 0.011833
v -0.004034 -0.019639 0.012015
v -0.000201 -0.020958 0.012102
v -0.000749 -0.020525 0.012255
v -0.000758 -0.020105 0.012420
v -0.000765 -0.019681 0.012569
v -0.001307 -0.020094 0.012385
v -0.001319 -0.019670 0.012534
v 0.001959 -0.021030 0.011954
v 0.002497 -0.021055 0.011871
v 0.002524 -0.020633 0.012030
v 0.003123 -0.019805 0.012202
v 0.002550 -0.020209 0.012183
v 0.002573 -0.019783 0.012320
v 0.005171 -0.020767 0.011252
v 0.005624 -0.021228 0.010903
v 0.005686 -0.020805 0.011050
v 0.007992 -0.021409 0.009541
v 0.007715 -0.020525 0.010123
v 0.007792 -0.020098 0.010245
v 0.007236 -0.020485 0.010414
v 0.007312 -0.020061 0.010545
v 0.006749 -0.020448 0.010691
v 0.009767 -0.021154 0.008249
v 0.009966 -0.020293 0.008449
v 0.010025 -0.021622 0.007742
v 0.010148 -0.021199 0.007853
v 0.010713 -0.020374 0.007607
v 0.010258 -0.020769 0.007953
v 0.010362 -0.020339 0.008048
v 0.011844 -0.021887 0.005075
v 0.011981 -0.021455 0.005140
v 0.012309 -0.021051 0.004684
v 0.012980 -0.020732 0.003153
v 0.012837 -0.020698 0.003694
v 0.012801 -0.022124 0.002009
v 0.013062 -0.021782 0.000396
v 0.013227 -0.021348 0.000392
v 0.013361 -0.020904 0.000385
v 0.013068 -0.021818 -0.000151
v 0.013209 -0.021375 -0.000164
v 0.013345 -0.020930 -0.000177
v 0.012473 -0.022388 -0.002815
v 0.012617 -0.021943 -0.002864
v 0.012289 -0.022401 -0.003331
v 0.012439 -0.021959 -0.003390
v 0.012581 -0.021513 -0.003448
v 0.012495 -0.021072 -0.004034
v 0.012753 -0.021495 -0.002912
v 0.012852 -0.021036 -0.002952
v 0.011105 -0.022478 -0.005830
v 0.011232 -0.022027 -0.005919
v 0.011761 -0.021109 -0.005593
v 0.012019 -0.021095 -0.005077
v 0.010793 -0.022484 -0.006296
v 0.010900 -0.022026 -0.006380
v 0.009972 -0.021588 -0.007855
v 0.010069 -0.021126 -0.007958
v 0.009468 -0.022044 -0.008161
v 0.009575 -0.021587 -0.008280
v 0.009670 -0.021125 -0.008389
v 0.007205 -0.022497 -0.009903
v 0.007293 -0.022039 -0.010053
v 0.006729 -0.022490 -0.010217
v 0.006951 -0.021095 -0.010641
v 0.007439 -0.021102 -0.010311
v 0.004219 -0.022467 -0.011531
v 0.004266 -0.021998 -0.011689
v 0.002700 -0.021016 -0.012502
v 0.002139 -0.021002 -0.012618
v -0.000676 -0.021896 -0.012534
v -0.001228 -0.021882 -0.012496
v -0.001239 -0.021405 -0.012657
v -0.001248 -0.020926 -0.012810
v -0.000681 -0.021419 -0.012695
v -0.000685 -0.020941 -0.012848
v -0.003893 -0.022273 -0.011749
v -0.004413 -0.022258 -0.011567
v -0.004458 -0.021786 -0.011726
v -0.003967 -0.021323 -0.012056
v -0.004501 -0.021311 -0.011878
v -0.004971 -0.021767 -0.011505
v -0.006577 -0.020762 -0.010991
v -0.005582 -0.020800 -0.011557
v -0.005022 -0.021295 -0.011661
v -0.007330 -0.022146 -0.009972
v -0.007773 -0.022124 -0.009631
v -0.009224 -0.021136 -0.008769
v -0.009312 -0.020668 -0.008884
v -0.008810 -0.021154 -0.009163
v -0.008885 -0.020681 -0.009273
v -0.010778 -0.021954 -0.006375
v -0.011075 -0.021933 -0.005911
v -0.011199 -0.021476 -0.006002
v -0.011317 -0.021016 -0.006090
v -0.011098 -0.020564 -0.006643
v -0.012380 -0.020456 -0.004122
v -0.011687 -0.020525 -0.005670
v -0.012182 -0.021798 -0.003424
v -0.012330 -0.021768 -0.002904
v -0.012315 -0.021345 -0.003480
v -0.012869 -0.021206 -0.000811
v -0.013021 -0.020761 -0.000833
v -0.013152 -0.020309 -0.000855
v -0.012946 -0.020785 -0.001381
v -0.013089 -0.020336 -0.001411
v -0.013532 -0.018863 0.000806
v -0.013637 -0.018407 0.000799
v -0.013525 -0.018884 0.000229
v -0.012888 -0.019628 0.003588
v -0.012996 -0.019180 0.003616
v -0.012721 -0.019598 0.004122
v -0.012511 -0.019562 0.004641
v -0.012838 -0.019153 0.004161
v -0.012942 -0.018705 0.004193
v -0.012731 -0.018674 0.004725
v -0.013035 -0.018256 0.004221
v -0.012841 -0.018230 0.004766
v -0.013093 -0.018729 0.003640
v -0.013190 -0.018279 0.003663
v -0.011251 -0.019438 0.007126
v -0.011349 -0.018998 0.007199
v -0.011014 -0.018973 0.007653
v -0.010455 -0.018055 0.008685
v -0.008985 -0.019306 0.009587
v -0.008547 -0.019289 0.009935
v -0.010054 -0.018036 0.009098
v -0.008094 -0.019274 0.010264
v -0.007696 -0.018831 0.010689
v -0.007210 -0.018818 0.010976
v -0.006714 -0.018808 0.011246
v -0.007273 -0.018391 0.011097
v -0.007326 -0.017960 0.011198
v -0.006820 -0.017950 0.011470
v -0.007760 -0.018401 0.010801
v -0.007816 -0.017969 0.010900
v -0.004071 -0.019214 0.012158
v -0.004108 -0.018791 0.012297
v -0.002496 -0.017953 0.012916
v -0.004132 -0.018357 0.012396
v -0.001331 -0.019245 0.012675
v -0.001341 -0.018821 0.012810
v -0.000771 -0.019256 0.012711
v -0.000209 -0.019262 0.012704
v -0.001349 -0.018392 0.012926
v -0.001916 -0.018384 0.012872
v -0.001929 -0.017961 0.012997
v 0.001505 -0.018470 0.012896
v 0.001518 -0.018046 0.013015
v 0.000932 -0.018444 0.012924
v 0.004254 -0.019439 0.012057
v 0.004292 -0.019014 0.012186
v 0.004325 -0.018586 0.012300
v 0.004358 -0.018160 0.012409
v 0.004869 -0.018609 0.012097
v 0.004911 -0.018186 0.012219
v 0.007381 -0.019634 0.010665
v 0.007446 -0.019206 0.010778
v 0.007866 -0.019671 0.010361
v 0.007931 -0.019240 0.010465
v 0.008399 -0.019273 0.010126
v 0.007048 -0.018311 0.011264
v 0.009818 -0.018958 0.009122
v 0.009892 -0.018524 0.009203
v 0.009390 -0.018922 0.009516
v 0.009466 -0.018491 0.009606
v 0.008932 -0.018880 0.009874
v 0.011607 -0.019592 0.006858
v 0.011701 -0.019154 0.006920
v 0.011788 -0.018715 0.006977
v 0.011786 -0.020060 0.006295
v 0.011900 -0.019627 0.006363
v 0.012002 -0.019190 0.006424
v 0.012097 -0.018751 0.006479
v 0.012971 -0.020261 0.003732
v 0.013084 -0.019819 0.003762
v 0.013227 -0.019850 0.003207
v 0.013311 -0.019399 0.003222
v 0.013189 -0.019374 0.003789
v 0.013486 -0.020457 0.000378
v 0.013735 -0.019047 0.001517
v 0.013474 -0.020484 -0.000192
v 0.013577 -0.019622 -0.001384
v 0.013494 -0.019645 -0.001963
v 0.013593 -0.019187 -0.001998
v 0.012398 -0.020633 -0.004632
v 0.012146 -0.020642 -0.005156
v 0.012499 -0.020172 -0.004694
v 0.012252 -0.020182 -0.005226
v 0.011871 -0.020650 -0.005670
v 0.011974 -0.020189 -0.005745
v 0.012063 -0.019723 -0.005814
v 0.012349 -0.019719 -0.005294
v 0.012592 -0.019709 -0.004754
v 0.012684 -0.019245 -0.004815
v 0.010159 -0.020661 -0.008057
v 0.010242 -0.020192 -0.008150
v 0.010792 -0.019256 -0.007872
v 0.009764 -0.020661 -0.008499
v 0.008596 -0.019701 -0.009931
v 0.008664 -0.019227 -0.010038
v 0.006048 -0.020130 -0.011504
v 0.005520 -0.020119 -0.011779
v 0.005046 -0.019136 -0.012237
v 0.005565 -0.019640 -0.011901
v 0.005604 -0.019157 -0.012010
v 0.006094 -0.019649 -0.011617
v 0.002161 -0.020524 -0.012769
v 0.002183 -0.020045 -0.012913
v 0.002772 -0.019569 -0.012895
v -0.000116 -0.019984 -0.013122
v 0.000466 -0.019515 -0.013242
v -0.000113 -0.019504 -0.013274
v 0.000474 -0.019029 -0.013371
v -0.000110 -0.019017 -0.013396
v -0.000688 -0.020459 -0.012994
v -0.002959 -0.019914 -0.012799
v -0.003508 -0.019893 -0.012631
v -0.003556 -0.018927 -0.012891
v -0.002976 -0.019428 -0.012922
v -0.002992 -0.018940 -0.013036
v -0.006144 -0.020309 -0.011431
v -0.006646 -0.020293 -0.011142
v -0.006191 -0.019829 -0.011558
v -0.006698 -0.019814 -0.011267
v -0.006235 -0.019348 -0.011679
v -0.006742 -0.019332 -0.011380
v -0.008957 -0.020207 -0.009382
v -0.009394 -0.020196 -0.008995
v -0.009780 -0.020173 -0.008559
v -0.010337 -0.019214 -0.008326
v -0.010963 -0.019648 -0.007298
v -0.011060 -0.019180 -0.007394
v -0.011143 -0.018709 -0.007483
v -0.010722 -0.019202 -0.007878
v -0.010797 -0.018727 -0.007966
v -0.012050 -0.020040 -0.005235
v -0.012310 -0.020026 -0.004725
v -0.012415 -0.019561 -0.004791
v -0.012512 -0.019095 -0.004855
v -0.012720 -0.019073 -0.004310
v -0.013314 -0.018981 -0.002069
v -0.013430 -0.018523 -0.002108
v -0.013211 -0.019881 -0.001441
v -0.013274 -0.019854 -0.000878
v -0.013323 -0.019423 -0.001470
v -0.013368 -0.019393 -0.000900
v -0.013407 -0.019367 -0.000330
v -0.013728 -0.017949 0.000790
v -0.013689 -0.016963 0.002549
v -0.013753 -0.016505 0.002548
v -0.013268 -0.017825 0.003680
v -0.013581 -0.016943 0.003135
v -0.013644 -0.016485 0.003139
v -0.012447 -0.017729 0.005858
v -0.012550 -0.017288 0.005908
v -0.012194 -0.017710 0.006382
v -0.012282 -0.017267 0.006430
v -0.012348 -0.016819 0.006466
v -0.012388 -0.016368 0.006486
v -0.012614 -0.016838 0.005937
v -0.012670 -0.016388 0.005961
v -0.010518 -0.017613 0.008748
v -0.010635 -0.016732 0.008864
v -0.010121 -0.017598 0.009172
v -0.010186 -0.017160 0.009243
v -0.008956 -0.016248 0.010529
v -0.007855 -0.017531 0.010970
v -0.006382 -0.017082 0.011907
v -0.005856 -0.017081 0.012153
v -0.005316 -0.017079 0.012365
v -0.005346 -0.016651 0.012458
v -0.005373 -0.016223 0.012542
v -0.005890 -0.016653 0.012246
v -0.005918 -0.016223 0.012321
v -0.002511 -0.017527 0.013026
v -0.002524 -0.017100 0.013127
v -0.001940 -0.017535 0.013107
v -0.001950 -0.017109 0.013209
v -0.001369 -0.017114 0.013244
v -0.000792 -0.016277 0.013469
v -0.001375 -0.016689 0.013341
v 0.001530 -0.017620 0.013122
v 0.000385 -0.016305 0.013468
v 0.003303 -0.016832 0.013014
v 0.003324 -0.016407 0.013102
v 0.006574 -0.017850 0.011631
v 0.006082 -0.017391 0.011978
v 0.006624 -0.017424 0.011733
v 0.006664 -0.016995 0.011814
v 0.007102 -0.017883 0.011364
v 0.007148 -0.017454 0.011451
v 0.007191 -0.017024 0.011529
v 0.009532 -0.018057 0.009684
v 0.009592 -0.017622 0.009755
v 0.009965 -0.018092 0.009282
v 0.010025 -0.017655 0.009345
v 0.011846 -0.018269 0.007013
v 0.011293 -0.017320 0.008077
v 0.011360 -0.016881 0.008128
v 0.010899 -0.017283 0.008528
v 0.012801 -0.017932 0.005510
v 0.013054 -0.017967 0.004971
v 0.013124 -0.017518 0.004993
v 0.013179 -0.017067 0.005008
v 0.013187 -0.018447 0.004393
v 0.013268 -0.017999 0.004415
v 0.013338 -0.017549 0.004432
v 0.013394 -0.017096 0.004443
v 0.013833 -0.018595 0.001515
v 0.013900 -0.018138 0.001509
v 0.013665 -0.018722 -0.002030
v 0.014061 -0.017301 -0.000931
v 0.014081 -0.017282 -0.000323
v 0.013080 -0.018304 -0.004375
v 0.013363 -0.017828 -0.003858
v 0.013164 -0.017837 -0.004432
v 0.013419 -0.017357 -0.003902
v 0.013225 -0.017365 -0.004482
v 0.012763 -0.018777 -0.004872
v 0.012975 -0.017367 -0.005042
v 0.011249 -0.018790 -0.007483
v 0.011318 -0.018316 -0.007559
v 0.010870 -0.018785 -0.007960
v 0.010939 -0.018311 -0.008041
v 0.010987 -0.017831 -0.008107
v 0.011364 -0.017836 -0.007620
v 0.008723 -0.018749 -0.010136
v 0.006799 -0.017732 -0.011731
v 0.007367 -0.017261 -0.011497
v 0.006839 -0.017246 -0.011822
v 0.006182 -0.018685 -0.011834
v 0.003959 -0.018623 -0.012780
v 0.003397 -0.018615 -0.012987
v 0.003993 -0.018140 -0.012901
v 0.003423 -0.018128 -0.013098
v 0.003445 -0.017639 -0.013194
v 0.000480 -0.018537 -0.013466
v -0.000107 -0.018528 -0.013510
v -0.002454 -0.017487 -0.013484
v -0.001875 -0.017010 -0.013683
v -0.002461 -0.016996 -0.013581
v -0.001280 -0.017017 -0.013712
v -0.003005 -0.018450 -0.013142
v -0.005777 -0.018389 -0.012161
v -0.005268 -0.017915 -0.012518
v -0.005804 -0.017901 -0.012257
v -0.005829 -0.017412 -0.012350
v -0.005853 -0.016922 -0.012438
v -0.005295 -0.017428 -0.012622
v -0.005309 -0.016935 -0.012697
v -0.008313 -0.018329 -0.010587
v -0.008358 -0.017846 -0.010683
v -0.010228 -0.016830 -0.009200
v -0.009786 -0.016836 -0.009622
v -0.010857 -0.018248 -0.008044
v -0.011205 -0.018231 -0.007557
v -0.011997 -0.017250 -0.006703
v -0.012306 -0.017239 -0.006183
v -0.012361 -0.016761 -0.006244
v -0.013257 -0.018099 -0.003297
v -0.013409 -0.018081 -0.002725
v -0.013512 -0.018057 -0.002144
v -0.013488 -0.017613 -0.002766
v -0.013592 -0.017591 -0.002180
v -0.013547 -0.017142 -0.002804
v -0.013645 -0.017120 -0.002212
v -0.013392 -0.017157 -0.003384
v -0.013456 -0.016686 -0.003428
v -0.013807 -0.016045 0.002545
v -0.013991 -0.014674 0.001908
v -0.014049 -0.014687 0.001296
v -0.014082 -0.014701 0.000682
v -0.013692 -0.016027 0.003138
v -0.013259 -0.015062 0.004884
v -0.013296 -0.014607 0.004887
v -0.013043 -0.015048 0.005452
v -0.013067 -0.014594 0.005453
v -0.011532 -0.015431 0.008065
v -0.011117 -0.015861 0.008501
v -0.011165 -0.015419 0.008541
v -0.011194 -0.014975 0.008564
v -0.011562 -0.014985 0.008086
v -0.008991 -0.015811 0.010579
v -0.009021 -0.015374 0.010624
v -0.009040 -0.014936 0.010652
v -0.008541 -0.015369 0.010978
v -0.007037 -0.014926 0.011948
v -0.007062 -0.014495 0.012001
v -0.005936 -0.015790 0.012376
v -0.006494 -0.015359 0.012183
v -0.006514 -0.014928 0.012233
v -0.006527 -0.014496 0.012267
v -0.003719 -0.015377 0.013199
v -0.003146 -0.014527 0.013388
v -0.003728 -0.014949 0.013250
v -0.003733 -0.014522 0.013290
v -0.000792 -0.015852 0.013543
v -0.000201 -0.015868 0.013572
v -0.000791 -0.015426 0.013606
v -0.000198 -0.015442 0.013636
v -0.000790 -0.015000 0.013660
v -0.000194 -0.015013 0.013659
v 0.000391 -0.015882 0.013555
v 0.000397 -0.015457 0.013620
v 0.001604 -0.014637 0.013606
v 0.002201 -0.014657 0.013534
v 0.000402 -0.015027 0.013646
v 0.003343 -0.015980 0.013173
v 0.002781 -0.015102 0.013383
v 0.002798 -0.014678 0.013444
v 0.006183 -0.016104 0.012196
v 0.006210 -0.015674 0.012251
v 0.006233 -0.015244 0.012293
v 0.006257 -0.014814 0.012337
v 0.005682 -0.015220 0.012550
v 0.005701 -0.014790 0.012586
v 0.008792 -0.016251 0.010677
v 0.008831 -0.015817 0.010728
v 0.008856 -0.015380 0.010757
v 0.009260 -0.016279 0.010292
v 0.009296 -0.015843 0.010334
v 0.009331 -0.015407 0.010373
v 0.011403 -0.016437 0.008158
v 0.011739 -0.016464 0.007652
v 0.012780 -0.015658 0.006137
v 0.012825 -0.015208 0.006150
v 0.012536 -0.015183 0.006693
v 0.013619 -0.016668 0.003868
v 0.013847 -0.016238 0.003284
v 0.013972 -0.016261 0.002684
v 0.013881 -0.015780 0.003278
v 0.014014 -0.015801 0.002676
v 0.013899 -0.015320 0.003266
v 0.014017 -0.015339 0.002660
v 0.014260 -0.015403 0.000201
v 0.014164 -0.016821 -0.000347
v 0.014123 -0.016836 -0.000958
v 0.014210 -0.016354 -0.000371
v 0.014168 -0.016368 -0.000985
v 0.014237 -0.015885 -0.000395
v 0.013475 -0.016885 -0.003947
v 0.013253 -0.016888 -0.004520
v 0.013516 -0.016410 -0.003989
v 0.013727 -0.015929 -0.003436
v 0.013777 -0.015455 -0.003479
v 0.013925 -0.015451 -0.002875
v 0.012518 -0.016413 -0.006248
v 0.012211 -0.016410 -0.006787
v 0.012543 -0.015932 -0.006292
v 0.012249 -0.015929 -0.006841
v 0.012556 -0.015449 -0.006331
v 0.012277 -0.015447 -0.006889
v 0.010283 -0.016856 -0.009194
v 0.009838 -0.016843 -0.009633
v 0.010321 -0.016371 -0.009259
v 0.009875 -0.016358 -0.009699
v 0.007398 -0.016773 -0.011569
v 0.006858 -0.016753 -0.011875
v 0.007996 -0.015320 -0.011406
v 0.005256 -0.015721 -0.012861
v 0.004688 -0.015704 -0.013105
v 0.005276 -0.015228 -0.012919
v 0.004704 -0.015210 -0.013157
v 0.004115 -0.015189 -0.013341
v 0.001701 -0.016597 -0.013692
v 0.001129 -0.015596 -0.013930
v -0.001278 -0.016029 -0.013861
v -0.001877 -0.016516 -0.013762
v -0.002466 -0.016502 -0.013660
v -0.001276 -0.015535 -0.013928
v -0.000672 -0.015054 -0.014027
v -0.004213 -0.015475 -0.013324
v -0.004224 -0.014982 -0.013398
v -0.003638 -0.014990 -0.013548
v -0.006962 -0.015921 -0.012019
v -0.006983 -0.015431 -0.012092
v -0.006990 -0.014937 -0.012142
v -0.007485 -0.015913 -0.011704
v -0.007505 -0.015422 -0.011772
v -0.007508 -0.014929 -0.011814
v -0.009838 -0.016355 -0.009711
v -0.009868 -0.015868 -0.009778
v -0.010276 -0.016347 -0.009280
v -0.010296 -0.015858 -0.009336
v -0.009886 -0.015379 -0.009833
v -0.012141 -0.015810 -0.006888
v -0.012170 -0.015327 -0.006941
v -0.011871 -0.014852 -0.007517
v -0.012191 -0.014843 -0.006989
v -0.011505 -0.014859 -0.008014
v -0.012386 -0.016278 -0.006291
v -0.013395 -0.015752 -0.004103
v -0.013604 -0.014784 -0.003586
v -0.013432 -0.015275 -0.004145
v -0.013455 -0.014796 -0.004184
v -0.013929 -0.016149 -0.001081
v -0.013991 -0.016135 -0.000476
v -0.014044 -0.015667 -0.000501
v -0.014043 -0.015195 -0.000524
v -0.014086 -0.014234 0.000660
v -0.014088 -0.014223 0.001279
v -0.014092 -0.013758 0.001258
v -0.014006 -0.014211 0.001891
v -0.014021 -0.013747 0.001873
v -0.014000 -0.013285 0.001850
v -0.014081 -0.013293 0.001236
v -0.014082 -0.012837 0.000591
v -0.013302 -0.014151 0.004878
v -0.013473 -0.013251 0.004260
v -0.013464 -0.012796 0.004241
v -0.013639 -0.012803 0.003650
v -0.013060 -0.014140 0.005440
v -0.012262 -0.013214 0.007070
v -0.012246 -0.012768 0.007051
v -0.011895 -0.012766 0.007551
v -0.010001 -0.013631 0.009926
v -0.009543 -0.014066 0.010322
v -0.009552 -0.013629 0.010332
v -0.009992 -0.013193 0.009914
v -0.007068 -0.014063 0.012017
v -0.007054 -0.013631 0.011995
v -0.006535 -0.014065 0.012291
v -0.005421 -0.012791 0.012742
v -0.004874 -0.012797 0.012987
v -0.001380 -0.014135 0.013694
v -0.001972 -0.013698 0.013648
v -0.001378 -0.013711 0.013725
v -0.001373 -0.013286 0.013729
v 0.001616 -0.014214 0.013663
v 0.002214 -0.014232 0.013583
v 0.001623 -0.013788 0.013678
v 0.002220 -0.013806 0.013586
v 0.001628 -0.013364 0.013663
v 0.002808 -0.014251 0.013473
v 0.002815 -0.013825 0.013475
v 0.004008 -0.013015 0.013195
v 0.004593 -0.013034 0.013030
v 0.005705 -0.014359 0.012583
v 0.007890 -0.014024 0.011487
v 0.007906 -0.013592 0.011502
v 0.007905 -0.013160 0.011487
v 0.007352 -0.013570 0.011767
v 0.010288 -0.014585 0.009596
v 0.010717 -0.014610 0.009156
v 0.010303 -0.014145 0.009603
v 0.010734 -0.014169 0.009164
v 0.010289 -0.013706 0.009580
v 0.011868 -0.013349 0.007686
v 0.012222 -0.013367 0.007180
v 0.012551 -0.014734 0.006692
v 0.012838 -0.014757 0.006146
v 0.012545 -0.014284 0.006677
v 0.013736 -0.013925 0.003814
v 0.013717 -0.013468 0.003790
v 0.013542 -0.013909 0.004403
v 0.013526 -0.013454 0.004381
v 0.014202 -0.014909 0.001417
v 0.014270 -0.014923 0.000799
v 0.014294 -0.014936 0.000178
v 0.014279 -0.014456 0.000777
v 0.014297 -0.014467 0.000154
v 0.014270 -0.013989 0.000754
v 0.014287 -0.013998 0.000130
v 0.014217 -0.013525 0.000728
v 0.013933 -0.014975 -0.002906
v 0.013791 -0.014978 -0.003512
v 0.013923 -0.014499 -0.002932
v 0.013768 -0.014500 -0.003535
v 0.013586 -0.014501 -0.004131
v 0.013352 -0.013541 -0.004770
v 0.012875 -0.014010 -0.005890
v 0.012885 -0.013529 -0.005927
v 0.013147 -0.013535 -0.005360
v 0.011225 -0.014449 -0.008506
v 0.011226 -0.013963 -0.008537
v 0.010790 -0.013948 -0.008987
v 0.011210 -0.013476 -0.008554
v 0.010793 -0.013462 -0.009018
v 0.008992 -0.014862 -0.010669
v 0.008998 -0.014372 -0.010701
v 0.008525 -0.014848 -0.011089
v 0.008017 -0.014830 -0.011458
v 0.008533 -0.014357 -0.011122
v 0.008024 -0.014339 -0.011488
v 0.006977 -0.013318 -0.012199
v 0.005282 -0.014733 -0.012942
v 0.005861 -0.013768 -0.012736
v 0.005867 -0.013277 -0.012755
v 0.006435 -0.013298 -0.012503
v 0.003548 -0.014181 -0.013582
v 0.002959 -0.014163 -0.013752
v 0.002362 -0.014145 -0.013884
v 0.002970 -0.013670 -0.013784
v 0.002370 -0.013651 -0.013902
v 0.002976 -0.013177 -0.013789
v 0.002377 -0.013158 -0.013913
v -0.000667 -0.014560 -0.014087
v -0.000660 -0.014064 -0.014114
v -0.003634 -0.014495 -0.013579
v -0.003630 -0.014001 -0.013607
v -0.004225 -0.014488 -0.013444
v -0.003031 -0.013026 -0.013788
v -0.006456 -0.013467 -0.012546
v -0.006445 -0.012976 -0.012560
v -0.005908 -0.013474 -0.012815
v -0.005901 -0.012983 -0.012834
v -0.009012 -0.013926 -0.010817
v -0.009007 -0.013436 -0.010845
v -0.008994 -0.012947 -0.010865
v -0.009473 -0.014409 -0.010368
v -0.009479 -0.013920 -0.010412
v -0.009897 -0.013424 -0.009992
v -0.009473 -0.013431 -0.010441
v -0.011517 -0.013887 -0.008096
v -0.011883 -0.014367 -0.007561
v -0.012207 -0.014359 -0.007034
v -0.011873 -0.013881 -0.007591
v -0.012186 -0.013874 -0.007058
v -0.011511 -0.013402 -0.008128
v -0.013021 -0.013373 -0.005440
v -0.013016 -0.012893 -0.005471
v -0.012762 -0.013379 -0.006001
v -0.012750 -0.012899 -0.006029
v -0.013910 -0.013814 -0.002449
v -0.013902 -0.013340 -0.002476
v -0.013875 -0.012868 -0.002500
v -0.013950 -0.013334 -0.001856
v -0.013942 -0.012863 -0.001883
v -0.014061 -0.012373 0.000567
v -0.014009 -0.011913 0.000542
v -0.014036 -0.011915 -0.000078
v -0.013952 -0.011455 0.000516
v -0.013978 -0.011454 -0.000102
v -0.013620 -0.012347 0.003627
v -0.013562 -0.011896 0.003593
v -0.013437 -0.012343 0.004216
v -0.013392 -0.011893 0.004185
v -0.012206 -0.012324 0.007017
v -0.012401 -0.011445 0.006403
v -0.012336 -0.011009 0.006355
v -0.012626 -0.011002 0.005821
v -0.012865 -0.011002 0.005262
v -0.010751 -0.011885 0.008950
v -0.010722 -0.011449 0.008917
v -0.010648 -0.011025 0.008843
v -0.010376 -0.012321 0.009433
v -0.010345 -0.011887 0.009397
v -0.010308 -0.011455 0.009354
v -0.008072 -0.012334 0.011366
v -0.008050 -0.011906 0.011331
v -0.007522 -0.011917 0.011615
v -0.004851 -0.012376 0.012928
v -0.005887 -0.011102 0.012330
v -0.002520 -0.011579 0.013444
v -0.003090 -0.011149 0.013282
v -0.002506 -0.011162 0.013392
v 0.001039 -0.012502 0.013692
v 0.000445 -0.012066 0.013697
v 0.001045 -0.012081 0.013671
v 0.001049 -0.011664 0.013619
v 0.001049 -0.011255 0.013522
v 0.000451 -0.011649 0.013646
v 0.000456 -0.011235 0.013578
v 0.004008 -0.012592 0.013168
v 0.004594 -0.012610 0.013009
v 0.004002 -0.012172 0.013119
v 0.005154 -0.012632 0.012773
v 0.006792 -0.011844 0.011947
v 0.006246 -0.011400 0.012186
v 0.006786 -0.011417 0.011917
v 0.007883 -0.012731 0.011439
v 0.007342 -0.012286 0.011706
v 0.009344 -0.012360 0.010325
v 0.009795 -0.012379 0.009915
v 0.009771 -0.011947 0.009875
v 0.009727 -0.011519 0.009813
v 0.009317 -0.011930 0.010280
v 0.009263 -0.011507 0.010202
v 0.011859 -0.012904 0.007667
v 0.012197 -0.012921 0.007151
v 0.011825 -0.012462 0.007631
v 0.012162 -0.012477 0.007116
v 0.012894 -0.011633 0.005390
v 0.012641 -0.011621 0.005948
v 0.013848 -0.012125 0.002491
v 0.013777 -0.011673 0.002457
v 0.014084 -0.012593 0.001296
v 0.014028 -0.012134 0.001268
v 0.013966 -0.011677 0.001240
v 0.013983 -0.012125 0.001886
v 0.013917 -0.011670 0.001856
v 0.014078 -0.013075 -0.001780
v 0.014068 -0.012603 -0.001806
v 0.013978 -0.012139 -0.001820
v 0.013228 -0.012114 -0.004814
v 0.013172 -0.011643 -0.004821
v 0.013117 -0.013055 -0.005378
v 0.012845 -0.013049 -0.005938
v 0.011475 -0.012046 -0.008062
v 0.011430 -0.011570 -0.008056
v 0.011831 -0.012060 -0.007558
v 0.011809 -0.011580 -0.007571
v 0.009890 -0.012462 -0.009928
v 0.009482 -0.012927 -0.010377
v 0.009472 -0.012441 -0.010388
v 0.009439 -0.011959 -0.010372
v 0.006972 -0.012829 -0.012202
v 0.006957 -0.012342 -0.012185
v 0.006431 -0.012808 -0.012504
v 0.005868 -0.012788 -0.012761
v 0.004713 -0.011291 -0.013160
v 0.004134 -0.011272 -0.013340
v 0.001180 -0.012144 -0.014017
v 0.000579 -0.012127 -0.014065
v 0.000587 -0.011640 -0.014056
v 0.000593 -0.011159 -0.013998
v -0.000006 -0.011148 -0.013972
v 0.001188 -0.011656 -0.014013
v 0.001192 -0.011174 -0.013963
v -0.002432 -0.012546 -0.013914
v -0.002417 -0.012058 -0.013885
v -0.002399 -0.011574 -0.013838
v -0.003021 -0.012535 -0.013789
v -0.003008 -0.012047 -0.013776
v -0.005886 -0.012493 -0.012833
v -0.005854 -0.012007 -0.012798
v -0.006423 -0.012487 -0.012549
v -0.005255 -0.011047 -0.012990
v -0.008965 -0.012461 -0.010864
v -0.008451 -0.011981 -0.011232
v -0.008431 -0.011497 -0.011237
v -0.008385 -0.011019 -0.011205
v -0.008841 -0.011019 -0.010808
v -0.007931 -0.011502 -0.011582
v -0.007891 -0.011023 -0.011553
v -0.010706 -0.012444 -0.009135
v -0.011116 -0.012439 -0.008674
v -0.011081 -0.011957 -0.008681
v -0.012701 -0.012421 -0.006040
v -0.012969 -0.012416 -0.005484
v -0.013420 -0.010997 -0.003777
v -0.013997 -0.011920 -0.000697
v -0.013924 -0.011461 -0.000718
v -0.013847 -0.011006 -0.000739
v -0.013599 -0.010114 0.001652
v -0.013512 -0.010117 0.002253
v -0.013497 -0.009677 0.001620
v -0.013413 -0.009681 0.002217
v -0.013371 -0.009250 0.001585
v -0.013266 -0.009263 0.002174
v -0.012793 -0.010564 0.005216
v -0.012550 -0.010567 0.005771
v -0.012689 -0.010136 0.005157
v -0.012269 -0.010574 0.006305
v -0.012162 -0.010152 0.006235
v -0.011067 -0.009331 0.007620
v -0.011391 -0.009323 0.007130
v -0.009272 -0.010203 0.009973
v -0.008817 -0.010214 0.010348
v -0.009193 -0.009795 0.009877
v -0.008753 -0.009802 0.010263
v -0.009107 -0.009392 0.009772
v -0.008658 -0.009407 0.010138
v -0.006756 -0.009447 0.011450
v -0.006407 -0.010668 0.012047
v -0.005864 -0.010682 0.012280
v -0.006362 -0.010257 0.011956
v -0.005828 -0.010270 0.012199
v -0.005775 -0.009870 0.012081
v -0.006311 -0.009852 0.011852
v -0.003065 -0.010741 0.013187
v -0.003576 -0.009926 0.012830
v -0.004103 -0.009508 0.012578
v -0.000125 -0.010405 0.013402
v -0.000702 -0.009986 0.013290
v -0.000117 -0.010000 0.013304
v -0.000689 -0.009591 0.013163
v -0.000109 -0.009608 0.013171
v 0.002819 -0.010889 0.013216
v 0.003398 -0.010907 0.013078
v 0.002810 -0.010480 0.013127
v 0.003386 -0.010498 0.012990
v 0.003369 -0.010096 0.012880
v 0.002794 -0.010082 0.013003
v 0.006219 -0.010984 0.012108
v 0.006755 -0.011000 0.011838
v 0.005556 -0.009760 0.012009
v 0.008113 -0.009814 0.010599
v 0.010454 -0.010698 0.008810
v 0.010361 -0.010286 0.008712
v 0.010857 -0.010705 0.008366
v 0.010773 -0.010285 0.008283
v 0.012569 -0.011183 0.005896
v 0.012480 -0.010750 0.005836
v 0.012833 -0.011189 0.005346
v 0.012743 -0.010754 0.005290
v 0.012943 -0.010768 0.004718
v 0.012382 -0.010321 0.005771
v 0.012265 -0.009901 0.005698
v 0.013372 -0.010342 0.002937
v 0.013262 -0.009908 0.002893
v 0.013755 -0.010323 -0.000058
v 0.013627 -0.009885 -0.000078
v 0.013731 -0.010321 -0.000664
v 0.013608 -0.009881 -0.000678
v 0.013482 -0.011192 -0.003656
v 0.013400 -0.010730 -0.003659
v 0.013320 -0.011181 -0.004248
v 0.013098 -0.011176 -0.004819
v 0.013228 -0.010720 -0.004243
v 0.013018 -0.010712 -0.004815
v 0.013286 -0.010278 -0.003651
v 0.013136 -0.009840 -0.003631
v 0.012072 -0.009763 -0.006413
v 0.012321 -0.009784 -0.005872
v 0.011738 -0.011109 -0.007550
v 0.011375 -0.011097 -0.008041
v 0.010484 -0.010131 -0.008920
v 0.010399 -0.009675 -0.008865
v 0.010088 -0.010111 -0.009371
v 0.010011 -0.009653 -0.009314
v 0.007905 -0.010946 -0.011421
v 0.007880 -0.010470 -0.011394
v 0.007412 -0.010921 -0.011777
v 0.007376 -0.010449 -0.011725
v 0.007324 -0.009985 -0.011647
v 0.007824 -0.010007 -0.011321
v 0.004697 -0.010814 -0.013104
v 0.004673 -0.010344 -0.013025
v 0.005164 -0.009444 -0.012625
v 0.004123 -0.010795 -0.013288
v 0.002353 -0.009341 -0.013451
v 0.001194 -0.010698 -0.013890
v 0.001192 -0.010232 -0.013780
v 0.001781 -0.009780 -0.013650
v 0.001776 -0.009321 -0.013547
v -0.001169 -0.010170 -0.013802
v -0.001775 -0.010629 -0.013813
v -0.001757 -0.010158 -0.013743
v -0.001737 -0.009693 -0.013655
v -0.001150 -0.009714 -0.013674
v -0.004667 -0.010577 -0.013155
v -0.004629 -0.010108 -0.013077
v -0.005224 -0.010570 -0.012942
v -0.005178 -0.010103 -0.012856
v -0.006136 -0.009180 -0.012176
v -0.006660 -0.009172 -0.011919
v -0.007151 -0.009174 -0.011603
v -0.009563 -0.009610 -0.009898
v -0.009474 -0.009158 -0.009829
v -0.011601 -0.010535 -0.007648
v -0.011924 -0.010533 -0.007136
v -0.011518 -0.010072 -0.007622
v -0.011851 -0.010069 -0.007120
v -0.011431 -0.009615 -0.007590
v -0.011749 -0.009615 -0.007085
v -0.011332 -0.009165 -0.007548
v -0.012196 -0.010538 -0.006593
v -0.012127 -0.010074 -0.006584
v -0.012398 -0.009189 -0.005437
v -0.012645 -0.009185 -0.004895
v -0.012011 -0.009625 -0.006547
v -0.013332 -0.010537 -0.003779
v -0.012942 -0.009635 -0.004344
v -0.012820 -0.009194 -0.004326
v -0.013552 -0.009652 -0.001397
v -0.013435 -0.009214 -0.001406
v -0.013124 -0.008420 0.000930
v -0.012979 -0.008014 0.000903
v -0.012798 -0.007630 0.000875
v -0.012721 -0.008871 0.003854
v -0.012531 -0.008882 0.004410
v -0.012601 -0.008458 0.003801
v -0.012392 -0.008480 0.004345
v -0.012430 -0.008072 0.003733
v -0.012234 -0.008091 0.004273
v -0.011130 -0.007764 0.006248
v -0.011276 -0.008918 0.007044
v -0.010952 -0.008928 0.007526
v -0.011146 -0.008523 0.006948
v -0.010817 -0.008540 0.007419
v -0.010465 -0.008558 0.007871
v -0.009213 -0.008217 0.009024
v -0.009087 -0.007852 0.008888
v -0.009609 -0.008201 0.008623
v -0.009487 -0.007827 0.008502
v -0.007178 -0.009044 0.011030
v -0.006695 -0.009049 0.011338
v -0.007107 -0.008652 0.010912
v -0.006617 -0.008667 0.011196
v -0.007015 -0.008282 0.010759
v -0.006531 -0.008297 0.011042
v -0.004059 -0.009120 0.012441
v -0.003499 -0.009147 0.012561
v -0.002281 -0.008073 0.012306
v -0.000675 -0.009212 0.012999
v -0.001207 -0.008453 0.012639
v -0.001185 -0.008096 0.012460
v -0.001738 -0.008073 0.012417
v 0.001598 -0.008523 0.012596
v 0.001586 -0.008157 0.012432
v 0.004434 -0.009335 0.012304
v 0.004393 -0.008954 0.012154
v 0.004343 -0.008588 0.011981
v 0.004983 -0.009344 0.012120
v 0.005508 -0.009368 0.011875
v 0.004936 -0.008961 0.011972
v 0.005457 -0.008982 0.011737
v 0.005393 -0.008615 0.011568
v 0.008032 -0.009420 0.010469
v 0.009573 -0.008677 0.008717
v 0.009457 -0.008298 0.008592
v 0.009059 -0.008294 0.008987
v 0.011432 -0.009089 0.006550
v 0.011286 -0.008702 0.006449
v 0.011127 -0.008329 0.006341
v 0.011865 -0.009488 0.006141
v 0.012129 -0.009493 0.005616
v 0.011747 -0.009078 0.006063
v 0.011991 -0.009089 0.005535
v 0.011828 -0.008703 0.005442
v 0.011588 -0.008693 0.005962
v 0.013125 -0.009486 0.002845
v 0.012958 -0.009081 0.002790
v 0.013462 -0.009463 -0.000097
v 0.013131 -0.008644 0.000451
v 0.012956 -0.008248 0.000429
v 0.012926 -0.008253 0.001001
v 0.013127 -0.008996 -0.002452
v 0.012976 -0.008578 -0.002440
v 0.012795 -0.008180 -0.002421
v 0.013155 -0.009412 -0.003042
v 0.013029 -0.008978 -0.003030
v 0.012867 -0.008563 -0.003009
v 0.012678 -0.008168 -0.002980
v 0.012202 -0.009341 -0.005833
v 0.012052 -0.008916 -0.005779
v 0.011964 -0.009316 -0.006374
v 0.011827 -0.008886 -0.006317
v 0.010295 -0.009231 -0.008790
v 0.010177 -0.008800 -0.008701
v 0.010297 -0.007983 -0.008080
v 0.009900 -0.009213 -0.009223
v 0.008436 -0.008289 -0.010213
v 0.008320 -0.007885 -0.010077
v 0.008078 -0.008691 -0.010683
v 0.007992 -0.008264 -0.010572
v 0.007897 -0.007851 -0.010447
v 0.005666 -0.009012 -0.012298
v 0.005613 -0.008575 -0.012175
v 0.005128 -0.008993 -0.012523
v 0.005081 -0.008556 -0.012397
v 0.005029 -0.008131 -0.012256
v 0.005551 -0.008152 -0.012031
v 0.002339 -0.008893 -0.013327
v 0.002820 -0.007663 -0.012714
v 0.001766 -0.008875 -0.013416
v 0.001186 -0.008872 -0.013434
v 0.000051 -0.007985 -0.013195
v 0.000059 -0.007557 -0.013075
v -0.000512 -0.007971 -0.013187
v -0.000499 -0.007553 -0.013044
v -0.003349 -0.008320 -0.012982
v -0.003301 -0.007900 -0.012827
v -0.006066 -0.008740 -0.012057
v -0.006599 -0.008721 -0.011832
v -0.005992 -0.008310 -0.011931
v -0.006514 -0.008293 -0.011699
v -0.007084 -0.008726 -0.011515
v -0.006997 -0.008297 -0.011392
v -0.008283 -0.007877 -0.010281
v -0.007750 -0.007459 -0.010523
v -0.008197 -0.007454 -0.010188
v -0.010873 -0.008728 -0.007967
v -0.010415 -0.008292 -0.008367
v -0.010769 -0.008291 -0.007910
v -0.011206 -0.008729 -0.007487
v -0.011064 -0.008308 -0.007413
v -0.010923 -0.007894 -0.007336
v -0.010783 -0.007489 -0.007258
v -0.010635 -0.007875 -0.007829
v -0.010483 -0.007475 -0.007734
v -0.010276 -0.007879 -0.008273
v -0.010130 -0.007481 -0.008171
v -0.012527 -0.008746 -0.004871
v -0.012374 -0.008327 -0.004831
v -0.012688 -0.008762 -0.004303
v -0.012553 -0.008338 -0.004276
v -0.012635 -0.007563 -0.002540
v -0.013290 -0.008790 -0.001411
v -0.012891 -0.007968 -0.001987
v -0.012726 -0.007572 -0.001977
v -0.012609 -0.007260 0.000849
v -0.011753 -0.006287 0.002358
v -0.011234 -0.007389 0.005658
v -0.010975 -0.007400 0.006148
v -0.011067 -0.007036 0.005561
v -0.010796 -0.007058 0.006035
v -0.010878 -0.006706 0.005455
v -0.010616 -0.006728 0.005922
v -0.010660 -0.006410 0.005334
v -0.010399 -0.006436 0.005789
v -0.009338 -0.007481 0.008355
v -0.008949 -0.007502 0.008741
v -0.007326 -0.006580 0.009294
v -0.004710 -0.006981 0.011028
v -0.004618 -0.006685 0.010810
v -0.005188 -0.006978 0.010804
v -0.005091 -0.006678 0.010596
v -0.002244 -0.007726 0.012123
v -0.002205 -0.007397 0.011923
v -0.002162 -0.007088 0.011702
v -0.001708 -0.007724 0.012232
v -0.001163 -0.007749 0.012274
v -0.001674 -0.007404 0.012013
v -0.001139 -0.007427 0.012059
v -0.000050 -0.006840 0.011670
v 0.001567 -0.007826 0.012216
v 0.000471 -0.006843 0.011675
v 0.003654 -0.007556 0.011562
v 0.003604 -0.007228 0.011371
v 0.003551 -0.006912 0.011173
v 0.003089 -0.007227 0.011496
v 0.006258 -0.007906 0.010768
v 0.006170 -0.007563 0.010592
v 0.006055 -0.007264 0.010371
v 0.006715 -0.007937 0.010461
v 0.006622 -0.007592 0.010294
v 0.008922 -0.007943 0.008832
v 0.010360 -0.007260 0.006477
v 0.010181 -0.006936 0.006351
v 0.010054 -0.007263 0.006917
v 0.009881 -0.006940 0.006784
v 0.011759 -0.007586 0.004156
v 0.011556 -0.007250 0.004071
v 0.011351 -0.006926 0.003986
v 0.011708 -0.007261 0.003552
v 0.011506 -0.006932 0.003479
v 0.012735 -0.007874 0.000972
v 0.012527 -0.007514 0.000943
v 0.012765 -0.007868 0.000409
v 0.012545 -0.007515 0.000389
v 0.011994 -0.006877 0.001413
v 0.012578 -0.007810 -0.002394
v 0.012255 -0.007105 -0.001801
v 0.012049 -0.006761 -0.001779
v 0.012101 -0.006780 -0.001247
v 0.011832 -0.007362 -0.004502
v 0.011650 -0.006996 -0.004441
v 0.011415 -0.006677 -0.004359
v 0.011611 -0.007356 -0.005007
v 0.011424 -0.006997 -0.004934
v 0.011232 -0.006651 -0.004857
v 0.010497 -0.007603 -0.007536
v 0.010328 -0.007231 -0.007422
v 0.010167 -0.007581 -0.007985
v 0.009997 -0.007213 -0.007858
v 0.006656 -0.006691 -0.010568
v 0.006211 -0.006652 -0.010864
v 0.006110 -0.006307 -0.010679
v 0.003865 -0.007289 -0.012296
v 0.003335 -0.007269 -0.012449
v 0.003815 -0.006909 -0.012115
v 0.003295 -0.006885 -0.012273
v 0.002790 -0.007268 -0.012542
v 0.002757 -0.006890 -0.012359
v 0.002723 -0.006522 -0.012175
v 0.003247 -0.006529 -0.012067
v 0.003756 -0.006557 -0.011907
v 0.003690 -0.006231 -0.011677
v 0.000066 -0.007163 -0.012892
v -0.000485 -0.007156 -0.012870
v -0.001515 -0.006411 -0.012367
v -0.002045 -0.006389 -0.012311
v -0.001482 -0.006078 -0.012144
v -0.002004 -0.006042 -0.012107
v -0.005261 -0.007089 -0.011744
v -0.004676 -0.006723 -0.011773
v -0.005186 -0.006701 -0.011593
v -0.005096 -0.006345 -0.011404
v -0.007631 -0.007072 -0.010376
v -0.008076 -0.007064 -0.010051
v -0.007506 -0.006702 -0.010217
v -0.007924 -0.006712 -0.009874
v -0.008798 -0.006029 -0.008485
v -0.009150 -0.006033 -0.008097
v -0.011056 -0.006416 -0.005542
v -0.010870 -0.006074 -0.005457
v -0.010836 -0.006391 -0.006034
v -0.010640 -0.006059 -0.005933
v -0.012356 -0.007165 -0.003071
v -0.012467 -0.007176 -0.002520
v -0.012160 -0.006802 -0.003035
v -0.012269 -0.006815 -0.002492
v -0.011942 -0.006465 -0.002991
v -0.012532 -0.007200 -0.001961
v -0.012341 -0.006835 -0.001943
v -0.011526 -0.005984 0.002303
v -0.011272 -0.005711 0.002243
v -0.010353 -0.005257 0.003527
v -0.010432 -0.005521 0.004086
v -0.010198 -0.005254 0.003988
v -0.009155 -0.005912 0.006798
v -0.008972 -0.005623 0.006657
v -0.008761 -0.005371 0.006493
v -0.008447 -0.005410 0.006855
v -0.007187 -0.006284 0.009111
v -0.007038 -0.006008 0.008915
v -0.005518 -0.005564 0.009275
v -0.003011 -0.006166 0.010845
v -0.002577 -0.006473 0.011176
v -0.002525 -0.006182 0.010961
v -0.002466 -0.005919 0.010717
v -0.002406 -0.005667 0.010467
v -0.002944 -0.005899 0.010608
v -0.002872 -0.005650 0.010357
v -0.000044 -0.006538 0.011458
v -0.000038 -0.006272 0.011209
v -0.000032 -0.006008 0.010963
v -0.000027 -0.005766 0.010698
v 0.000469 -0.006537 0.011466
v 0.000465 -0.006260 0.011227
v 0.000459 -0.006002 0.010973
v 0.003492 -0.006616 0.010958
v 0.004728 -0.006121 0.009957
v 0.007562 -0.006654 0.008859
v 0.007420 -0.006360 0.008678
v 0.007263 -0.006089 0.008480
v 0.007099 -0.005831 0.008274
v 0.007458 -0.005844 0.007955
v 0.009695 -0.006635 0.006643
v 0.009500 -0.006346 0.006497
v 0.009989 -0.006631 0.006218
v 0.009778 -0.006350 0.006074
v 0.009282 -0.006087 0.006335
v 0.008779 -0.005832 0.006563
v 0.010501 -0.006044 0.004185
v 0.010259 -0.005780 0.004079
v 0.010284 -0.006067 0.004631
v 0.010054 -0.005795 0.004519
v 0.011470 -0.006261 0.001850
v 0.011221 -0.005979 0.001802
v 0.010956 -0.005717 0.001752
v 0.011783 -0.006550 0.001380
v 0.011542 -0.006254 0.001343
v 0.011297 -0.005967 0.001307
v 0.011046 -0.005689 0.001272
v 0.011881 -0.006454 -0.001232
v 0.011631 -0.006159 -0.001213
v 0.011825 -0.006438 -0.001752
v 0.011583 -0.006137 -0.001723
v 0.010866 -0.005581 -0.002613
v 0.010116 -0.005970 -0.006038
v 0.010170 -0.005670 -0.005491
v 0.009934 -0.005646 -0.005928
v 0.009939 -0.005394 -0.005367
v 0.009707 -0.005370 -0.005793
v 0.008466 -0.006111 -0.008627
v 0.008303 -0.005798 -0.008459
v 0.008124 -0.005512 -0.008273
v 0.006000 -0.005984 -0.010478
v 0.006295 -0.005734 -0.009974
v 0.003958 -0.005340 -0.010832
v 0.004331 -0.005066 -0.010434
v 0.003881 -0.005048 -0.010604
v 0.001115 -0.005809 -0.011975
v 0.001602 -0.005511 -0.011690
v 0.001101 -0.005489 -0.011754
v 0.001084 -0.005201 -0.011502
v 0.001065 -0.004930 -0.011239
v 0.001573 -0.005228 -0.011435
v 0.001542 -0.004963 -0.011168
v -0.001961 -0.005721 -0.011881
v -0.001911 -0.005449 -0.011605
v -0.003222 -0.004869 -0.010782
v -0.005692 -0.005393 -0.010316
v -0.005566 -0.005107 -0.010097
v -0.005434 -0.004842 -0.009864
v -0.006675 -0.005707 -0.009976
v -0.006128 -0.005387 -0.010068
v -0.006552 -0.005384 -0.009800
v -0.006410 -0.005095 -0.009594
v -0.006261 -0.004824 -0.009377
v -0.006000 -0.005089 -0.009865
v -0.005858 -0.004822 -0.009638
v -0.008637 -0.005703 -0.008337
v -0.008978 -0.005712 -0.007951
v -0.008459 -0.005404 -0.008171
v -0.008799 -0.005406 -0.007798
v -0.008263 -0.005135 -0.007987
v -0.008595 -0.005136 -0.007623
v -0.010435 -0.005744 -0.005826
v -0.010666 -0.005755 -0.005361
v -0.010200 -0.005466 -0.005701
v -0.011352 -0.005830 -0.003398
v -0.010985 -0.005514 -0.003827
v -0.011117 -0.005539 -0.003334
v -0.010766 -0.005214 -0.003755
v -0.010512 -0.004952 -0.003670
v -0.011781 -0.005885 -0.000822
v -0.011544 -0.005589 -0.000813
v -0.011286 -0.005317 -0.000801
v -0.011019 -0.005059 -0.000788
v -0.010363 -0.004684 0.001094
v -0.010062 -0.004472 0.001058
v -0.009743 -0.004285 0.001019
v -0.009941 -0.005015 0.003881
v -0.009676 -0.004784 0.003772
v -0.009393 -0.004574 0.003656
v -0.008537 -0.005139 0.006320
v -0.008236 -0.005171 0.006678
v -0.007397 -0.004988 0.007159
v -0.007070 -0.005004 0.007473
v -0.006865 -0.004794 0.007252
v -0.006651 -0.004598 0.007023
v -0.005378 -0.005331 0.009036
v -0.004548 -0.004708 0.008474
v -0.002798 -0.005414 0.010095
v -0.002720 -0.005190 0.009822
v -0.002343 -0.005429 0.010203
v -0.002276 -0.005217 0.009919
v -0.002636 -0.004995 0.009526
v -0.002964 -0.004782 0.009112
v -0.000471 -0.005299 0.010133
v -0.000896 -0.005052 0.009827
v 0.001800 -0.005324 0.010023
v 0.001752 -0.005122 0.009724
v 0.002305 -0.005559 0.010215
v 0.002251 -0.005321 0.009948
v 0.002191 -0.005106 0.009660
v 0.002129 -0.004903 0.009360
v 0.004825 -0.005369 0.009051
v 0.004695 -0.005143 0.008793
v 0.006920 -0.005600 0.008052
v 0.006381 -0.005367 0.008110
v 0.006203 -0.005149 0.007871
v 0.006013 -0.004952 0.007618
v 0.005840 -0.005153 0.008123
v 0.005668 -0.004938 0.007873
v 0.008054 -0.005348 0.006570
v 0.008572 -0.005573 0.006398
v 0.008347 -0.005338 0.006220
v 0.008111 -0.005117 0.006034
v 0.007865 -0.004906 0.005842
v 0.010005 -0.005529 0.003970
v 0.009748 -0.005281 0.003860
v 0.009474 -0.005052 0.003744
v 0.009166 -0.004873 0.003613
v 0.010685 -0.005464 0.001702
v 0.010770 -0.005437 0.001234
v 0.010265 -0.004944 0.000259
v 0.010275 -0.004929 -0.000190
v 0.009966 -0.004708 -0.000188
v 0.010624 -0.005297 -0.002555
v 0.009943 -0.004810 -0.002858
v 0.009655 -0.004572 -0.002775
v 0.009694 -0.005136 -0.005234
v 0.009468 -0.005113 -0.005650
v 0.009437 -0.004894 -0.005096
v 0.009217 -0.004871 -0.005499
v 0.009163 -0.004675 -0.004948
v 0.009072 -0.004485 -0.004408
v 0.008976 -0.004853 -0.005891
v 0.008209 -0.004585 -0.006451
v 0.007924 -0.004574 -0.006793
v 0.007958 -0.004377 -0.006252
v 0.007683 -0.004365 -0.006584
v 0.006666 -0.004944 -0.008784
v 0.006288 -0.004920 -0.009061
v 0.006498 -0.004695 -0.008558
v 0.006128 -0.004675 -0.008824
v 0.005960 -0.004446 -0.008576
v 0.005786 -0.004223 -0.008320
v 0.004230 -0.004810 -0.010177
v 0.003794 -0.004783 -0.010351
v 0.004123 -0.004572 -0.009907
v 0.003701 -0.004537 -0.010082
v 0.004012 -0.004344 -0.009629
v 0.003600 -0.004315 -0.009795
v 0.003891 -0.004148 -0.009329
v 0.002249 -0.004076 -0.009843
v 0.001825 -0.004072 -0.009920
v 0.001510 -0.004711 -0.010892
v -0.000352 -0.004435 -0.010682
v -0.000809 -0.004417 -0.010662
v -0.000782 -0.004187 -0.010368
v -0.000753 -0.003977 -0.010056
v -0.000337 -0.004201 -0.010391
v -0.003137 -0.004623 -0.010514
v -0.003049 -0.004392 -0.010235
v -0.002959 -0.004166 -0.009950
v -0.002867 -0.003949 -0.009656
v -0.003278 -0.003935 -0.009529
v -0.005298 -0.004585 -0.009626
v -0.005156 -0.004344 -0.009375
v -0.005006 -0.004122 -0.009111
v -0.004467 -0.003925 -0.009030
v -0.004844 -0.003934 -0.008825
v -0.005708 -0.004572 -0.009399
v -0.006102 -0.004573 -0.009145
v -0.005552 -0.004339 -0.009149
v -0.005933 -0.004346 -0.008898
v -0.006302 -0.004354 -0.008631
v -0.006465 -0.004145 -0.008110
v -0.006799 -0.004157 -0.007819
v -0.006586 -0.003959 -0.007579
v -0.008764 -0.004635 -0.006528
v -0.009036 -0.004634 -0.006143
v -0.008794 -0.004397 -0.005982
v -0.008537 -0.004182 -0.005810
v -0.008269 -0.003985 -0.005631
v -0.010246 -0.004706 -0.003581
v -0.010364 -0.004742 -0.003121
v -0.009964 -0.004483 -0.003487
v -0.010094 -0.004498 -0.003043
v -0.009676 -0.004134 -0.002018
v -0.009657 -0.004295 -0.003384
v -0.010098 -0.004383 -0.001187
v -0.009754 -0.004133 -0.001588
v -0.009101 -0.003922 0.000943
v -0.009045 -0.003933 0.001346
v -0.008777 -0.003760 0.000906
v -0.008722 -0.003773 0.001294
v -0.008455 -0.003616 0.000868
v -0.008399 -0.003635 0.001241
v -0.008554 -0.003821 0.002057
v -0.008240 -0.003675 0.001977
v -0.008328 -0.003655 0.001611
v -0.008239 -0.004278 0.004532
v -0.008030 -0.004285 0.004893
v -0.007751 -0.004118 0.004718
v -0.007197 -0.003817 0.004372
v -0.006433 -0.004407 0.006790
v -0.006211 -0.004232 0.006553
v -0.005986 -0.004077 0.006314
v -0.005694 -0.004103 0.006564
v -0.005764 -0.003934 0.006077
v -0.005484 -0.003952 0.006321
v -0.004758 -0.004164 0.007239
v -0.004581 -0.004019 0.006970
v -0.004893 -0.003988 0.006771
v -0.005194 -0.003970 0.006553
v -0.004397 -0.004519 0.008195
v -0.003143 -0.004398 0.008385
v -0.002865 -0.004585 0.008817
v -0.002763 -0.004416 0.008510
v -0.002661 -0.004257 0.008204
v -0.002561 -0.004107 0.007903
v -0.000399 -0.004507 0.008917
v -0.000381 -0.004331 0.008605
v -0.000364 -0.004175 0.008292
v 0.001653 -0.004727 0.009115
v 0.001602 -0.004541 0.008806
v 0.002064 -0.004714 0.009050
v 0.002468 -0.004726 0.008954
v 0.001996 -0.004548 0.008732
v 0.002388 -0.004554 0.008642
v 0.002775 -0.004555 0.008537
v 0.003050 -0.004389 0.008114
v 0.002940 -0.004250 0.007809
v 0.003532 -0.004569 0.008271
v 0.003409 -0.004411 0.007971
v 0.005818 -0.004766 0.007360
v 0.005625 -0.004580 0.007106
v 0.005433 -0.004401 0.006853
v 0.005239 -0.004244 0.006598
v 0.006601 -0.004216 0.005334
v 0.007613 -0.004708 0.005645
v 0.007354 -0.004527 0.005445
v 0.007591 -0.004531 0.005120
v 0.007545 -0.004349 0.004613
v 0.007747 -0.004345 0.004281
v 0.007275 -0.004187 0.004440
v 0.007472 -0.004177 0.004122
v 0.007328 -0.004352 0.004935
v 0.007063 -0.004197 0.004748
v 0.007095 -0.004360 0.005244
v 0.006839 -0.004205 0.005046
v 0.009154 -0.004664 0.002702
v 0.009282 -0.004636 0.002303
v 0.008962 -0.004462 0.002217
v 0.008643 -0.004299 0.002131
v 0.009645 -0.004504 -0.000186
v 0.009319 -0.004317 -0.000183
v 0.008988 -0.004151 -0.000181
v 0.008661 -0.003998 -0.000179
v 0.008593 -0.003947 -0.001308
v 0.008634 -0.003960 -0.000933
v 0.008979 -0.004139 -0.000573
v 0.008656 -0.003979 -0.000556
v 0.009427 -0.004414 -0.002276
v 0.009338 -0.004380 -0.002686
v 0.009224 -0.004358 -0.003090
v 0.008780 -0.004158 -0.003370
v 0.008943 -0.004313 -0.003880
v 0.008773 -0.004297 -0.004263
v 0.008640 -0.004129 -0.003749
v 0.008334 -0.003966 -0.003617
v 0.008028 -0.003824 -0.003486
v 0.007437 -0.004167 -0.006371
v 0.007188 -0.003982 -0.006156
v 0.006937 -0.003815 -0.005939
v 0.006686 -0.003670 -0.005724
v 0.005627 -0.003603 -0.006774
v 0.006438 -0.003654 -0.006004
v 0.005604 -0.004025 -0.008052
v 0.005415 -0.003852 -0.007776
v 0.005077 -0.003839 -0.007995
v 0.004229 -0.003640 -0.008100
v 0.002183 -0.003875 -0.009531
v 0.001659 -0.003554 -0.008952
v 0.001604 -0.003401 -0.008636
v -0.000724 -0.003785 -0.009733
v -0.000694 -0.003618 -0.009402
v -0.001095 -0.003622 -0.009356
v -0.001052 -0.003460 -0.009033
v -0.001437 -0.003453 -0.008977
v -0.001009 -0.003324 -0.008707
v -0.001380 -0.003317 -0.008653
v -0.000665 -0.003468 -0.009072
v -0.000636 -0.003332 -0.008745
v -0.000262 -0.003347 -0.008764
v -0.002770 -0.003757 -0.009347
v -0.002196 -0.003457 -0.008811
v -0.001819 -0.003447 -0.008905
v -0.001748 -0.003311 -0.008584
v -0.003939 -0.003749 -0.008912
v -0.004317 -0.003741 -0.008737
v -0.004163 -0.003583 -0.008436
v -0.006363 -0.003787 -0.007328
v -0.005978 -0.003317 -0.006334
v -0.007482 -0.003644 -0.005590
v -0.007993 -0.003804 -0.005447
v -0.008205 -0.003831 -0.005088
v -0.007708 -0.003655 -0.005257
v -0.007211 -0.003497 -0.005393
v -0.006724 -0.003341 -0.005500
v -0.008445 -0.003737 -0.003826
v -0.008151 -0.003564 -0.003695
v -0.009429 -0.003953 -0.001539
v -0.009100 -0.003789 -0.001489
v -0.008809 -0.003671 -0.001050
v -0.008488 -0.003522 -0.001015
v -0.008769 -0.003644 -0.001439
v -0.008444 -0.003509 -0.001390
v -0.008171 -0.003470 0.000470
v -0.007870 -0.003335 0.000099
v -0.007849 -0.003354 0.000447
v -0.007876 -0.003318 -0.000249
v -0.008133 -0.003489 0.000831
v -0.008080 -0.003508 0.001189
v -0.007812 -0.003372 0.000793
v -0.007761 -0.003391 0.001138
v -0.007492 -0.003268 0.000756
v -0.007443 -0.003286 0.001086
v -0.007174 -0.003178 0.000719
v -0.007127 -0.003196 0.001035
v -0.007527 -0.003250 0.000424
v -0.007548 -0.003232 0.000090
v -0.007554 -0.003215 -0.000244
v -0.008011 -0.003528 0.001545
v -0.007926 -0.003547 0.001897
v -0.007695 -0.003410 0.001479
v -0.007614 -0.003429 0.001818
v -0.007209 -0.003346 0.002058
v -0.006904 -0.003250 0.001966
v -0.007302 -0.003324 0.001738
v -0.006991 -0.003232 0.001659
v -0.007380 -0.003305 0.001414
v -0.007066 -0.003214 0.001348
v -0.006270 -0.003342 0.003422
v -0.006923 -0.003686 0.004202
v -0.006650 -0.003565 0.004032
v -0.006459 -0.003584 0.004319
v -0.005999 -0.003492 0.004405
v -0.005792 -0.003511 0.004663
v -0.006194 -0.003474 0.004138
v -0.006377 -0.003455 0.003863
v -0.005574 -0.003658 0.005373
v -0.005545 -0.003800 0.005844
v -0.005275 -0.003818 0.006079
v -0.005325 -0.003676 0.005610
v -0.005066 -0.003694 0.005836
v -0.005107 -0.003564 0.005378
v -0.004858 -0.003581 0.005595
v -0.005346 -0.003546 0.005150
v -0.005574 -0.003529 0.004911
v -0.004995 -0.003836 0.006301
v -0.004706 -0.003853 0.006512
v -0.004797 -0.003711 0.006051
v -0.004520 -0.003728 0.006253
v -0.004334 -0.003614 0.005995
v -0.004600 -0.003598 0.005801
v -0.002462 -0.003971 0.007602
v -0.002362 -0.003845 0.007302
v -0.001553 -0.003637 0.006871
v -0.001242 -0.003648 0.006933
v -0.001946 -0.003730 0.007099
v -0.002263 -0.003728 0.007003
v -0.002165 -0.003617 0.006707
v -0.000346 -0.004034 0.007978
v 0.000013 -0.004044 0.007987
v -0.000329 -0.003904 0.007665
v 0.000017 -0.003913 0.007673
v -0.000312 -0.003784 0.007351
v 0.000020 -0.003793 0.007360
v -0.000643 -0.003775 0.007329
v 0.000373 -0.004053 0.007981
v 0.000732 -0.004061 0.007960
v 0.000362 -0.003921 0.007668
v 0.000707 -0.003929 0.007647
v 0.000682 -0.003809 0.007335
v 0.000351 -0.003801 0.007354
v 0.003170 -0.004109 0.007387
v 0.003052 -0.003969 0.007098
v 0.002934 -0.003840 0.006809
v 0.005047 -0.004094 0.006348
v 0.005328 -0.004097 0.006125
v 0.004854 -0.003959 0.006096
v 0.005126 -0.003956 0.005884
v 0.004662 -0.003836 0.005844
v 0.004923 -0.003832 0.005640
v 0.004212 -0.003729 0.005776
v 0.005388 -0.003951 0.005660
v 0.005640 -0.003946 0.005425
v 0.006357 -0.004068 0.005128
v 0.005882 -0.003940 0.005179
v 0.006113 -0.003933 0.004923
v 0.005648 -0.003817 0.004964
v 0.005869 -0.003810 0.004717
v 0.005416 -0.003823 0.005200
v 0.005174 -0.003828 0.005425
v 0.006585 -0.004061 0.004851
v 0.006801 -0.004052 0.004563
v 0.006332 -0.003926 0.004656
v 0.006539 -0.003917 0.004380
v 0.007004 -0.004043 0.004267
v 0.007194 -0.004033 0.003961
v 0.006734 -0.003908 0.004094
v 0.006917 -0.003898 0.003801
v 0.006465 -0.003785 0.003923
v 0.006640 -0.003775 0.003641
v 0.006278 -0.003794 0.004196
v 0.006079 -0.003803 0.004461
v 0.007810 -0.003814 0.001552
v 0.007415 -0.003708 0.001807
v 0.008324 -0.003881 0.000186
v 0.008337 -0.003856 -0.000176
v 0.008004 -0.003743 0.000175
v 0.008015 -0.003725 -0.000174
v 0.007620 -0.003656 0.000828
v 0.008332 -0.003838 -0.000539
v 0.008312 -0.003819 -0.000901
v 0.007726 -0.003692 -0.003357
v 0.007582 -0.003672 -0.003688
v 0.007294 -0.003533 -0.003548
v 0.006438 -0.003535 -0.005511
v 0.006190 -0.003412 -0.005298
v 0.006201 -0.003515 -0.005781
v 0.005953 -0.003496 -0.006041
v 0.005962 -0.003393 -0.005558
v 0.005724 -0.003374 -0.005808
v 0.005693 -0.003476 -0.006289
v 0.005474 -0.003355 -0.006046
v 0.003330 -0.003143 -0.007081
v 0.001549 -0.003267 -0.008318
v 0.001492 -0.003152 -0.007999
v 0.001150 -0.003141 -0.008052
v 0.000805 -0.003134 -0.008089
v 0.000459 -0.003124 -0.008113
v 0.000113 -0.003111 -0.008123
v -0.000248 -0.003215 -0.008442
v -0.000608 -0.003207 -0.008421
v -0.000234 -0.003102 -0.008118
v -0.000580 -0.003094 -0.008097
v -0.000967 -0.003200 -0.008384
v -0.001324 -0.003194 -0.008332
v -0.000925 -0.003087 -0.008062
v -0.001268 -0.003081 -0.008012
v -0.001678 -0.003188 -0.008266
v -0.001609 -0.003076 -0.007948
v -0.003866 -0.003072 -0.007098
v -0.003707 -0.002965 -0.006818
v -0.005749 -0.003196 -0.006098
v -0.005269 -0.003080 -0.006099
v -0.005521 -0.003085 -0.005863
v -0.006000 -0.003203 -0.005841
v -0.006240 -0.003210 -0.005573
v -0.005762 -0.003092 -0.005616
v -0.005992 -0.003100 -0.005358
v -0.005525 -0.002994 -0.005391
v -0.005746 -0.003002 -0.005144
v -0.005294 -0.002988 -0.005629
v -0.006467 -0.003219 -0.005295
v -0.006211 -0.003108 -0.005090
v -0.007078 -0.003104 -0.002860
v -0.007430 -0.003155 -0.001574
v -0.008124 -0.003380 -0.001341
v -0.008165 -0.003397 -0.000980
v -0.007804 -0.003266 -0.001292
v -0.007843 -0.003283 -0.000946
v -0.008189 -0.003417 -0.000618
v -0.007867 -0.003300 -0.000598
v -0.007545 -0.003197 -0.000578
v -0.007522 -0.003181 -0.000912
v -0.007484 -0.003164 -0.001244
v -0.004531 -0.002453 0.000463
v -0.004508 -0.002467 0.000655
v -0.004110 -0.002564 0.002009
v -0.004007 -0.002573 0.002201
v -0.003879 -0.002682 0.002913
v -0.003741 -0.002696 0.003084
v -0.003634 -0.002595 0.002747
v -0.003891 -0.002584 0.002390
v -0.003097 -0.002627 0.003293
v -0.002963 -0.002646 0.003415
v -0.003229 -0.002618 0.003165
v -0.003364 -0.002611 0.003033
v -0.002682 -0.002686 0.003639
v -0.002825 -0.002666 0.003531
v -0.000182 -0.002742 0.004506
v 0.000028 -0.002743 0.004520
v -0.000599 -0.002760 0.004452
v 0.000244 -0.002756 0.004511
v 0.002499 -0.002838 0.004057
v 0.002679 -0.002829 0.003960
v 0.003902 -0.002888 0.003151
v 0.003582 -0.002796 0.003128
v 0.003465 -0.002802 0.003277
v 0.003342 -0.002814 0.003420
v 0.004884 -0.002644 0.001025
v 0.005153 -0.002569 0.000098
v 0.004857 -0.002465 0.000098
v 0.004876 -0.002452 -0.000114
v 0.004808 -0.002491 0.000316
v 0.005051 -0.002510 -0.001005
v 0.004864 -0.002432 -0.000534
v 0.004881 -0.002442 -0.000326
v 0.004021 -0.002300 -0.003236
v 0.003795 -0.002252 -0.003048
v 0.003687 -0.002240 -0.003218
v 0.003576 -0.002244 -0.003384
v 0.002033 -0.002187 -0.004827
v 0.001816 -0.002176 -0.004888
v 0.001938 -0.002137 -0.004554
v 0.001729 -0.002115 -0.004608
v 0.000494 -0.002075 -0.004876
v 0.000731 -0.002161 -0.005134
v -0.000548 -0.002105 -0.005246
v -0.000766 -0.002108 -0.005205
v -0.000515 -0.002036 -0.004931
v -0.000722 -0.002033 -0.004911
v -0.000333 -0.002121 -0.005249
v -0.000110 -0.002048 -0.004931
v -0.001346 -0.002056 -0.004783
v -0.001533 -0.002067 -0.004708
v -0.001143 -0.002050 -0.004835
v -0.002395 -0.002163 -0.004527
v -0.002075 -0.002090 -0.004404
v -0.002865 -0.002094 -0.003795
v -0.003389 -0.002188 -0.003729
v -0.003226 -0.002185 -0.003875
v -0.003014 -0.002096 -0.003658
v -0.003904 -0.002147 -0.002752
v -0.003769 -0.002132 -0.002921
v -0.004359 -0.002181 -0.002023
v -0.004420 -0.002213 -0.001824
v -0.004555 -0.002343 -0.000784
v -0.000748 -0.036809 0.001086
v -0.000729 -0.036829 0.000890
v -0.000677 -0.036829 0.000979
v -0.000775 -0.036819 0.000946
v -0.000626 -0.036829 0.001056
v -0.000588 -0.036847 0.000886
v -0.000595 -0.036853 0.000768
v -0.000337 -0.036878 0.000742
v -0.000362 -0.036871 0.000844
v -0.000263 -0.036887 0.000624
v -0.000281 -0.036878 0.000816
v -0.000082 -0.036894 0.000605
v -0.000111 -0.036887 0.000788
v 0.000158 -0.036887 0.000810
v 0.000095 -0.036891 0.000798
v 0.000065 -0.036891 0.000794
v 0.000729 -0.036819 0.001176
v 0.000654 -0.036816 0.001271
v 0.000560 -0.036829 0.001232
v 0.000661 -0.036792 0.001432
v 0.000659 -0.036802 0.001368
v 0.000753 -0.036771 0.001501
v 0.000650 -0.036771 0.001559
v 0.000575 -0.036795 0.001463
v 0.000728 -0.036747 0.001642
v 0.000678 -0.036724 0.001776
v 0.000490 -0.036744 0.001759
v 0.000526 -0.036758 0.001682
v 0.000584 -0.036696 0.001930
v 0.000563 -0.036690 0.001959
v 0.000444 -0.036730 0.001831
v 0.000471 -0.036701 0.001928
v -0.000472 -0.036631 0.002155
v -0.000457 -0.036659 0.002062
v -0.000390 -0.036679 0.002008
v -0.000565 -0.036638 0.002098
v -0.000463 -0.036686 0.001962
v -0.000530 -0.036693 0.001908
v -0.000749 -0.036662 0.001923
v -0.000729 -0.036696 0.001791
v -0.000861 -0.036689 0.001737
v -0.000786 -0.036713 0.001676
v -0.000705 -0.036730 0.001651
v -0.000829 -0.036679 0.001802
v -0.000898 -0.036704 0.001635
v -0.000736 -0.036745 0.001541
v -0.000723 -0.036738 0.001597
vn -0.1245 -0.9448 0.3032
vn -0.1160 -0.9499 0.2901
vn -0.1095 -0.9489 0.2960
vn -0.1140 -0.9454 0.3054
vn -0.2606 -0.9654 0.0046
vn -0.2738 -0.9617 -0.0071
vn -0.2651 -0.9640 -0.0227
vn -0.2504 -0.9681 -0.0047
vn -0.1865 -0.9795 -0.0767
vn -0.1996 -0.9781 -0.0587
vn -0.2092 -0.9739 -0.0877
vn -0.1883 -0.9788 -0.0800
vn -0.1369 -0.9836 -0.1171
vn -0.1265 -0.9789 -0.1604
vn -0.1096 -0.9859 -0.1267
vn -0.1216 -0.9864 -0.1109
vn 0.1829 -0.9819 -0.0488
vn 0.2041 -0.9789 0.0007
vn 0.2361 -0.9715 0.0200
vn 0.2242 -0.9738 0.0379
vn 0.2198 -0.9753 0.0234
vn 0.1944 -0.9785 0.0688
vn 0.2264 -0.9601 0.1644
vn 0.2277 -0.9506 0.2110
vn 0.2428 -0.9535 0.1788
vn 0.2408 -0.9588 0.1510
vn 0.2233 -0.9328 0.2828
vn 0.2460 -0.9231 0.2955
vn 0.2406 -0.9212 0.3057
vn 0.2223 -0.9296 0.2939
vn 0.2370 -0.9306 0.2790
vn 0.2301 -0.9314 0.2820
vn 0.2408 -0.9320 0.2709
vn 0.2136 -0.9389 0.2701
vn 0.2311 -0.9426 0.2410
vn 0.1808 -0.9133 0.3650
vn 0.2077 -0.9029 0.3764
vn -0.1179 -0.8996 0.4205
vn -0.1209 -0.8993 0.4203
vn -0.1607 -0.8917 0.4231
vn -0.1221 -0.8994 0.4198
vn -0.1102 -0.9229 0.3689
vn -0.1292 -0.9211 0.3672
vn -0.1200 -0.9272 0.3547
vn -0.1069 -0.9270 0.3594
vn -0.1357 -0.9013 0.4115
vn -0.1353 -0.8915 0.4324
vn -0.2114 -0.9225 0.3228
vn -0.2159 -0.9040 0.3689
vn -0.2165 -0.9007 0.3767
vn -0.2324 -0.9018 0.3643
vn -0.3050 -0.9276 0.2157
vn -0.3172 -0.9230 0.2178
vn -0.2970 -0.9359 0.1894
vn -0.3447 -0.9172 0.2000
vn -0.3416 -0.9134 0.2213
vn -0.3505 -0.9214 0.1680
vn -0.3367 -0.9100 0.2417
vn -0.3141 -0.9196 0.2359
vn -0.3125 -0.9183 0.2431
vn -0.3351 -0.9067 0.2562
vn -0.3512 -0.8873 0.2988
vn -0.3650 -0.8953 0.2554
vn -0.3969 -0.8797 0.2618
vn -0.3859 -0.8704 0.3057
vn -0.3790 -0.8444 0.3787
vn -0.3467 -0.8666 0.3588
vn -0.4330 -0.8558 0.2829
vn -0.4417 -0.8451 0.3012
vn -0.3373 -0.8670 0.3669
vn -0.2925 -0.8338 0.4682
vn -0.3070 -0.8209 0.4816
vn -0.3774 -0.8035 0.4604
vn -0.2425 -0.8384 0.4881
vn -0.2251 -0.8556 0.4662
vn -0.2101 -0.8550 0.4742
vn -0.2290 -0.8365 0.4979
vn -0.2621 -0.8156 0.5158
vn -0.2792 -0.8159 0.5063
vn -0.2606 -0.8389 0.4779
vn -0.2165 -0.8355 0.5050
vn -0.1859 -0.8469 0.4981
vn -0.2071 -0.8085 0.5508
vn -0.2315 -0.8114 0.5368
vn -0.0258 -0.8649 0.5014
vn -0.0593 -0.8551 0.5150
vn -0.1024 -0.8739 0.4752
vn -0.0685 -0.8759 0.4777
vn -0.0340 -0.8308 0.5556
vn -0.0250 -0.8495 0.5271
vn -0.0236 -0.8303 0.5568
vn -0.0168 -0.8088 0.5878
vn -0.1006 -0.7840 0.6126
vn -0.0060 -0.8308 0.5565
vn -0.0076 -0.8576 0.5142
vn 0.0067 -0.8709 0.4915
vn -0.0016 -0.8293 0.5588
vn 0.0122 -0.7988 0.6014
vn -0.0037 -0.8040 0.5947
vn 0.0999 -0.8461 0.5236
vn 0.0992 -0.8598 0.5008
vn 0.0881 -0.8776 0.4712
vn 0.0831 -0.8368 0.5412
vn 0.0724 -0.8212 0.5661
vn 0.0802 -0.8125 0.5774
vn 0.0320 -0.9257 0.3770
vn 0.0643 -0.8351 0.5463
vn 0.0744 -0.8084 0.5840
vn 0.0549 -0.8072 0.5877
vn 0.0503 -0.8340 0.5495
vn 0.0865 -0.9068 0.4126
vn 0.0985 -0.9056 0.4125
vn 0.1148 -0.8631 0.4918
vn 0.1090 -0.8726 0.4762
vn 0.1471 -0.8511 0.5040
vn 0.3149 -0.8710 0.3771
vn 0.2692 -0.8995 0.3442
vn 0.2882 -0.8983 0.3316
vn 0.3214 -0.8811 0.3470
vn 0.3553 -0.8609 0.3641
vn 0.3460 -0.8575 0.3807
vn 0.3032 -0.8789 0.3683
vn 0.3477 -0.8421 0.4123
vn 0.3413 -0.8890 0.3052
vn 0.3094 -0.8998 0.3078
vn 0.3754 -0.8848 0.2760
vn 0.3287 -0.8972 0.2950
vn 0.3776 -0.8833 0.2779
vn 0.3745 -0.8693 0.3226
vn 0.3163 -0.9260 0.2061
vn 0.3061 -0.9391 0.1560
vn 0.3318 -0.9319 0.1466
vn 0.3182 -0.9280 0.1937
vn 0.3640 -0.9122 0.1880
vn 0.3614 -0.9201 0.1509
vn 0.4120 -0.8998 0.1438
vn 0.3947 -0.8918 0.2210
vn 0.2952 -0.9494 0.1069
vn 0.2991 -0.9461 0.1246
vn 0.2700 -0.9544 0.1271
vn 0.2711 -0.9562 0.1101
vn 0.3244 -0.9403 0.1027
vn 0.3294 -0.9368 0.1181
vn 0.3625 -0.9271 0.0952
vn 0.3608 -0.9255 0.1152
vn 0.3256 -0.9419 0.0829
vn 0.3598 -0.9298 0.0781
vn 0.3979 -0.9148 0.0690
vn 0.4001 -0.9123 0.0878
vn 0.4025 -0.9092 0.1062
vn 0.2988 -0.9504 0.0864
vn 0.2949 -0.9537 0.0597
vn 0.3164 -0.9470 0.0554
vn 0.3209 -0.9444 0.0719
vn 0.3564 -0.9324 0.0601
vn 0.3523 -0.9349 0.0437
vn 0.3886 -0.9199 0.0531
vn 0.2428 -0.9652 -0.0973
vn 0.2653 -0.9591 -0.0983
vn 0.3020 -0.9472 -0.1075
vn 0.3813 -0.9190 -0.1001
vn 0.2148 -0.9636 -0.1590
vn 0.1572 -0.9696 -0.1876
vn 0.1930 -0.9547 -0.2266
vn 0.2050 -0.9529 -0.2234
vn 0.2153 -0.9521 -0.2172
vn 0.1859 -0.9656 -0.1818
vn 0.1021 -0.9836 -0.1487
vn 0.0463 -0.9853 -0.1644
vn 0.0570 -0.9760 -0.2101
vn 0.1075 -0.9784 -0.1765
vn 0.1147 -0.9663 -0.2306
vn 0.0728 -0.9722 -0.2227
vn 0.1546 -0.9667 -0.2041
vn 0.1395 -0.9661 -0.2173
vn 0.1504 -0.9739 -0.1700
vn 0.1428 -0.9648 -0.2207
vn 0.1189 -0.9688 -0.2175
vn 0.1958 -0.9543 -0.2259
vn -0.0255 -0.9860 -0.1645
vn -0.0355 -0.9846 -0.1713
vn -0.0809 -0.9858 -0.1471
vn -0.0806 -0.9820 -0.1708
vn -0.0858 -0.9752 -0.2039
vn -0.0147 -0.9702 -0.2420
vn -0.0794 -0.9717 -0.2224
vn -0.0911 -0.9657 -0.2431
vn -0.0970 -0.9536 -0.2850
vn -0.1208 -0.9503 -0.2871
vn -0.1623 -0.9619 -0.2202
vn -0.1244 -0.9669 -0.2229
vn -0.1120 -0.9724 -0.2046
vn -0.1444 -0.9668 -0.2109
vn -0.2412 -0.9476 -0.2095
vn -0.1496 -0.9619 -0.2291
vn -0.1033 -0.9670 -0.2328
vn -0.1015 -0.9742 -0.2017
vn -0.1158 -0.9506 -0.2880
vn -0.2495 -0.9640 -0.0918
vn -0.2545 -0.9636 -0.0818
vn -0.2734 -0.9563 -0.1037
vn -0.2656 -0.9580 -0.1079
vn -0.2665 -0.9567 -0.1168
vn -0.2197 -0.9606 -0.1702
vn -0.2624 -0.9617 -0.0794
vn -0.2810 -0.9552 -0.0930
vn -0.3099 -0.9432 -0.1200
vn -0.2958 -0.9457 -0.1349
vn -0.2918 -0.9526 -0.0857
vn -0.3209 -0.9410 -0.1069
vn -0.3344 -0.9302 -0.1513
vn -0.3224 -0.9323 -0.1640
vn -0.2742 -0.9468 -0.1685
vn -0.2871 -0.9354 -0.2066
vn -0.2947 -0.9551 -0.0292
vn -0.3066 -0.9516 -0.0195
vn -0.3283 -0.9440 -0.0315
vn -0.3197 -0.9464 -0.0451
vn -0.3382 -0.9385 -0.0696
vn -0.3456 -0.9346 -0.0841
vn -0.3121 -0.9487 -0.0515
vn -0.3523 -0.9348 -0.0455
vn -0.3164 -0.9486 0.0018
vn -0.3370 -0.9413 -0.0181
vn -0.3665 -0.9296 -0.0382
vn -0.3624 -0.9315 -0.0316
vn -0.3400 -0.9404 -0.0033
vn -0.3437 -0.9357 0.0789
vn -0.3121 -0.9491 0.0415
vn -0.3142 -0.9483 0.0453
vn -0.3665 -0.9297 -0.0378
vn -0.3425 -0.9395 -0.0002
vn -0.4091 -0.9091 -0.0786
vn -0.4589 -0.8779 0.1366
vn -0.5234 -0.8388 0.1500
vn -0.5184 -0.8448 0.1323
vn -0.5008 -0.8549 0.1354
vn -0.4822 -0.8533 0.1982
vn -0.4702 -0.8622 0.1882
vn -0.4415 -0.8749 0.1991
vn -0.4479 -0.8735 0.1907
vn -0.4885 -0.8451 0.2172
vn -0.5135 -0.8293 0.2205
vn -0.5190 -0.8305 0.2023
vn -0.5489 -0.8118 0.1992
vn -0.5510 -0.8158 0.1756
vn -0.3463 -0.9218 0.1743
vn -0.5397 -0.8092 0.2324
vn -0.5689 -0.7726 0.2817
vn -0.5938 -0.7741 0.2195
vn -0.5788 -0.7976 0.1700
vn -0.5518 -0.8200 0.1519
vn -0.5515 -0.8242 0.1285
vn -0.6006 -0.7892 0.1281
vn -0.5861 -0.8028 0.1095
vn -0.4622 -0.8509 0.2495
vn -0.4593 -0.8538 0.2452
vn -0.4577 -0.8473 0.2695
vn -0.5193 -0.8220 0.2335
vn -0.4588 -0.8549 0.2421
vn -0.5338 -0.7993 0.2758
vn -0.3444 -0.7889 0.5090
vn -0.3324 -0.8001 0.4993
vn -0.3527 -0.7594 0.5467
vn -0.3718 -0.7643 0.5268
vn -0.3938 -0.7444 0.5393
vn -0.3946 -0.7475 0.5344
vn -0.3691 -0.7592 0.5360
vn -0.3812 -0.7609 0.5251
vn -0.3412 -0.6552 0.6740
vn -0.4205 -0.7205 0.5514
vn -0.4327 -0.7152 0.5489
vn -0.3067 -0.7983 0.5183
vn -0.2895 -0.8182 0.4967
vn -0.2836 -0.7875 0.5473
vn -0.1104 -0.9451 0.3075
vn -0.2657 -0.7852 0.5594
vn -0.2697 -0.7378 0.6188
vn -0.3035 -0.7642 0.5692
vn -0.3249 -0.7630 0.5589
vn -0.2972 -0.7905 0.5355
vn -0.2477 -0.7831 0.5704
vn -0.1681 -0.7836 0.5981
vn -0.1771 -0.7363 0.6531
vn -0.2394 -0.7531 0.6128
vn -0.0391 -0.7023 0.7108
vn -0.0231 -0.7147 0.6991
vn -0.0246 -0.6808 0.7320
vn -0.0062 -0.6728 0.7398
vn -0.0031 -0.7723 0.6352
vn 0.0123 -0.7820 0.6232
vn 0.0223 -0.7429 0.6690
vn -0.0040 -0.7467 0.6651
vn 0.0422 -0.7854 0.6176
vn 0.0388 -0.7995 0.5994
vn 0.0631 -0.7790 0.6239
vn -0.0000 -0.7141 0.7001
vn 0.0266 -0.7124 0.7012
vn 0.0239 -0.7070 0.7068
vn -0.0193 -0.6830 0.7302
vn 0.0834 -0.7801 0.6201
vn 0.1133 -0.7929 0.5987
vn 0.1750 -0.7413 0.6480
vn 0.0917 -0.7511 0.6538
vn 0.0693 -0.7469 0.6613
vn 0.1049 -0.7225 0.6833
vn 0.0740 -0.7094 0.7009
vn 0.1254 -0.7391 0.6618
vn 0.1547 -0.7249 0.6713
vn 0.0793 -0.6986 0.7111
vn 0.3244 -0.7592 0.5643
vn 0.3323 -0.7642 0.5528
vn 0.3590 -0.7251 0.5876
vn 0.3397 -0.7204 0.6047
vn 0.2651 -0.6966 0.6667
vn 0.2335 -0.7569 0.6104
vn 0.3681 -0.7722 0.5179
vn 0.4001 -0.7780 0.4844
vn 0.4278 -0.7451 0.5117
vn 0.4119 -0.7399 0.5319
vn 0.3952 -0.7348 0.5512
vn 0.3662 -0.7657 0.5288
vn 0.3562 -0.7611 0.5421
vn 0.3773 -0.7302 0.5696
vn 0.3745 -0.8314 0.4106
vn 0.3647 -0.8404 0.4009
vn 0.4012 -0.8276 0.3925
vn 0.4315 -0.7661 0.4763
vn 0.4181 -0.7799 0.4659
vn 0.4074 -0.8510 0.3313
vn 0.4670 -0.8437 0.2649
vn 0.4515 -0.8645 0.2208
vn 0.4430 -0.8856 0.1394
vn 0.4848 -0.8481 0.2140
vn 0.5104 -0.8494 0.1344
vn 0.5485 -0.8262 0.1287
vn 0.5557 -0.8163 0.1577
vn 0.4406 -0.8897 0.1199
vn 0.4137 -0.9021 0.1229
vn 0.4404 -0.8922 0.1001
vn 0.4334 -0.8974 0.0828
vn 0.5103 -0.8535 0.1056
vn 0.5122 -0.8565 0.0642
vn 0.5008 -0.8621 0.0771
vn 0.5472 -0.8306 0.1031
vn 0.4072 -0.9134 0.0005
vn 0.4199 -0.9070 -0.0333
vn 0.4486 -0.8937 0.0109
vn 0.4345 -0.9006 0.0153
vn 0.3172 -0.9314 -0.1784
vn 0.3511 -0.9261 -0.1382
vn 0.2722 -0.9516 -0.1428
vn 0.2756 -0.9483 -0.1577
vn 0.3002 -0.9333 -0.1971
vn 0.3251 -0.9195 -0.2208
vn 0.3428 -0.9162 -0.2074
vn 0.3762 -0.9147 -0.1474
vn 0.3430 -0.8976 -0.2769
vn 0.3161 -0.9013 -0.2963
vn 0.3452 -0.8781 -0.3314
vn 0.3684 -0.8791 -0.3024
vn 0.3802 -0.8814 -0.2805
vn 0.3519 -0.9010 -0.2537
vn 0.3689 -0.8991 -0.2359
vn 0.4068 -0.8908 -0.2023
vn 0.3957 -0.8790 -0.2661
vn 0.4334 -0.8743 -0.2186
vn 0.2578 -0.9373 -0.2345
vn 0.2774 -0.9354 -0.2192
vn 0.2515 -0.9528 -0.1701
vn 0.2411 -0.9509 -0.1939
vn 0.2396 -0.9406 -0.2406
vn 0.2697 -0.9204 -0.2831
vn 0.2795 -0.9218 -0.2687
vn 0.2908 -0.9232 -0.2514
vn 0.2281 -0.9139 -0.3358
vn 0.2861 -0.9061 -0.3117
vn 0.2528 -0.9157 -0.3124
vn 0.2538 -0.8920 -0.3741
vn 0.2970 -0.8876 -0.3521
vn -0.0285 -0.9365 -0.3494
vn -0.1022 -0.9397 -0.3263
vn -0.0905 -0.9284 -0.3603
vn -0.0959 -0.9232 -0.3721
vn -0.0905 -0.9080 -0.4091
vn -0.0861 -0.9037 -0.4195
vn -0.0243 -0.9428 -0.3325
vn -0.1086 -0.9162 -0.3858
vn -0.1868 -0.8342 -0.5189
vn -0.1126 -0.8865 -0.4488
vn -0.0701 -0.8881 -0.4543
vn 0.0334 -0.9213 -0.3875
vn -0.0504 -0.8873 -0.4584
vn -0.1143 -0.9404 -0.3204
vn -0.1496 -0.8908 -0.4291
vn -0.2998 -0.9238 -0.2381
vn -0.3470 -0.9176 -0.1941
vn -0.3706 -0.9014 -0.2239
vn -0.3407 -0.9058 -0.2518
vn -0.3617 -0.9150 -0.1785
vn -0.3376 -0.9313 -0.1366
vn -0.3726 -0.9121 -0.1708
vn -0.3841 -0.8995 -0.2080
vn -0.4095 -0.8811 -0.2365
vn -0.3937 -0.8835 -0.2538
vn -0.3977 -0.8971 -0.1924
vn -0.4249 -0.8784 -0.2188
vn -0.4332 -0.8647 -0.2543
vn -0.4345 -0.8603 -0.2665
vn -0.4181 -0.8626 -0.2850
vn -0.3505 -0.8922 -0.2848
vn -0.4002 -0.8652 -0.3021
vn -0.3994 -0.8656 -0.3020
vn -0.2650 -0.8872 -0.3777
vn -0.4165 -0.9012 -0.1203
vn -0.4185 -0.9029 -0.0982
vn -0.4485 -0.8858 -0.1190
vn -0.4349 -0.8893 -0.1413
vn -0.4716 -0.8645 -0.1740
vn -0.4798 -0.8688 -0.1222
vn -0.4279 -0.8802 -0.2054
vn -0.4172 -0.8923 -0.1725
vn -0.4184 -0.8854 -0.2025
vn -0.4840 -0.8745 -0.0310
vn -0.5157 -0.8530 -0.0798
vn -0.5077 -0.8610 -0.0316
vn -0.4639 -0.8838 0.0612
vn -0.4776 -0.8732 0.0964
vn -0.5155 -0.8524 0.0881
vn -0.4984 -0.8661 0.0389
vn -0.4670 -0.8786 0.0998
vn -0.5173 -0.8486 0.1102
vn -0.5504 -0.8283 0.1045
vn -0.5485 -0.8322 0.0809
vn -0.5843 -0.8055 0.0987
vn -0.5824 -0.8096 0.0735
vn -0.5374 -0.8429 0.0259
vn -0.5833 -0.8122 -0.0112
vn -0.5286 -0.7189 0.4514
vn -0.5330 -0.7410 0.4084
vn -0.4435 -0.8102 0.3832
vn -0.4975 -0.7719 0.3957
vn -0.4610 -0.7626 0.4538
vn -0.5164 -0.7135 0.4735
vn -0.5482 -0.6751 0.4937
vn -0.5627 -0.6805 0.4693
vn -0.5939 -0.7127 0.3733
vn -0.5104 -0.7045 0.4931
vn -0.4875 -0.6988 0.5235
vn -0.5184 -0.6714 0.5295
vn -0.5328 -0.6697 0.5172
vn -0.5555 -0.6480 0.5211
vn -0.5700 -0.6469 0.5066
vn -0.5442 -0.6409 0.5414
vn -0.5881 -0.5964 0.5463
vn -0.5881 -0.6216 0.5174
vn -0.5853 -0.6526 0.4812
vn -0.6255 -0.6258 0.4659
vn -0.6063 -0.6248 0.4920
vn -0.6740 -0.6318 0.3827
vn -0.4755 -0.6908 0.5447
vn -0.4648 -0.7084 0.5312
vn -0.4619 -0.7406 0.4880
vn -0.4582 -0.6858 0.5654
vn -0.5056 -0.6275 0.5922
vn -0.5146 -0.6595 0.5479
vn -0.4164 -0.6846 0.5983
vn -0.4495 -0.6367 0.6265
vn -0.3018 -0.5981 0.7424
vn -0.2429 -0.5679 0.7864
vn -0.2617 -0.5529 0.7911
vn -0.2823 -0.5639 0.7761
vn -0.1703 -0.5995 0.7821
vn -0.2184 -0.5948 0.7736
vn -0.2162 -0.5208 0.8258
vn -0.2325 -0.5502 0.8020
vn -0.0784 -0.6321 0.7709
vn -0.0281 -0.6537 0.7562
vn -0.0668 -0.5637 0.8233
vn -0.0386 -0.5988 0.8000
vn -0.0592 -0.6581 0.7506
vn -0.0465 -0.6259 0.7785
vn 0.3619 -0.6871 0.6300
vn 0.2947 -0.6461 0.7041
vn 0.3824 -0.6922 0.6121
vn 0.4039 -0.6593 0.6341
vn 0.3823 -0.6537 0.6531
vn 0.3870 -0.6316 0.6718
vn 0.3998 -0.6226 0.6727
vn 0.3805 -0.5975 0.7058
vn 0.4149 -0.6310 0.6555
vn 0.4564 -0.6183 0.6398
vn 0.4380 -0.5962 0.6728
vn 0.4268 -0.5436 0.7227
vn 0.3969 -0.6990 0.5949
vn 0.4076 -0.6997 0.5868
vn 0.4304 -0.6389 0.6376
vn 0.4354 -0.6855 0.5836
vn 0.4986 -0.6785 0.5395
vn 0.5101 -0.5915 0.6245
vn 0.4314 -0.7002 0.5688
vn 0.6345 -0.7252 0.2675
vn 0.5989 -0.7587 0.2563
vn 0.5698 -0.7769 0.2678
vn 0.6357 -0.7322 0.2444
vn 0.6443 -0.7231 0.2489
vn 0.6617 -0.7004 0.2676
vn 0.6550 -0.6941 0.2985
vn 0.6260 -0.7220 0.2946
vn 0.6012 -0.7138 0.3591
vn 0.6433 -0.6817 0.3485
vn 0.5847 -0.7970 0.1514
vn 0.6078 -0.7618 0.2239
vn 0.5262 -0.8325 0.1734
vn 0.5848 -0.8016 0.1240
vn 0.6020 -0.7905 0.1129
vn 0.6108 -0.7763 0.1554
vn 0.6217 -0.7636 0.1743
vn 0.6387 -0.7348 0.2283
vn 0.6041 -0.7643 0.2255
vn 0.6139 -0.7682 0.1815
vn 0.5790 -0.8094 0.0981
vn 0.6224 -0.7799 0.0662
vn 0.6136 -0.7868 0.0670
vn 0.4387 -0.8765 -0.1984
vn 0.5135 -0.8293 -0.2207
vn 0.4401 -0.8541 -0.2771
vn 0.4670 -0.8295 -0.3062
vn 0.4940 -0.8112 -0.3130
vn 0.5341 -0.7837 -0.3170
vn 0.4819 -0.8103 -0.3336
vn 0.4267 -0.8584 -0.2847
vn 0.4220 -0.8534 -0.3058
vn 0.4807 -0.8052 -0.3473
vn 0.4450 -0.7823 -0.4358
vn 0.2308 -0.8682 -0.4392
vn 0.3114 -0.8857 -0.3444
vn 0.1501 -0.8755 -0.4594
vn 0.0959 -0.9080 -0.4080
vn 0.0721 -0.8904 -0.4495
vn 0.0839 -0.8672 -0.4909
vn 0.0909 -0.8422 -0.5314
vn 0.1979 -0.8175 -0.5408
vn 0.1146 -0.7995 -0.5896
vn 0.0857 -0.8231 -0.5615
vn 0.1074 -0.7940 -0.5984
vn 0.1633 -0.7560 -0.6338
vn 0.0731 -0.8719 -0.4841
vn 0.0396 -0.8989 -0.4363
vn 0.0234 -0.8932 -0.4491
vn 0.0588 -0.8639 -0.5003
vn 0.0272 -0.8741 -0.4850
vn 0.1200 -0.7968 -0.5923
vn -0.0335 -0.8808 -0.4722
vn -0.1018 -0.8657 -0.4902
vn -0.1471 -0.8644 -0.4808
vn -0.1434 -0.8687 -0.4741
vn -0.2391 -0.8193 -0.5211
vn -0.3251 -0.8268 -0.4590
vn -0.3603 -0.7785 -0.5139
vn -0.3293 -0.8059 -0.4920
vn -0.3480 -0.8158 -0.4620
vn -0.3830 -0.7532 -0.5347
vn -0.4232 -0.8417 -0.3352
vn -0.3696 -0.8294 -0.4189
vn -0.4417 -0.8394 -0.3166
vn -0.4754 -0.8113 -0.3404
vn -0.4672 -0.8031 -0.3697
vn -0.4330 -0.8229 -0.3677
vn -0.4599 -0.8368 -0.2971
vn -0.5509 -0.8048 -0.2210
vn -0.5713 -0.7514 -0.3301
vn -0.4859 -0.8119 -0.3237
vn -0.5281 -0.7920 -0.3063
vn -0.4309 -0.8349 -0.3424
vn -0.5624 -0.7927 -0.2353
vn -0.5999 -0.7525 -0.2720
vn -0.5176 -0.7888 -0.3315
vn -0.5888 -0.8077 -0.0297
vn -0.6160 -0.7850 0.0655
vn -0.6486 -0.7585 0.0633
vn -0.6332 -0.7736 0.0258
vn -0.6013 -0.7958 0.0724
vn -0.5537 -0.8190 0.1505
vn -0.5968 -0.7922 0.1271
vn -0.7082 -0.7033 0.0615
vn -0.6811 -0.7252 0.1012
vn -0.6517 -0.7585 -0.0007
vn -0.6911 -0.6107 0.3864
vn -0.6624 -0.5865 0.4661
vn -0.7320 -0.6134 0.2964
vn -0.7083 -0.6003 0.3715
vn -0.6130 -0.6170 0.4935
vn -0.6392 -0.5823 0.5023
vn -0.5880 -0.5882 0.5552
vn -0.5269 -0.6252 0.5757
vn -0.3530 -0.5257 0.7740
vn -0.2664 -0.5286 0.8060
vn -0.2676 -0.5191 0.8117
vn -0.2976 -0.5229 0.7987
vn -0.2369 -0.5256 0.8171
vn -0.2572 -0.4920 0.8317
vn -0.2483 -0.4629 0.8510
vn -0.2235 -0.5055 0.8333
vn -0.1769 -0.4990 0.8484
vn -0.2387 -0.4729 0.8482
vn 0.1819 -0.4802 0.8581
vn 0.2756 -0.5125 0.8132
vn 0.2349 -0.5110 0.8269
vn 0.1610 -0.4586 0.8739
vn 0.1314 -0.4559 0.8803
vn 0.2277 -0.5028 0.8339
vn 0.2760 -0.5057 0.8174
vn 0.2738 -0.5245 0.8061
vn 0.3505 -0.5305 0.7719
vn 0.3349 -0.4794 0.8112
vn 0.3083 -0.5189 0.7973
vn 0.2534 -0.5465 0.7982
vn 0.6707 -0.6666 0.3255
vn 0.6850 -0.6665 0.2942
vn 0.6807 -0.6839 0.2625
vn 0.7348 -0.6642 0.1374
vn 0.7580 -0.6243 0.1889
vn 0.6983 -0.6763 0.2346
vn 0.6645 -0.7201 -0.1999
vn 0.6064 -0.7641 -0.2199
vn 0.5886 -0.7794 -0.2148
vn 0.6299 -0.7470 -0.2126
vn 0.6468 -0.7196 -0.2528
vn 0.6575 -0.7434 -0.1222
vn 0.6159 -0.7497 -0.2423
vn 0.5903 -0.7790 -0.2115
vn 0.5750 -0.7867 -0.2246
vn 0.5833 -0.7785 -0.2316
vn 0.5882 -0.7115 -0.3845
vn 0.6256 -0.7334 -0.2660
vn 0.5988 -0.7518 -0.2761
vn 0.6450 -0.7155 -0.2684
vn 0.2809 -0.7090 -0.6468
vn 0.1856 -0.7310 -0.6567
vn 0.2399 -0.6871 -0.6858
vn 0.2973 -0.7425 -0.6003
vn 0.3164 -0.7333 -0.6018
vn 0.4162 -0.7200 -0.5553
vn 0.3972 -0.7130 -0.5778
vn 0.2658 -0.7696 -0.5806
vn 0.2825 -0.7422 -0.6077
vn 0.3114 -0.7467 -0.5877
vn -0.1916 -0.7081 -0.6797
vn -0.2816 -0.6587 -0.6978
vn -0.2205 -0.6835 -0.6958
vn -0.2452 -0.7891 -0.5632
vn -0.1441 -0.7661 -0.6264
vn -0.1596 -0.7039 -0.6922
vn -0.1602 -0.7000 -0.6959
vn -0.1442 -0.7441 -0.6523
vn -0.3430 -0.7541 -0.5601
vn -0.3772 -0.7603 -0.5288
vn -0.3712 -0.7247 -0.5806
vn -0.5093 -0.6850 -0.5210
vn -0.3467 -0.7835 -0.5157
vn -0.7613 -0.6041 0.2355
vn -0.7817 -0.5995 0.1722
vn -0.7832 -0.5984 0.1690
vn -0.7903 -0.5771 0.2060
vn -0.8110 -0.5626 0.1605
vn -0.7564 -0.6375 0.1466
vn -0.7923 -0.6070 0.0619
vn -0.8295 -0.5478 0.1090
vn -0.7710 -0.6318 0.0802
vn -0.7864 -0.6034 0.1325
vn -0.5905 -0.5226 0.6149
vn -0.5666 -0.4753 0.6731
vn -0.5145 -0.5266 0.6767
vn -0.4818 -0.5541 0.6789
vn -0.4259 -0.5190 0.7412
vn -0.4180 -0.4957 0.7613
vn -0.4398 -0.4907 0.7522
vn -0.4004 -0.5460 0.7359
vn -0.4056 -0.5162 0.7543
vn -0.4547 -0.4524 0.7672
vn 0.0039 -0.5282 0.8491
vn 0.0058 -0.5022 0.8647
vn 0.0785 -0.4493 0.8899
vn -0.0012 -0.4866 0.8736
vn 0.5150 -0.5168 0.6838
vn 0.5256 -0.5581 0.6421
vn 0.5541 -0.5603 0.6157
vn 0.5245 -0.5458 0.6535
vn 0.7423 -0.6699 -0.0129
vn 0.7260 -0.6871 -0.0268
vn 0.7458 -0.6598 -0.0922
vn 0.7494 -0.6589 -0.0651
vn 0.0470 -0.7163 -0.6962
vn 0.0371 -0.6345 -0.7721
vn -0.0299 -0.6930 -0.7203
vn -0.0420 -0.6716 -0.7397
vn -0.1017 -0.7001 -0.7068
vn -0.0401 -0.6689 -0.7423
vn -0.5482 -0.6698 -0.5009
vn -0.5668 -0.6672 -0.4833
vn -0.5181 -0.6457 -0.5609
vn -0.5050 -0.6542 -0.5630
vn -0.4458 -0.6463 -0.6193
vn -0.4189 -0.6836 -0.5977
vn -0.8081 -0.0272 0.5884
vn -0.4895 -0.6455 -0.5863
vn -0.6739 -0.6556 -0.3407
vn -0.7574 -0.6184 -0.2095
vn -0.6771 -0.6475 -0.3497
vn -0.6733 -0.6541 -0.3446
vn -0.6223 -0.6953 -0.3596
vn -0.6272 -0.6922 -0.3569
vn -0.8179 -0.5420 0.1929
vn -0.7664 -0.6223 0.1595
vn -0.8264 -0.5210 0.2137
vn -0.8030 -0.5630 0.1953
vn 0.8070 -0.5837 0.0900
vn 0.7623 -0.6376 0.1109
vn 0.7781 -0.6186 0.1095
vn 0.7727 -0.6346 0.0164
vn 0.7750 -0.6196 0.1246
vn 0.7505 -0.6471 0.1343
vn 0.7683 -0.6319 0.1018
vn 0.8332 -0.5504 0.0537
vn 0.8241 -0.5584 0.0951
vn 0.8112 -0.5594 0.1703
vn 0.6503 -0.6286 -0.4265
vn 0.6404 -0.6826 -0.3520
vn 0.7123 -0.5800 -0.3952
vn 0.6297 -0.6720 -0.3898
vn 0.6617 -0.6540 -0.3667
vn 0.6444 -0.6620 -0.3827
vn 0.6720 -0.6144 -0.4134
vn 0.6109 -0.6009 -0.5154
vn 0.4436 -0.5948 -0.6704
vn 0.4794 -0.6022 -0.6384
vn 0.4849 -0.5567 -0.6745
vn 0.4733 -0.6376 -0.6078
vn 0.4943 -0.5628 -0.6625
vn 0.4479 -0.6407 -0.6236
vn 0.2300 -0.6332 -0.7390
vn 0.2738 -0.6666 -0.6934
vn 0.2688 -0.6889 -0.6732
vn 0.1274 -0.7196 -0.6826
vn 0.0982 -0.6448 -0.7580
vn 0.1512 -0.6444 -0.7496
vn 0.2646 -0.6523 -0.7102
vn 0.1315 -0.6733 -0.7276
vn -0.1600 -0.6295 -0.7603
vn -0.3147 -0.6006 -0.7350
vn -0.3085 -0.6220 -0.7197
vn -0.3266 -0.6045 -0.7266
vn -0.2864 -0.6531 -0.7010
vn -0.2753 -0.6377 -0.7194
vn -0.4282 -0.6173 -0.6599
vn -0.3598 -0.5690 -0.7394
vn -0.6955 -0.6082 -0.3827
vn -0.6791 -0.6300 -0.3767
vn -0.6450 -0.6623 -0.3812
vn -0.7127 -0.5846 -0.3877
vn -0.7074 -0.6022 -0.3700
vn -0.6838 -0.6008 -0.4141
vn -0.6845 -0.6056 -0.4058
vn -0.7291 -0.5821 -0.3600
vn -0.7873 -0.5886 -0.1835
vn -0.8043 -0.5017 -0.3184
vn -0.7210 -0.6269 -0.2953
vn -0.7446 -0.6026 -0.2870
vn -0.7385 -0.5918 -0.3231
vn -0.6852 -0.6084 -0.4004
vn -0.8015 -0.5917 -0.0867
vn -0.7149 -0.6776 -0.1726
vn -0.8210 -0.5663 -0.0728
vn -0.7690 -0.6382 -0.0368
vn -0.7892 -0.6070 -0.0933
vn -0.7787 -0.6262 -0.0397
vn -0.8020 -0.5246 0.2856
vn -0.7526 -0.5783 0.3147
vn -0.7921 -0.5383 0.2878
vn -0.7105 -0.5776 0.4019
vn 0.7928 -0.5811 0.1838
vn 0.8235 -0.5640 0.0610
vn 0.1543 -0.5565 -0.8164
vn 0.1562 -0.6174 -0.7710
vn 0.1910 -0.6425 -0.7421
vn 0.1180 -0.5920 -0.7973
vn -0.0851 -0.5829 -0.8080
vn 0.0504 -0.6132 -0.7883
vn 0.0812 -0.6057 -0.7915
vn 0.0995 -0.6010 -0.7930
vn -0.1555 -0.6131 -0.7746
vn -0.0406 -0.6330 -0.7731
vn -0.1427 -0.5933 -0.7922
vn -0.0796 -0.6046 -0.7926
vn -0.1251 -0.6202 -0.7744
vn -0.1707 -0.6362 -0.7524
vn -0.1944 -0.6620 -0.7239
vn -0.2379 -0.6665 -0.7066
vn -0.1937 -0.5485 -0.8134
vn -0.1435 -0.6350 -0.7591
vn -0.6403 -0.6307 -0.4384
vn -0.6617 -0.5840 -0.4702
vn -0.6892 -0.5257 -0.4985
vn -0.6696 -0.5640 -0.4833
vn 0.6883 -0.5533 -0.4692
vn 0.6645 -0.5956 -0.4513
vn 0.6548 -0.5351 -0.5338
vn 0.6717 -0.5860 -0.4531
vn 0.4086 -0.4950 -0.7668
vn 0.4603 -0.5745 -0.6769
vn 0.4868 -0.5601 -0.6704
vn 0.4028 -0.5680 -0.7177
vn 0.2156 -0.5432 -0.8115
vn 0.2826 -0.5091 -0.8130
vn 0.2734 -0.5939 -0.7566
vn 0.3094 -0.5460 -0.7786
vn -0.4470 -0.6007 -0.6629
vn -0.4977 -0.5951 -0.6310
vn -0.5231 -0.5827 -0.6220
vn -0.5079 -0.5682 -0.6475
vn -0.5168 -0.5444 -0.6608
vn -0.5791 -0.5700 -0.5829
vn -0.5770 -0.5576 -0.5968
vn -0.5334 -0.5310 -0.6584
vn -0.5478 -0.4978 -0.6724
vn -0.4715 -0.5607 -0.6807
vn -0.5631 -0.5109 -0.6496
vn -0.5321 -0.5061 -0.6787
vn -0.8161 -0.4948 0.2985
vn -0.8476 -0.4685 0.2491
vn -0.8505 -0.4882 0.1958
vn -0.8524 -0.4696 0.2302
vn -0.8176 -0.4938 0.2962
vn -0.8386 -0.4824 0.2530
vn -0.8621 -0.4481 0.2366
vn -0.8374 -0.5076 0.2027
vn -0.8547 -0.4354 0.2827
vn -0.8493 -0.4668 0.2467
vn 0.7551 -0.4781 -0.4486
vn 0.7013 -0.5207 -0.4869
vn 0.7398 -0.5181 -0.4293
vn 0.6996 -0.4406 -0.5625
vn -0.5843 -0.4703 -0.6613
vn -0.4722 -0.5450 -0.6928
vn -0.6045 -0.5729 -0.5535
vn -0.6511 -0.4962 -0.5744
vn -0.6756 -0.4669 -0.5706
vn -0.6745 -0.5022 -0.5411
vn -0.8055 -0.5481 -0.2253
vn -0.8933 -0.4417 -0.0835
vn -0.8539 -0.4979 -0.1516
vn -0.8307 -0.5276 -0.1776
vn -0.8384 -0.5409 -0.0670
vn -0.8644 -0.5026 0.0128
vn -0.8948 -0.4464 -0.0127
vn -0.8767 -0.4770 -0.0617
vn -0.9101 -0.4061 0.0830
vn -0.9065 -0.4100 0.1013
vn -0.8804 -0.4516 0.1448
vn -0.8730 -0.4853 0.0481
vn 0.2347 -0.4569 0.8580
vn 0.2407 -0.3977 0.8854
vn 0.3757 -0.3948 0.8384
vn 0.3292 -0.4104 0.8504
vn 0.8897 -0.3998 -0.2204
vn 0.8959 -0.4215 -0.1402
vn 0.8812 -0.4642 -0.0896
vn 0.8376 -0.4960 -0.2291
vn 0.7743 -0.4775 -0.4153
vn 0.7769 -0.4821 -0.4050
vn 0.7883 -0.4825 -0.3817
vn 0.7620 -0.4843 -0.4299
vn 0.7294 -0.5215 -0.4428
vn 0.7631 -0.5080 -0.3996
vn 0.7766 -0.4095 -0.4787
vn 0.7808 -0.4668 -0.4153
vn 0.7861 -0.4992 -0.3645
vn 0.7858 -0.4597 -0.4138
vn 0.8387 -0.4182 -0.3489
vn 0.7379 -0.4805 -0.4740
vn 0.7868 -0.4840 -0.3829
vn 0.8149 -0.4233 -0.3960
vn 0.3813 -0.5387 -0.7513
vn 0.4344 -0.5192 -0.7360
vn 0.4086 -0.4646 -0.7856
vn 0.3625 -0.5032 -0.7844
vn 0.3651 -0.4827 -0.7960
vn 0.2958 -0.4761 -0.8282
vn 0.3157 -0.4762 -0.8207
vn 0.3486 -0.4560 -0.8188
vn 0.3567 -0.4326 -0.8280
vn 0.3915 -0.4074 -0.8251
vn 0.3213 -0.4414 -0.8378
vn 0.3236 -0.4474 -0.8338
vn 0.0793 -0.4054 -0.9107
vn 0.1641 -0.5001 -0.8503
vn 0.0360 -0.4338 -0.9003
vn -0.0112 -0.4040 -0.9147
vn -0.1323 -0.4369 -0.8897
vn -0.0144 -0.4168 -0.9089
vn -0.0003 -0.5195 -0.8544
vn -0.0094 -0.3918 -0.9200
vn -0.7493 -0.4412 -0.4939
vn -0.7303 -0.4909 -0.4751
vn -0.7534 -0.4436 -0.4854
vn -0.7744 -0.4141 -0.4783
vn -0.8047 -0.4385 -0.4003
vn -0.7074 -0.4710 -0.5270
vn -0.8385 -0.4591 0.2935
vn -0.8381 -0.4293 0.3365
vn -0.8658 -0.4088 0.2884
vn -0.8556 -0.3976 0.3314
vn -0.9026 -0.3507 0.2497
vn -0.8739 -0.4423 0.2017
vn -0.4678 -0.4611 0.7541
vn -0.4207 -0.4223 0.8029
vn -0.4283 -0.4358 0.7916
vn -0.3560 -0.4329 0.8282
vn 0.7255 -0.3949 0.5636
vn 0.6895 -0.4368 0.5778
vn 0.6172 -0.4604 0.6381
vn 0.7345 -0.4042 0.5450
vn 0.7420 -0.4478 0.4989
vn 0.7500 -0.4367 0.4969
vn 0.7317 -0.4054 0.5480
vn 0.7998 -0.3553 0.4838
vn 0.8464 -0.4376 0.3037
vn 0.8216 -0.4514 0.3482
vn 0.8468 -0.4064 0.3430
vn 0.8387 -0.4215 0.3447
vn 0.8254 -0.4209 0.3762
vn 0.7987 -0.4548 0.3939
vn 0.9083 -0.4168 0.0359
vn 0.8905 -0.4462 0.0883
vn 0.8949 -0.4292 0.1219
vn 0.9322 -0.3589 0.0470
vn 0.4037 -0.4392 -0.8025
vn 0.4466 -0.3579 -0.8200
vn 0.5025 -0.4267 -0.7520
vn 0.5188 -0.4540 -0.7244
vn 0.1657 -0.4160 -0.8941
vn 0.2119 -0.4225 -0.8812
vn 0.2470 -0.4282 -0.8693
vn 0.2316 -0.4264 -0.8744
vn 0.1874 -0.4111 -0.8921
vn 0.2534 -0.4174 -0.8727
vn 0.1994 -0.4218 -0.8845
vn 0.2568 -0.3961 -0.8816
vn -0.3907 -0.4772 -0.7871
vn -0.4291 -0.4230 -0.7981
vn -0.3970 -0.3718 -0.8392
vn -0.4419 -0.4311 -0.7867
vn -0.5429 -0.4825 -0.6874
vn -0.5500 -0.5166 -0.6562
vn -0.6236 -0.4049 -0.6687
vn -0.5800 -0.4187 -0.6988
vn -0.8106 -0.4255 -0.4024
vn -0.7797 -0.3715 -0.5040
vn -0.8919 -0.4345 -0.1252
vn -0.9228 -0.3760 -0.0838
vn -0.9069 -0.3987 -0.1359
vn -0.9022 -0.3844 -0.1956
vn -0.9022 -0.3769 -0.2095
vn -0.9295 -0.3540 -0.1035
vn -0.9125 -0.4061 -0.0488
vn -0.9163 -0.3516 -0.1918
vn -0.8699 -0.4145 0.2671
vn -0.8791 -0.3841 0.2822
vn -0.8352 -0.4677 0.2892
vn -0.9020 -0.3001 0.3104
vn -0.5151 -0.3439 0.7851
vn -0.5047 -0.4061 0.7618
vn -0.5254 -0.3756 0.7635
vn -0.4138 -0.4443 0.7946
vn -0.2049 -0.3813 0.9015
vn -0.1608 -0.3389 0.9270
vn -0.1431 -0.4074 0.9020
vn -0.1069 -0.4379 0.8926
vn 0.3755 -0.3311 0.8657
vn 0.3177 -0.3510 0.8808
vn 0.3207 -0.4054 0.8560
vn 0.2711 -0.4924 0.8270
vn 0.5655 -0.3601 0.7420
vn 0.5340 -0.3717 0.7594
vn 0.4927 -0.4596 0.7389
vn 0.5312 -0.4379 0.7254
vn 0.5736 -0.3522 0.7395
vn 0.5117 -0.4009 0.7599
vn 0.5384 -0.4068 0.7380
vn 0.4760 -0.4127 0.7766
vn 0.9116 -0.3986 -0.1001
vn 0.9190 -0.3828 -0.0944
vn 0.8841 -0.4535 -0.1123
vn 0.8849 -0.4331 -0.1711
vn 0.9171 -0.3781 -0.1265
vn 0.9193 -0.3853 -0.0805
vn 0.9332 -0.3347 -0.1309
vn 0.9405 -0.3266 -0.0935
vn -0.9282 -0.3712 -0.0242
vn -0.9270 -0.3749 -0.0091
vn -0.9364 -0.3505 0.0174
vn -0.9360 -0.3431 0.0781
vn -0.9316 -0.3629 0.0222
vn -0.9532 -0.2928 -0.0750
vn -0.5957 -0.3303 0.7321
vn -0.5431 -0.3684 0.7545
vn -0.5979 -0.3483 0.7220
vn -0.5336 -0.3161 0.7844
vn -0.5637 -0.2717 0.7800
vn -0.5998 -0.2912 0.7452
vn -0.0706 -0.3515 0.9335
vn -0.0114 -0.3297 0.9440
vn -0.0877 -0.3037 0.9487
vn -0.0855 -0.3569 0.9302
vn 0.4847 -0.3028 0.8206
vn 0.4805 -0.2997 0.8242
vn 0.4595 -0.3348 0.8227
vn 0.4800 -0.3854 0.7881
vn 0.9494 -0.2984 -0.0976
vn 0.9556 -0.2944 0.0154
vn 0.9501 -0.3105 -0.0293
vn 0.9396 -0.3324 -0.0809
vn 0.9648 -0.2586 -0.0483
vn 0.9512 -0.3071 0.0298
vn 0.8757 -0.3250 -0.3572
vn 0.8967 -0.3184 -0.3074
vn 0.9026 -0.3831 -0.1964
vn 0.9151 -0.3024 -0.2667
vn 0.9216 -0.3054 -0.2397
vn 0.9004 -0.3311 -0.2822
vn 0.8489 -0.3310 -0.4120
vn 0.8971 -0.3308 -0.2929
vn 0.8145 -0.2800 -0.5081
vn 0.7494 -0.3999 -0.5278
vn 0.8219 -0.2750 -0.4988
vn 0.8145 -0.3004 -0.4963
vn -0.0403 -0.3425 -0.9387
vn -0.0328 -0.3944 -0.9183
vn -0.1363 -0.2968 -0.9452
vn -0.0879 -0.2954 -0.9513
vn -0.1157 -0.3284 -0.9374
vn 0.0159 -0.2990 -0.9541
vn -0.2825 -0.4051 -0.8695
vn -0.3342 -0.4622 -0.8214
vn -0.3133 -0.3152 -0.8958
vn -0.3370 -0.3357 -0.8796
vn -0.9646 -0.2394 -0.1108
vn -0.9572 -0.2610 -0.1249
vn -0.9528 -0.2936 -0.0774
vn -0.9421 -0.3029 -0.1437
vn -0.8931 -0.2425 0.3789
vn -0.9178 -0.2391 0.3169
vn -0.9247 -0.2551 0.2825
vn -0.9041 -0.2850 0.3183
vn -0.9261 -0.2157 0.3095
vn -0.9507 -0.2389 0.1977
vn -0.9135 -0.2160 0.3448
vn -0.9384 -0.1808 0.2945
vn -0.6070 -0.3210 0.7269
vn -0.5698 -0.2056 0.7956
vn -0.4878 -0.2813 0.8264
vn -0.5235 -0.3192 0.7900
vn -0.4827 -0.2585 0.8368
vn -0.4197 -0.3595 0.8334
vn -0.5202 -0.2441 0.8184
vn -0.5031 -0.1981 0.8412
vn -0.0279 -0.3237 0.9458
vn -0.1169 -0.3329 0.9357
vn 0.5376 -0.2486 0.8057
vn 0.4690 -0.3019 0.8300
vn 0.4905 -0.3141 0.8129
vn 0.4898 -0.3130 0.8137
vn 0.5957 -0.2896 0.7492
vn 0.9563 -0.2334 0.1763
vn 0.6031 -0.2886 0.7436
vn 0.6561 -0.3164 0.6852
vn 0.7947 -0.2832 0.5369
vn 0.7864 -0.2765 0.5524
vn 0.8136 -0.2484 0.5257
vn 0.8120 -0.2746 0.5150
vn 0.8219 -0.3296 0.4646
vn 0.7797 -0.2054 0.5915
vn 0.9544 -0.0784 0.2881
vn 0.9530 -0.1958 0.2313
vn 0.9197 -0.2615 0.2930
vn 0.9622 -0.1559 0.2235
vn 0.9420 -0.3068 -0.1360
vn 0.9623 -0.2685 0.0441
vn 0.8730 -0.2146 -0.4379
vn 0.8601 -0.2883 -0.4208
vn 0.8668 -0.2548 -0.4286
vn 0.9032 -0.1775 -0.3909
vn 0.8082 -0.2756 -0.5204
vn 0.8207 -0.3322 -0.4648
vn 0.8576 -0.2946 -0.4216
vn 0.8683 -0.2243 -0.4425
vn 0.8557 -0.2053 -0.4750
vn 0.8548 -0.2272 -0.4666
vn 0.8862 -0.2680 -0.3780
vn 0.5367 -0.2309 -0.8116
vn 0.3789 -0.2451 -0.8924
vn 0.4365 -0.2309 -0.8696
vn 0.3715 -0.2455 -0.8954
vn 0.0007 -0.1762 -0.9844
vn -0.0197 -0.3100 -0.9505
vn 0.0338 -0.2257 -0.9736
vn 0.1368 -0.2808 -0.9500
vn -0.4826 -0.2672 -0.8341
vn -0.4760 -0.2970 -0.8278
vn -0.5362 -0.2178 -0.8155
vn -0.4401 -0.2763 -0.8544
vn -0.4756 -0.2716 -0.8367
vn -0.5007 -0.2677 -0.8232
vn -0.7876 -0.2280 -0.5724
vn -0.8326 -0.2337 -0.5021
vn -0.8076 -0.1749 -0.5633
vn -0.7845 -0.2066 -0.5848
vn -0.9500 -0.2737 -0.1501
vn -0.9775 -0.1999 -0.0670
vn -0.9875 -0.1186 -0.1041
vn -0.9599 -0.2593 -0.1068
vn -0.9747 -0.1521 0.1635
vn -0.9517 -0.1408 0.2729
vn -0.9717 -0.1479 0.1843
vn -0.9638 -0.1155 0.2402
vn -0.8513 -0.1623 0.4990
vn -0.8660 -0.1708 0.4700
vn -0.8581 -0.1876 0.4781
vn -0.8104 -0.2591 0.5255
vn -0.8563 -0.1000 0.5067
vn -0.9016 -0.0958 0.4217
vn -0.8408 -0.1897 0.5070
vn -0.9258 -0.1266 0.3563
vn -0.3750 -0.2365 0.8964
vn -0.3993 -0.2180 0.8905
vn -0.3133 -0.2676 0.9112
vn -0.2595 -0.2339 0.9370
vn -0.3247 -0.1872 0.9271
vn -0.3796 -0.1380 0.9148
vn -0.1282 -0.2385 0.9626
vn -0.1423 -0.2472 0.9585
vn -0.1422 -0.2035 0.9687
vn -0.1609 -0.2625 0.9514
vn -0.0875 -0.2648 0.9603
vn -0.1945 -0.2433 0.9503
vn 0.4801 -0.2904 0.8277
vn 0.4376 -0.1789 0.8812
vn 0.4232 -0.2187 0.8793
vn 0.4565 -0.2080 0.8650
vn 0.4598 -0.2308 0.8575
vn 0.4322 -0.1994 0.8794
vn 0.6097 -0.2431 0.7544
vn 0.6280 -0.2516 0.7364
vn 0.6512 -0.2951 0.6992
vn 0.6236 -0.2295 0.7473
vn 0.9415 -0.1834 0.2828
vn 0.9094 -0.1429 0.3906
vn 0.9117 -0.1527 0.3815
vn 0.9221 -0.1433 0.3594
vn 0.9252 -0.1790 0.3347
vn 0.9239 -0.0399 0.3805
vn 0.9277 -0.1228 -0.3526
vn 0.9299 -0.1808 -0.3202
vn 0.9283 -0.1207 -0.3516
vn 0.9493 -0.1092 -0.2949
vn 0.7761 -0.2238 -0.5896
vn 0.7045 -0.2131 -0.6770
vn 0.7917 -0.1942 -0.5792
vn 0.7832 -0.1873 -0.5929
vn 0.7139 -0.2149 -0.6665
vn 0.7920 -0.2034 -0.5757
vn 0.3902 -0.1180 -0.9131
vn 0.2436 -0.1756 -0.9539
vn 0.2934 -0.2125 -0.9321
vn 0.2851 -0.2114 -0.9349
vn 0.1533 -0.1707 -0.9733
vn -0.0785 -0.2210 -0.9721
vn -0.4043 -0.2150 -0.8890
vn -0.4389 -0.2142 -0.8727
vn -0.5432 -0.1887 -0.8182
vn -0.3622 -0.1996 -0.9105
vn -0.7988 -0.1890 -0.5711
vn -0.8494 -0.2599 -0.4593
vn -0.9611 -0.1809 -0.2085
vn -0.9699 -0.1694 -0.1751
vn -0.9893 -0.0999 -0.1061
vn -0.9627 -0.1600 -0.2181
vn -0.9804 -0.1137 -0.1608
vn -0.9865 0.0231 -0.1621
vn -0.9673 -0.1407 0.2109
vn -0.9836 -0.1210 0.1336
vn -0.9384 -0.1040 0.3295
vn -0.8817 -0.0451 0.4697
vn -0.9372 -0.0692 0.3419
vn -0.9221 -0.0920 0.3759
vn -0.8193 -0.0979 0.5649
vn -0.8019 0.0153 0.5973
vn -0.7896 -0.0842 0.6079
vn -0.8023 -0.1006 0.5884
vn -0.0526 -0.2165 0.9749
vn -0.0015 -0.1548 0.9879
vn -0.0148 -0.1014 0.9947
vn -0.0424 -0.0978 0.9943
vn -0.0766 -0.1544 0.9850
vn 0.0742 -0.0760 0.9943
vn 0.0088 -0.1856 0.9826
vn 0.1463 -0.1429 0.9789
vn 0.0536 0.0494 0.9973
vn 0.4774 -0.1508 0.8657
vn 0.3443 -0.1400 0.9284
vn 0.3784 -0.0703 0.9230
vn 0.3634 -0.1292 0.9226
vn 0.6409 -0.1880 0.7443
vn 0.6153 -0.0931 0.7828
vn 0.5931 -0.1552 0.7900
vn 0.6246 -0.1476 0.7669
vn 0.6796 0.0523 0.7317
vn 0.6220 -0.0784 0.7791
vn 0.9667 -0.0925 0.2387
vn 0.9670 -0.1001 0.2344
vn 0.9662 -0.1269 0.2244
vn 0.9872 0.0208 0.1584
vn 0.9762 -0.0372 0.2136
vn 0.9496 -0.0083 0.3134
vn 0.9878 -0.1552 -0.0143
vn 0.9698 -0.2438 -0.0000
vn 0.9797 -0.1302 -0.1527
vn 0.9887 -0.1374 -0.0595
vn 0.9862 -0.1120 -0.1218
vn 0.9962 -0.0754 -0.0443
vn 0.6876 -0.1445 -0.7115
vn 0.7042 -0.1621 -0.6912
vn 0.6194 -0.1812 -0.7638
vn 0.6865 -0.0987 -0.7204
vn 0.5100 -0.1842 -0.8402
vn 0.5296 -0.1024 -0.8420
vn 0.5037 -0.1498 -0.8508
vn 0.4099 -0.1225 -0.9039
vn 0.3157 -0.1265 -0.9404
vn 0.3765 -0.1241 -0.9181
vn 0.3036 -0.1075 -0.9467
vn 0.3725 -0.0694 -0.9254
vn -0.1021 -0.1214 -0.9873
vn -0.1285 -0.1800 -0.9752
vn -0.1603 -0.1780 -0.9709
vn -0.1795 -0.1246 -0.9758
vn -0.5189 -0.1337 -0.8443
vn -0.4867 -0.1468 -0.8612
vn -0.5722 -0.2012 -0.7950
vn -0.6029 -0.1330 -0.7866
vn -0.5689 -0.1385 -0.8107
vn -0.4907 -0.1159 -0.8636
vn -0.7075 -0.1638 -0.6874
vn -0.7149 -0.1843 -0.6745
vn -0.7703 -0.1858 -0.6100
vn -0.7715 -0.1822 -0.6095
vn -0.7574 -0.1631 -0.6323
vn -0.6750 -0.1771 -0.7163
vn -0.9806 0.0046 0.1958
vn -0.9959 -0.0265 0.0863
vn -0.9824 -0.1101 0.1508
vn -0.9946 -0.0592 0.0850
vn -0.9963 0.0533 0.0679
vn -0.9964 -0.0018 0.0851
vn -0.9634 0.0115 0.2678
vn -0.9846 0.1354 0.1106
vn -0.8584 -0.0060 0.5129
vn -0.9339 -0.0365 0.3555
vn -0.4235 -0.0742 0.9028
vn -0.5066 -0.0284 0.8617
vn -0.5060 0.0096 0.8625
vn -0.4314 -0.0374 0.9014
vn 0.1533 -0.0824 0.9847
vn 0.2117 -0.1383 0.9675
vn 0.1682 -0.0725 0.9831
vn 0.1553 -0.0641 0.9858
vn 0.2106 0.0121 0.9775
vn 0.1664 0.0242 0.9858
vn 0.1252 -0.0574 0.9905
vn 0.1144 -0.1105 0.9873
vn 0.3222 0.0036 0.9467
vn 0.7465 -0.0818 0.6604
vn 0.7503 -0.1256 0.6491
vn 0.7097 -0.1092 0.6960
vn 0.7208 0.0501 0.6913
vn 0.8579 -0.0536 0.5110
vn 0.8566 0.0090 0.5160
vn 0.8798 -0.0222 0.4748
vn 0.9317 0.0574 0.3586
vn 0.9672 0.0169 0.2536
vn 0.9495 0.0209 0.3130
vn 0.9340 0.0475 0.3542
vn 0.9294 0.1270 0.3464
vn 0.9993 0.0206 0.0323
vn 0.9977 -0.0671 -0.0133
vn 0.9999 0.0039 0.0122
vn 0.9964 -0.0289 0.0796
vn 0.9979 0.0358 0.0548
vn 0.9954 0.0056 -0.0954
vn 0.9769 -0.0747 -0.2003
vn 0.9506 -0.1218 -0.2854
vn 0.9704 -0.0558 -0.2350
vn 0.9573 0.0055 -0.2891
vn 0.9353 0.0078 -0.3539
vn 0.9867 -0.0205 -0.1615
vn 0.6152 -0.0564 -0.7864
vn 0.5905 -0.0676 -0.8042
vn 0.5584 0.0525 -0.8279
vn 0.6298 -0.0779 -0.7728
vn 0.6598 -0.1002 -0.7447
vn 0.6721 -0.1209 -0.7305
vn 0.2267 -0.0361 -0.9733
vn 0.1676 -0.0557 -0.9843
vn 0.0850 0.0016 -0.9964
vn 0.1781 -0.0292 -0.9836
vn 0.1898 0.0532 -0.9804
vn 0.1999 0.0408 -0.9790
vn -0.3780 -0.0895 -0.9215
vn -0.2177 -0.0993 -0.9709
vn -0.2405 -0.0333 -0.9701
vn -0.2641 -0.0786 -0.9613
vn -0.4389 -0.0276 -0.8981
vn -0.4522 -0.0198 -0.8917
vn -0.4417 0.0251 -0.8968
vn -0.4645 -0.0924 -0.8807
vn -0.7017 -0.0358 -0.7116
vn -0.6117 -0.0730 -0.7877
vn -0.6618 -0.0230 -0.7493
vn -0.6605 -0.0376 -0.7499
vn -0.8359 -0.0340 -0.5479
vn -0.8403 -0.0741 -0.5370
vn -0.8955 -0.1089 -0.4315
vn -0.8827 0.0315 -0.4689
vn -0.8545 0.1266 -0.5037
vn -0.8559 -0.0406 -0.5156
vn -0.9482 0.0314 -0.3161
vn -0.9297 0.0397 -0.3662
vn -0.9174 0.0355 -0.3965
vn -0.9443 -0.0331 -0.3275
vn -0.9779 0.1640 0.1296
vn -0.9902 0.1391 -0.0096
vn -0.9943 0.1063 0.0055
vn -0.9836 0.1453 0.1065
vn -0.9588 0.0956 0.2674
vn -0.9673 0.0665 0.2450
vn -0.9509 0.0508 0.3052
vn -0.9581 0.0349 0.2842
vn -0.9026 0.1284 0.4109
vn -0.9548 0.1559 0.2529
vn 0.0296 0.1239 0.9919
vn 0.1156 0.0519 0.9919
vn 0.0241 0.0659 0.9975
vn 0.1551 0.1656 0.9739
vn 0.1204 0.1354 0.9835
vn 0.0830 0.2449 0.9660
vn 0.2214 0.0401 0.9744
vn 0.3496 -0.0114 0.9368
vn 0.2986 0.0768 0.9513
vn 0.3593 0.0516 0.9318
vn 0.6170 0.0964 0.7810
vn 0.6814 0.0388 0.7309
vn 0.7279 0.0294 0.6850
vn 0.6275 0.1971 0.7533
vn 0.6871 0.0470 0.7250
vn 0.5706 0.2137 0.7929
vn 0.8143 0.0852 0.5742
vn 0.8438 -0.0016 0.5366
vn 0.8717 -0.0030 0.4900
vn 0.8365 0.0757 0.5427
vn 0.8848 0.1046 0.4541
vn 0.8255 0.1581 0.5418
vn 0.9756 0.1781 0.1280
vn 0.9836 0.1794 0.0193
vn 0.9646 0.2239 0.1390
vn 0.9713 0.2043 0.1219
vn 0.9571 0.1466 0.2498
vn 0.9529 0.2308 0.1965
vn 0.9204 0.0581 -0.3867
vn 0.9127 0.0045 -0.4086
vn 0.8964 0.0312 -0.4422
vn 0.8355 0.0241 -0.5490
vn 0.4274 0.0185 -0.9039
vn 0.5259 -0.0296 -0.8500
vn 0.5057 0.0431 -0.8616
vn 0.4191 -0.0288 -0.9075
vn 0.3551 0.0164 -0.9347
vn 0.4671 -0.0130 -0.8841
vn 0.0628 0.0701 -0.9956
vn 0.1400 0.0256 -0.9898
vn 0.0652 0.0884 -0.9940
vn -0.0230 -0.0098 -0.9997
vn -0.0220 0.0793 -0.9966
vn 0.1704 0.0921 -0.9811
vn -0.2330 0.0486 -0.9713
vn -0.2265 -0.0315 -0.9735
vn -0.1814 0.0377 -0.9827
vn -0.2680 0.0190 -0.9632
vn -0.4169 0.0965 -0.9038
vn -0.4549 0.0014 -0.8906
vn -0.5490 0.0431 -0.8347
vn -0.6021 0.0745 -0.7949
vn -0.5789 0.1497 -0.8015
vn -0.6038 0.0406 -0.7961
vn -0.9564 0.0238 -0.2911
vn -0.9140 0.0377 -0.4039
vn -0.9906 0.1209 -0.0640
vn -0.9711 0.1375 -0.1950
vn -0.9615 0.2445 0.1255
vn -0.9457 0.2901 0.1465
vn -0.9581 0.2131 0.1912
vn -0.9632 0.2007 0.1789
vn -0.9076 0.2955 0.2983
vn -0.9158 0.3704 0.1550
vn -0.9199 0.1729 0.3519
vn -0.8819 0.1373 0.4511
vn -0.8709 0.1837 0.4558
vn -0.8709 0.2111 0.4438
vn -0.8839 0.2158 0.4149
vn -0.8666 0.1763 0.4668
vn -0.6557 0.2681 0.7058
vn -0.7473 0.2250 0.6252
vn -0.6302 0.2320 0.7410
vn -0.6051 0.2094 0.7681
vn -0.4650 0.3007 0.8327
vn -0.5591 0.4356 0.7055
vn -0.4162 0.2136 0.8838
vn -0.4271 0.1653 0.8890
vn -0.3736 0.1663 0.9126
vn -0.4446 0.2453 0.8615
vn -0.4093 0.2777 0.8691
vn -0.3362 0.2075 0.9187
vn 0.0421 0.2893 0.9563
vn -0.0005 0.2951 0.9555
vn 0.0701 0.2679 0.9609
vn 0.0155 0.3726 0.9278
vn 0.2587 0.1881 0.9475
vn 0.2041 0.2024 0.9578
vn 0.2458 0.1733 0.9537
vn 0.0999 0.2846 0.9534
vn 0.1249 0.3405 0.9319
vn 0.2552 0.1665 0.9524
vn 0.3740 0.2364 0.8968
vn 0.3343 0.1929 0.9225
vn 0.4200 0.1153 0.9001
vn 0.4155 0.1859 0.8904
vn 0.7765 0.2505 0.5782
vn 0.6412 0.2668 0.7195
vn 0.7121 0.1475 0.6864
vn 0.7697 0.2647 0.5809
vn 0.9011 0.1976 0.3860
vn 0.8819 0.1540 0.4455
vn 0.8525 0.1096 0.5112
vn 0.9003 0.1969 0.3881
vn 0.9134 0.2238 0.3401
vn 0.8628 0.2170 0.4565
vn 0.9847 0.1744 0.0033
vn 0.9255 0.3747 0.0548
vn 0.9506 0.3057 0.0537
vn 0.9638 0.2652 -0.0270
vn 0.9237 0.2009 -0.3263
vn 0.9241 0.0991 -0.3691
vn 0.9452 0.2096 -0.2502
vn 0.9289 0.1895 -0.3182
vn 0.9601 0.1646 -0.2261
vn 0.9295 0.2557 -0.2656
vn 0.8470 0.1181 -0.5183
vn 0.8151 0.1378 -0.5627
vn 0.7801 0.1356 -0.6108
vn 0.7459 0.2661 -0.6106
vn 0.6723 0.1878 -0.7160
vn 0.7139 0.2665 -0.6476
vn 0.7650 0.1853 -0.6168
vn 0.7414 0.2971 -0.6017
vn 0.5439 0.1702 -0.8217
vn 0.5601 0.1192 -0.8198
vn 0.5591 0.1480 -0.8158
vn 0.6280 0.2160 -0.7476
vn 0.5705 0.2824 -0.7712
vn 0.5402 0.2734 -0.7959
vn 0.2125 0.0794 -0.9739
vn 0.3902 0.1423 -0.9096
vn 0.2801 0.1039 -0.9543
vn 0.2971 0.0978 -0.9498
vn -0.0823 0.1742 -0.9813
vn -0.0531 0.3148 -0.9477
vn -0.1326 0.2029 -0.9702
vn -0.1497 0.1938 -0.9695
vn -0.3380 0.1399 -0.9307
vn -0.4366 0.1788 -0.8817
vn -0.2581 0.2097 -0.9431
vn -0.3362 0.1867 -0.9231
vn -0.8279 0.0468 -0.5589
vn -0.8791 0.1269 -0.4594
vn -0.8473 0.1890 -0.4964
vn -0.7804 0.1790 -0.5991
vn -0.7871 0.2588 -0.5599
vn -0.8218 0.2679 -0.5029
vn -0.9237 0.0808 -0.3745
vn -0.8465 0.2660 -0.4612
vn -0.9257 0.1562 -0.3444
vn -0.8824 0.4303 0.1902
vn -0.8794 0.4280 0.2084
vn -0.8654 0.3780 0.3288
vn -0.7543 0.5672 0.3306
vn -0.8071 0.3345 0.4866
vn -0.7787 0.2747 0.5640
vn -0.7698 0.3512 0.5329
vn -0.7284 0.4018 0.5550
vn -0.6930 0.4054 0.5961
vn -0.7397 0.4541 0.4966
vn -0.6034 0.4155 0.6806
vn -0.5801 0.4392 0.6860
vn -0.5566 0.4446 0.7018
vn -0.6914 0.4929 0.5281
vn -0.4558 0.4127 0.7886
vn -0.4685 0.3699 0.8023
vn -0.3818 0.3803 0.8424
vn -0.5526 0.3738 0.7450
vn -0.5100 0.4432 0.7372
vn -0.3894 0.3843 0.8371
vn 0.3602 0.3796 0.8522
vn 0.4566 0.3124 0.8330
vn 0.4009 0.3305 0.8544
vn 0.3513 0.3696 0.8602
vn 0.2839 0.3394 0.8968
vn 0.2737 0.4428 0.8538
vn 0.7899 0.4429 0.4241
vn 0.7227 0.4090 0.5571
vn 0.7958 0.4141 0.4418
vn 0.8032 0.3713 0.4658
vn 0.8529 0.3656 0.3727
vn 0.8756 0.4175 0.2430
vn 0.9095 0.3559 -0.2146
vn 0.9318 0.3493 -0.0983
vn 0.8908 0.4153 -0.1843
vn 0.9052 0.3771 -0.1962
vn 0.8607 0.4360 -0.2630
vn 0.8945 0.4389 -0.0854
vn 0.8793 0.2888 -0.3786
vn 0.8991 0.2372 -0.3680
vn 0.8210 0.2712 -0.5024
vn 0.8208 0.2103 -0.5311
vn 0.8694 0.3781 -0.3180
vn 0.8778 0.3660 -0.3092
vn 0.6047 0.2796 -0.7458
vn 0.7192 0.2514 -0.6477
vn 0.5491 0.3098 -0.7762
vn 0.6150 0.3338 -0.7144
vn 0.6570 0.4036 -0.6368
vn 0.6345 0.2560 -0.7293
vn 0.3695 0.2880 -0.8835
vn 0.3796 0.3134 -0.8704
vn 0.4062 0.3025 -0.8623
vn 0.3733 0.3330 -0.8659
vn 0.2931 0.3696 -0.8818
vn 0.3773 0.3959 -0.8372
vn 0.0717 0.2561 -0.9640
vn 0.2315 0.3154 -0.9203
vn 0.1511 0.2845 -0.9467
vn 0.1281 0.2711 -0.9540
vn -0.3660 0.2476 -0.8971
vn -0.4926 0.2102 -0.8445
vn -0.5239 0.2669 -0.8089
vn -0.4474 0.2860 -0.8474
vn -0.4886 0.3419 -0.8027
vn -0.3126 0.3826 -0.8694
vn -0.4955 0.2835 -0.8211
vn -0.5305 0.2924 -0.7957
vn -0.6263 0.3319 -0.7054
vn -0.8204 0.3926 -0.4157
vn -0.7638 0.3805 -0.5214
vn -0.7628 0.3165 -0.5639
vn -0.8008 0.3779 -0.4646
vn -0.7250 0.4322 -0.5364
vn -0.7565 0.3764 -0.5349
vn -0.7427 0.3672 -0.5599
vn -0.7039 0.2769 -0.6541
vn -0.6651 0.4913 -0.5624
vn -0.9401 0.2810 -0.1928
vn -0.8632 0.3667 -0.3469
vn -0.8711 0.3867 -0.3028
vn -0.8952 0.2960 -0.3333
vn -0.7828 0.4968 0.3747
vn -0.7233 0.5146 0.4605
vn -0.6897 0.5280 0.4955
vn -0.7736 0.5180 0.3650
vn -0.7074 0.6114 0.3547
vn -0.7047 0.5792 0.4099
vn -0.5478 0.7493 0.3721
vn -0.6934 0.6022 0.3956
vn -0.6898 0.5073 0.5165
vn -0.6023 0.4482 0.6606
vn -0.2948 0.6034 0.7410
vn -0.2798 0.5456 0.7899
vn -0.2923 0.6570 0.6949
vn -0.3270 0.5911 0.7374
vn -0.1078 0.5218 0.8462
vn -0.1470 0.4826 0.8634
vn -0.2020 0.3166 0.9268
vn -0.0768 0.4648 0.8821
vn -0.0728 0.4614 0.8842
vn -0.0953 0.5141 0.8524
vn 0.0004 0.6802 0.7330
vn -0.0987 0.5637 0.8201
vn -0.2104 0.5496 0.8085
vn 0.4787 0.4963 0.7243
vn 0.4281 0.5239 0.7363
vn 0.4356 0.5179 0.7362
vn 0.4875 0.5161 0.7043
vn 0.6926 0.5494 0.4675
vn 0.6841 0.5561 0.4720
vn 0.6398 0.6050 0.4739
vn 0.7062 0.4971 0.5042
vn 0.7865 0.5758 0.2235
vn 0.8097 0.5815 0.0787
vn 0.7184 0.6435 0.2643
vn 0.7952 0.5356 0.2844
vn 0.8772 0.4724 0.0852
vn 0.8806 0.4599 0.1142
vn 0.8979 0.4346 0.0706
vn 0.9027 0.4264 0.0584
vn 0.8265 0.5516 -0.1128
vn 0.8463 0.5049 0.1700
vn 0.7530 0.5362 -0.3816
vn 0.8288 0.4896 -0.2710
vn 0.7612 0.5092 -0.4016
vn 0.7883 0.4998 -0.3589
vn 0.7322 0.6240 -0.2730
vn 0.7440 0.5930 -0.3080
vn 0.7341 0.3894 -0.5563
vn 0.6042 0.5331 -0.5923
vn 0.7262 0.5308 -0.4369
vn 0.7050 0.4821 -0.5202
vn 0.2868 0.5003 -0.8170
vn 0.1793 0.4561 -0.8717
vn 0.2067 0.4687 -0.8588
vn 0.3448 0.4051 -0.8468
vn 0.1665 0.4466 -0.8791
vn 0.0999 0.4244 -0.9000
vn 0.1870 0.4237 -0.8863
vn 0.2053 0.4858 -0.8496
vn 0.2558 0.5184 -0.8159
vn 0.0224 0.4287 -0.9032
vn 0.0131 0.4943 -0.8692
vn -0.0197 0.4108 -0.9115
vn -0.0951 0.3920 -0.9150
vn -0.0318 0.6389 -0.7686
vn -0.1382 0.5743 -0.8069
vn -0.1469 0.5451 -0.8254
vn -0.0937 0.5832 -0.8069
vn -0.5424 0.4424 -0.7142
vn -0.4388 0.4136 -0.7977
vn -0.5933 0.3920 -0.7030
vn -0.5838 0.4341 -0.6860
vn -0.6214 0.5291 -0.5778
vn -0.5380 0.5351 -0.6514
vn -0.8331 0.4762 -0.2813
vn -0.7994 0.4842 -0.3556
vn -0.7335 0.5577 -0.3885
vn -0.7139 0.5827 -0.3884
vn -0.8645 0.4587 -0.2054
vn -0.8899 0.4361 -0.1338
vn -0.8634 0.4904 -0.1184
vn -0.8320 0.4949 -0.2508
vn -0.8785 0.4767 -0.0301
vn -0.9040 0.4103 -0.1203
vn -0.8887 0.4536 -0.0673
vn -0.8425 0.5176 -0.1491
vn -0.0632 0.7276 0.6831
vn -0.2314 0.6805 0.6952
vn -0.1654 0.6683 0.7252
vn -0.1500 0.6490 0.7459
vn -0.1584 0.7002 0.6962
vn -0.2033 0.7156 0.6683
vn 0.0296 0.6309 0.7753
vn 0.0159 0.5931 0.8050
vn 0.0130 0.6817 0.7315
vn 0.0855 0.5382 0.8384
vn 0.0031 0.6482 0.7615
vn -0.0265 0.6564 0.7539
vn -0.0604 0.6543 0.7538
vn -0.0440 0.6808 0.7311
vn 0.6336 0.6153 0.4690
vn 0.6265 0.6182 0.4746
vn 0.6771 0.6220 0.3933
vn 0.5644 0.6743 0.4761
vn 0.6833 0.6959 0.2210
vn 0.6462 0.7004 0.3031
vn 0.5220 0.7486 0.4088
vn 0.6344 0.6048 0.4814
vn 0.7130 0.6978 0.0683
vn 0.7347 0.6619 0.1489
vn 0.7429 0.6510 0.1559
vn 0.7632 0.6341 0.1245
vn 0.6915 0.6957 0.1944
vn 0.6864 0.7039 0.1826
vn 0.7543 0.6420 -0.1374
vn 0.8053 0.5882 -0.0745
vn 0.8652 0.5014 0.0084
vn 0.7950 0.5986 -0.0985
vn 0.7087 0.7054 -0.0083
vn 0.7379 0.6741 -0.0338
vn 0.7382 0.5825 -0.3403
vn 0.6835 0.6249 -0.3774
vn 0.6373 0.6742 -0.3733
vn 0.6771 0.6965 -0.2375
vn 0.1353 0.6676 -0.7322
vn 0.2481 0.6566 -0.7122
vn 0.1085 0.5907 -0.7995
vn 0.0954 0.7109 -0.6968
vn 0.1034 0.6617 -0.7426
vn 0.1991 0.7144 -0.6709
vn -0.3738 0.6688 -0.6427
vn -0.3457 0.6617 -0.6653
vn -0.4095 0.5259 -0.7455
vn -0.4486 0.6039 -0.6588
vn -0.4414 0.6347 -0.6343
vn -0.4995 0.6523 -0.5702
vn -0.3715 0.6978 -0.6124
vn -0.3360 0.7280 -0.5976
vn -0.2755 0.7087 -0.6495
vn -0.5988 0.5559 -0.5766
vn -0.6975 0.4542 -0.5543
vn -0.6332 0.5639 -0.5301
vn -0.6294 0.6313 -0.4531
vn -0.6134 0.6854 -0.3923
vn -0.5027 0.6760 -0.5388
vn -0.5656 0.7020 -0.4327
vn -0.4494 0.8139 -0.3682
vn -0.6844 0.6029 -0.4100
vn -0.7991 0.5634 -0.2097
vn -0.4586 0.7722 0.4398
vn -0.5309 0.7394 0.4141
vn -0.4570 0.7854 0.4175
vn -0.3873 0.8445 0.3699
vn -0.1556 0.7533 0.6390
vn -0.1465 0.7834 0.6040
vn -0.0600 0.7719 0.6329
vn -0.0907 0.8429 0.5304
vn 0.1392 0.7956 0.5896
vn 0.0245 0.8176 0.5753
vn 0.1637 0.8200 0.5484
vn 0.1326 0.7707 0.6232
vn 0.2863 0.8633 0.4156
vn 0.3069 0.8357 0.4554
vn 0.2854 0.8005 0.5270
vn 0.3735 0.8178 0.4378
vn 0.6887 0.7249 -0.0115
vn 0.6308 0.7552 0.1781
vn 0.5985 0.7566 -0.2634
vn 0.5668 0.7691 -0.2954
vn 0.5093 0.8184 -0.2662
vn 0.5266 0.8075 -0.2659
vn 0.3837 0.8549 -0.3492
vn 0.5255 0.7730 -0.3553
vn 0.4018 0.8567 -0.3235
vn 0.4831 0.8442 -0.2324
vn 0.4116 0.8207 -0.3963
vn 0.3632 0.7916 -0.4915
vn 0.3461 0.7683 -0.5384
vn 0.3512 0.8168 -0.4577
vn 0.2834 0.7320 -0.6196
vn 0.2153 0.6500 -0.7288
vn 0.2246 0.6513 -0.7249
vn 0.2001 0.7781 -0.5954
vn 0.2466 0.7222 -0.6462
vn 0.3219 0.7834 -0.5317
vn 0.3314 0.7920 -0.5128
vn 0.1414 0.7919 -0.5940
vn -0.0543 0.7573 -0.6508
vn 0.1074 0.6894 -0.7164
vn -0.0686 0.7980 -0.5987
vn -0.0839 0.7872 -0.6109
vn -0.3216 0.7658 -0.5568
vn -0.3168 0.7760 -0.5454
vn -0.3457 0.8022 -0.4867
vn -0.3961 0.7918 -0.4649
vn -0.2915 0.8072 -0.5133
vn -0.2373 0.8378 -0.4918
vn -0.6431 0.7538 -0.1351
vn -0.5942 0.7873 -0.1643
vn -0.6844 0.7252 -0.0752
vn -0.5624 0.8160 -0.1334
vn -0.3339 0.9392 0.0798
vn -0.3731 0.9209 0.1127
vn -0.4368 0.8985 0.0445
vn -0.3802 0.9204 0.0909
vn -0.3617 0.9259 0.1087
vn -0.3313 0.9377 0.1048
vn 0.1237 0.8764 0.4655
vn 0.1059 0.8673 0.4864
vn 0.0812 0.9166 0.3914
vn 0.0194 0.8881 0.4592
vn 0.4064 0.8854 0.2255
vn 0.3684 0.9176 0.1496
vn 0.3609 0.8962 0.2582
vn 0.3479 0.9022 0.2549
vn 0.3299 0.9066 0.2631
vn 0.3734 0.8731 0.3134
vn 0.3249 0.8913 0.3163
vn 0.4001 0.8709 0.2855
vn 0.3604 0.8671 0.3439
vn 0.3161 0.9091 0.2712
vn -0.0602 0.9078 -0.4152
vn -0.0534 0.9028 -0.4268
vn -0.0449 0.9296 -0.3659
vn -0.0271 0.9290 -0.3690
vn -0.0085 0.9321 -0.3620
vn 0.0336 0.9130 -0.4066
vn -0.1226 0.9257 -0.3578
vn -0.1183 0.9285 -0.3519
vn -0.3350 0.9388 0.0803
vn -0.3391 0.9344 0.1087
vn -0.3122 0.9441 0.1055
vn -0.3151 0.9447 0.0910
vn -0.3144 0.9465 0.0726
vn -0.3854 0.9181 0.0924
vn -0.2808 0.9557 0.0881
vn -0.2837 0.9559 0.0763
vn -0.2778 0.9553 0.1011
vn -0.2562 0.9617 0.0978
vn -0.2597 0.9618 0.0867
vn -0.2886 0.9554 0.0627
vn -0.2936 0.9547 0.0489
vn -0.3192 0.9468 0.0411
vn -0.3251 0.9442 0.0536
vn -0.3358 0.9337 0.1242
vn -0.3632 0.9220 0.1342
vn -0.3589 0.9188 0.1643
vn -0.3174 0.9343 0.1624
vn -0.3103 0.9384 0.1522
vn -0.3075 0.9440 0.1197
vn -0.2292 0.9674 0.1075
vn -0.2556 0.9457 0.2006
vn -0.2549 0.9592 0.1225
vn -0.2753 0.9530 0.1262
vn -0.2748 0.9547 0.1140
vn -0.2532 0.9611 0.1104
vn -0.2285 0.9455 0.2318
vn -0.2974 0.9409 0.1620
vn -0.2335 0.9469 0.2212
vn -0.2169 0.9503 0.2232
vn -0.2347 0.9312 0.2790
vn -0.1873 0.9163 0.3540
vn -0.2032 0.9197 0.3359
vn -0.2041 0.9261 0.3173
vn -0.1869 0.9360 0.2983
vn -0.1919 0.9379 0.2890
vn -0.1800 0.9459 0.2701
vn -0.1858 0.9466 0.2636
vn -0.1801 0.9397 0.2907
vn -0.1694 0.9453 0.2788
vn -0.1916 0.9256 0.3263
vn -0.1957 0.9112 0.3626
vn -0.1674 0.9110 0.3769
vn -0.1638 0.9219 0.3511
vn -0.1395 0.9327 0.3325
vn -0.1756 0.9355 0.3065
vn -0.1569 0.9449 0.2872
vn -0.1407 0.9422 0.3042
vn 0.0475 0.9293 0.3663
vn 0.0307 0.9202 0.3903
vn 0.0219 0.9281 0.3717
vn 0.0170 0.9378 0.3469
vn 0.0005 0.9385 0.3453
vn 0.0227 0.9357 0.3521
vn 0.0456 0.9125 0.4066
vn 0.0189 0.9149 0.4032
vn 0.0744 0.9373 0.3404
vn 0.0358 0.9277 0.3715
vn 0.0382 0.9359 0.3501
vn 0.0477 0.9381 0.3429
vn 0.1817 0.9273 0.3273
vn 0.2427 0.9045 0.3505
vn 0.2329 0.9293 0.2865
vn 0.2206 0.9335 0.2828
vn 0.2468 0.9350 0.2548
vn 0.2364 0.9347 0.2656
vn 0.2532 0.9229 0.2901
vn 0.2594 0.9208 0.2912
vn 0.2771 0.9256 0.2580
vn 0.2554 0.9356 0.2438
vn 0.2267 0.9344 0.2747
vn 0.2309 0.9280 0.2924
vn 0.3019 0.9162 0.2635
vn 0.2540 0.9208 0.2962
vn 0.2955 0.9260 0.2350
vn 0.3119 0.9162 0.2514
vn 0.2905 0.9270 0.2375
vn 0.2816 0.9268 0.2483
vn 0.3210 0.9165 0.2389
vn 0.3182 0.9178 0.2377
vn 0.3643 0.9077 0.2083
vn 0.2996 0.9269 0.2260
vn 0.2785 0.9350 0.2197
vn 0.2692 0.9358 0.2274
vn 0.2477 0.9484 0.1979
vn 0.2630 0.9359 0.2346
vn 0.3477 0.9366 0.0437
vn 0.3957 0.9172 0.0470
vn 0.3810 0.9225 0.0619
vn 0.4224 0.9036 0.0713
vn 0.3906 0.9201 0.0310
vn 0.4354 0.8976 0.0698
vn 0.4259 0.9046 0.0166
vn 0.4129 0.9106 0.0159
vn 0.3888 0.9210 0.0232
vn 0.3085 0.9299 -0.2003
vn 0.3554 0.9226 -0.1499
vn 0.3273 0.9318 -0.1571
vn 0.2997 0.9305 -0.2107
vn 0.2997 0.9283 -0.2202
vn 0.2842 0.9361 -0.2073
vn 0.2929 0.9355 -0.1978
vn 0.2926 0.9358 -0.1967
vn 0.2570 0.9451 -0.2019
vn 0.2713 0.9346 -0.2299
vn 0.0747 0.9414 -0.3288
vn -0.0405 0.9279 -0.3706
vn -0.0074 0.9391 -0.3436
vn -0.0061 0.9445 -0.3284
vn 0.0017 0.9476 -0.3194
vn -0.0240 0.9395 -0.3418
vn -0.0405 0.9399 -0.3390
vn -0.0411 0.9454 -0.3232
vn -0.0221 0.9446 -0.3274
vn -0.1023 0.9333 -0.3443
vn -0.0587 0.9448 -0.3223
vn -0.2631 0.9414 -0.2109
vn -0.2636 0.9458 -0.1895
vn -0.2454 0.9525 -0.1803
vn -0.2355 0.9526 -0.1926
vn -0.2140 0.9547 -0.2066
vn -0.2547 0.9351 -0.2464
vn -0.2234 0.9579 -0.1804
vn -0.2153 0.9581 -0.1891
vn -0.2300 0.9578 -0.1723
vn -0.2548 0.9577 -0.1335
vn -0.2579 0.9509 -0.1711
vn -0.2845 0.9586 -0.0084
vn -0.3919 0.9199 0.0111
vn -0.4453 0.8951 -0.0229
vn -0.3322 0.9432 0.0027
vn -0.3201 0.9472 0.0176
vn -0.3730 0.9278 0.0059
vn -0.3651 0.9309 -0.0077
vn -0.3192 0.9469 0.0372
vn -0.2967 0.9543 0.0355
vn -0.2999 0.9538 0.0204
vn -0.2852 0.9584 -0.0146
vn 0.1350 0.9689 -0.2074
vn 0.1598 0.9585 -0.2359
vn 0.1313 0.9774 -0.1657
vn 0.1203 0.9860 -0.1155
vn -0.0173 0.9572 -0.2888
vn -0.0447 0.9655 -0.2565
vn -0.0520 0.9813 -0.1855
vn -0.0021 0.9933 -0.1154
vn 0.3797 -0.5969 -0.7067
vn 0.3098 -0.5439 -0.7799
vn -0.2338 -0.9445 -0.2308
vn -0.2287 -0.9461 -0.2292
vn -0.2348 -0.9453 -0.2263
vn -0.2864 -0.9284 -0.2366
vn 0.8857 -0.3974 -0.2400
vn 0.8615 -0.3940 -0.3202
vn -0.3334 -0.9420 0.0376
vn -0.9911 0.1276 0.0366
vn -0.9954 0.0871 0.0400
vn 0.1559 -0.9776 0.1412
vn 0.1635 -0.9763 0.1416
vn 0.1541 -0.9761 0.1532
vn -0.9993 0.0010 -0.0371
vn -0.6741 0.1116 0.7302
vn -0.7004 0.1897 0.6880
vn -0.7231 0.1576 0.6726
vn -0.6890 0.1252 0.7138
vn -0.9880 -0.1184 -0.0997
vn -0.9871 -0.1166 0.1098
vn -0.9928 -0.1064 0.0550
vn -0.9705 -0.2344 0.0568
vn -0.9928 -0.1063 0.0558
vn -0.9857 0.1280 0.1096
vn -0.9815 0.1288 0.1419
vn -0.9657 0.2432 0.0905
vn -0.6474 -0.2016 -0.7350
vn -0.6485 -0.2244 -0.7274
vn -0.9695 0.0204 0.2442
vn -0.9662 -0.0069 0.2579
vn -0.9465 0.0337 0.3209
vn -0.0427 -0.9975 0.0563
vn -0.0410 -0.9982 0.0428
vn 0.0768 -0.9954 0.0565
vn 0.0226 -0.9975 0.0664
vn -0.9945 -0.0043 -0.1046
vn -0.9909 -0.0363 -0.1294
vn -0.9837 0.1367 -0.1169
vn -0.9931 0.0615 -0.1000
vn -0.9986 0.0141 -0.0500
vn -0.9964 -0.0594 -0.0608
vn -0.9993 -0.0243 0.0298
vn -0.9977 0.0011 -0.0682
vn -0.9977 -0.0679 0.0063
vn -0.9975 0.0533 -0.0457
vn -0.9975 -0.0381 0.0598
vn -0.9602 -0.2403 -0.1421
vn -0.9969 -0.0772 -0.0174
vn -0.9835 -0.1705 -0.0601
vn -0.9927 -0.1098 0.0489
vn -0.9850 -0.1543 -0.0778
vn -0.9969 0.0159 -0.0766
vn -0.9790 -0.0693 -0.1915
vn -0.9913 -0.1090 0.0736
vn -0.9804 -0.1851 0.0671
vn -0.9745 -0.1860 0.1259
vn -0.9748 -0.2194 -0.0403
vn -0.9822 -0.1799 -0.0537
vn -0.9817 -0.1844 -0.0479
vn -0.9643 -0.2611 -0.0435
vn -0.9827 -0.1822 0.0320
vn -0.9229 -0.1355 0.3605
vn -0.9403 -0.1312 0.3142
vn -0.8851 -0.2891 0.3647
vn -0.9313 -0.1355 0.3380
vn -0.9321 -0.0261 0.3614
vn -0.9301 -0.1354 0.3413
vn 0.7421 -0.5459 0.3889
vn 0.7139 -0.5692 0.4079
vn 0.7540 -0.5112 0.4125
vn 0.6999 -0.6033 0.3823
vn -0.9521 0.2240 0.2080
vn -0.9390 0.2234 0.2616
vn -0.9346 0.2639 0.2384
vn -0.9457 0.2480 0.2099
vn -0.9920 0.0949 -0.0833
vn 0.5093 0.8484 -0.1445
vn 0.4374 0.8760 -0.2033
vn 0.3858 0.8637 -0.3242
vn -0.9813 0.1758 -0.0782
vn -0.9667 0.2443 -0.0758
vn -0.9787 0.1850 -0.0885
vn -0.3178 -0.2923 0.9020
vn -0.2994 -0.3588 0.8841
vn -0.1787 -0.3890 0.9038
vn -0.9651 0.0875 -0.2470
vn -0.9798 0.1420 -0.1410
vn -0.9815 0.1708 -0.0861
vn 0.3692 0.8067 0.4614
vn 0.4414 0.7903 0.4250
vn 0.3855 0.8265 0.4103
vn 0.3821 0.8244 0.4176
vn -0.9335 -0.0848 -0.3483
vn -0.9738 0.1078 -0.2002
vn -0.9526 0.0395 -0.3018
vn -0.2265 0.9584 -0.1738
vn -0.2289 0.9560 -0.1836
vn -0.9728 0.1564 -0.1706
vn -0.9822 -0.1821 -0.0469
vn -0.9813 -0.1752 -0.0799
vn -0.9723 -0.2114 -0.1000
vn -0.9729 -0.2206 -0.0686
vn -0.9746 -0.1770 -0.1372
vn -0.9727 -0.1756 0.1517
vn -0.9426 -0.2872 0.1700
vn -0.2113 0.0360 0.9768
vn -0.9699 -0.2407 0.0359
vn -0.9633 -0.2680 0.0129
vn -0.9423 -0.3266 0.0735
vn -0.9723 -0.2337 -0.0033
vn -0.9360 -0.2022 0.2880
vn -0.9559 -0.1305 0.2631
vn -0.9468 -0.1655 0.2759
vn -0.9309 -0.2040 0.3029
vn -0.8327 0.0420 0.5521
vn -0.9787 -0.0010 0.2052
vn -0.9734 -0.0203 0.2284
vn -0.9514 -0.0472 0.3043
vn -0.9168 -0.2330 0.3242
vn 0.8540 0.3497 0.3852
vn 0.8815 0.3230 0.3445
vn 0.8394 0.3494 0.4163
vn -0.8147 0.2168 0.5379
vn -0.8987 0.1035 0.4262
vn -0.9182 0.0650 0.3907
vn -0.8924 0.0804 0.4441
vn -0.8523 -0.0002 0.5230
vn -0.8527 0.0647 0.5184
vn -0.8453 0.0815 0.5280
vn -0.9235 0.2033 0.3253
vn -0.8851 0.3135 0.3439
vn -0.9295 0.2544 0.2671
vn -0.9025 0.2713 0.3344
vn -0.9284 0.2934 0.2280
vn -0.1664 -0.8970 0.4096
vn -0.1659 -0.8974 0.4089
vn -0.1665 -0.8960 0.4116
vn -0.9778 0.1558 -0.1403
vn 0.2458 -0.9693 -0.0095
vn 0.1918 -0.9813 0.0143
vn 0.6160 -0.5246 0.5877
vn 0.6440 -0.5625 0.5185
vn 0.6564 -0.6110 0.4426
vn 0.6533 -0.5419 0.5287
vn -0.1220 -0.9768 -0.1760
vn -0.1217 -0.9769 -0.1758
vn -0.1196 -0.9788 -0.1663
vn -0.9324 0.2209 -0.2862
vn -0.9391 0.2676 -0.2156
vn -0.9194 0.1763 -0.3516
vn -0.9104 0.2008 -0.3617
vn 0.5590 0.6353 -0.5328
vn 0.3999 0.5687 -0.7188
vn 0.4542 0.5533 -0.6983
vn 0.5882 0.6158 -0.5243
vn -0.9502 -0.1046 -0.2937
vn -0.9333 -0.0385 -0.3571
vn -0.9777 -0.1260 -0.1678
vn -0.9716 -0.0937 -0.2174
vn -0.9521 -0.1905 -0.2391
vn -0.9732 -0.0932 -0.2100
vn -0.9629 -0.1917 -0.1899
vn -0.0928 0.0900 0.9916
vn -0.2058 0.1834 0.9612
vn -0.2120 0.1383 0.9674
vn -0.1344 0.1803 0.9744
vn -0.9489 -0.2703 -0.1630
vn -0.9605 -0.2773 0.0217
vn -0.9585 0.2359 -0.1600
vn -0.9426 0.2727 -0.1929
vn -0.9216 0.3248 -0.2125
vn -0.9434 0.2573 -0.2091
vn -0.9590 -0.2700 0.0860
vn -0.9731 -0.1455 0.1786
vn -0.9480 -0.2471 0.2009
vn -0.9650 -0.2086 0.1590
vn 0.2413 -0.7747 -0.5845
vn 0.2537 -0.7580 -0.6009
vn 0.2853 -0.7339 -0.6165
vn 0.2684 -0.7617 -0.5897
vn -0.6733 0.0650 0.7365
vn -0.6611 0.0225 0.7500
vn -0.6573 0.0043 0.7536
vn -0.5768 -0.0165 0.8167
vn -0.8313 -0.2393 0.5016
vn -0.8683 -0.2516 0.4275
vn -0.8718 -0.3359 0.3566
vn -0.8679 -0.2516 0.4282
vn -0.8934 -0.3199 0.3154
vn -0.9096 -0.1939 0.3674
vn -0.8727 -0.3334 0.3566
vn -0.8834 -0.2589 0.3907
vn -0.8412 -0.2460 0.4815
vn -0.8708 -0.2555 0.4200
vn -0.8379 -0.3312 0.4339
vn -0.8326 0.1874 0.5212
vn 0.1393 -0.9899 -0.0265
vn 0.1776 -0.9839 0.0174
vn 0.1136 -0.9914 0.0654
vn 0.0994 -0.9950 -0.0073
vn -0.9044 0.2893 0.3136
vn -0.8209 0.3140 0.4770
vn -0.8468 0.3418 0.4075
vn -0.4707 -0.2144 0.8558
vn -0.4644 -0.3396 0.8179
vn -0.4225 -0.2869 0.8597
vn -0.4370 -0.2693 0.8582
vn -0.5641 0.0421 -0.8247
vn -0.4949 0.0225 -0.8686
vn -0.4688 -0.0440 -0.8822
vn -0.6174 0.0207 -0.7864
vn 0.1363 -0.7306 -0.6691
vn 0.1286 -0.6943 -0.7081
vn 0.1922 -0.6836 -0.7041
vn 0.2118 -0.7280 -0.6520
vn -0.9016 0.2996 0.3122
vn -0.8961 0.3502 0.2727
vn -0.9185 0.2591 0.2988
vn -0.2134 -0.3149 -0.9248
vn -0.1166 -0.4054 -0.9067
vn -0.2353 -0.3229 -0.9167
vn -0.9125 0.3330 0.2376
vn -0.8666 0.4834 0.1238
vn -0.9260 0.3586 0.1178
vn -0.8214 0.4235 0.3821
vn -0.9528 0.3029 -0.0217
vn -0.9169 0.3822 0.1148
vn -0.9717 0.2356 -0.0182
vn -0.9528 0.3025 0.0240
vn -0.9485 0.3153 -0.0323
vn -0.1196 -0.9908 0.0636
vn -0.2197 0.9709 0.0951
vn -0.2395 0.9613 0.1365
vn -0.2411 0.9599 0.1432
vn -0.2376 0.9616 0.1371
vn -0.9140 0.3303 -0.2354
vn -0.9340 0.3429 -0.1006
vn -0.0875 0.8581 -0.5060
vn -0.1888 0.7343 -0.6520
vn -0.8331 -0.1112 -0.5418
vn 0.0067 -0.9920 -0.1264
vn 0.0403 -0.9896 -0.1383
vn 0.0348 -0.9936 -0.1079
vn -0.3344 -0.1189 0.9349
vn -0.2908 -0.1089 0.9506
vn -0.8324 0.1967 -0.5181
vn -0.9104 0.2837 -0.3012
vn -0.0750 -0.9970 0.0209
vn -0.0701 -0.9973 0.0229
vn -0.0754 -0.9969 0.0217
vn -0.9113 -0.1257 -0.3921
vn -0.8657 -0.1504 -0.4774
vn -0.9263 -0.1648 -0.3388
vn -0.9169 -0.1599 -0.3657
vn -0.8927 -0.1976 -0.4050
vn -0.9239 -0.1623 -0.3464
vn -0.8648 -0.2379 -0.4422
vn -0.9075 -0.2226 -0.3561
vn -0.9523 -0.0535 -0.3004
vn -0.9287 -0.1681 -0.3306
vn -0.9166 -0.2264 -0.3294
vn -0.9351 -0.1631 -0.3148
vn -0.9307 -0.2185 -0.2934
vn -0.9635 -0.1418 -0.2273
vn -0.9393 -0.1601 -0.3036
vn -0.9397 -0.2079 -0.2717
vn 0.5101 0.6673 -0.5427
vn -0.9377 -0.2938 -0.1854
vn -0.9357 -0.2580 -0.2405
vn -0.9384 -0.2626 -0.2244
vn -0.9337 -0.2813 -0.2217
vn -0.9476 -0.2236 -0.2283
vn -0.9553 -0.2833 -0.0847
vn -0.9366 -0.3367 0.0975
vn -0.9178 -0.2990 0.2614
vn -0.9153 -0.3713 0.1558
vn -0.9104 -0.3420 0.2329
vn 0.2028 -0.9522 0.2283
vn 0.1954 -0.9556 0.2208
vn 0.2019 -0.9517 0.2313
vn -0.9194 -0.3676 0.1400
vn -0.9256 -0.3585 0.1213
vn 0.1898 -0.9671 0.1696
vn -0.9325 -0.2727 0.2370
vn -0.9026 -0.3139 0.2946
vn -0.9085 -0.3199 0.2688
vn -0.8953 -0.3634 0.2577
vn -0.9070 -0.3187 0.2752
vn -0.8886 -0.3325 0.3159
vn -0.1139 -0.9903 0.0794
vn -0.9341 -0.3094 -0.1781
vn -0.9450 0.3268 -0.0138
vn -0.7309 -0.0988 0.6753
vn -0.9985 -0.0419 -0.0347
vn -0.8743 -0.2447 0.4192
vn -0.8755 -0.3109 0.3700
vn -0.9029 -0.2945 0.3130
vn -0.8063 -0.3697 0.4618
vn -0.7474 -0.4836 0.4555
vn -0.7907 -0.3556 0.4983
vn -0.7211 -0.3379 0.6048
vn -0.7267 -0.3074 0.6143
vn -0.7984 -0.3709 0.4743
vn -0.7913 -0.2090 0.5746
vn -0.8891 -0.1918 0.4155
vn -0.8305 -0.3301 0.4488
vn -0.8494 -0.2581 0.4604
vn -0.8437 -0.1742 0.5078
vn -0.8445 -0.2555 0.4706
vn -0.8120 -0.3214 0.4873
vn -0.8305 -0.2204 0.5115
vn -0.8992 -0.2109 0.3833
vn -0.8877 -0.3204 0.3307
vn -0.8656 -0.3759 0.3309
vn -0.8829 -0.3107 0.3521
vn -0.8878 -0.3541 0.2938
vn -0.8554 -0.3594 0.3729
vn -0.1383 -0.2003 0.9699
vn -0.0297 -0.2700 0.9624
vn -0.7343 0.1779 0.6551
vn -0.7694 0.2378 0.5929
vn -0.0351 -0.9993 0.0156
vn -0.7323 0.3393 0.5904
vn -0.6942 0.3263 0.6415
vn -0.6968 0.3371 0.6331
vn -0.6794 0.4488 0.5805
vn -0.1310 -0.9226 0.3628
vn -0.1274 -0.9115 0.3910
vn -0.1399 -0.9117 0.3863
vn -0.7637 0.0242 0.6451
vn -0.7348 0.0881 0.6725
vn 0.8419 -0.4861 0.2343
vn 0.7500 -0.5992 0.2802
vn 0.7813 -0.5649 0.2653
vn 0.7726 -0.5466 0.3232
vn -0.0372 -0.9978 0.0547
vn -0.8435 0.3974 0.3613
vn -0.8284 0.3891 0.4030
vn -0.8011 0.5338 0.2707
vn -0.7963 0.5286 0.2942
vn -0.7557 0.5631 0.3346
vn -0.8626 0.4704 0.1860
vn -0.8438 0.5175 0.1424
vn -0.9174 0.3941 0.0550
vn -0.8913 0.4367 0.1221
vn -0.0904 -0.0965 0.9912
vn -0.1398 -0.1280 0.9819
vn -0.1354 -0.1278 0.9825
vn 0.7149 -0.4803 0.5081
vn 0.7399 -0.4320 0.5157
vn 0.6824 -0.5031 0.5302
vn 0.7282 -0.4760 0.4931
vn -0.9124 0.4005 -0.0845
vn -0.9188 0.3850 -0.0870
vn -0.9339 0.2979 -0.1977
vn -0.9289 0.3187 -0.1887
vn -0.9085 0.3325 -0.2532
vn -0.9196 0.3311 -0.2113
vn -0.9260 0.3265 -0.1895
vn -0.9088 0.3634 -0.2051
vn -0.7845 0.0187 -0.6199
vn -0.8130 0.0803 -0.5767
vn -0.8326 0.0897 -0.5465
vn -0.8612 0.0168 -0.5080
vn -0.8475 0.0480 -0.5286
vn -0.8265 0.0777 -0.5575
vn -0.7874 -0.0288 -0.6158
vn -0.8430 0.0783 -0.5321
vn -0.8793 -0.0833 -0.4689
vn -0.8868 -0.0581 -0.4584
vn -0.8450 0.3252 -0.4246
vn -0.8639 0.2849 -0.4154
vn -0.9014 0.3282 -0.2825
vn -0.8840 0.3553 -0.3038
vn -0.8654 0.2578 -0.4297
vn -0.7021 -0.4228 -0.5729
vn -0.6293 -0.4737 -0.6161
vn -0.7536 -0.3378 -0.5639
vn -0.6626 -0.4936 -0.5634
vn -0.8005 0.3600 -0.4792
vn -0.8039 0.2510 -0.5391
vn -0.8489 -0.1681 -0.5010
vn -0.8463 -0.1503 -0.5110
vn -0.8077 -0.3070 -0.5034
vn -0.8406 -0.2321 -0.4895
vn -0.8285 -0.2572 -0.4975
vn -0.8487 -0.2339 -0.4742
vn -0.8421 -0.2620 -0.4714
vn -0.8574 -0.2331 -0.4588
vn -0.8557 -0.2597 -0.4475
vn -0.8599 -0.2390 -0.4511
vn -0.8524 -0.2765 -0.4438
vn -0.8959 -0.2190 -0.3866
vn -0.8793 -0.2117 -0.4267
vn -0.9297 -0.2696 -0.2509
vn -0.9175 -0.2658 -0.2960
vn -0.8773 -0.3798 -0.2935
vn -0.9251 -0.2645 -0.2726
vn -0.8961 -0.3759 -0.2358
vn -0.9340 -0.2571 -0.2480
vn -0.8940 -0.3313 -0.3017
vn -0.9642 -0.2285 -0.1345
vn -0.9035 -0.2924 -0.3134
vn -0.9040 -0.3240 -0.2788
vn -0.8851 -0.3375 -0.3205
vn -0.9179 -0.2748 -0.2861
vn -0.8843 -0.3135 -0.3460
vn -0.8823 -0.3533 -0.3110
vn -0.9305 -0.3269 -0.1654
vn -0.9009 -0.3758 -0.2173
vn -0.3546 -0.9302 -0.0948
vn -0.3440 -0.9330 -0.1053
vn -0.9338 -0.3405 -0.1096
vn -0.9182 -0.3832 -0.1007
vn -0.9179 -0.3666 0.1521
vn -0.8917 -0.4339 0.1291
vn -0.9162 -0.3676 0.1594
vn -0.8873 -0.4368 0.1481
vn -0.9158 -0.3676 0.1620
vn -0.8846 -0.4367 0.1638
vn -0.9110 -0.3595 0.2021
vn -0.8774 -0.4228 0.2269
vn -0.9117 -0.3464 0.2208
vn -0.9126 -0.3907 0.1208
vn -0.9342 -0.3347 0.1238
vn -0.9263 -0.3684 0.0792
vn -0.9159 -0.3752 0.1426
vn -0.9201 -0.3821 0.0859
vn -0.8962 -0.4404 0.0537
vn -0.9241 -0.2942 -0.2437
vn -0.9323 -0.2336 -0.2761
vn -0.9321 -0.3397 -0.1255
vn -0.9194 -0.3288 -0.2156
vn -0.7445 -0.1399 0.6528
vn -0.6997 -0.1087 0.7061
vn -0.6853 -0.1395 0.7148
vn 0.0422 -0.9793 0.1979
vn 0.0391 -0.9795 0.1977
vn -0.8045 -0.2698 0.5291
vn -0.7656 -0.2581 0.5892
vn -0.8327 -0.2320 0.5028
vn -0.7371 -0.2416 0.6311
vn -0.7868 -0.1860 0.5885
vn -0.7802 -0.1824 0.5983
vn -0.7560 -0.2340 0.6113
vn -0.8476 -0.3750 0.3754
vn 0.9792 -0.1502 0.1361
vn 0.9617 -0.2739 0.0134
vn -0.8115 -0.3909 0.4343
vn -0.7176 -0.4866 0.4982
vn -0.7655 -0.4005 0.5036
vn -0.7059 -0.3644 0.6074
vn -0.7313 -0.3513 0.5846
vn -0.7040 -0.4664 0.5357
vn -0.8046 -0.2900 0.5182
vn -0.7605 -0.3629 0.5385
vn -0.7611 -0.2959 0.5772
vn -0.7639 -0.3612 0.5348
vn -0.7760 -0.2892 0.5605
vn -0.7971 -0.2677 0.5413
vn -0.7860 -0.3556 0.5057
vn -0.8068 -0.2698 0.5257
vn -0.6397 0.1902 0.7447
vn -0.6385 0.1279 0.7589
vn -0.6052 0.0848 0.7915
vn -0.6383 0.1302 0.7587
vn -0.6743 0.0838 0.7337
vn -0.6342 0.1498 0.7585
vn -0.5744 0.1883 0.7966
vn -0.6987 0.2460 0.6718
vn -0.6527 0.2682 0.7085
vn -0.7056 0.3169 0.6338
vn -0.6610 0.3235 0.6771
vn -0.7754 0.4408 0.4521
vn -0.4448 0.0808 0.8920
vn -0.3705 0.0488 0.9276
vn -0.2815 -0.7841 -0.5532
vn -0.2386 -0.7681 -0.5942
vn -0.2162 -0.7423 -0.6342
vn -0.1934 -0.7913 -0.5800
vn -0.8073 0.5846 0.0810
vn -0.8591 0.5118 -0.0046
vn -0.0381 -0.9987 0.0345
vn -0.8309 0.3428 -0.4383
vn -0.8557 0.4183 -0.3047
vn -0.8224 0.4053 -0.3992
vn -0.7203 -0.1321 -0.6810
vn -0.7111 0.1820 -0.6791
vn -0.7643 0.1720 -0.6215
vn -0.1056 -0.9937 -0.0362
vn -0.1100 -0.9926 -0.0518
vn -0.1019 -0.9931 -0.0573
vn -0.0980 -0.9944 -0.0401
vn -0.7286 0.0643 -0.6819
vn 0.0285 -0.9962 0.0827
vn -0.0356 -0.9967 0.0730
vn -0.7970 0.0211 -0.6037
vn -0.7937 -0.0657 -0.6048
vn -0.8569 -0.0615 -0.5118
vn -0.8203 -0.0931 -0.5643
vn -0.7957 0.0493 -0.6037
vn -0.7929 -0.0664 -0.6057
vn -0.8277 -0.0198 -0.5608
vn -0.7929 -0.1655 -0.5865
vn -0.8012 -0.1821 -0.5700
vn -0.7639 0.1805 -0.6195
vn -0.8528 -0.0378 -0.5208
vn -0.8064 -0.1540 -0.5710
vn -0.8032 -0.1743 -0.5697
vn -0.2483 0.7426 0.6220
vn -0.3304 0.6853 0.6491
vn -0.4247 0.6244 0.6555
vn -0.4516 0.7174 0.5305
vn -0.7820 0.2581 -0.5673
vn -0.7591 0.2166 -0.6139
vn -0.7272 0.2206 -0.6500
vn -0.8297 -0.2413 -0.5033
vn -0.8337 -0.3348 -0.4391
vn -0.8625 -0.3053 -0.4037
vn -0.8723 -0.2955 -0.3895
vn -0.8617 -0.2980 -0.4107
vn -0.8008 -0.3027 -0.5169
vn -0.7996 -0.2693 -0.5368
vn -0.7873 -0.2865 -0.5460
vn -0.8243 -0.3536 -0.4421
vn -0.8636 -0.2578 -0.4332
vn -0.7965 -0.3326 -0.5049
vn -0.8791 -0.3210 -0.3523
vn -0.8656 -0.3222 -0.3832
vn -0.9159 -0.2402 -0.3216
vn -0.8706 -0.2346 -0.4326
vn -0.8635 -0.3215 -0.3886
vn -0.9084 -0.2317 -0.3480
vn -0.8742 -0.3246 -0.3612
vn -0.9056 -0.3819 -0.1843
vn -0.8990 -0.3578 -0.2526
vn -0.8792 -0.3835 -0.2828
vn -0.8353 -0.4528 -0.3117
vn -0.9162 -0.3960 -0.0619
vn -0.9230 -0.3771 -0.0766
vn -0.9403 -0.3397 -0.0193
vn -0.9302 -0.3547 -0.0941
vn -0.9105 -0.4117 -0.0382
vn -0.9115 -0.4090 -0.0424
vn -0.1165 -0.8504 0.5131
vn -0.1044 -0.8554 0.5074
vn -0.8920 -0.4310 0.1366
vn -0.8526 -0.4669 0.2347
vn -0.8760 -0.4411 0.1952
vn -0.8250 -0.5346 0.1833
vn 0.7218 -0.0058 0.6921
vn 0.6943 -0.1175 0.7100
vn 0.7264 -0.1311 0.6746
vn -0.8365 -0.4423 0.3234
vn -0.8900 -0.4084 0.2026
vn -0.9404 -0.3387 0.0323
vn -0.9107 -0.4131 0.0008
vn -0.8806 -0.4738 -0.0022
vn -0.9119 -0.4100 0.0177
vn -0.8828 -0.4683 0.0361
vn -0.9098 -0.4100 0.0645
vn -0.8799 -0.4603 0.1182
vn -0.9132 -0.3253 -0.2456
vn -0.6335 -0.1437 0.7603
vn -0.6298 -0.0235 0.7764
vn -0.7304 -0.1836 0.6579
vn -0.0974 0.2334 0.9675
vn -0.0464 0.2475 0.9678
vn -0.6632 -0.1145 0.7397
vn -0.6679 -0.2084 0.7145
vn -0.7221 -0.3145 0.6162
vn -0.7380 -0.2971 0.6059
vn -0.7190 -0.3917 0.5741
vn -0.7045 -0.2966 0.6448
vn -0.6659 -0.3901 0.6359
vn -0.7042 -0.2965 0.6452
vn -0.6385 -0.2737 0.7193
vn -0.6821 -0.1770 0.7095
vn -0.8453 -0.4294 0.3180
vn -0.8392 -0.3649 0.4032
vn -0.8119 -0.4752 0.3391
vn -0.8408 -0.3441 0.4179
vn -0.8052 -0.4208 0.4179
vn -0.8476 -0.4163 0.3290
vn -0.7202 -0.4863 0.4949
vn -0.7730 -0.4640 0.4326
vn -0.7738 -0.4633 0.4320
vn -0.7431 -0.4616 0.4845
vn -0.7351 -0.3801 0.5613
vn -0.7944 -0.3856 0.4693
vn -0.6727 -0.3958 0.6252
vn -0.6924 -0.3714 0.6186
vn -0.7066 -0.4414 0.5531
vn -0.6557 -0.5079 0.5586
vn -0.7001 -0.3820 0.6033
vn -0.6887 -0.3240 0.6487
vn -0.7587 -0.3732 0.5339
vn -0.7484 -0.3632 0.5549
vn -0.7484 -0.2869 0.5979
vn -0.7546 -0.3178 0.5741
vn -0.7134 -0.3439 0.6106
vn -0.7121 -0.3209 0.6245
vn -0.8215 -0.3937 0.4123
vn -0.7972 -0.3770 0.4715
vn -0.5705 0.1920 0.7985
vn -0.4884 0.1937 0.8508
vn -0.5028 0.0696 0.8616
vn -0.4687 0.1155 0.8758
vn -0.5307 0.2329 0.8150
vn -0.5381 0.2884 0.7920
vn -0.6255 0.1601 0.7636
vn 0.2825 -0.7508 0.5970
vn -0.5272 0.2508 0.8119
vn -0.4478 0.2558 0.8568
vn -0.5267 0.2836 0.8013
vn -0.4481 0.3126 0.8376
vn -0.3413 0.4169 0.8424
vn -0.3915 0.2825 0.8757
vn -0.6028 0.4205 0.6781
vn -0.5595 0.4122 0.7191
vn -0.5601 0.5353 0.6323
vn -0.1427 -0.9897 0.0136
vn -0.1551 -0.9874 0.0327
vn -0.1538 -0.9875 0.0332
vn -0.1456 -0.9891 0.0220
vn -0.6930 0.4918 0.5272
vn -0.6851 0.5398 0.4891
vn -0.7530 0.4565 0.4739
vn 0.6404 -0.7680 -0.0090
vn 0.6584 -0.7513 -0.0449
vn 0.6774 -0.7346 0.0386
vn 0.1769 -0.2435 0.9536
vn 0.2719 -0.2952 0.9159
vn 0.3059 -0.2542 0.9175
vn 0.2986 -0.2206 0.9285
vn -0.6302 0.6350 0.4467
vn -0.6826 0.5454 0.4864
vn -0.6319 0.5818 0.5120
vn -0.6503 0.6785 0.3418
vn -0.7344 0.6130 0.2914
vn -0.7299 0.6084 0.3116
vn -0.7377 0.6172 0.2737
vn 0.3850 -0.4082 -0.8278
vn 0.3871 -0.4079 -0.8269
vn -0.7947 0.5985 -0.1010
vn -0.8026 0.5598 -0.2062
vn -0.8110 0.5787 -0.0853
vn -0.7379 0.4325 -0.5182
vn 0.2445 -0.9651 0.0942
vn 0.2452 -0.9635 0.1077
vn 0.2316 -0.9666 0.1096
vn 0.2192 -0.9718 0.0864
vn -0.3195 0.9068 0.2751
vn -0.2714 0.9174 0.2911
vn -0.2935 0.9303 0.2201
vn -0.8197 0.5192 -0.2420
vn -0.7015 0.0878 -0.7072
vn -0.6171 0.1314 -0.7759
vn -0.7031 0.0592 -0.7086
vn -0.6165 0.0437 -0.7861
vn 0.2106 -0.9612 0.1783
vn 0.2090 -0.9610 0.1811
vn 0.2060 -0.9642 0.1670
vn -0.6401 0.1793 -0.7471
vn -0.5892 0.2268 -0.7755
vn -0.5805 0.2166 -0.7850
vn -0.5883 0.1705 -0.7905
vn -0.6493 0.1490 -0.7458
vn -0.7569 -0.0680 -0.6500
vn -0.7413 -0.0585 -0.6686
vn -0.7016 -0.1562 -0.6953
vn -0.7417 -0.0585 -0.6682
vn -0.7449 -0.1650 -0.6465
vn -0.7600 -0.0639 -0.6467
vn -0.6894 -0.1123 -0.7156
vn -0.7576 -0.1171 -0.6422
vn -0.7085 -0.1731 -0.6842
vn -0.8011 -0.1422 -0.5813
vn -0.7900 -0.1458 -0.5956
vn -0.7635 -0.2524 -0.5945
vn -0.7053 -0.3479 -0.6177
vn -0.7335 -0.2641 -0.6263
vn -0.7705 -0.1348 -0.6230
vn -0.7224 -0.2099 -0.6589
vn -0.8003 -0.2662 -0.5373
vn -0.8093 -0.2877 -0.5122
vn -0.7026 -0.2398 -0.6699
vn 0.2339 -0.9334 -0.2723
vn 0.2754 -0.9161 -0.2914
vn 0.2232 -0.9402 -0.2574
vn 0.2337 -0.9336 -0.2717
vn -0.7815 -0.2868 -0.5542
vn -0.7891 -0.2761 -0.5488
vn -0.7922 -0.3126 -0.5240
vn -0.7558 -0.2887 -0.5878
vn -0.7651 -0.3356 -0.5496
vn -0.7228 -0.3658 -0.5862
vn -0.6791 -0.3626 -0.6383
vn -0.7952 -0.3799 -0.4726
vn -0.7727 -0.3726 -0.5138
vn -0.0403 0.9194 0.3914
vn -0.0156 0.9295 0.3686
vn -0.0980 0.9260 0.3646
vn -0.8547 -0.3213 -0.4078
vn -0.8210 -0.3593 -0.4436
vn -0.8385 -0.3478 -0.4194
vn -0.8356 -0.3758 -0.4007
vn -0.8659 -0.3470 -0.3603
vn -0.8233 -0.3678 -0.4322
vn -0.8487 -0.4147 -0.3282
vn 0.5528 -0.4993 -0.6672
vn 0.5870 -0.5276 -0.6141
vn 0.5364 -0.5005 -0.6796
vn -0.8782 -0.4014 -0.2601
vn -0.8655 -0.4307 -0.2558
vn -0.8617 -0.4701 -0.1910
vn -0.8511 -0.4822 -0.2076
vn -0.8747 -0.4777 -0.0815
vn -0.8954 -0.4399 -0.0694
vn -0.8631 -0.4963 -0.0937
vn -0.8883 -0.4590 0.0154
vn -0.8815 -0.4722 -0.0013
vn -0.8413 -0.5393 -0.0374
vn -0.8755 -0.4816 0.0407
vn -0.8307 -0.5552 0.0405
vn 0.0151 -0.8380 0.5455
vn 0.0266 -0.8432 0.5370
vn 0.0268 -0.8442 0.5354
vn 0.0272 -0.8411 0.5402
vn -0.8683 -0.4743 0.1453
vn -0.8028 -0.5936 -0.0562
vn -0.8230 -0.5671 -0.0329
vn -0.8858 -0.4405 0.1458
vn -0.8682 -0.4779 0.1337
vn -0.8413 -0.5231 0.1363
vn -0.8484 -0.5213 0.0927
vn -0.8218 -0.5382 0.1870
vn 0.6011 0.7547 0.2628
vn -0.8764 -0.3743 0.3031
vn -0.8547 -0.4401 0.2753
vn -0.8256 -0.4958 0.2693
vn -0.8522 -0.4384 0.2858
vn -0.8193 -0.4914 0.2955
vn -0.6398 0.0134 0.7684
vn -0.0116 -0.9626 0.2706
vn -0.0016 -0.9642 0.2651
vn -0.6787 -0.2117 0.7033
vn -0.6755 -0.1712 0.7173
vn -0.0822 -0.9879 0.1311
vn -0.6381 -0.0988 0.7636
vn 0.1179 -0.9810 0.1541
vn 0.1217 -0.9812 0.1497
vn -0.4828 -0.2354 0.8435
vn -0.5389 -0.1795 0.8230
vn -0.5766 -0.1154 0.8089
vn -0.5324 -0.1720 0.8288
vn -0.7044 -0.3614 0.6110
vn -0.7747 -0.4727 0.4200
vn -0.8485 -0.4383 0.2964
vn -0.8338 -0.4936 0.2473
vn -0.7869 -0.4976 0.3649
vn -0.8137 -0.4606 0.3546
vn -0.8060 -0.4135 0.4236
vn -0.7749 -0.4684 0.4244
vn -0.7388 -0.3926 0.5477
vn -0.7058 -0.4096 0.5780
vn -0.7160 -0.5023 0.4849
vn -0.7424 -0.5093 0.4353
vn -0.7105 -0.5191 0.4751
vn -0.7383 -0.4622 0.4912
vn -0.7305 -0.5329 0.4270
vn -0.7753 -0.4803 0.4102
vn -0.8276 -0.4213 0.3709
vn -0.8300 -0.4205 0.3663
vn -0.7653 -0.5251 0.3724
vn -0.7766 -0.3993 0.4873
vn -0.7427 -0.4640 0.4828
vn -0.7076 -0.5189 0.4797
vn -0.7027 -0.4107 0.5809
vn -0.6830 -0.4980 0.5343
vn -0.7305 -0.3676 0.5755
vn -0.7026 -0.4447 0.5555
vn -0.6520 -0.4422 0.6160
vn -0.5926 -0.3986 0.6999
vn -0.6920 -0.3762 0.6162
vn -0.3605 -0.9066 0.2193
vn -0.3553 -0.9135 0.1985
vn -0.4223 0.0047 0.9065
vn -0.4203 -0.0127 0.9073
vn -0.4959 0.1271 0.8591
vn -0.4933 -0.0060 0.8698
vn -0.3818 0.0349 0.9236
vn -0.4519 0.1482 0.8796
vn -0.4451 0.0763 0.8922
vn -0.4158 -0.0051 0.9094
vn 0.7606 -0.1269 0.6367
vn 0.6982 -0.2083 0.6849
vn -0.3269 0.1168 0.9378
vn -0.4185 0.1635 0.8934
vn -0.4101 0.0691 0.9094
vn -0.4053 0.1089 0.9077
vn -0.4077 0.1243 0.9046
vn -0.4538 0.1148 0.8837
vn -0.3730 0.0794 0.9244
vn -0.4710 0.3009 0.8292
vn 0.5022 0.3086 -0.8078
vn -0.5202 0.5006 0.6920
vn -0.4165 0.5315 0.7376
vn -0.5427 0.6075 0.5800
vn -0.6078 0.6380 0.4727
vn -0.5686 0.5973 0.5656
vn -0.5346 0.6796 0.5023
vn -0.5083 0.6639 0.5485
vn -0.5399 0.7093 0.4532
vn -0.4829 0.6955 0.5322
vn -0.5321 0.7373 0.4163
vn -0.1120 -0.9622 0.2483
vn -0.1149 -0.9607 0.2526
vn -0.6182 0.6885 0.3792
vn -0.5763 0.7326 0.3622
vn -0.6194 0.6884 0.3775
vn -0.5979 0.7389 0.3108
vn -0.7278 0.6569 0.1969
vn -0.7255 0.6548 0.2119
vn -0.6387 0.7656 0.0770
vn -0.6271 0.7576 0.1810
vn -0.5822 0.7946 0.1722
vn -0.6889 0.7183 0.0970
vn -0.6734 0.7380 0.0437
vn -0.7368 0.6760 0.0089
vn -0.7187 0.6951 0.0133
vn 0.7312 -0.2317 0.6416
vn 0.6824 -0.2713 0.6787
vn 0.7831 -0.2312 0.5773
vn -0.6880 0.7242 -0.0467
vn -0.7336 0.6794 -0.0160
vn -0.7681 0.6364 -0.0713
vn -0.7447 0.6578 -0.1131
vn -0.7357 0.6581 -0.1605
vn -0.7902 0.5897 -0.1667
vn -0.7463 0.6537 -0.1251
vn -0.7555 0.6343 -0.1638
vn -0.7866 0.5514 -0.2778
vn -0.7844 0.5658 -0.2542
vn -0.7837 0.5684 -0.2506
vn -0.8027 0.5731 -0.1648
vn -0.7642 0.5748 -0.2926
vn 0.6178 -0.7232 0.3087
vn 0.5800 -0.7627 0.2862
vn -0.7134 0.1793 -0.6774
vn -0.6672 0.2445 -0.7036
vn -0.7077 0.0888 -0.7009
vn -0.6705 0.0863 -0.7369
vn -0.5994 -0.0030 -0.8004
vn -0.6180 0.0484 -0.7847
vn -0.6693 0.3652 -0.6471
vn -0.6546 0.4250 -0.6252
vn -0.6238 0.3398 -0.7039
vn -0.5506 0.3339 -0.7651
vn -0.5696 0.2038 -0.7963
vn -0.5868 0.2771 -0.7608
vn -0.5338 0.3022 -0.7898
vn -0.1528 -0.1039 0.9828
vn -0.1392 -0.1365 0.9808
vn -0.0909 -0.1708 0.9811
vn -0.1021 -0.1363 0.9854
vn -0.7338 -0.0188 -0.6791
vn -0.6858 -0.1029 -0.7205
vn 0.1425 -0.9798 0.1405
vn 0.1414 -0.9801 0.1390
vn -0.6937 -0.2954 -0.6569
vn -0.6837 -0.2925 -0.6686
vn -0.6907 -0.2627 -0.6737
vn -0.7546 -0.3082 -0.5793
vn -0.7402 -0.2957 -0.6038
vn -0.7361 -0.3287 -0.5917
vn -0.6684 -0.4095 -0.6210
vn -0.6597 -0.3804 -0.6482
vn -0.6645 -0.3519 -0.6592
vn -0.6299 -0.3834 -0.6754
vn -0.7376 -0.3989 -0.5448
vn -0.8015 -0.4300 -0.4156
vn -0.7907 -0.3754 -0.4835
vn -0.8103 -0.3681 -0.4559
vn -0.7995 -0.4301 -0.4193
vn -0.8209 -0.4421 -0.3615
vn -0.8081 -0.4420 -0.3895
vn -0.8123 -0.4430 -0.3794
vn -0.8175 -0.4426 -0.3684
vn -0.8222 -0.4401 -0.3609
vn -0.8338 -0.4309 -0.3451
vn -0.8674 -0.4295 -0.2512
vn -0.8704 -0.4156 -0.2639
vn 0.0045 0.9314 0.3638
vn 0.0368 0.9639 0.2637
vn 0.0079 0.9814 0.1920
vn -0.8831 -0.4483 -0.1382
vn -0.8768 -0.4605 -0.1386
vn -0.8491 -0.5121 -0.1298
vn -0.8825 -0.4564 -0.1131
vn -0.8722 -0.4732 -0.1237
vn -0.8575 -0.5061 -0.0926
vn -0.7250 -0.3656 0.5838
vn -0.8694 -0.4897 -0.0656
vn -0.8609 -0.5088 -0.0051
vn -0.8166 -0.5771 0.0110
vn -0.8558 -0.5172 -0.0147
vn -0.8546 -0.5193 -0.0056
vn -0.8580 -0.4818 -0.1781
vn -0.8064 -0.5912 -0.0166
vn -0.8194 -0.5058 -0.2698
vn -0.8550 -0.5160 0.0514
vn -0.8107 -0.5781 0.0925
vn -0.8776 -0.4672 0.1072
vn -0.8580 -0.4965 0.1319
vn -0.8687 -0.4828 0.1105
vn -0.8738 -0.4847 0.0401
vn -0.8618 -0.4702 0.1904
vn -0.8122 -0.5316 0.2401
vn -0.8305 -0.5318 0.1659
vn -0.8139 -0.5645 0.1376
vn -0.8284 -0.5320 0.1756
vn -0.8035 -0.5706 0.1697
vn 0.2095 -0.9753 0.0694
vn 0.2306 -0.9712 0.0597
vn -0.7786 -0.5181 0.3540
vn -0.8082 -0.4945 0.3199
vn -0.7699 -0.5578 0.3100
vn -0.8042 -0.4920 0.3335
vn -0.7733 -0.4908 0.4014
vn -0.6051 -0.5496 -0.5759
vn -0.5638 -0.5714 -0.5964
vn -0.6023 -0.5649 -0.5641
vn -0.4339 -0.0438 0.8999
vn -0.5192 -0.0898 0.8499
vn -0.5714 -0.2216 0.7902
vn -0.4027 -0.2102 0.8909
vn -0.5798 -0.3796 0.7210
vn -0.6219 -0.3805 0.6845
vn 0.7640 -0.3281 0.5555
vn 0.8037 -0.3713 0.4651
vn -0.6475 -0.3319 0.6860
vn 0.2248 -0.8674 0.4440
vn 0.2273 -0.8744 0.4286
vn 0.2398 -0.8828 0.4040
vn 0.2740 -0.8538 0.4427
vn -0.8154 -0.4149 0.4037
vn -0.7832 -0.4865 0.3872
vn -0.7467 -0.5469 0.3787
vn -0.7629 -0.5213 0.3824
vn -0.7396 -0.5433 0.3973
vn -0.7036 -0.4401 0.5579
vn -0.4569 -0.4449 0.7703
vn -0.6945 -0.4771 0.5386
vn -0.6719 -0.4584 0.5817
vn -0.7070 -0.4942 0.5059
vn -0.6949 -0.5555 0.4567
vn 0.0897 -0.5766 0.8121
vn 0.0326 -0.6229 0.7816
vn 0.1470 -0.6501 0.7455
vn 0.1554 -0.5724 0.8051
vn -0.7116 -0.4690 0.5231
vn -0.7049 -0.4624 0.5379
vn -0.7312 -0.3963 0.5553
vn -0.7112 -0.4976 0.4965
vn -0.6595 -0.5718 0.4879
vn -0.6576 -0.4946 0.5682
vn -0.7805 -0.4344 0.4496
vn -0.7213 -0.4976 0.4818
vn -0.7444 -0.5265 0.4107
vn -0.7291 -0.5890 0.3484
vn -0.7269 -0.5223 0.4460
vn -0.6768 -0.5954 0.4330
vn -0.6783 -0.5587 0.4773
vn -0.7522 -0.4902 0.4404
vn -0.6619 -0.5884 0.4643
vn -0.7394 -0.4641 0.4877
vn -0.7135 -0.5154 0.4746
vn -0.6531 -0.5805 0.4864
vn -0.6790 -0.4665 0.5669
vn -0.6884 -0.4439 0.5737
vn -0.6561 -0.3326 0.6774
vn -0.5848 -0.4951 0.6425
vn -0.6640 -0.4264 0.6142
vn -0.6405 -0.4991 0.5836
vn -0.6548 -0.4235 0.6260
vn -0.6481 -0.4951 0.5786
vn -0.7265 -0.3772 0.5745
vn -0.6606 -0.4301 0.6153
vn -0.2781 0.1202 0.9530
vn -0.2141 0.0890 0.9727
vn -0.3268 0.2617 0.9081
vn -0.3087 0.1732 0.9353
vn -0.2480 0.1419 0.9583
vn -0.3009 0.2092 0.9304
vn -0.2990 0.2144 0.9299
vn -0.2090 0.2350 0.9493
vn 0.2510 0.7900 0.5594
vn 0.2174 0.7503 0.6244
vn 0.2839 0.7253 0.6271
vn -0.3403 0.4074 0.8475
vn -0.3350 0.4925 0.8033
vn -0.3475 0.3846 0.8552
vn -0.3165 0.3712 0.8729
vn -0.3205 0.4523 0.8323
vn -0.2717 0.4683 0.8408
vn -0.3231 0.5435 0.7747
vn -0.4053 -0.5094 0.7591
vn -0.4056 -0.5356 0.7407
vn -0.3771 0.6698 0.6396
vn -0.3493 0.6576 0.6675
vn -0.3003 0.6705 0.6785
vn -0.4261 -0.1585 0.8907
vn -0.4235 0.7624 0.4893
vn -0.3513 0.7647 0.5402
vn -0.2965 0.8236 0.4835
vn -0.4474 0.7293 0.5177
vn -0.4775 0.7655 0.4313
vn -0.2717 0.8168 0.5090
vn -0.5012 0.6914 0.5203
vn -0.5722 0.7613 0.3049
vn -0.6183 0.7680 0.1670
vn -0.6105 0.7703 0.1839
vn -0.5242 0.8274 0.2015
vn -0.5277 0.7962 0.2961
vn -0.5378 0.8090 0.2374
vn 0.3188 -0.8303 -0.4570
vn 0.2520 -0.8623 -0.4393
vn 0.4197 -0.4381 0.7949
vn 0.4201 -0.5222 0.7422
vn 0.4224 -0.5752 0.7005
vn 0.4160 -0.5170 0.7481
vn -0.5939 0.8045 -0.0080
vn -0.6121 0.7888 -0.0548
vn -0.6551 0.7511 -0.0819
vn -0.7322 0.6793 -0.0500
vn -0.6827 0.7248 -0.0932
vn -0.6697 0.7275 -0.1491
vn -0.6404 0.7656 -0.0605
vn -0.7277 -0.6685 0.1534
vn -0.6665 -0.7150 0.2112
vn -0.2535 -0.9661 -0.0478
vn -0.2524 -0.9662 -0.0527
vn -0.2508 -0.9668 -0.0485
vn -0.2522 -0.9665 -0.0482
vn 0.1183 0.3896 -0.9134
vn 0.1204 0.4495 -0.8851
vn 0.1690 0.4391 -0.8824
vn -0.5978 0.3876 -0.7017
vn -0.6477 0.4633 -0.6048
vn -0.6012 0.4777 -0.6406
vn 0.9897 0.1427 -0.0103
vn 0.9962 0.0848 0.0181
vn 0.9892 0.1169 -0.0882
vn -0.6209 0.6884 -0.3750
vn -0.5761 0.7474 -0.3310
vn 0.5009 -0.8534 -0.1441
vn 0.2198 -0.6085 0.7625
vn 0.2616 -0.6243 0.7361
vn 0.3097 -0.6606 0.6839
vn -0.5261 0.5782 -0.6236
vn -0.4860 0.5769 -0.6566
vn -0.6174 0.0406 -0.7856
vn -0.1408 -0.4685 0.8722
vn -0.1101 -0.4820 0.8692
vn -0.1736 -0.4476 0.8772
vn -0.0955 -0.4828 0.8705
vn -0.5318 -0.0572 -0.8449
vn -0.5869 0.0018 -0.8097
vn -0.5538 -0.0051 -0.8327
vn -0.5919 -0.0368 -0.8052
vn -0.5548 -0.0172 -0.8318
vn -0.5174 -0.0220 -0.8555
vn 0.9735 0.0571 -0.2214
vn 0.9928 0.0087 -0.1191
vn -0.6491 -0.1212 -0.7510
vn -0.6195 -0.1298 -0.7742
vn -0.5837 -0.1780 -0.7922
vn -0.6187 -0.1297 -0.7748
vn -0.5689 -0.1582 -0.8070
vn -0.6198 -0.1909 -0.7612
vn -0.3461 0.4854 -0.8029
vn -0.4530 0.4299 -0.7810
vn -0.4209 0.4806 -0.7693
vn -0.3815 0.3832 -0.8412
vn 0.4030 0.8309 0.3836
vn 0.3640 0.8587 0.3608
vn 0.3202 0.8767 0.3590
vn -0.6343 -0.1360 -0.7610
vn -0.6107 -0.0852 -0.7873
vn -0.6335 -0.2004 -0.7473
vn 0.0656 0.9623 -0.2640
vn 0.0887 0.9627 -0.2556
vn 0.1668 -0.9778 0.1268
vn 0.1834 -0.9747 0.1275
vn 0.1821 -0.9740 0.1351
vn 0.1715 -0.9757 0.1363
vn -0.6371 -0.2913 -0.7137
vn -0.6732 -0.2536 -0.6946
vn -0.7127 -0.2324 -0.6618
vn 0.1481 -0.9664 0.2103
vn 0.1650 -0.9625 0.2156
vn 0.1694 -0.9618 0.2152
vn 0.1494 -0.9654 0.2137
vn -0.6584 -0.3521 -0.6653
vn -0.6488 -0.3809 -0.6588
vn -0.6752 -0.4506 -0.5840
vn -0.6231 -0.3646 -0.6920
vn -0.7203 -0.4377 -0.5381
vn -0.6803 -0.4226 -0.5989
vn -0.6061 -0.4910 -0.6258
vn -0.4593 -0.8602 0.2217
vn -0.4290 -0.8778 0.2130
vn -0.4280 -0.8786 0.2118
vn -0.7259 -0.3533 -0.5902
vn -0.6993 -0.4236 -0.5757
vn -0.6694 -0.5089 -0.5411
vn -0.7008 -0.4233 -0.5742
vn -0.6883 -0.5038 -0.5220
vn -0.7029 -0.4759 -0.5286
vn -0.7769 -0.4631 -0.4266
vn -0.7635 -0.4943 -0.4156
vn -0.7940 -0.4429 -0.4165
vn -0.7330 -0.5339 -0.4215
vn -0.7413 -0.4948 -0.4534
vn -0.7506 -0.5959 -0.2856
vn -0.7532 -0.4434 -0.4859
vn -0.7886 -0.5116 -0.3413
vn -0.8295 -0.5085 -0.2309
vn -0.7954 -0.5145 -0.3203
vn -0.8032 -0.5089 -0.3096
vn -0.8860 -0.3958 -0.2414
vn -0.7836 -0.5500 -0.2890
vn -0.7896 -0.5382 -0.2948
vn -0.8002 -0.5097 -0.3159
vn -0.8659 -0.4562 -0.2050
vn -0.8679 -0.4719 -0.1553
vn -0.8593 -0.5080 -0.0586
vn -0.8822 -0.4708 0.0064
vn -0.8513 -0.5193 -0.0752
vn -0.8442 -0.5310 -0.0739
vn -0.7303 -0.6374 0.2457
vn -0.8910 -0.4457 -0.0870
vn -0.8406 -0.5370 0.0707
vn -0.8294 -0.5567 0.0473
vn -0.8555 -0.5177 -0.0110
vn -0.8288 -0.5593 -0.0158
vn -0.8745 -0.4836 0.0378
vn -0.8125 -0.5610 0.1584
vn -0.8363 -0.5376 0.1072
vn -0.8307 -0.5328 0.1615
vn -0.7861 -0.5944 0.1692
vn 0.5459 -0.2147 0.8098
vn 0.5856 -0.2326 0.7765
vn -0.8262 -0.5623 0.0347
vn -0.8060 -0.5669 0.1700
vn -0.8249 -0.5531 0.1164
vn -0.7788 -0.6190 0.1016
vn -0.8150 -0.5720 0.0924
vn -0.8142 -0.5721 0.0987
vn -0.8124 -0.5697 0.1246
vn -0.8133 -0.5668 0.1314
vn -0.8216 -0.5112 0.2522
vn -0.8124 -0.5278 0.2479
vn -0.7842 -0.5700 0.2451
vn -0.8084 -0.5242 0.2677
vn -0.7787 -0.5653 0.2722
vn -0.8124 -0.5344 0.2332
vn -0.7995 -0.4732 0.3700
vn -0.7902 -0.5411 0.2878
vn -0.7506 -0.5191 0.4088
vn -0.7740 -0.5241 0.3553
vn -0.7412 -0.5891 0.3218
vn -0.7818 -0.5432 0.3062
vn -0.7170 -0.5950 0.3632
vn -0.7199 -0.5303 0.4478
vn -0.7472 -0.5296 0.4015
vn -0.7001 -0.5942 0.3959
vn -0.7487 -0.5306 0.3975
vn -0.6987 -0.5932 0.3999
vn -0.6373 -0.4548 0.6221
vn -0.5394 -0.4329 0.7223
vn -0.6185 -0.4267 0.6598
vn -0.5768 -0.3806 0.7228
vn -0.5878 -0.2852 0.7571
vn 0.3315 0.6842 -0.6497
vn 0.3685 0.7095 -0.6007
vn 0.3429 0.7806 -0.5225
vn 0.4051 0.6992 -0.5891
vn -0.5115 -0.1522 0.8457
vn -0.3957 -0.2527 0.8829
vn -0.4398 -0.1940 0.8769
vn -0.4866 -0.1689 0.8571
vn -0.4742 -0.1489 0.8677
vn -0.6340 -0.4648 0.6181
vn -0.6371 -0.5391 0.5508
vn -0.6296 -0.4591 0.6268
vn -0.6398 -0.4632 0.6133
vn -0.6480 -0.4862 0.5862
vn -0.6304 -0.5147 0.5811
vn -0.6506 -0.4882 0.5816
vn -0.6296 -0.5147 0.5820
vn -0.6335 -0.4632 0.6198
vn -0.6870 -0.5227 0.5048
vn -0.6607 -0.4928 0.5662
vn -0.6096 -0.5393 0.5809
vn -0.6652 -0.4665 0.5831
vn -0.7475 -0.5526 0.3686
vn -0.6859 -0.5527 0.4734
vn -0.7037 -0.5364 0.4658
vn -0.6732 -0.5564 0.4870
vn -0.6646 -0.5535 0.5020
vn -0.6720 -0.5240 0.5233
vn -0.6613 -0.5518 0.5082
vn -0.6492 -0.5396 0.5360
vn -0.6481 -0.5174 0.5588
vn -0.6113 -0.5744 0.5444
vn -0.6080 -0.5175 0.6021
vn -0.5449 -0.4776 0.6891
vn -0.6232 -0.4606 0.6321
vn -0.6180 -0.4611 0.6367
vn -0.5808 -0.4587 0.6725
vn -0.5695 -0.4537 0.6855
vn -0.5655 -0.4483 0.6923
vn -0.5285 -0.5230 0.6687
vn -0.6347 -0.4648 0.6173
vn -0.5887 -0.5485 0.5939
vn -0.3910 -0.1082 0.9140
vn -0.2700 0.2340 0.9340
vn -0.2619 0.3717 -0.8907
vn -0.2277 0.3637 -0.9033
vn -0.2754 0.2958 0.9147
vn -0.2432 0.2572 0.9353
vn -0.2291 0.0236 0.9731
vn -0.2321 -0.1072 0.9668
vn -0.1648 -0.0750 0.9835
vn 0.3601 -0.7775 0.5156
vn 0.3327 -0.8096 0.4835
vn -0.0387 -0.0497 0.9980
vn -0.1488 -0.0979 0.9840
vn -0.0316 -0.0786 0.9964
vn -0.1473 -0.0478 0.9879
vn -0.0356 0.0230 0.9991
vn -0.1527 -0.0519 0.9869
vn -0.2167 0.0614 0.9743
vn -0.1684 0.0512 0.9844
vn 0.3417 0.9339 -0.1055
vn 0.3549 0.9294 -0.1011
vn -0.2066 0.4467 0.8705
vn -0.1011 0.4125 0.9054
vn -0.8060 0.1159 0.5804
vn -0.7690 0.1358 0.6247
vn -0.7837 0.2069 0.5857
vn -0.8309 0.1585 0.5334
vn 0.1055 0.7250 0.6806
vn 0.1774 0.7308 0.6591
vn 0.1200 0.7421 0.6595
vn -0.2073 0.5260 0.8248
vn -0.2081 0.6035 0.7697
vn -0.1911 0.5694 0.7995
vn -0.2930 0.6821 0.6700
vn 0.5044 0.6250 0.5958
vn 0.4809 0.6544 0.5835
vn -0.2221 0.7673 0.6016
vn -0.2993 0.7108 0.6365
vn -0.2513 0.7055 0.6626
vn -0.4627 -0.1695 0.8702
vn -0.4130 -0.1199 0.9028
vn -0.0982 -0.8926 0.4401
vn -0.0756 -0.8927 0.4442
vn -0.0904 -0.8902 0.4464
vn -0.1249 -0.9291 0.3481
vn -0.2957 0.8311 0.4711
vn -0.2515 0.8736 0.4165
vn -0.3198 0.8392 0.4398
vn -0.3875 0.8503 0.3560
vn -0.3769 0.8496 0.3689
vn -0.2993 0.9048 0.3028
vn -0.3842 0.8460 0.3698
vn -0.3634 0.8704 0.3321
vn -0.4343 0.8605 0.2663
vn -0.4690 0.8213 0.3249
vn -0.4810 0.8315 0.2779
vn -0.5299 0.7850 0.3209
vn -0.5084 0.8523 0.1231
vn -0.5002 0.8643 0.0525
vn -0.4495 0.8915 0.0566
vn -0.5550 0.8308 0.0418
vn -0.5495 0.8354 -0.0142
vn -0.5114 0.8558 0.0776
vn -0.4975 0.8523 0.1616
vn -0.4698 0.8573 0.2106
vn -0.5087 0.8514 -0.1276
vn -0.5764 0.8097 -0.1103
vn -0.4558 0.8856 -0.0888
vn -0.5114 0.8541 -0.0948
vn 0.0137 0.9972 0.0740
vn 0.0340 0.9963 0.0786
vn 0.0089 0.9979 0.0638
vn -0.5495 0.8320 -0.0766
vn -0.4937 0.8472 -0.1964
vn -0.4950 0.8683 -0.0324
vn -0.4011 0.9065 -0.1316
vn 0.2411 0.8658 -0.4384
vn 0.3691 0.8165 -0.4440
vn 0.3204 0.8311 -0.4545
vn -0.5298 0.7886 -0.3120
vn -0.5981 0.6409 -0.4812
vn -0.4801 0.5669 -0.6694
vn 0.4013 -0.8281 0.3914
vn 0.4055 -0.8240 0.3956
vn 0.3835 -0.8448 0.3731
vn -0.6151 -0.1327 -0.7772
vn -0.5290 -0.2447 -0.8126
vn -0.5334 -0.1939 -0.8233
vn 0.6713 0.4449 0.5928
vn 0.6152 0.4761 0.6284
vn 0.5322 0.5125 0.6739
vn 0.6086 0.4591 0.6472
vn 0.8440 -0.1855 -0.5033
vn 0.8492 -0.1754 -0.4981
vn 0.8544 -0.2355 -0.4632
vn 0.8134 -0.3175 -0.4875
vn -0.3429 0.4464 -0.8265
vn -0.7528 -0.2979 -0.5870
vn -0.7369 -0.3249 -0.5928
vn -0.2059 0.8593 0.4681
vn -0.1793 0.5178 -0.8365
vn -0.3291 0.4552 -0.8273
vn -0.4413 0.0347 -0.8967
vn -0.4475 0.1060 -0.8880
vn -0.5976 -0.2737 -0.7536
vn -0.5775 -0.2727 -0.7695
vn -0.5550 -0.3076 -0.7729
vn -0.5843 -0.2753 -0.7634
vn -0.5096 -0.3418 -0.7896
vn -0.5856 -0.3147 -0.7470
vn -0.6243 -0.1787 -0.7604
vn -0.5971 -0.2748 -0.7536
vn -0.5948 -0.3141 -0.7400
vn -0.7105 -0.3233 -0.6250
vn -0.6367 -0.3489 -0.6876
vn -0.6087 -0.3770 -0.6981
vn -0.5943 -0.4044 -0.6952
vn -0.5924 -0.3444 -0.7283
vn -0.6453 -0.4337 -0.6288
vn -0.6333 -0.4315 -0.6425
vn -0.5907 -0.4923 -0.6393
vn -0.6649 -0.4295 -0.6110
vn -0.6483 -0.4945 -0.5789
vn -0.6710 -0.4273 -0.6059
vn -0.6647 -0.4890 -0.5648
vn -0.6410 -0.5082 -0.5752
vn -0.6686 -0.4261 -0.6095
vn -0.6430 -0.4723 -0.6029
vn -0.6181 -0.4439 -0.6487
vn -0.7272 -0.5005 -0.4697
vn -0.6883 -0.4945 -0.5308
vn -0.6434 -0.5564 -0.5258
vn -0.7000 -0.4997 -0.5102
vn -0.6726 -0.5641 -0.4790
vn 0.4805 -0.8734 0.0796
vn 0.4760 -0.8719 0.1145
vn -0.7663 -0.4541 -0.4545
vn -0.7499 -0.4251 -0.5068
vn -0.7193 -0.4961 -0.4863
vn -0.7164 -0.5750 -0.3953
vn -0.7296 -0.4981 -0.4686
vn -0.7689 -0.4287 -0.4744
vn -0.7054 -0.4345 -0.5600
vn -0.6480 -0.5763 -0.4979
vn -0.7810 -0.5349 -0.3225
vn -0.7307 -0.5589 -0.3920
vn -0.6639 -0.6251 -0.4105
vn -0.7347 -0.5608 -0.3817
vn -0.6772 -0.6364 -0.3693
vn -0.7436 -0.5616 -0.3628
vn -0.6913 -0.6383 -0.3388
vn -0.6970 -0.6378 -0.3276
vn -0.7536 -0.5516 -0.3575
vn -0.7481 -0.5606 -0.3552
vn -0.7052 -0.6357 -0.3138
vn -0.7603 -0.5551 -0.3374
vn -0.7242 -0.6275 -0.2859
vn -0.7600 -0.5553 -0.3377
vn -0.7384 -0.6185 -0.2689
vn -0.8325 -0.4150 -0.3671
vn -0.7845 -0.5713 -0.2411
vn -0.8006 -0.5523 -0.2324
vn -0.8314 -0.5095 -0.2218
vn -0.7650 -0.5928 -0.2518
vn -0.8458 -0.4320 -0.3131
vn -0.7703 -0.5912 -0.2388
vn -0.8195 -0.5088 -0.2638
vn -0.8142 -0.4649 -0.3479
vn -0.8689 -0.4292 -0.2465
vn -0.8197 -0.5087 -0.2632
vn -0.7779 -0.5882 -0.2212
vn -0.8470 -0.5064 -0.1617
vn -0.8472 -0.4949 -0.1930
vn -0.8266 -0.5177 -0.2207
vn -0.8479 -0.5250 -0.0746
vn -0.8434 -0.5255 -0.1120
vn -0.7876 -0.6076 -0.1024
vn -0.8469 -0.5241 -0.0900
vn -0.7962 -0.6025 -0.0548
vn -0.8006 -0.5617 -0.2088
vn -0.8407 -0.5322 -0.1004
vn -0.8155 -0.5787 0.0086
vn 0.0297 -0.2627 -0.9644
vn 0.2188 -0.3282 -0.9189
vn -0.7900 -0.6035 -0.1077
vn -0.8124 -0.5682 -0.1309
vn -0.8276 -0.5506 0.1095
vn -0.7816 -0.5601 0.2745
vn -0.7941 -0.6004 0.0941
vn -0.8153 -0.5727 0.0853
vn -0.8329 -0.5526 0.0315
vn -0.8139 -0.5510 0.1842
vn -0.8189 -0.5493 0.1665
vn -0.7575 -0.5848 0.2902
vn -0.7752 -0.5738 0.2644
vn -0.7194 -0.6437 0.2611
vn -0.7721 -0.5714 0.2780
vn -0.7142 -0.6393 0.2849
vn -0.7727 -0.5724 0.2743
vn -0.7649 -0.5368 0.3561
vn -0.6779 -0.4675 0.5674
vn -0.7470 -0.5282 0.4038
vn -0.6947 -0.6085 0.3836
vn -0.7452 -0.5518 0.3745
vn -0.5595 -0.3906 0.7310
vn -0.4768 -0.3823 0.7915
vn -0.4865 -0.5042 0.7135
vn -0.5877 -0.3466 0.7311
vn -0.5373 -0.4346 0.7228
vn -0.4767 -0.4079 0.7787
vn -0.4687 -0.4322 0.7704
vn -0.4797 -0.4734 0.7388
vn -0.5579 -0.3610 0.7473
vn -0.5000 -0.3302 0.8006
vn -0.5065 -0.4068 0.7602
vn -0.4925 -0.3301 0.8053
vn -0.5160 -0.3656 0.7747
vn -0.4528 -0.3271 0.8295
vn -0.4916 -0.3499 0.7974
vn -0.4715 -0.2889 0.8332
vn -0.5308 -0.2685 0.8039
vn -0.4838 -0.3798 0.7885
vn 0.7917 -0.4778 0.3807
vn 0.7861 -0.5204 0.3335
vn 0.8294 -0.5081 0.2322
vn 0.8302 -0.4700 0.2999
vn -0.3652 -0.2185 0.9049
vn -0.4184 -0.3226 0.8491
vn -0.2999 -0.2770 0.9129
vn -0.6348 -0.4056 0.6576
vn -0.6446 -0.4822 0.5932
vn -0.6345 -0.4642 0.6180
vn -0.5978 -0.4883 0.6357
vn -0.6347 -0.5097 0.5809
vn -0.6289 -0.5077 0.5888
vn -0.6723 -0.4739 0.5687
vn -0.5931 -0.5460 0.5917
vn -0.5614 -0.4867 0.6694
vn -0.6133 -0.4952 0.6154
vn -0.6553 -0.4895 0.5752
vn -0.6841 -0.6109 0.3986
vn -0.6732 -0.5562 0.4872
vn -0.7039 -0.6218 0.3433
vn -0.7826 -0.5031 0.3666
vn -0.8054 -0.5300 0.2652
vn -0.6853 -0.5784 0.4425
vn -0.6362 -0.6120 0.4697
vn -0.6743 -0.5784 0.4591
vn -0.6637 -0.6137 0.4277
vn -0.5986 -0.6216 0.5052
vn -0.5617 -0.5425 0.6247
vn -0.5133 -0.5551 0.6545
vn -0.4251 -0.6157 0.6635
vn -0.5251 -0.5419 0.6562
vn -0.4721 -0.4893 0.7333
vn -0.5736 -0.5378 0.6179
vn -0.6026 -0.4446 0.6628
vn -0.6400 -0.5096 0.5751
vn -0.5492 -0.4965 0.6722
vn -0.5962 -0.5383 0.5956
vn -0.5305 -0.5396 0.6537
vn -0.5463 -0.5618 0.6212
vn -0.6513 -0.4579 0.6051
vn -0.5753 -0.5506 0.6049
vn -0.6030 -0.5031 0.6191
vn -0.5297 -0.4888 0.6932
vn -0.5733 -0.4900 0.6567
vn -0.5289 -0.5696 0.6292
vn -0.5589 -0.4830 0.6741
vn -0.4933 -0.4177 0.7630
vn -0.4573 -0.4552 0.7640
vn -0.4933 -0.5069 0.7069
vn -0.5327 -0.4579 0.7117
vn -0.4542 -0.4337 0.7782
vn 0.4943 -0.5665 -0.6593
vn -0.4768 -0.4579 0.7503
vn -0.5054 -0.4370 0.7441
vn -0.5102 -0.3917 0.7657
vn -0.1110 0.1826 0.9769
vn -0.0576 0.1683 0.9840
vn -0.0265 -0.7870 0.6164
vn -0.0238 -0.7871 0.6164
vn -0.0177 -0.8037 0.5947
vn 0.0106 -0.7869 0.6169
vn -0.2009 0.9487 0.2441
vn -0.2141 0.9452 0.2465
vn -0.1026 0.9787 0.1776
vn -0.3185 -0.9449 -0.0762
vn -0.3183 -0.9448 -0.0779
vn -0.3168 -0.9453 -0.0774
vn -0.3160 -0.9457 -0.0764
vn -0.1425 -0.1246 0.9819
vn -0.0951 -0.2349 0.9673
vn -0.1388 -0.1222 0.9828
vn -0.7191 -0.5796 -0.3834
vn -0.6699 -0.6448 -0.3681
vn -0.6818 -0.5621 -0.4682
vn -0.3863 -0.9151 -0.1159
vn -0.3859 -0.9149 -0.1182
vn -0.3828 -0.9165 -0.1166
vn -0.3852 -0.9156 -0.1154
vn -0.0179 0.0282 0.9994
vn 0.0147 -0.0373 0.9992
vn 0.0471 -0.0543 0.9974
vn 0.0132 0.0065 0.9999
vn -0.0564 -0.0413 0.9976
vn 0.0586 0.0284 0.9979
vn 0.1415 0.0620 0.9880
vn -0.1210 0.3692 0.9214
vn 0.0242 0.4816 0.8761
vn -0.1170 0.5715 0.8122
vn -0.1371 0.5888 0.7966
vn -0.1267 0.6193 0.7748
vn -0.1175 0.5985 0.7925
vn -0.1251 0.5979 0.7918
vn -0.1010 0.8310 0.5470
vn -0.1907 0.8379 0.5115
vn -0.1220 0.8466 0.5180
vn -0.1881 0.8224 0.5369
vn -0.1771 0.8258 0.5354
vn -0.2045 0.8334 0.5135
vn -0.1462 -0.9765 0.1586
vn -0.1273 -0.9780 0.1650
vn -0.1479 -0.9764 0.1574
vn -0.2676 0.8948 0.3574
vn -0.3492 0.8879 0.2996
vn -0.4984 0.8173 0.2892
vn -0.4205 0.8691 0.2603
vn -0.2338 0.9188 -0.3181
vn -0.2190 0.9276 -0.3027
vn -0.3886 0.8718 0.2983
vn -0.4280 0.8966 0.1136
vn -0.3926 0.8942 0.2151
vn -0.4523 0.8746 0.1746
vn -0.4342 0.8959 0.0941
vn 0.7460 0.1242 0.6543
vn 0.7917 0.0978 0.6030
vn 0.7257 0.2140 0.6539
vn -0.4302 0.9025 0.0187
vn -0.3984 0.9138 -0.0792
vn -0.3985 0.9169 0.0205
vn -0.4474 0.8882 -0.1049
vn -0.3776 0.9239 -0.0610
vn -0.4328 0.8867 -0.1627
vn -0.4524 0.8849 -0.1106
vn -0.3827 0.9174 -0.1088
vn -0.4055 0.8949 -0.1866
vn -0.4402 0.8724 -0.2123
vn -0.5566 0.8292 -0.0509
vn -0.3877 0.9075 -0.1615
vn -0.4482 0.8435 -0.2962
vn -0.4586 0.8754 -0.1524
vn -0.4056 0.8905 -0.2060
vn -0.0314 -0.8943 -0.4463
vn -0.0500 -0.8653 -0.4988
vn 0.0002 -0.8886 -0.4588
vn -0.4226 0.8525 -0.3077
vn -0.4751 0.8297 -0.2931
vn -0.4016 0.8542 -0.3303
vn -0.4458 0.8113 -0.3782
vn -0.4002 0.8701 -0.2877
vn -0.4274 0.8122 -0.3970
vn -0.4682 0.7741 -0.4261
vn -0.3997 0.8276 -0.3940
vn -0.3785 0.7782 -0.5012
vn -0.4137 0.5225 -0.7456
vn -0.4760 0.5010 -0.7228
vn -0.4365 0.5390 -0.7204
vn -0.4095 0.5065 -0.7588
vn -0.4882 0.5483 -0.6791
vn -0.3742 0.5516 -0.7454
vn -0.4568 0.7411 -0.4920
vn -0.3775 0.7534 -0.5384
vn -0.4550 0.7606 -0.4630
vn -0.3706 0.7938 -0.4822
vn -0.3601 0.8235 -0.4384
vn -0.4315 0.6060 -0.6682
vn 0.6204 -0.5550 0.5541
vn 0.6451 -0.5533 0.5269
vn 0.6247 -0.4840 0.6128
vn 0.5915 -0.5462 0.5931
vn 0.0639 -0.9886 -0.1362
vn 0.0537 -0.9962 -0.0693
vn 0.0523 -0.9970 -0.0568
vn 0.0374 -0.9969 -0.0696
vn -0.6788 -0.3014 0.6697
vn -0.1094 0.3309 -0.9373
vn -0.0695 0.3289 -0.9418
vn -0.2204 0.2084 -0.9529
vn -0.9634 -0.2151 0.1600
vn -0.9590 -0.2237 0.1737
vn -0.2371 -0.9252 0.2962
vn -0.2299 -0.9327 0.2779
vn -0.2498 -0.9202 0.3013
vn -0.2088 -0.9366 0.2815
vn -0.2852 0.4488 -0.8469
vn -0.2339 0.4826 -0.8440
vn -0.1750 0.4348 -0.8834
vn -0.1018 0.3576 -0.9283
vn -0.1222 0.4102 -0.9038
vn -0.1684 0.6456 -0.7449
vn -0.2716 0.6456 -0.7137
vn -0.2580 0.6966 -0.6694
vn -0.2370 0.6171 -0.7503
vn -0.1746 0.6454 -0.7436
vn -0.2179 0.1634 -0.9622
vn -0.1837 0.1631 -0.9694
vn -0.3993 -0.7632 0.5080
vn -0.5553 -0.3079 -0.7725
vn -0.4850 -0.3319 -0.8091
vn -0.4675 -0.4133 -0.7815
vn -0.4809 -0.3349 -0.8103
vn -0.4483 -0.3266 -0.8321
vn -0.5540 -0.3120 -0.7718
vn -0.5328 -0.3155 -0.7853
vn -0.6317 -0.3781 -0.6768
vn -0.6072 -0.3573 -0.7097
vn -0.5754 -0.4486 -0.6839
vn -0.6109 -0.3570 -0.7066
vn -0.6007 -0.4466 -0.6631
vn -0.5620 -0.3408 -0.7536
vn -0.6117 -0.3528 -0.7081
vn -0.5526 -0.4115 -0.7248
vn -0.5514 -0.4037 -0.7300
vn -0.5389 -0.4211 -0.7296
vn -0.5933 -0.4345 -0.6776
vn -0.5927 -0.5133 -0.6207
vn -0.5904 -0.4723 -0.6545
vn -0.5635 -0.5190 -0.6428
vn -0.5893 -0.5285 -0.6111
vn -0.6128 -0.4879 -0.6216
vn -0.6018 -0.5223 -0.6042
vn -0.6556 -0.4964 -0.5689
vn -0.6149 -0.5559 -0.5594
vn -0.5776 -0.5187 -0.6304
vn -0.6053 -0.4384 -0.6644
vn -0.5883 -0.4731 -0.6558
vn -0.6527 -0.5564 -0.5143
vn -0.6633 -0.5730 -0.4814
vn -0.6940 -0.5268 -0.4907
vn -0.6527 -0.5487 -0.5225
vn -0.7234 -0.5689 -0.3912
vn -0.7081 -0.5617 -0.4278
vn -0.6609 -0.6330 -0.4032
vn -1.0000 0.0079 -0.0041
vn -0.9998 0.0208 -0.0059
vn -0.9989 -0.0410 -0.0248
vn -0.7490 -0.6378 -0.1794
vn -0.7832 -0.5670 -0.2552
vn -0.6956 -0.6273 -0.3502
vn -0.7355 -0.6368 -0.2314
vn -0.7681 -0.5548 -0.3196
vn -0.7981 -0.5732 -0.1854
vn -0.8495 -0.4963 -0.1788
vn -0.7832 -0.5907 -0.1942
vn -0.7854 -0.6114 -0.0969
vn -0.7986 -0.5740 -0.1807
vn -0.7841 -0.5938 -0.1805
vn -0.1534 0.2758 0.9489
vn -0.1435 0.3161 0.9378
vn -0.1679 0.3603 0.9176
vn -0.1677 0.3593 0.9180
vn -0.7820 -0.6151 -0.1007
vn -0.7542 -0.6500 -0.0935
vn -0.7435 -0.6574 -0.1225
vn 0.5606 0.1971 0.8042
vn 0.6072 0.1988 0.7692
vn 0.5778 0.2144 0.7875
vn -0.8379 -0.5432 0.0531
vn -0.7466 -0.6604 0.0804
vn -0.7930 -0.6087 -0.0250
vn -0.7788 -0.6272 0.0028
vn -0.8506 -0.5150 0.1058
vn -0.7649 -0.6054 0.2200
vn -0.7451 -0.6162 0.2552
vn -0.7436 -0.6481 0.1644
vn -0.7368 -0.6574 0.1580
vn -0.7476 -0.6405 0.1753
vn -0.7401 -0.6469 0.1840
vn -0.7845 -0.5618 0.2626
vn -0.7498 -0.6314 0.1975
vn -0.7245 -0.6166 0.3080
vn -0.5281 -0.4087 0.7444
vn -0.4876 -0.4365 0.7561
vn -0.5037 -0.3507 0.7895
vn -0.4861 -0.4524 0.7477
vn -0.4467 -0.4106 0.7949
vn -0.3707 -0.4264 0.8251
vn -0.4140 -0.3975 0.8189
vn -0.3906 -0.4509 0.8026
vn -0.4135 -0.3973 0.8193
vn -0.3817 -0.4477 0.8086
vn -0.2314 -0.9724 0.0317
vn -0.2330 -0.9724 0.0109
vn -0.1582 -0.9772 0.1418
vn -0.4731 -0.2644 0.8404
vn -0.4402 -0.2570 0.8603
vn -0.4277 -0.3245 0.8436
vn -0.4014 -0.3811 0.8329
vn -0.4107 -0.2407 0.8794
vn -0.4976 -0.3391 0.7984
vn -0.3551 -0.3596 0.8629
vn -0.4212 -0.1689 0.8911
vn -0.3865 -0.3442 0.8557
vn -0.3073 -0.2822 0.9088
vn -0.3041 -0.9238 0.2327
vn -0.3162 -0.9207 0.2289
vn -0.5827 -0.4412 0.6825
vn -0.5829 -0.4963 0.6433
vn -0.5517 -0.5427 0.6334
vn -0.5739 -0.4913 0.6552
vn -0.5355 -0.5332 0.6549
vn -0.7193 -0.6079 0.3363
vn -0.6712 -0.6151 0.4138
vn -0.9384 -0.2648 -0.2219
vn -0.9417 -0.2418 -0.2338
vn -0.6603 -0.6612 0.3561
vn -0.6553 -0.6697 0.3494
vn -0.6617 -0.6596 0.3565
vn -0.1808 -0.9833 -0.0216
vn -0.1793 -0.9835 -0.0226
vn -0.4056 -0.5744 0.7111
vn -0.5381 -0.5491 0.6395
vn -0.5447 -0.4940 0.6777
vn -0.5181 -0.4899 0.7011
vn -0.5305 -0.5144 0.6738
vn -0.5158 -0.4599 0.7228
vn -0.5151 -0.4384 0.7365
vn -0.5034 -0.4772 0.7203
vn -0.4783 -0.5309 0.6995
vn -0.4841 -0.4723 0.7367
vn -0.4491 -0.5231 0.7244
vn -0.4740 -0.4627 0.7491
vn -0.4701 -0.4605 0.7530
vn -0.4628 -0.4628 0.7561
vn -0.5000 -0.4950 0.7106
vn -0.4890 -0.5323 0.6910
vn -0.5038 -0.4949 0.7080
vn -0.5502 -0.4487 0.7042
vn -0.4814 -0.5308 0.6975
vn -0.5184 -0.4319 0.7381
vn -0.4864 -0.4877 0.7250
vn -0.4654 -0.4631 0.7543
vn -0.4628 -0.4588 0.7584
vn -0.4208 -0.4902 0.7633
vn -0.4038 -0.4779 0.7801
vn -0.4753 -0.4440 0.7595
vn 0.0494 0.2325 0.9713
vn -0.0668 0.4308 0.9000
vn -0.0516 0.3982 0.9158
vn -0.3357 -0.4825 0.8090
vn -0.3236 -0.4551 0.8296
vn -0.3172 -0.6546 0.6862
vn -0.2380 -0.6827 0.6908
vn -0.2424 -0.3282 0.9130
vn -0.1039 -0.1177 0.9876
vn 0.0707 0.0627 0.9955
vn -0.1256 -0.9682 0.2164
vn -0.1269 -0.9685 0.2141
vn -0.1795 -0.9809 0.0750
vn -0.1723 -0.9825 0.0709
vn -0.1791 -0.9809 0.0763
vn 0.0189 0.4472 0.8942
vn 0.0598 0.4603 0.8857
vn 0.0199 0.4398 0.8979
vn 0.0590 0.4118 0.9093
vn -0.4533 -0.8913 0.0055
vn -0.1928 -0.9812 -0.0079
vn -0.1919 -0.9814 -0.0058
vn -0.1915 -0.9815 -0.0067
vn 0.7737 -0.4190 0.4753
vn 0.8542 -0.3505 0.3840
vn 0.7842 -0.4059 0.4694
vn -0.1927 0.8560 -0.4797
vn -0.0352 0.8766 -0.4799
vn 0.9380 -0.2180 0.2694
vn 0.9265 -0.2848 0.2461
vn 0.9210 -0.3191 0.2234
vn 0.9463 -0.2852 0.1525
vn -0.0283 0.7582 0.6514
vn 0.0354 0.7707 0.6362
vn -0.0572 0.8065 0.5885
vn -0.0650 0.8422 0.5353
vn -0.0429 0.8394 0.5419
vn -0.0603 0.8743 0.4817
vn -0.3904 -0.9150 0.1020
vn -0.4316 -0.8883 0.1569
vn -0.4351 -0.8958 0.0910
vn 0.5282 0.8424 0.1065
vn 0.4032 0.9026 0.1508
vn -0.1302 0.8694 0.4766
vn -0.0267 0.8846 0.4656
vn -0.0432 0.8875 0.4587
vn -0.2155 0.8282 0.5174
vn -0.0693 0.8696 0.4889
vn -0.1987 0.8784 0.4346
vn -0.2172 0.9116 0.3489
vn -0.1471 0.9079 0.3926
vn -0.1379 0.9401 0.3119
vn -0.0802 0.9178 0.3888
vn -0.0855 0.9098 0.4062
vn -0.1734 0.9337 0.3134
vn -0.2957 0.8524 0.4313
vn -0.2373 0.8780 0.4157
vn -0.2968 0.8875 0.3523
vn -0.3330 0.8335 0.4409
vn -0.1546 0.8318 0.5331
vn -0.3930 0.9027 0.1750
vn -0.3771 0.9010 0.2144
vn -0.2801 0.9409 0.1905
vn -0.2648 0.9002 0.3457
vn -0.2304 0.8871 0.4001
vn -0.2301 0.8885 0.3969
vn -0.2440 0.9139 0.3245
vn -0.1601 0.9251 0.3442
vn -0.1559 0.9316 0.3283
vn 0.1783 0.9288 0.3250
vn 0.2291 0.9266 0.2981
vn 0.1909 0.9389 0.2864
vn -0.5068 0.8590 0.0733
vn -0.4117 0.9072 0.0865
vn -0.4442 0.8949 -0.0427
vn -0.3444 0.9387 0.0175
vn -0.4159 0.9088 -0.0325
vn 0.0508 -0.7113 0.7010
vn -0.1687 -0.9507 0.2602
vn -0.1647 -0.9543 0.2495
vn -0.3754 0.9165 -0.1379
vn -0.3294 0.9329 -0.1455
vn -0.3365 0.9297 -0.1496
vn -0.4060 0.8970 -0.1748
vn -0.3834 0.9039 -0.1898
vn -0.3828 0.9125 -0.1442
vn -0.3834 0.8335 -0.3978
vn 0.5248 -0.4719 0.7084
vn 0.5446 -0.4786 0.6887
vn -0.4313 0.7719 -0.4671
vn -0.2512 0.7302 -0.6354
vn -0.3340 -0.0237 -0.9423
vn -0.2811 0.0038 -0.9597
vn -0.2799 -0.0997 -0.9549
vn -0.2382 -0.0338 -0.9706
vn -0.1823 -0.0757 -0.9803
vn -0.3673 -0.0877 -0.9260
vn -0.4111 -0.1912 -0.8913
vn -0.5408 -0.1911 -0.8192
vn -0.5066 -0.1423 -0.8504
vn -0.4484 -0.2837 -0.8476
vn -0.4229 -0.2661 -0.8662
vn -0.4946 -0.1918 -0.8477
vn -0.4746 -0.1511 -0.8671
vn -0.4035 -0.2834 -0.8700
vn -0.3980 -0.2531 -0.8818
vn -0.3751 -0.2155 -0.9016
vn -0.1244 0.3610 -0.9242
vn -0.2343 0.1782 -0.9557
vn -0.1079 0.1036 -0.9888
vn -0.1902 0.5437 -0.8174
vn 0.1760 0.7064 -0.6855
vn -0.3487 0.3013 -0.8875
vn -0.3245 0.3474 -0.8798
vn -0.3431 0.2427 -0.9074
vn -0.0712 0.6889 -0.7213
vn -0.0867 0.7479 -0.6581
vn -0.1136 0.7178 -0.6869
vn -0.0791 0.7171 -0.6924
vn -0.0300 0.6966 -0.7168
vn 0.0111 0.7108 -0.7033
vn 0.0150 0.7026 -0.7114
vn 0.0896 -0.9742 0.2073
vn -0.4738 -0.3332 -0.8152
vn -0.4543 -0.3554 -0.8169
vn -0.4772 -0.3336 -0.8130
vn -0.4026 -0.3329 -0.8527
vn -0.4755 -0.3611 -0.8022
vn -0.3506 -0.3241 -0.8786
vn -0.4021 -0.3426 -0.8491
vn -0.4358 -0.3517 -0.8285
vn -0.3924 -0.3969 -0.8298
vn 0.0016 -0.9423 0.3347
vn 0.0382 -0.9568 0.2882
vn 0.0261 -0.9469 0.3203
vn 0.0210 -0.9526 0.3034
vn -0.4639 -0.3337 -0.8206
vn -0.4936 -0.3667 -0.7886
vn -0.5721 -0.3175 -0.7562
vn -0.5529 -0.4654 -0.6912
vn -0.5393 -0.4040 -0.7389
vn -0.5348 -0.4121 -0.7377
vn -0.5394 -0.4944 -0.6816
vn -0.1823 0.9571 -0.2250
vn -0.1647 0.9756 -0.1450
vn -0.4746 -0.4200 -0.7735
vn -0.6069 -0.4857 -0.6291
vn -0.5517 -0.4752 -0.6854
vn -0.4870 -0.5321 -0.6926
vn 0.6135 -0.5447 -0.5717
vn 0.6346 -0.4857 -0.6012
vn 0.7033 -0.4717 -0.5319
vn -0.4955 -0.5929 -0.6348
vn -0.6657 -0.5021 -0.5521
vn -0.5890 -0.5459 -0.5959
vn -0.5747 -0.5592 -0.5975
vn -0.5953 -0.5493 -0.5864
vn -0.5841 -0.5650 -0.5828
vn 0.0997 0.9375 0.3333
vn 0.1146 0.9402 0.3208
vn 0.0383 0.9420 0.3335
vn 0.0990 0.9275 0.3605
vn -0.6301 -0.5459 -0.5522
vn -0.6272 -0.5260 -0.5745
vn -0.6193 -0.5859 -0.5227
vn -0.6016 -0.6307 -0.4902
vn -0.6206 -0.6560 -0.4296
vn -0.6250 -0.6264 -0.4657
vn -0.5876 -0.6396 -0.4957
vn -0.6360 -0.6259 -0.4514
vn -0.6142 -0.6635 -0.4272
vn -0.7675 -0.6017 -0.2210
vn -0.7288 -0.6321 -0.2633
vn -0.6743 -0.6942 -0.2519
vn -0.7332 -0.6324 -0.2500
vn -0.6957 -0.6628 -0.2769
vn -0.7543 -0.6343 -0.1693
vn -0.7249 -0.6887 -0.0131
vn -0.6832 -0.7110 -0.1664
vn -0.8001 -0.1800 0.5723
vn -0.7857 -0.1926 0.5879
vn -0.6990 -0.7142 -0.0358
vn -0.7276 -0.6854 -0.0289
vn 0.7930 0.2483 -0.5563
vn 0.8008 0.2585 -0.5403
vn 0.8001 0.3113 -0.5128
vn 0.8357 0.2477 -0.4901
vn -0.7207 -0.6742 0.1613
vn -0.7153 -0.6693 0.2009
vn -0.7487 -0.5939 0.2946
vn -0.4563 -0.4188 0.7851
vn -0.4447 -0.4311 0.7851
vn -0.3637 -0.4200 0.8314
vn -0.3766 -0.3997 0.8357
vn -0.3538 -0.3432 0.8701
vn -0.2927 -0.4016 0.8678
vn -0.2977 -0.4524 0.8406
vn -0.4221 -0.4379 0.7937
vn -0.3730 -0.2624 0.8900
vn -0.3461 -0.2798 0.8955
vn -0.3255 -0.3342 0.8845
vn -0.2418 -0.1576 0.9574
vn -0.2009 -0.3127 0.9283
vn -0.2601 -0.4062 0.8760
vn -0.1875 -0.3757 0.9076
vn -0.2226 -0.2991 0.9279
vn -0.2411 -0.3939 0.8870
vn -0.5240 -0.4994 0.6900
vn -0.7116 -0.6416 0.2862
vn -0.7051 -0.6478 0.2883
vn -0.6967 -0.6771 0.2369
vn -0.6891 -0.6886 0.2258
vn -0.3741 -0.6815 0.6289
vn 0.1761 -0.9528 0.2474
vn 0.1772 -0.9535 0.2437
vn -0.3310 -0.5199 0.7875
vn -0.3948 -0.5618 0.7270
vn -0.3773 -0.5717 0.7286
vn -0.3023 -0.5402 0.7854
vn -0.5137 -0.4211 0.7475
vn -0.4152 -0.4732 0.7770
vn -0.4155 -0.4416 0.7952
vn -0.4218 -0.4740 0.7729
vn -0.4350 -0.4420 0.7845
vn -0.4734 -0.5274 0.7055
vn 0.1758 0.4274 0.8868
vn 0.2360 0.3988 0.8862
vn 0.2950 0.4496 0.8431
vn -0.5072 -0.4175 0.7540
vn -0.4723 -0.4739 0.7433
vn -0.4384 -0.4707 0.7657
vn -0.4620 -0.4407 0.7696
vn -0.4013 -0.4710 0.7856
vn -0.0828 0.9069 0.4132
vn -0.0810 0.9130 0.3999
vn 0.0306 0.8334 0.5518
vn 0.0825 0.9082 0.4104
vn -0.4517 -0.4409 0.7757
vn 0.1009 0.3430 0.9339
vn 0.0301 0.2302 0.9727
vn 0.1322 0.2438 0.9608
vn 0.4318 -0.4048 -0.8061
vn 0.4355 -0.3221 -0.8406
vn 0.4485 -0.3427 -0.8255
vn 0.0768 0.3670 0.9271
vn 0.0606 0.2448 0.9677
vn 0.1078 0.3278 0.9386
vn 0.6970 -0.6635 0.2720
vn -0.1396 -0.1122 0.9838
vn -0.1513 -0.2137 0.9651
vn -0.0802 -0.1396 0.9870
vn -0.1389 -0.2249 0.9644
vn 0.0607 -0.1962 0.9787
vn -0.0048 -0.2376 0.9713
vn -0.0116 -0.2490 0.9684
vn 0.0912 -0.2352 0.9677
vn 0.1809 0.0714 0.9809
vn 0.2254 0.0471 0.9731
vn 0.1478 0.1056 0.9834
vn -0.0576 -0.2442 0.9680
vn -0.0822 -0.3195 0.9440
vn -0.0515 -0.2458 0.9680
vn -0.0264 -0.2411 0.9701
vn 0.2264 0.0568 0.9724
vn 0.2998 0.5131 0.8043
vn 0.2036 0.5515 0.8090
vn 0.1543 0.5465 0.8231
vn 0.2698 0.5591 0.7839
vn 0.2440 0.5164 0.8209
vn 0.1621 -0.9515 0.2613
vn 0.1187 -0.9396 0.3210
vn 0.1425 -0.9429 0.3011
vn 0.1776 0.5334 0.8270
vn 0.1783 0.4545 0.8727
vn 0.2146 0.4870 0.8466
vn 0.0010 0.6960 0.7180
vn -0.0324 0.8085 0.5876
vn 0.0251 0.7802 0.6251
vn 0.0119 0.8151 0.5792
vn 0.0097 0.8277 0.5610
vn 0.0385 0.7869 0.6159
vn 0.0377 0.8025 0.5955
vn 0.0434 0.8356 0.5477
vn 0.0400 0.8474 0.5294
vn 0.0435 0.8311 0.5545
vn 0.0395 0.8463 0.5313
vn -0.0829 -0.9960 0.0328
vn -0.0966 -0.9945 0.0394
vn -0.1013 -0.9944 0.0290
vn -0.0974 -0.9951 0.0174
vn -0.0269 0.8981 0.4389
vn 0.0481 0.8895 0.4544
vn 0.1336 0.9062 0.4013
vn -0.6056 -0.7411 0.2900
vn -0.1488 0.9130 0.3799
vn -0.1379 0.9127 0.3846
vn -0.1199 0.9432 0.3098
vn -0.0387 -0.9916 0.1235
vn -0.0412 -0.9916 0.1230
vn -0.0425 -0.9929 0.1114
vn 0.6923 -0.3169 0.6483
vn 0.6579 -0.3111 0.6859
vn 0.6439 -0.3110 0.6991
vn 0.6225 -0.3473 0.7013
vn -0.2275 0.9555 0.1881
vn -0.3328 0.9280 0.1672
vn 0.4364 0.8524 0.2879
vn -0.3585 0.9318 0.0562
vn -0.3557 0.9332 0.0513
vn -0.3486 0.9373 0.0050
vn -0.3908 0.9191 0.0512
vn -0.3277 0.9432 -0.0543
vn 0.7620 -0.6475 0.0086
vn 0.7126 -0.6469 0.2716
vn -0.2815 0.9551 -0.0922
vn -0.3184 0.9467 -0.0496
vn -0.3082 0.9502 -0.0467
vn 0.0355 0.9367 -0.3484
vn 0.0635 0.9449 -0.3210
vn 0.0364 0.9663 -0.2548
vn -0.3592 0.9212 -0.1499
vn -0.3327 0.9203 -0.2060
vn -0.3011 0.9368 -0.1781
vn -0.4125 0.8576 -0.3072
vn -0.3608 0.8823 -0.3023
vn -0.3381 0.8813 -0.3301
vn -0.3242 0.8793 -0.3489
vn -0.3143 0.8820 -0.3512
vn -0.3276 0.9071 -0.2641
vn -0.2743 0.8894 -0.3657
vn -0.2799 0.8844 -0.3736
vn -0.2511 0.9094 -0.3315
vn -0.2196 0.8809 -0.4193
vn -0.2154 0.8591 -0.4644
vn -0.2818 0.8676 -0.4096
vn -0.2408 0.8699 -0.4304
vn -0.3083 0.8528 -0.4215
vn -0.2544 0.8742 -0.4136
vn -0.2610 0.8487 -0.4600
vn -0.2433 0.8109 -0.5323
vn -0.2703 -0.8578 0.4371
vn -0.2365 -0.8581 0.4557
vn -0.2752 -0.8472 0.4545
vn -0.2204 0.8046 -0.5514
vn -0.2284 -0.1300 -0.9649
vn -0.1701 -0.1438 -0.9749
vn -0.1778 -0.0651 -0.9819
vn -0.1302 -0.1084 -0.9856
vn -0.1687 -0.0631 -0.9836
vn -0.1482 -0.1399 -0.9790
vn -0.1300 -0.0496 -0.9903
vn 0.0108 -0.0433 -0.9990
vn -0.1015 -0.1000 -0.9898
vn 0.4554 -0.4302 0.7794
vn 0.5038 -0.4751 0.7215
vn -0.4430 -0.2151 -0.8704
vn -0.3506 -0.2461 -0.9036
vn -0.3830 -0.2850 -0.8787
vn -0.3885 -0.2534 -0.8859
vn -0.4350 -0.3415 -0.8332
vn -0.3552 -0.2799 -0.8919
vn -0.4419 -0.3242 -0.8364
vn -0.5065 -0.3512 -0.7875
vn -0.4705 -0.2801 -0.8368
vn -0.4539 -0.3313 -0.8272
vn -0.3883 -0.3249 -0.8624
vn -0.3865 -0.2530 -0.8869
vn -0.3572 -0.2655 -0.8955
vn -0.1126 -0.2507 0.9615
vn -0.1154 -0.2482 0.9618
vn -0.0659 -0.2452 0.9672
vn -0.0474 0.3248 -0.9446
vn -0.1030 0.2950 -0.9499
vn 0.0204 0.2325 -0.9724
vn 0.0202 0.3250 -0.9455
vn 0.0373 0.2321 -0.9720
vn -0.0320 0.2379 -0.9708
vn 0.0208 0.8796 0.4752
vn 0.0728 0.2027 -0.9765
vn 0.0663 0.2314 -0.9706
vn 0.0151 0.2298 -0.9731
vn -0.0411 0.1835 -0.9822
vn 0.0114 0.2139 -0.9768
vn 0.0848 0.1351 -0.9872
vn -0.0408 0.1239 -0.9915
vn -0.1626 0.1713 -0.9717
vn 0.0159 0.1209 -0.9925
vn -0.0166 0.0156 -0.9997
vn 0.0572 0.1734 -0.9832
vn -0.0736 0.2828 -0.9564
vn 0.0044 0.2654 -0.9641
vn -0.0161 0.1820 -0.9832
vn 0.0098 0.2562 -0.9666
vn 0.0153 0.2385 -0.9710
vn -0.0239 0.2767 -0.9607
vn -0.1762 0.0451 -0.9833
vn -0.0612 0.0959 -0.9935
vn 0.0119 0.0702 -0.9975
vn -0.0678 0.0806 -0.9944
vn -0.0510 0.1162 -0.9919
vn -0.0317 0.0122 -0.9994
vn -0.0326 0.5855 -0.8100
vn 0.8204 -0.0857 -0.5653
vn 0.8680 -0.1719 -0.4659
vn 0.1425 0.4430 -0.8851
vn 0.1127 0.4958 -0.8611
vn -0.1169 0.8248 -0.5532
vn -0.1281 0.7851 -0.6060
vn 0.0004 0.7480 -0.6637
vn 0.8018 -0.0295 0.5968
vn 0.7609 -0.0715 0.6449
vn -0.0971 -0.4982 0.8616
vn -0.0708 -0.5373 0.8404
vn -0.0371 -0.4959 0.8676
vn -0.3547 -0.3930 -0.8484
vn -0.3898 -0.3346 -0.8580
vn -0.3895 -0.2832 -0.8764
vn -0.4130 -0.3378 -0.8458
vn -0.3997 -0.4321 -0.8084
vn -0.3820 -0.3895 -0.8381
vn -0.3588 -0.4067 -0.8401
vn -0.3951 -0.3779 -0.8373
vn -0.4266 -0.4186 -0.8017
vn -0.5372 -0.4096 -0.7373
vn -0.4891 -0.4109 -0.7694
vn -0.4849 -0.4951 -0.7209
vn -0.5049 -0.4554 -0.7333
vn -0.4814 -0.3817 -0.7890
vn -0.4827 -0.4641 -0.7427
vn -0.5025 -0.4800 -0.7191
vn -0.4583 -0.5441 -0.7028
vn -0.5463 -0.4775 -0.6881
vn -0.5363 -0.5439 -0.6454
vn -0.4597 -0.5054 -0.7303
vn -0.5306 -0.5894 -0.6091
vn -0.5898 -0.5525 -0.5890
vn -0.6394 -0.5830 -0.5014
vn -0.5998 -0.5232 -0.6055
vn -0.6059 -0.5563 -0.5688
vn -0.6464 -0.5771 -0.4992
vn 0.6533 -0.4282 -0.6244
vn 0.7525 -0.4011 -0.5224
vn 0.7229 -0.2291 -0.6519
vn -0.5791 -0.6948 -0.4264
vn -0.5933 -0.6766 -0.4360
vn -0.6839 -0.6399 -0.3503
vn -0.7368 -0.6381 -0.2235
vn -0.6962 -0.6327 -0.3392
vn -0.7008 -0.6796 -0.2168
vn -0.7539 -0.6161 -0.2282
vn -0.6908 -0.6468 -0.3232
vn -0.7325 -0.6546 -0.1871
vn -0.7827 -0.5559 -0.2801
vn -0.6460 -0.7215 -0.2490
vn -0.7347 -0.6419 -0.2195
vn -0.6874 -0.7220 0.0789
vn -0.7148 -0.6447 -0.2710
vn -0.7078 -0.6810 -0.1878
vn 0.9396 0.3047 -0.1557
vn 0.9616 0.2579 -0.0933
vn 0.9823 0.1650 -0.0893
vn 0.9527 0.2059 -0.2236
vn -0.5183 -0.7783 -0.3545
vn -0.5594 -0.7591 -0.3328
vn -0.5472 -0.7749 -0.3164
vn -0.6396 -0.7625 -0.0975
vn -0.6054 -0.7848 -0.1330
vn -0.7332 -0.6753 -0.0796
vn -0.7131 -0.6809 0.1670
vn -0.3238 -0.4361 0.8396
vn -0.3546 -0.4395 0.8253
vn -0.3525 -0.4385 0.8267
vn -0.3358 -0.5205 0.7851
vn -0.3263 -0.4300 0.8418
vn -0.3436 -0.4367 0.8314
vn -0.2651 -0.4084 0.8735
vn -0.2875 -0.3677 0.8844
vn -0.3806 -0.3977 0.8349
vn -0.3366 -0.4365 0.8344
vn -0.3650 -0.4905 0.7913
vn -0.2788 -0.4249 0.8612
vn -0.3285 -0.4114 0.8502
vn -0.2742 -0.3629 0.8906
vn -0.2415 -0.3074 0.9204
vn -0.2144 -0.4104 0.8863
vn -0.1951 -0.3873 0.9011
vn -0.1933 -0.3146 0.9293
vn -0.1194 -0.3334 0.9352
vn -0.1254 -0.3686 0.9211
vn -0.2346 -0.2846 0.9295
vn -0.2585 -0.3622 0.8955
vn -0.1767 -0.4031 0.8979
vn 0.9369 0.0307 0.3483
vn 0.9353 -0.0390 0.3517
vn 0.9485 -0.0512 0.3128
vn -0.4267 -0.6902 0.5844
vn -0.2436 -0.7226 0.6470
vn -0.3314 -0.6980 0.6348
vn -0.2576 -0.7378 0.6240
vn -0.3339 -0.7029 0.6280
vn -0.2551 -0.7336 0.6298
vn -0.3403 -0.6554 0.6743
vn -0.3183 -0.6996 0.6397
vn -0.2228 0.7692 0.5989
vn -0.2115 0.7917 0.5731
vn -0.1243 0.8006 0.5861
vn -0.2307 0.7924 0.5646
vn -0.3090 -0.6803 0.6646
vn 0.3985 0.4996 -0.7692
vn -0.3483 -0.4540 0.8201
vn -0.3329 -0.4747 0.8147
vn -0.2721 -0.4833 0.8321
vn -0.3450 -0.4729 0.8107
vn -0.3488 -0.4161 0.8398
vn -0.4812 -0.4686 0.7408
vn -0.3127 -0.4065 0.8584
vn -0.4370 -0.5257 0.7299
vn -0.4018 -0.4707 0.7855
vn -0.4263 -0.3660 0.8272
vn -0.4004 -0.4593 0.7929
vn -0.3920 -0.4894 0.7790
vn -0.3840 -0.3956 0.8343
vn -0.4300 -0.3929 0.8129
vn -0.3935 -0.4675 0.7916
vn -0.3210 -0.4771 0.8181
vn -0.3724 -0.4540 0.8094
vn -0.3552 -0.4822 0.8008
vn 0.2646 0.3131 0.9121
vn 0.1911 0.5051 0.8416
vn 0.2022 0.3898 0.8984
vn 0.2856 0.3351 0.8979
vn -0.0275 -0.2418 0.9699
vn 0.0550 -0.2328 0.9710
vn -0.0082 -0.2466 0.9691
vn 0.2472 -0.9617 0.1188
vn 0.2360 -0.9634 0.1274
vn 0.0144 -0.2430 0.9699
vn 0.1136 -0.2085 0.9714
vn 0.1777 -0.2600 0.9491
vn 0.7772 0.5994 0.1913
vn -0.7371 0.6492 0.1875
vn 0.1478 -0.1396 0.9791
vn 0.1870 -0.1784 0.9660
vn 0.1469 -0.1458 0.9784
vn 0.2373 -0.1589 0.9583
vn -0.2010 -0.9401 -0.2752
vn -0.1948 -0.9322 -0.3051
vn -0.1409 -0.9392 -0.3131
vn 0.3138 0.2336 0.9203
vn 0.2783 0.1970 0.9401
vn 0.3346 0.1225 0.9344
vn 0.3135 0.2213 0.9234
vn 0.3232 0.1894 0.9272
vn 0.3745 0.1588 0.9135
vn 0.3235 0.1137 0.9394
vn 0.3898 0.0911 0.9164
vn 0.3258 0.2388 0.9148
vn 0.3838 0.2606 0.8859
vn 0.2489 0.5646 0.7869
vn 0.2942 0.5800 0.7596
vn 0.3497 0.5533 0.7560
vn 0.3093 0.5240 0.7936
vn 0.3429 0.5016 0.7942
vn 0.3104 0.5693 0.7613
vn 0.1060 0.5862 0.8032
vn 0.1475 0.5943 0.7906
vn 0.0591 0.6176 0.7843
vn 0.1638 0.5747 0.8018
vn 0.0986 0.6788 0.7276
vn 0.0664 0.5549 0.8292
vn 0.3217 0.5205 0.7910
vn 0.3275 0.5014 0.8008
vn 0.3819 0.4712 0.7951
vn 0.2304 -0.7239 0.6503
vn 0.1436 0.6720 0.7265
vn 0.1733 0.6747 0.7174
vn 0.4600 -0.6089 0.6462
vn 0.1671 0.8334 0.5269
vn 0.0906 0.8821 0.4623
vn -0.2215 -0.9675 0.1222
vn -0.2397 -0.9654 0.1024
vn -0.2174 -0.9692 0.1154
vn -0.1804 -0.9738 0.1383
vn 0.0839 -0.9703 0.2268
vn 0.0824 -0.9705 0.2264
vn 0.0807 -0.9710 0.2252
vn 0.0881 -0.9706 0.2240
vn -0.1245 0.9376 0.3246
vn -0.1277 0.9392 0.3187
vn -0.0982 0.9109 0.4008
vn -0.2667 0.9196 0.2885
vn -0.2685 0.9332 0.2387
vn -0.2398 0.9334 0.2669
vn -0.1936 0.9502 0.2444
vn -0.2312 0.9436 0.2370
vn -0.2828 0.9413 0.1845
vn -0.3032 0.9341 0.1886
vn -0.3222 0.9401 0.1116
vn -0.2692 0.9608 0.0661
vn -0.3064 0.9514 -0.0319
vn -0.2555 0.9653 -0.0533
vn -0.2250 0.9714 0.0754
vn -0.2511 0.9628 0.0996
vn -0.0996 0.9900 0.1002
vn -0.0996 0.9877 0.1209
vn -0.0900 0.9909 0.0997
vn -0.0879 0.9888 0.1203
vn -0.0387 0.9950 0.0922
vn -0.0350 0.9930 0.1127
vn -0.1320 0.9605 0.2448
vn -0.0124 0.9941 0.1079
vn 0.0081 0.9970 0.0768
vn 0.0050 0.9966 0.0824
vn 0.0129 0.9947 0.1017
vn 0.0104 0.9946 0.1036
vn -0.0618 -0.9933 0.0978
vn 0.0055 0.9983 0.0581
vn 0.0198 0.9989 0.0429
vn -0.2397 0.9665 -0.0915
vn -0.2326 0.9676 -0.0980
vn -0.2332 0.9672 -0.1005
vn -0.0018 0.9989 0.0470
vn -0.2057 0.9648 -0.1636
vn -0.1260 -0.9558 0.2658
vn -0.1260 -0.9559 0.2652
vn -0.2438 0.9481 -0.2043
vn -0.2864 0.9302 -0.2294
vn -0.2468 0.9392 -0.2387
vn -0.2890 0.9278 -0.2358
vn 0.6259 0.3440 0.6999
vn 0.5412 0.3660 0.7571
vn -0.2675 0.8941 -0.3592
vn -0.2487 0.8939 -0.3731
vn -0.1353 -0.8217 -0.5536
vn -0.1075 -0.7764 -0.6210
vn -0.1922 0.8662 -0.4613
vn -0.1662 0.9162 -0.3646
vn -0.2360 0.9050 -0.3541
vn -0.2646 0.8761 -0.4030
vn -0.2007 0.7986 -0.5673
vn -0.2178 0.8161 -0.5354
vn -0.2130 0.8178 -0.5347
vn -0.1468 0.8757 -0.4600
vn -0.1862 0.8676 -0.4610
vn -0.1554 0.8874 -0.4340
vn -0.0860 0.8457 -0.5267
vn 0.0341 -0.0917 -0.9952
vn -0.1120 -0.1153 -0.9870
vn -0.0671 -0.1196 -0.9905
vn -0.1100 -0.1931 -0.9750
vn -0.0563 -0.1329 -0.9895
vn -0.0979 -0.2023 -0.9744
vn -0.0537 -0.1351 -0.9894
vn -0.7816 0.0343 0.6228
vn -0.7253 -0.0004 0.6885
vn -0.7899 0.1069 0.6039
vn 0.0109 0.0183 -0.9998
vn 0.0729 -0.0233 -0.9971
vn 0.0477 -0.0472 -0.9977
vn 0.0742 -0.0330 -0.9967
vn 0.1018 -0.0496 -0.9936
vn 0.1206 -0.0658 -0.9905
vn 0.0110 -0.0041 -0.9999
vn 0.0723 -0.0210 -0.9972
vn -0.2969 -0.1628 -0.9409
vn -0.2059 -0.2550 -0.9448
vn -0.2713 -0.1837 -0.9448
vn -0.2877 -0.2179 -0.9326
vn -0.2128 -0.2657 -0.9403
vn -0.1708 -0.2701 -0.9476
vn -0.2279 -0.2996 -0.9264
vn -0.3219 -0.3373 -0.8847
vn -0.2305 -0.2814 -0.9315
vn -0.3817 -0.2426 -0.8919
vn -0.3182 -0.2611 -0.9113
vn -0.3305 -0.3497 -0.8766
vn 0.0867 -0.5153 0.8526
vn 0.0319 -0.5206 0.8532
vn -0.3732 -0.2573 -0.8914
vn -0.3491 -0.3208 -0.8804
vn 0.1044 0.2495 -0.9627
vn 0.0951 0.3997 -0.9117
vn 0.0613 0.2251 -0.9724
vn 0.0755 0.5048 -0.8599
vn 0.1427 0.5523 -0.8214
vn 0.2047 0.5602 -0.8027
vn 0.2363 0.5150 -0.8240
vn -0.1213 0.8461 -0.5190
vn 0.1014 0.8261 -0.5543
vn 0.0595 0.8592 -0.5082
vn 0.0553 0.9036 -0.4248
vn 0.0739 0.8222 -0.5644
vn 0.0844 0.8493 -0.5212
vn 0.1676 0.8169 -0.5519
vn 0.0891 0.8691 -0.4865
vn 0.0222 0.7911 -0.6113
vn 0.1376 0.8357 -0.5317
vn 0.2551 0.7421 -0.6199
vn 0.0693 0.8085 -0.5844
vn 0.1548 0.7931 -0.5891
vn 0.6632 -0.6084 -0.4359
vn 0.1946 0.6165 -0.7629
vn 0.2234 0.6345 -0.7399
vn 0.3086 0.6032 -0.7355
vn 0.2236 0.6351 -0.7393
vn 0.2241 0.6707 -0.7070
vn 0.2988 0.5861 -0.7532
vn -0.3401 -0.4394 -0.8314
vn -0.3260 -0.3907 -0.8609
vn -0.2787 -0.4182 -0.8646
vn -0.3021 -0.3936 -0.8682
vn -0.3105 -0.3947 -0.8648
vn -0.3062 -0.4477 -0.8401
vn -0.3192 -0.4455 -0.8364
vn -0.3492 -0.4751 -0.8077
vn 0.2555 -0.8138 0.5219
vn 0.2622 -0.8397 0.4756
vn 0.2207 -0.8653 0.4500
vn -0.4154 -0.4605 -0.7844
vn -0.3873 -0.5098 -0.7682
vn -0.4274 -0.5051 -0.7498
vn -0.4597 -0.5333 -0.7101
vn -0.3688 -0.4830 -0.7941
vn -0.4228 -0.4936 -0.7600
vn -0.4050 -0.5282 -0.7463
vn -0.5022 -0.4652 -0.7289
vn -0.4455 -0.5921 -0.6715
vn -0.4443 -0.5276 -0.7240
vn -0.4187 -0.5405 -0.7298
vn -0.4974 -0.5987 -0.6278
vn -0.5569 -0.5738 -0.6005
vn -0.5490 -0.5521 -0.6276
vn -0.5564 -0.6126 -0.5614
vn -0.5494 -0.6373 -0.5404
vn -0.4751 -0.5967 -0.6467
vn -0.5197 -0.5993 -0.6089
vn -0.4945 -0.6241 -0.6049
vn -0.6462 -0.6395 -0.4164
vn -0.6007 -0.6287 -0.4939
vn -0.5719 -0.6473 -0.5039
vn -0.6022 -0.6296 -0.4908
vn -0.5792 -0.6560 -0.4839
vn -0.6111 -0.6314 -0.4774
vn -0.6099 -0.6699 -0.4233
vn -0.5113 -0.6725 -0.5351
vn -0.5626 -0.6896 -0.4560
vn -0.6792 -0.7225 -0.1291
vn -0.7102 -0.6756 -0.1976
vn -0.6288 -0.7501 -0.2049
vn -0.6864 -0.6700 -0.2827
vn -0.5612 -0.8001 -0.2117
vn -0.5480 -0.8225 -0.1524
vn -0.5583 -0.8024 -0.2108
vn -0.5297 -0.8272 -0.1875
vn -0.4893 -0.8715 -0.0341
vn 0.9562 0.2209 -0.1921
vn 0.9636 0.2291 -0.1378
vn 0.9588 0.2615 -0.1114
vn 0.9726 0.1917 -0.1312
vn -0.6048 -0.7874 -0.1192
vn -0.5457 -0.8361 -0.0569
vn -0.6049 -0.7906 -0.0949
vn -0.7257 -0.6711 0.1517
vn -0.6633 -0.7285 0.1711
vn -0.6327 -0.7338 0.2475
vn -0.3780 -0.5035 0.7769
vn -0.3801 -0.5102 0.7715
vn -0.2774 -0.4804 0.8320
vn 0.2787 0.8447 -0.4570
vn 0.2615 0.8622 -0.4339
vn -0.3386 -0.4803 0.8091
vn -0.1924 -0.4059 0.8934
vn -0.3176 -0.4293 0.8455
vn -0.1869 -0.4096 0.8929
vn -0.2243 -0.4161 0.8812
vn -0.2499 -0.4782 0.8419
vn -0.1823 -0.3296 0.9264
vn -0.1628 -0.3208 0.9331
vn -0.1274 -0.2505 0.9597
vn -0.1665 -0.3193 0.9329
vn -0.6223 -0.7396 0.2565
vn -0.6415 -0.7476 0.1721
vn -0.1762 -0.9773 0.1177
vn -0.1823 -0.9727 0.1434
vn -0.1891 -0.9678 0.1661
vn -0.1854 -0.9747 0.1248
vn -0.9717 0.2360 -0.0134
vn -0.9701 0.2416 0.0217
vn -0.9667 0.2552 0.0203
vn -0.9809 0.1809 -0.0717
vn -0.1171 -0.9920 0.0480
vn -0.1158 -0.9922 0.0468
vn -0.1162 -0.9920 0.0498
vn 0.6939 -0.7134 -0.0980
vn 0.7073 -0.6996 -0.1014
vn 0.7266 -0.6868 -0.0175
vn 0.6997 -0.7141 -0.0206
vn -0.2166 -0.7452 0.6307
vn -0.0831 -0.7636 0.6404
vn -0.0642 -0.7374 0.6724
vn -0.8725 0.0433 0.4867
vn -0.8697 -0.0560 0.4904
vn -0.8375 -0.0502 0.5442
vn -0.1934 -0.6717 0.7151
vn -0.1611 -0.6896 0.7060
vn -0.6154 -0.7334 -0.2888
vn -0.6289 -0.7192 -0.2953
vn -0.6008 -0.7112 -0.3650
vn -0.5706 -0.7554 -0.3222
vn -0.1699 -0.6543 0.7369
vn -0.1161 -0.6159 0.7792
vn -0.3511 -0.4446 0.8240
vn -0.2774 -0.4679 0.8391
vn -0.2758 -0.4464 0.8512
vn -0.3259 -0.4617 0.8250
vn -0.3669 -0.4210 0.8295
vn 0.5968 -0.6102 -0.5210
vn 0.5850 -0.4937 -0.6435
vn 0.5972 -0.5481 -0.5856
vn 0.6336 -0.5224 -0.5707
vn -0.1162 -0.2919 0.9494
vn 0.0304 -0.3307 0.9432
vn 0.1526 -0.2357 0.9598
vn 0.0782 -0.2964 0.9519
vn 0.1190 -0.3165 0.9411
vn -0.2263 0.9694 0.0952
vn 0.2276 -0.1609 0.9604
vn 0.4261 -0.0510 0.9032
vn 0.3760 0.0030 0.9266
vn 0.3572 0.0800 0.9306
vn 0.3908 -0.0489 0.9192
vn 0.4387 0.0131 0.8986
vn 0.4357 0.3045 0.8470
vn 0.3696 0.2721 0.8884
vn 0.4939 0.1030 0.8634
vn 0.4845 0.0925 0.8699
vn 0.3738 0.0619 0.9255
vn 0.4793 0.0045 0.8776
vn 0.4130 0.1056 0.9046
vn 0.4291 0.0376 0.9025
vn 0.4826 -0.0102 0.8758
vn 0.4952 0.0192 0.8686
vn 0.4307 0.0493 0.9011
vn 0.4060 -0.0096 0.9138
vn 0.4966 0.0647 0.8655
vn 0.4744 0.3746 0.7966
vn 0.1923 0.5758 0.7946
vn 0.3431 0.5115 0.7878
vn 0.3300 0.4994 0.8010
vn 0.3734 0.4114 0.8314
vn -0.4106 0.5502 0.7271
vn -0.3802 0.5536 0.7410
vn -0.4336 0.5790 0.6905
vn 0.4210 0.6404 0.6425
vn 0.3356 0.6400 0.6912
vn 0.3197 0.6310 0.7068
vn 0.4102 0.6473 0.6424
vn 0.2367 0.7225 0.6496
vn 0.4610 -0.8707 0.1714
vn 0.4180 -0.8849 0.2053
vn 0.0826 0.8295 0.5523
vn 0.1933 0.8303 0.5227
vn 0.2146 0.8437 0.4921
vn 0.1871 0.8529 0.4875
vn 0.1100 0.8951 0.4321
vn 0.0816 0.8657 0.4938
vn 0.1943 0.8457 0.4971
vn 0.0744 0.9101 0.4076
vn 0.1159 0.8974 0.4258
vn 0.1015 0.9079 0.4066
vn 0.0977 0.9255 0.3659
vn 0.2186 0.9186 0.3293
vn 0.0725 0.9115 0.4049
vn 0.1629 0.9097 0.3819
vn -0.1532 0.9296 0.3351
vn 0.3599 -0.0669 -0.9306
vn 0.3346 0.0027 -0.9424
vn -0.0242 0.9396 0.3415
vn -0.1529 -0.8956 -0.4178
vn -0.1402 0.9185 0.3698
vn -0.0270 0.9410 0.3372
vn 0.8525 0.3229 0.4111
vn -0.2107 0.9488 0.2352
vn -0.2638 0.9478 0.1789
vn -0.2338 0.9529 0.1931
vn -0.2233 0.9559 0.1908
vn -0.2386 0.9570 0.1652
vn -0.2386 0.9669 0.0899
vn -0.2570 0.9625 0.0870
vn -0.9806 -0.0883 -0.1753
vn -0.9674 -0.0169 -0.2526
vn -0.9594 -0.1774 -0.2193
vn -0.9888 -0.1249 -0.0820
vn -0.1266 0.9857 0.1109
vn -0.2179 0.9596 0.1781
vn -0.2300 0.9597 0.1613
vn 0.1108 -0.9926 -0.0504
vn 0.0354 -0.9925 -0.1168
vn 0.1547 -0.9798 -0.1268
vn -0.2279 0.9548 0.1909
vn -0.2060 0.9622 0.1782
vn 0.6140 -0.1578 -0.7734
vn 0.6710 -0.1581 -0.7244
vn 0.6153 -0.1797 -0.7675
vn 0.5830 -0.1674 -0.7950
vn -0.0941 0.9829 0.1585
vn -0.0369 0.9952 0.0905
vn 0.4635 -0.7407 -0.4864
vn 0.4887 -0.7432 -0.4570
vn -0.9149 0.0784 0.3961
vn -0.9232 0.0544 0.3804
vn -0.8880 0.0853 0.4519
vn -0.9134 0.1992 0.3549
vn -0.0866 0.9644 0.2498
vn -0.0530 0.9739 0.2207
vn -0.4074 -0.6951 -0.5924
vn -0.0824 0.9628 0.2574
vn -0.0742 0.9546 0.2884
vn -0.0784 0.9548 0.2868
vn -0.0261 0.9422 0.3341
vn -0.0427 0.9386 0.3422
vn -0.0338 0.9411 0.3365
vn -0.0160 0.9398 0.3414
vn -0.0254 0.9401 0.3399
vn 0.7034 -0.5549 0.4442
vn 0.8012 -0.4559 0.3875
vn 0.8165 -0.4705 0.3346
vn 0.0557 0.9738 0.2203
vn 0.0651 0.9889 0.1332
vn 0.1798 0.9722 0.1502
vn 0.3167 0.9330 0.1709
vn 0.2657 0.9562 0.1228
vn 0.3197 0.9382 0.1323
vn 0.1943 0.9792 0.0581
vn 0.0625 0.9903 0.1238
vn 0.0582 0.9903 0.1262
vn 0.0729 0.9883 0.1342
vn -0.0806 0.9774 -0.1956
vn -0.0786 0.9683 -0.2373
vn -0.0375 0.9992 -0.0171
vn -0.0423 0.9988 -0.0266
vn -0.0613 0.9980 -0.0173
vn -0.0852 0.9937 -0.0725
vn -0.1794 0.9658 -0.1873
vn -0.0480 0.9981 -0.0377
vn 0.0584 -0.9830 0.1742
vn 0.0555 -0.9833 0.1733
vn 0.0598 -0.9849 0.1625
vn -0.2026 0.9573 -0.2062
vn -0.1993 0.9587 -0.2028
vn -0.1966 0.9593 -0.2027
vn -0.2045 0.9585 -0.1985
vn -0.2072 0.9573 -0.2015
vn -0.2450 0.9440 -0.2211
vn -0.2142 0.9317 -0.2934
vn -0.1601 0.9408 -0.2988
vn -0.2027 0.8852 -0.4187
vn -0.1124 -0.9929 0.0389
vn -0.1103 -0.9931 0.0390
vn -0.1544 0.9190 -0.3629
vn -0.1260 0.9287 -0.3487
vn -0.1302 0.9181 -0.3744
vn -0.1362 0.9138 -0.3827
vn -0.0462 0.8954 -0.4429
vn -0.2525 0.7380 -0.6258
vn -0.0459 0.9330 -0.3570
vn -0.1200 0.9155 -0.3839
vn -0.0609 0.8675 -0.4937
vn -0.1330 0.8968 -0.4220
vn -0.0747 0.8848 -0.4599
vn 0.0814 -0.0376 -0.9960
vn 0.1577 -0.1820 -0.9706
vn 0.1848 -0.1261 -0.9746
vn 0.0989 -0.1763 -0.9793
vn 0.2876 -0.9477 0.1382
vn 0.2697 -0.9497 0.1588
vn -0.0310 -0.1490 -0.9884
vn -0.0583 -0.2246 -0.9727
vn -0.0356 -0.1131 -0.9929
vn -0.0244 -0.1510 -0.9882
vn -0.0179 -0.2311 -0.9728
vn -0.0714 -0.1018 -0.9922
vn -0.1231 -0.2320 -0.9649
vn -0.1027 -0.2287 -0.9681
vn -0.0869 -0.2467 -0.9652
vn 0.4209 -0.9049 -0.0635
vn 0.2069 -0.9724 0.1082
vn 0.2071 -0.9724 0.1075
vn 0.2079 -0.9721 0.1088
vn 0.2062 -0.9725 0.1086
vn 0.9271 0.3500 0.1340
vn 0.9606 0.2778 0.0063
vn 0.9149 0.3864 0.1164
vn -0.1450 -0.2390 -0.9601
vn -0.1399 -0.3078 -0.9411
vn 0.2023 -0.9351 0.2911
vn 0.2017 -0.9350 0.2915
vn 0.2009 -0.9372 0.2852
vn 0.2130 -0.9344 0.2855
vn -0.2365 -0.3154 -0.9190
vn -0.2808 -0.4258 -0.8601
vn -0.3303 -0.2813 -0.9010
vn 0.2200 0.3777 -0.8994
vn 0.1426 0.3480 -0.9266
vn 0.1900 0.4276 -0.8838
vn 0.2875 0.2801 -0.9159
vn 0.2209 0.3359 -0.9156
vn 0.2674 0.3262 -0.9067
vn 0.2511 0.2284 -0.9406
vn 0.2786 0.2507 -0.9271
vn 0.3331 0.2490 -0.9094
vn 0.2895 0.5522 -0.7818
vn 0.2640 0.9382 0.2239
vn 0.2603 0.9387 0.2259
vn -0.0306 0.8824 -0.4695
vn -0.0636 0.8917 -0.4482
vn -0.1122 0.9096 -0.4001
vn -0.1410 0.8506 -0.5066
vn -0.1870 0.8698 -0.4565
vn -0.0201 0.9163 -0.4000
vn 0.0904 0.8911 -0.4448
vn 0.0759 0.8366 -0.5426
vn 0.2762 0.7800 -0.5615
vn 0.1741 0.9012 -0.3969
vn 0.2334 0.8617 -0.4506
vn 0.2247 0.6758 -0.7020
vn 0.3167 0.6008 -0.7340
vn 0.3366 0.5689 -0.7503
vn 0.4094 0.5563 -0.7231
vn 0.3189 0.6143 -0.7218
vn 0.3552 0.6161 -0.7030
vn -0.4120 -0.1022 -0.9054
vn -0.3663 -0.1520 -0.9180
vn -0.4375 -0.1136 -0.8920
vn 0.3377 -0.8785 -0.3380
vn 0.3542 -0.8731 -0.3350
vn -0.2421 -0.3378 -0.9095
vn -0.1350 -0.3794 -0.9153
vn -0.3028 -0.4003 -0.8649
vn -0.2754 -0.3942 -0.8768
vn -0.1905 -0.4748 -0.8592
vn -0.2190 -0.4418 -0.8699
vn -0.2752 -0.4591 -0.8447
vn -0.2388 -0.4190 -0.8760
vn -0.2469 -0.3387 -0.9079
vn -0.2565 -0.4079 -0.8762
vn -0.4265 -0.4746 -0.7700
vn -0.3613 -0.4654 -0.8080
vn -0.3062 -0.5123 -0.8024
vn -0.3162 -0.5103 -0.7998
vn -0.3446 -0.5363 -0.7705
vn -0.3430 -0.4725 -0.8119
vn -0.2916 -0.5136 -0.8069
vn -0.2065 -0.5465 -0.8116
vn -0.3348 -0.4260 -0.8405
vn -0.4682 -0.5365 -0.7021
vn -0.3929 -0.5337 -0.7489
vn -0.3790 -0.5686 -0.7302
vn -0.3034 -0.9164 0.2611
vn -0.2828 -0.9369 0.2054
vn -0.2169 -0.9522 0.2151
vn -0.3558 -0.6475 -0.6739
vn -0.4166 -0.5757 -0.7036
vn 0.2018 -0.9720 -0.1204
vn 0.2446 -0.9679 -0.0576
vn 0.1827 -0.9829 -0.0214
vn 0.1465 -0.9826 -0.1138
vn -0.4883 -0.5880 -0.6449
vn -0.4732 -0.6058 -0.6396
vn -0.4578 -0.6425 -0.6145
vn -0.4749 -0.6056 -0.6386
vn -0.4639 -0.6418 -0.6106
vn -0.4958 -0.5998 -0.6280
vn -0.4925 -0.6342 -0.5960
vn -0.5125 -0.6739 -0.5321
vn -0.5016 -0.6754 -0.5406
vn -0.1342 -0.1251 -0.9830
vn -0.1623 -0.0582 -0.9850
vn -0.4724 -0.7385 -0.4811
vn -0.5080 -0.6969 -0.5062
vn -0.6687 -0.4908 0.5586
vn -0.6857 -0.4988 0.5302
vn -0.6135 -0.5462 0.5703
vn 0.5697 -0.7999 0.1888
vn -0.4769 -0.8618 -0.1726
vn -0.8126 0.1989 0.5479
vn -0.7734 0.1982 0.6022
vn -0.8122 0.2554 0.5246
vn -0.3155 -0.3953 0.8627
vn -0.3228 -0.5421 0.7759
vn -0.2665 -0.4292 0.8630
vn -0.2692 -0.4544 0.8491
vn -0.2807 -0.4386 0.8537
vn -0.2677 -0.5061 0.8199
vn -0.2685 -0.3481 0.8982
vn -0.3068 -0.4588 0.8339
vn -0.3163 -0.4249 0.8482
vn -0.2867 -0.5465 0.7868
vn -0.2922 -0.4247 0.8569
vn -0.2945 -0.4581 0.8387
vn -0.2649 -0.5451 0.7954
vn -0.2687 -0.4543 0.8494
vn -0.2487 -0.4327 0.8665
vn -0.2571 -0.4341 0.8634
vn -0.2387 -0.4672 0.8513
vn -0.1543 -0.3252 0.9330
vn -0.1641 -0.4178 0.8936
vn -0.1550 -0.4826 0.8620
vn -0.1567 -0.4147 0.8963
vn -0.1219 -0.4738 0.8722
vn -0.1357 -0.3996 0.9066
vn -0.1069 -0.3837 0.9172
vn -0.0884 -0.3863 0.9181
vn -0.2182 -0.4772 0.8513
vn -0.2200 -0.4302 0.8755
vn -0.1454 -0.4095 0.9006
vn -0.2797 -0.4462 0.8501
vn -0.0846 -0.3866 0.9184
vn 0.0193 -0.3593 0.9330
vn -0.5113 -0.7592 0.4027
vn -0.5183 -0.7870 0.3346
vn -0.5097 -0.8176 0.2678
vn -0.4248 -0.8343 0.3514
vn -0.4402 -0.7702 0.4615
vn -0.4361 -0.8017 0.4088
vn -0.4034 -0.8154 0.4153
vn -0.4389 -0.7946 0.4195
vn -0.4089 -0.8003 0.4386
vn -0.4351 -0.8003 0.4127
vn -0.4435 -0.7833 0.4356
vn -0.4298 -0.7866 0.4433
vn -0.0786 -0.9930 0.0882
vn 0.4182 -0.9065 0.0574
vn -0.0921 -0.6285 0.7724
vn -0.0994 -0.5762 0.8112
vn -0.0796 -0.5642 0.8218
vn -0.1350 -0.4867 0.8631
vn -0.1066 -0.5159 0.8500
vn -0.0599 -0.5502 0.8329
vn -0.0641 0.0576 -0.9963
vn -0.0297 0.1215 -0.9921
vn -0.0250 0.0619 -0.9978
vn -0.2581 -0.4645 0.8471
vn -0.2912 -0.4592 0.8393
vn -0.2565 -0.4045 0.8778
vn -0.2397 -0.4593 0.8553
vn -0.3040 -0.4936 0.8149
vn -0.1933 -0.4512 0.8712
vn -0.2580 -0.4567 0.8514
vn -0.2572 -0.4568 0.8516
vn -0.2603 -0.4265 0.8662
vn 0.0462 -0.3328 0.9419
vn 0.0259 -0.3343 0.9421
vn 0.0081 -0.4497 0.8932
vn 0.0238 -0.3343 0.9422
vn 0.0457 -0.4487 0.8925
vn 0.0933 -0.3292 0.9396
vn 0.1095 -0.3779 0.9193
vn 0.1924 -0.2896 0.9376
vn 0.2453 -0.2569 0.9348
vn 0.2690 -0.1607 0.9496
vn 0.1293 -0.2064 0.9699
vn 0.2321 -0.3249 0.9168
vn -0.1798 -0.9836 0.0148
vn 0.3961 -0.0687 0.9156
vn 0.3179 -0.1864 0.9296
vn 0.3315 -0.1828 0.9256
vn 0.4267 -0.1224 0.8961
vn 0.4224 -0.1781 0.8887
vn 0.5845 0.0043 0.8114
vn 0.4918 0.0239 0.8704
vn 0.4548 -0.0052 0.8906
vn 0.4149 -0.0024 0.9099
vn 0.4304 0.0345 0.9020
vn 0.4886 0.0573 0.8706
vn 0.4259 0.1319 0.8951
vn 0.2072 0.9368 0.2820
vn 0.2054 0.9357 0.2869
vn 0.2077 0.9367 0.2818
vn 0.2000 0.9482 0.2470
vn 0.4464 0.0690 0.8922
vn 0.5226 0.1298 0.8426
vn 0.5393 0.1065 0.8354
vn 0.5593 0.1720 0.8109
vn 0.5816 0.1574 0.7981
vn 0.4608 0.3321 0.8230
vn 0.4364 0.3841 0.8137
vn 0.4400 0.0589 0.8961
vn 0.4826 0.0141 0.8757
vn 0.5876 0.0395 0.8082
vn 0.5362 0.0766 0.8406
vn 0.5177 0.1213 0.8469
vn 0.5645 -0.8179 -0.1111
vn 0.5896 -0.8065 -0.0445
vn 0.5338 -0.8456 0.0121
vn 0.5368 -0.8411 -0.0662
vn 0.1501 -0.1979 -0.9687
vn 0.1334 -0.2002 -0.9706
vn 0.3821 0.4009 0.8327
vn 0.4598 0.3803 0.8024
vn 0.5081 0.4093 0.7578
vn 0.4506 0.5175 0.7275
vn 0.4611 0.8697 -0.1759
vn 0.4077 0.9012 -0.1472
vn 0.3510 0.9208 -0.1703
vn 0.4726 0.5615 0.6792
vn 0.5120 0.5259 0.6792
vn 0.5697 0.5366 0.6225
vn -0.3715 -0.9004 0.2264
vn -0.3682 -0.8983 0.2396
vn -0.1899 -0.7054 0.6829
vn -0.1615 -0.6916 0.7040
vn -0.1184 -0.6758 0.7275
vn -0.1993 -0.6816 0.7041
vn 0.0771 -0.6267 0.7755
vn 0.1263 -0.6779 0.7243
vn 0.4489 0.7728 0.4487
vn 0.4379 0.7124 0.5483
vn 0.5251 0.6830 0.5078
vn 0.8931 0.3023 0.3333
vn 0.8991 0.3187 0.3000
vn 0.8701 0.3793 0.3148
vn 0.8666 0.3826 0.3204
vn 0.0403 -0.7593 0.6495
vn 0.0405 -0.7596 0.6491
vn 0.0410 -0.7598 0.6489
vn 0.0415 -0.7590 0.6498
vn 0.3220 0.7817 0.5342
vn -0.0629 -0.9976 0.0276
vn 0.3113 0.7483 0.5857
vn 0.3471 0.7405 0.5755
vn 0.7955 -0.5338 -0.2867
vn 0.7938 -0.5717 -0.2076
vn 0.7278 -0.6218 -0.2891
vn 0.8098 -0.5648 -0.1590
vn 0.1711 0.8943 0.4136
vn 0.2411 0.9015 0.3594
vn 0.1773 0.8335 0.5232
vn 0.1767 0.8718 0.4570
vn 0.1579 0.9203 0.3579
vn 0.2155 0.9001 0.3787
vn 0.8633 0.1962 -0.4650
vn 0.8936 0.1538 -0.4217
vn 0.9175 0.1017 -0.3845
vn 0.8402 0.1399 -0.5239
vn 0.2047 0.9010 0.3825
vn 0.2365 0.8923 0.3846
vn 0.2254 0.9123 0.3418
vn 0.1183 0.9151 0.3856
vn 0.8898 0.4559 -0.0203
vn -0.0382 0.9333 0.3571
vn -0.1446 0.9561 0.2547
vn -0.0985 0.9475 0.3042
vn -0.0843 0.9495 0.3023
vn -0.0821 0.9553 0.2840
vn -0.0876 0.9501 0.2993
vn -0.1089 0.9649 0.2391
vn -0.2239 0.9554 0.1928
vn -0.2243 0.9565 0.1867
vn -0.2268 0.9579 0.1759
vn 0.3939 0.7616 0.5146
vn -0.0729 0.9589 0.2741
vn 0.0865 0.9565 0.2785
vn 0.1521 0.9354 0.3192
vn 0.0896 0.9651 0.2460
vn 0.0925 0.9850 0.1454
vn 0.0891 0.9844 0.1518
vn 0.2318 0.9368 0.2619
vn 0.1969 0.9585 0.2062
vn 0.1853 0.9635 0.1932
vn 0.1972 0.9646 0.1750
vn 0.1904 0.9636 0.1875
vn 0.1889 0.9625 0.1945
vn 0.2673 0.9381 0.2201
vn 0.2542 0.9405 0.2254
vn 0.2150 0.9525 -0.2157
vn 0.2424 0.9428 -0.2286
vn 0.2411 0.9397 -0.2425
vn 0.2418 0.9429 -0.2289
vn 0.1188 -0.9649 0.2344
vn 0.3776 0.9250 0.0415
vn 0.3767 0.9257 0.0356
vn 0.1869 0.9818 0.0348
vn 0.3483 0.9245 0.1552
vn 0.3583 0.9195 0.1617
vn 0.3755 0.9211 0.1025
vn 0.3866 0.9160 0.1071
vn 0.3766 0.9211 0.0988
vn 0.3884 0.9160 0.1007
vn 0.3787 0.9236 0.0596
vn 0.1118 0.9937 0.0075
vn 0.1710 0.9820 -0.0802
vn 0.0055 0.9986 0.0535
vn 0.0373 0.9971 0.0668
vn 0.0200 0.9987 0.0479
vn 0.1823 0.9564 0.2280
vn 0.1476 0.9669 0.2081
vn 0.1742 0.9329 0.3153
vn -0.8540 0.0573 -0.5171
vn -0.8486 0.1035 -0.5189
vn 0.0296 0.9988 0.0387
vn -0.9578 0.0491 -0.2834
vn -0.9433 0.0988 -0.3169
vn 0.0117 0.9992 0.0393
vn 0.0279 0.9983 0.0505
vn 0.8731 -0.2483 0.4196
vn 0.8610 -0.2702 0.4310
vn 0.9021 -0.2431 0.3564
vn 0.0273 0.9408 -0.3380
vn 0.0326 0.9322 -0.3606
vn -0.1214 0.9498 -0.2883
vn -0.1113 0.9474 -0.3001
vn -0.1180 0.9435 -0.3098
vn -0.1150 0.9751 -0.1897
vn -0.2192 0.9265 -0.3058
vn -0.1229 0.9446 -0.3043
vn -0.0511 0.9691 -0.2412
vn -0.1212 0.9480 -0.2942
vn -0.1336 0.9494 -0.2843
vn -0.1271 0.9741 -0.1869
vn -0.1115 0.9848 -0.1335
vn -0.1594 0.9600 -0.2301
vn -0.0941 0.9767 -0.1928
vn -0.1449 0.9748 -0.1694
vn -0.1387 0.9750 -0.1735
vn -0.1494 0.9708 -0.1875
vn 0.0774 -0.9881 -0.1329
vn -0.1961 0.9588 -0.2057
vn -0.1897 0.9603 -0.2044
vn -0.2019 0.9569 -0.2087
vn -0.1876 0.9483 -0.2559
vn -0.1250 0.9364 -0.3281
vn -0.0729 0.8848 -0.4603
vn -0.1183 -0.9589 0.2581
vn -0.1259 -0.9587 0.2549
vn -0.1086 -0.9578 0.2662
vn -0.1096 -0.9579 0.2653
vn 0.2706 -0.2174 -0.9378
vn 0.1585 -0.1971 -0.9675
vn 0.1209 -0.1896 -0.9744
vn -0.0013 -0.2725 -0.9621
vn 0.3990 0.1365 -0.9067
vn -0.3787 0.9042 0.1974
vn -0.3339 0.9241 0.1859
vn 0.3040 -0.1176 -0.9454
vn -0.1754 -0.4323 -0.8845
vn 0.2906 0.2078 -0.9340
vn 0.1678 0.9349 0.3128
vn 0.6610 -0.7375 0.1388
vn 0.6495 -0.7561 0.0806
vn 0.6649 -0.7345 0.1360
vn 0.6680 -0.7303 0.1426
vn 0.1121 0.8902 -0.4416
vn 0.0601 0.8951 -0.4418
vn 0.1257 0.9070 -0.4019
vn -0.0080 0.8790 -0.4767
vn 0.0867 0.9025 -0.4219
vn -0.2596 0.9541 -0.1492
vn -0.2488 0.9568 -0.1504
vn -0.2481 0.9566 -0.1528
vn 0.0551 0.9050 -0.4218
vn 0.1022 0.9108 -0.4000
vn 0.1080 0.9031 -0.4155
vn -0.5553 0.8316 0.0011
vn -0.5337 0.8421 0.0777
vn -0.4786 0.8710 0.1107
vn -0.4686 0.8830 0.0260
vn 0.4978 -0.1039 0.8611
vn 0.4516 -0.1803 0.8738
vn 0.5719 -0.1399 0.8083
vn -0.0175 -0.9998 -0.0062
vn 0.0296 -0.9995 0.0085
vn 0.0606 -0.9976 -0.0338
vn 0.0004 -0.9993 -0.0364
vn 0.4413 0.6259 -0.6431
vn 0.4466 0.6695 -0.5935
vn 0.4716 0.6484 -0.5977
vn -0.0978 -0.4201 -0.9022
vn -0.0907 -0.3803 -0.9204
vn -0.0488 -0.4030 -0.9139
vn -0.1443 -0.4412 -0.8857
vn 0.6105 0.7538 0.2430
vn 0.5308 0.7681 0.3581
vn 0.5274 0.7771 0.3435
vn -0.2117 -0.3624 -0.9077
vn -0.1853 -0.4523 -0.8724
vn -0.3084 -0.4740 -0.8248
vn -0.2820 -0.5383 -0.7942
vn -0.2622 -0.5258 -0.8092
vn -0.2076 -0.4554 -0.8658
vn -0.2049 -0.4916 -0.8464
vn -0.2588 -0.5503 -0.7939
vn -0.2347 -0.5192 -0.8218
vn -0.2539 -0.5188 -0.8163
vn -0.4831 -0.5348 -0.6933
vn -0.3925 -0.5338 -0.7490
vn -0.3757 -0.6063 -0.7009
vn -0.2741 -0.5167 -0.8111
vn -0.2571 -0.5191 -0.8151
vn -0.1922 -0.4548 -0.8696
vn -0.3658 -0.5654 -0.7393
vn -0.2555 -0.6263 -0.7365
vn -0.1972 -0.6367 -0.7455
vn -0.3425 -0.5634 -0.7518
vn -0.2918 -0.5874 -0.7549
vn -0.2275 -0.6618 -0.7143
vn -0.2752 -0.6699 -0.6896
vn -0.3374 -0.5396 -0.7713
vn -0.3184 -0.5846 -0.7462
vn -0.3222 -0.6637 -0.6751
vn -0.3565 -0.4795 -0.8019
vn -0.3699 -0.6427 -0.6709
vn -0.5545 -0.5443 -0.6295
vn -0.4485 -0.6067 -0.6563
vn -0.4415 -0.6262 -0.6426
vn -0.3673 -0.5865 -0.7219
vn -0.4112 -0.6257 -0.6629
vn -0.3754 -0.6950 -0.6133
vn -0.3614 -0.6665 -0.6521
vn -0.4824 -0.6704 -0.5637
vn -0.4184 -0.7014 -0.5770
vn -0.4709 -0.6496 -0.5968
vn -0.4354 -0.6101 -0.6620
vn -0.4289 -0.6819 -0.5925
vn -0.3607 -0.8141 -0.4551
vn -0.4613 -0.7767 -0.4289
vn -0.3905 -0.7907 -0.4715
vn -0.3532 -0.8425 -0.4067
vn -0.1375 -0.9864 -0.0902
vn -0.1368 -0.9867 -0.0877
vn -0.1384 -0.9875 -0.0761
vn -0.1376 -0.9865 -0.0886
vn -0.0923 -0.9945 0.0490
vn -0.2235 -0.4558 0.8616
vn -0.2508 -0.4746 0.8437
vn 0.1768 0.9832 0.0458
vn -0.2416 -0.4336 0.8681
vn -0.1674 -0.4528 0.8758
vn -0.1746 -0.4434 0.8792
vn -0.1803 -0.5306 0.8283
vn -0.1653 -0.4432 0.8811
vn -0.1416 -0.5304 0.8358
vn -0.1405 -0.4387 0.8876
vn -0.0463 -0.4103 0.9108
vn -0.0534 -0.4216 0.9052
vn -0.0704 -0.3594 0.9305
vn -0.0022 -0.3956 0.9184
vn -0.0702 -0.4139 0.9076
vn -0.1515 -0.4171 0.8962
vn -0.1142 -0.4395 0.8909
vn -0.0680 -0.3939 0.9167
vn -0.0629 -0.4345 0.8985
vn -0.0492 -0.4247 0.9040
vn -0.0705 -0.4043 0.9119
vn -0.0817 -0.3875 0.9183
vn -0.1511 -0.4472 0.8816
vn -0.1722 -0.4426 0.8800
vn -0.1703 -0.4535 0.8748
vn -0.0295 -0.3660 0.9301
vn -0.0416 -0.3792 0.9244
vn -0.0181 -0.4292 0.9030
vn -0.4931 -0.7812 0.3830
vn -0.5093 -0.7963 0.3262
vn -0.4580 -0.8042 0.3789
vn -0.2108 -0.8404 0.4993
vn -0.4366 -0.8148 0.3815
vn -0.3579 -0.8614 0.3605
vn -0.3853 -0.7989 0.4618
vn -0.4783 -0.7490 -0.4584
vn -0.5223 -0.6910 -0.4997
vn -0.4840 -0.7784 -0.3998
vn -0.2327 -0.8893 0.3938
vn -0.2318 -0.8901 0.3924
vn -0.2097 -0.9010 0.3798
vn -0.2547 -0.8737 0.4145
vn -0.6918 -0.1053 0.7143
vn -0.6679 -0.1213 0.7343
vn 0.3727 0.7787 0.5048
vn -0.2651 0.1057 -0.9584
vn -0.2031 0.1245 -0.9712
vn -0.2458 0.0764 -0.9663
vn -0.0468 -0.5950 0.8024
vn -0.1054 -0.5359 0.8377
vn -0.0628 -0.5365 0.8416
vn -0.1303 -0.4819 0.8665
vn -0.0919 -0.4868 0.8687
vn -0.0410 -0.4813 0.8756
vn -0.1135 -0.4772 0.8714
vn 0.0842 -0.5984 0.7968
vn -0.0656 -0.5776 0.8136
vn -0.1263 -0.4883 0.8635
vn -0.1172 -0.4769 0.8711
vn -0.0972 -0.4260 0.8995
vn -0.1557 -0.5252 0.8366
vn -0.0954 -0.4418 0.8920
vn -0.1246 -0.4179 0.8999
vn -0.2331 -0.4584 0.8576
vn -0.2015 -0.5315 0.8227
vn -0.2335 -0.4032 0.8848
vn -0.0363 -0.3793 0.9246
vn 0.0460 -0.3540 0.9341
vn 0.0176 -0.4185 0.9080
vn -0.0000 -0.3600 0.9329
vn -0.0331 -0.3912 0.9197
vn 0.0749 -0.2617 0.9622
vn 0.0687 -0.3580 0.9312
vn 0.1122 -0.3494 0.9302
vn 0.1458 -0.3571 0.9226
vn 0.1220 -0.4142 0.9019
vn 0.1927 -0.4255 0.8842
vn 0.1001 -0.3958 0.9129
vn -0.1039 0.7333 -0.6720
vn -0.0764 0.8084 -0.5836
vn -0.1033 0.7300 -0.6756
vn 0.3626 -0.2637 0.8938
vn 0.3059 -0.2940 0.9056
vn 0.3452 -0.2962 0.8906
vn 0.3365 -0.3761 0.8633
vn 0.2491 -0.3386 0.9073
vn 0.1523 -0.3874 0.9092
vn 0.2900 -0.4266 0.8567
vn 0.3694 -0.2751 0.8876
vn 0.4918 -0.2187 0.8428
vn 0.3550 -0.2914 0.8883
vn 0.5546 0.7739 0.3057
vn 0.4335 0.8282 0.3552
vn 0.4714 -0.1778 0.8638
vn 0.3612 -0.1601 0.9187
vn 0.3802 -0.1834 0.9065
vn 0.1986 -0.4488 0.8713
vn 0.1567 -0.4122 0.8975
vn 0.6142 0.2410 0.7514
vn 0.6221 0.4215 0.6598
vn 0.6478 0.2880 0.7053
vn 0.6485 0.3116 0.6946
vn 0.6047 0.3783 0.7009
vn 0.6481 0.3153 0.6932
vn 0.1404 -0.9394 -0.3128
vn 0.2426 -0.9082 -0.3411
vn 0.1734 -0.9083 -0.3807
vn 0.6632 0.1176 0.7392
vn 0.5207 0.4663 0.7151
vn 0.5539 0.4467 0.7026
vn 0.4771 0.5376 0.6952
vn 0.2711 -0.9576 0.0974
vn 0.5849 0.7086 0.3947
vn 0.5150 0.6970 0.4990
vn 0.5367 0.7147 0.4485
vn 0.5053 0.7133 0.4857
vn 0.4345 0.7488 0.5005
vn 0.4783 0.7410 0.4712
vn 0.4345 0.7728 0.4626
vn 0.3729 0.7887 0.4888
vn 0.3891 0.7770 0.4948
vn 0.4157 0.8124 0.4089
vn 0.3958 0.8061 0.4399
vn 0.0538 -0.9307 0.3618
vn 0.3309 0.8068 0.4895
vn 0.3728 0.8567 0.3564
vn 0.3918 0.9066 -0.1567
vn 0.3903 0.9172 -0.0804
vn 0.2679 0.8926 0.3627
vn 0.3134 0.8833 0.3486
vn 0.3434 0.8852 0.3137
vn 0.2906 0.8971 0.3327
vn 0.2925 0.9115 0.2890
vn 0.2309 0.9112 0.3413
vn 0.3422 0.8832 0.3207
vn 0.1831 0.9039 0.3865
vn -0.6063 -0.2288 0.7616
vn -0.5709 -0.2550 0.7804
vn 0.1725 0.9306 0.3228
vn 0.2529 0.9385 0.2352
vn 0.2657 0.9338 0.2394
vn 0.3480 0.9211 0.1747
vn 0.3628 0.9195 0.1514
vn 0.3591 0.9167 0.1752
vn 0.4291 0.8956 0.1175
vn 0.3910 0.9147 0.1022
vn 0.3800 0.9195 0.1009
vn 0.4349 0.8922 0.1219
vn -0.3913 -0.4666 -0.7932
vn -0.3442 -0.5006 -0.7943
vn -0.3799 -0.5290 -0.7588
vn 0.1745 0.9841 -0.0336
vn 0.1583 0.9794 -0.1256
vn -0.1023 -0.9903 0.0939
vn 0.0533 0.9938 -0.0972
vn 0.5306 0.6771 0.5099
vn 0.5334 0.6787 0.5049
vn 0.5002 0.6976 0.5131
vn 0.0690 0.9487 -0.3087
vn 0.0867 0.9419 -0.3245
vn 0.1412 0.9333 -0.3302
vn 0.1531 0.9525 -0.2634
vn -0.0824 -0.9959 0.0362
vn -0.0894 -0.9951 0.0421
vn -0.0223 0.9310 -0.3643
vn 0.0512 0.9261 -0.3739
vn 0.0709 0.9212 -0.3825
vn -0.1579 0.9567 -0.2445
vn -0.1652 0.9555 -0.2445
vn -0.1023 0.9775 -0.1847
vn -0.1481 0.9704 -0.1906
vn -0.1548 0.9700 -0.1874
vn 0.2824 -0.0473 -0.9581
vn 0.2346 -0.1220 -0.9644
vn 0.2903 -0.1730 -0.9412
vn -0.0448 -0.1519 -0.9874
vn 0.2737 -0.1320 -0.9527
vn 0.2105 -0.2279 -0.9506
vn 0.1812 -0.2833 -0.9418
vn 0.2184 -0.2344 -0.9473
vn 0.2431 -0.2655 -0.9330
vn 0.1656 -0.3398 -0.9258
vn 0.2424 0.1884 -0.9517
vn 0.3097 0.1862 -0.9324
vn 0.2762 0.1408 -0.9507
vn 0.0432 -0.2551 -0.9659
vn 0.4749 0.1228 -0.8714
vn 0.4341 0.1619 -0.8862
vn 0.4448 0.1924 -0.8747
vn 0.3871 0.0769 -0.9188
vn 0.4405 0.1146 -0.8904
vn 0.5065 0.1151 -0.8545
vn 0.4400 0.1131 -0.8908
vn 0.5005 0.0791 -0.8621
vn 0.4674 0.0295 -0.8835
vn 0.3448 -0.0122 -0.9386
vn 0.3382 -0.0087 -0.9410
vn 0.0416 -0.3488 -0.9363
vn 0.0500 -0.3029 -0.9517
vn 0.0700 -0.2799 -0.9575
vn 0.1061 -0.3707 -0.9227
vn 0.1241 -0.3079 -0.9433
vn -0.1235 -0.4002 -0.9081
vn -0.0372 -0.3822 -0.9233
vn 0.0058 -0.4201 -0.9074
vn 0.0038 -0.9560 0.2933
vn -0.1690 -0.6564 0.7352
vn -0.0916 -0.6575 0.7478
vn -0.1470 -0.6276 0.7646
vn 0.5490 0.3928 -0.7377
vn 0.5154 0.4771 -0.7119
vn 0.4774 0.3990 -0.7829
vn 0.4802 0.5418 -0.6898
vn 0.4531 0.6287 -0.6321
vn 0.5333 0.5471 -0.6451
vn -0.9274 -0.3624 -0.0930
vn -0.9117 -0.4009 -0.0901
vn -0.9115 -0.4106 -0.0232
vn -0.9250 -0.3798 -0.0134
vn 0.0528 0.9235 -0.3800
vn -0.0130 0.9111 -0.4120
vn 0.0143 0.9527 -0.3037
vn 0.1945 0.9383 -0.2860
vn 0.2240 0.9376 -0.2660
vn 0.2373 0.9314 -0.2762
vn 0.2430 0.9281 -0.2820
vn 0.2685 0.8813 -0.3889
vn 0.2868 0.9146 -0.2850
vn 0.2545 0.9057 -0.3391
vn 0.2287 0.8376 -0.4962
vn 0.2564 0.8611 -0.4390
vn -0.5843 0.7866 0.1998
vn 0.2510 -0.9669 0.0451
vn 0.2462 -0.9680 0.0488
vn 0.4643 0.6628 -0.5874
vn 0.5080 0.6154 -0.6027
vn 0.4793 -0.0998 -0.8720
vn 0.4975 -0.1237 -0.8586
vn 0.1744 -0.4734 0.8634
vn 0.1622 -0.4651 0.8703
vn 0.5957 0.4760 -0.6470
vn 0.6321 0.4586 -0.6247
vn 0.6639 0.4109 -0.6248
vn 0.5931 0.4323 -0.6792
vn 0.5452 0.5142 -0.6621
vn 0.6213 0.5137 -0.5916
vn 0.5230 0.4813 -0.7035
vn -0.0457 -0.4452 -0.8943
vn -0.1167 -0.3991 -0.9094
vn -0.0225 -0.3693 -0.9290
vn -0.0603 -0.4621 -0.8848
vn -0.1789 -0.4791 -0.8593
vn -0.1389 -0.4520 -0.8811
vn -0.2244 -0.4572 -0.8606
vn -0.1887 -0.4890 -0.8516
vn -0.1658 -0.5145 -0.8413
vn -0.1134 -0.4770 -0.8716
vn -0.2487 -0.5490 -0.7980
vn -0.2168 -0.5208 -0.8257
vn -0.1932 -0.5584 -0.8067
vn -0.2248 -0.5805 -0.7826
vn -0.1705 -0.6001 -0.7816
vn -0.2192 -0.5612 -0.7981
vn -0.2244 -0.5158 -0.8268
vn -0.1849 -0.6046 -0.7748
vn -0.1966 -0.6190 -0.7604
vn -0.3228 -0.6154 -0.7191
vn -0.2815 -0.5896 -0.7571
vn -0.2811 -0.6514 -0.7048
vn -0.2895 -0.5877 -0.7555
vn -0.3296 -0.6860 -0.6486
vn -0.3406 -0.4962 -0.7986
vn -0.3261 -0.5878 -0.7404
vn -0.3623 -0.5487 -0.7535
vn -0.3834 -0.6025 -0.7000
vn -0.4709 -0.6333 -0.6141
vn -0.4557 -0.5417 -0.7063
vn -0.3972 -0.7046 -0.5881
vn 0.3146 -0.3568 0.8796
vn 0.2619 -0.3614 0.8948
vn 0.2652 -0.3991 0.8777
vn 0.3721 -0.3723 0.8503
vn -0.3386 -0.6782 -0.6522
vn -0.3852 -0.6702 -0.6344
vn -0.3085 -0.7205 -0.6211
vn -0.3382 -0.6903 -0.6396
vn -0.3368 -0.6346 -0.6956
vn -0.3787 -0.8208 -0.4277
vn -0.3975 -0.9045 -0.1547
vn -0.3967 -0.9048 -0.1551
vn 0.3299 -0.9352 0.1287
vn 0.1430 -0.9777 0.1538
vn 0.1424 -0.9779 0.1529
vn 0.1446 -0.9777 0.1521
vn -0.4047 -0.9106 -0.0837
vn 0.1314 -0.9726 -0.1918
vn 0.1318 -0.9725 -0.1920
vn 0.1326 -0.9722 -0.1930
vn 0.1320 -0.9726 -0.1916
vn -0.5289 -0.8468 -0.0568
vn -0.4761 -0.8793 -0.0138
vn -0.4528 -0.8910 0.0328
vn -0.4838 -0.8721 0.0733
vn -0.4539 -0.8910 0.0067
vn -0.4268 -0.9027 0.0551
vn -0.1198 -0.4568 0.8815
vn -0.1758 -0.4520 0.8745
vn -0.1634 -0.4510 0.8774
vn -0.1621 -0.4016 0.9013
vn -0.1653 -0.4510 0.8771
vn -0.1721 -0.4014 0.8996
vn -0.2015 -0.4525 0.8687
vn -0.2115 -0.4030 0.8904
vn -0.1937 -0.4518 0.8708
vn -0.1664 -0.4317 0.8866
vn -0.1757 -0.4483 0.8764
vn -0.1796 -0.4502 0.8747
vn -0.1668 -0.4667 0.8686
vn -0.1523 -0.4320 0.8889
vn -0.1809 -0.4507 0.8742
vn -0.0346 -0.3990 0.9163
vn 0.0362 -0.3881 0.9209
vn -0.0044 -0.4450 0.8955
vn -0.1152 -0.4377 0.8917
vn -0.1300 -0.4499 0.8835
vn -0.1309 -0.5045 0.8534
vn -0.0673 -0.4088 0.9101
vn 0.0137 -0.4911 0.8710
vn -0.0489 -0.4455 0.8939
vn -0.0974 -0.3954 0.9133
vn -0.0600 -0.4358 0.8980
vn -0.0397 -0.3999 0.9157
vn -0.0509 -0.3889 0.9199
vn -0.0785 -0.4787 0.8745
vn -0.0475 -0.4478 0.8929
vn -0.0654 -0.4770 0.8765
vn -0.0004 -0.3907 0.9205
vn -0.2414 -0.9696 -0.0403
vn -0.2404 -0.9699 -0.0392
vn -0.2375 -0.9705 -0.0410
vn -0.2392 -0.9702 -0.0377
vn 0.2257 -0.9617 0.1555
vn 0.2242 -0.9619 0.1563
vn 0.2237 -0.9626 0.1531
vn -0.7535 -0.6319 0.1815
vn -0.6981 -0.6937 0.1776
vn -0.6719 -0.7281 0.1355
vn 0.8160 0.5691 0.1015
vn 0.8079 0.5875 0.0464
vn 0.7938 0.6081 -0.0019
vn 0.7369 0.6730 0.0644
vn 0.8675 -0.0348 0.4962
vn 0.8478 -0.1351 0.5129
vn 0.8952 -0.1185 0.4295
vn -0.8048 -0.5724 -0.1569
vn -0.7822 -0.5918 -0.1948
vn -0.7951 -0.5895 -0.1425
vn -0.2603 -0.8516 0.4550
vn 0.5446 -0.7247 0.4223
vn 0.5318 -0.7603 0.3729
vn 0.5738 -0.6952 0.4329
vn 0.1725 -0.9793 0.1056
vn 0.1929 -0.9770 0.0906
vn 0.1885 -0.9771 0.0988
vn 0.1665 -0.9796 0.1121
vn -0.1249 -0.9575 -0.2601
vn -0.1204 -0.9580 -0.2604
vn -0.1260 -0.9577 -0.2588
vn -0.1250 -0.9576 -0.2596
vn 0.7578 -0.6498 -0.0586
vn 0.8052 -0.5868 -0.0859
vn 0.8257 -0.5597 -0.0707
vn 0.7909 -0.6042 -0.0967
vn -0.1040 -0.9934 0.0486
vn 0.0800 -0.5919 0.8021
vn 0.1223 -0.6296 0.7672
vn 0.1669 -0.5796 0.7976
vn -0.2204 -0.8742 0.4327
vn -0.2212 -0.8747 0.4312
vn 0.0835 -0.4898 0.8678
vn 0.0881 -0.5266 0.8455
vn -0.3202 -0.9453 0.0621
vn -0.2819 -0.9570 0.0682
vn 0.0395 -0.5112 0.8586
vn -0.0855 -0.4857 0.8699
vn -0.0870 -0.4865 0.8693
vn -0.0393 -0.4487 0.8928
vn -0.0419 -0.4905 0.8704
vn -0.0256 -0.3913 0.9199
vn -0.1381 -0.4435 0.8856
vn -0.1305 -0.4500 0.8834
vn 0.1156 -0.4007 0.9089
vn 0.0794 -0.4002 0.9130
vn 0.0587 -0.4896 0.8700
vn 0.0974 -0.4352 0.8951
vn 0.0751 -0.4004 0.9133
vn 0.0992 -0.4884 0.8670
vn 0.1629 -0.4059 0.8993
vn 0.1360 -0.4000 0.9063
vn 0.1335 -0.4384 0.8888
vn 0.1576 -0.3965 0.9044
vn 0.1682 -0.4328 0.8857
vn 0.2247 -0.3385 0.9137
vn 0.2814 -0.3952 0.8744
vn 0.2562 -0.3878 0.8854
vn 0.2142 -0.2918 0.9322
vn 0.1810 -0.4229 0.8879
vn 0.2733 -0.3622 0.8911
vn 0.0579 -0.3809 0.9228
vn 0.0743 -0.4201 0.9044
vn 0.1179 -0.4456 0.8875
vn 0.1181 -0.4343 0.8930
vn 0.0710 -0.5113 0.8565
vn 0.1334 -0.4391 0.8885
vn 0.1426 -0.5232 0.8402
vn 0.1625 -0.4306 0.8878
vn 0.3088 -0.2560 0.9160
vn 0.1980 -0.4324 0.8797
vn 0.2648 -0.3422 0.9015
vn 0.2594 -0.3613 0.8956
vn 0.2529 -0.4393 0.8620
vn 0.2667 -0.3582 0.8947
vn 0.2387 -0.4157 0.8776
vn 0.2977 -0.4263 0.8542
vn -0.9242 -0.3598 0.1284
vn -0.9256 -0.3747 0.0543
vn 0.4337 -0.3320 0.8376
vn 0.4063 -0.3574 0.8410
vn 0.4475 -0.3839 0.8077
vn 0.3943 -0.2891 0.8723
vn 0.4742 -0.2498 0.8442
vn 0.2888 -0.9565 0.0421
vn 0.3147 -0.9487 -0.0300
vn -0.1007 -0.9853 -0.1381
vn -0.1094 -0.9854 -0.1305
vn -0.0965 -0.9845 -0.1466
vn -0.1025 -0.9817 -0.1602
vn 0.7690 0.0693 0.6354
vn 0.6818 0.1673 0.7122
vn 0.7565 0.0362 0.6529
vn 0.0551 -0.3319 0.9417
vn 0.0231 -0.3747 0.9269
vn 0.1803 -0.3292 0.9269
vn 0.6802 0.3311 0.6540
vn 0.7058 0.4463 0.5501
vn 0.7325 0.3974 0.5528
vn 0.7743 0.3664 0.5159
vn 0.6803 0.4849 0.5496
vn 0.7210 0.4444 0.5316
vn 0.7483 0.4530 0.4845
vn 0.7090 0.4823 0.5144
vn -0.9660 0.2559 0.0372
vn -0.9548 0.2865 0.0791
vn 0.7747 0.4683 0.4248
vn 0.7513 0.4816 0.4513
vn 0.7789 0.4451 0.4418
vn -0.1393 -0.9503 0.2785
vn -0.1304 -0.9497 0.2848
vn -0.2778 -0.9605 0.0174
vn -0.1741 -0.9210 0.3485
vn -0.1454 -0.9228 0.3568
vn -0.1743 -0.9196 0.3520
vn 0.5253 0.7217 0.4508
vn 0.5678 0.7401 0.3604
vn 0.5492 0.7556 0.3570
vn 0.5142 0.7872 0.3406
vn -0.4216 -0.5301 -0.7357
vn -0.3543 -0.5791 -0.7342
vn -0.4515 -0.5419 -0.7088
vn 0.4356 0.8583 0.2711
vn 0.4973 0.8316 0.2474
vn 0.4426 0.8728 0.2058
vn 0.2836 0.9039 0.3204
vn 0.2954 0.9188 0.2618
vn 0.4530 0.8905 0.0423
vn 0.4746 0.8800 -0.0173
vn 0.4664 0.8826 -0.0584
vn 0.4066 0.9116 0.0606
vn 0.4716 0.8787 0.0740
vn 0.2854 0.9581 -0.0244
vn 0.3732 0.9271 -0.0339
vn 0.3733 0.9268 -0.0414
vn 0.3727 0.9279 -0.0057
vn 0.3808 0.9246 -0.0130
vn 0.3657 0.9307 -0.0057
vn 0.2892 0.9563 -0.0435
vn 0.2942 0.9553 -0.0302
vn 0.2892 0.9557 -0.0549
vn 0.5215 0.8529 0.0240
vn 0.4786 0.8686 0.1287
vn 0.4244 0.8831 0.1998
vn 0.4590 0.8613 0.2180
vn 0.3425 0.9339 0.1026
vn 0.1705 0.9748 -0.1438
vn 0.1701 0.9744 -0.1471
vn 0.1581 0.9758 -0.1509
vn 0.1716 -0.9755 0.1373
vn 0.1548 -0.9800 0.1253
vn 0.3005 0.9311 -0.2069
vn 0.7133 -0.6577 0.2423
vn 0.7145 -0.6148 0.3340
vn 0.7195 -0.6001 0.3496
vn 0.7440 -0.5442 0.3877
vn 0.2246 0.9378 -0.2646
vn -0.0193 -0.9997 -0.0149
vn -0.0777 -0.9924 -0.0953
vn 0.0017 -0.9960 -0.0891
vn 0.1492 0.9386 -0.3110
vn -0.3610 0.8708 0.3337
vn -0.2985 0.9037 0.3069
vn -0.2664 0.9038 0.3348
vn -0.3072 0.9259 0.2196
vn 0.3689 -0.2758 -0.8876
vn 0.4382 -0.1378 -0.8882
vn 0.1105 -0.9814 -0.1568
vn 0.2680 -0.2649 -0.9263
vn 0.2420 -0.3199 -0.9160
vn 0.1206 -0.3600 -0.9251
vn 0.2251 -0.3172 -0.9213
vn 0.3557 -0.3319 -0.8737
vn 0.2625 -0.3316 -0.9062
vn 0.9219 -0.3200 0.2181
vn 0.9359 -0.3393 0.0946
vn 0.9059 -0.3241 0.2726
vn 0.9286 -0.3572 0.1008
vn 0.1999 -0.3459 -0.9167
vn 0.1214 -0.4178 -0.9004
vn 0.1530 -0.2956 -0.9430
vn 0.5820 -0.7012 -0.4119
vn 0.6746 -0.6843 -0.2768
vn 0.5680 -0.7619 -0.3112
vn 0.0884 -0.2972 -0.9507
vn 0.0203 -0.2935 -0.9557
vn 0.0484 -0.3035 -0.9516
vn 0.0855 -0.3331 -0.9390
vn 0.0203 -0.4104 -0.9117
vn 0.6890 0.0626 -0.7221
vn -0.8675 0.4237 0.2607
vn 0.5752 0.0765 -0.8144
vn 0.5626 -0.0203 -0.8265
vn 0.3445 -0.0599 -0.9369
vn 0.4109 -0.0505 -0.9103
vn 0.4641 -0.0476 -0.8845
vn 0.3932 -0.0776 -0.9162
vn 0.4180 -0.0468 -0.9072
vn 0.3696 -0.0292 -0.9287
vn 0.3508 -0.0691 -0.9339
vn 0.1249 -0.3283 -0.9363
vn 0.0766 -0.3722 -0.9250
vn 0.0298 -0.3808 -0.9242
vn -0.0550 -0.4209 -0.9054
vn -0.0439 -0.3816 -0.9233
vn 0.7166 -0.3428 -0.6075
vn 0.6367 0.2334 -0.7350
vn 0.6761 0.1881 -0.7124
vn 0.3233 0.9037 -0.2806
vn 0.3278 0.9006 -0.2856
vn 0.2878 0.8929 -0.3463
vn 0.2968 0.9124 -0.2818
vn 0.3354 0.8932 -0.2994
vn 0.3336 0.8959 -0.2932
vn 0.3736 0.8940 -0.2474
vn 0.6232 0.7634 -0.1700
vn 0.6596 0.7209 -0.2126
vn 0.6264 0.7664 -0.1423
vn 0.3693 0.8812 -0.2952
vn 0.6248 0.6740 -0.3941
vn 0.5483 0.7347 -0.3994
vn 0.5641 0.7216 -0.4014
vn 0.5280 0.7406 -0.4155
vn 0.5999 0.7306 -0.3262
vn 0.6928 0.5867 -0.4193
vn 0.7861 0.4929 -0.3729
vn 0.7424 0.5480 -0.3855
vn -0.4027 -0.9065 0.1271
vn -0.3595 -0.9287 0.0911
vn -0.3403 -0.9339 0.1094
vn -0.3368 -0.9280 0.1589
vn 0.6761 0.3629 -0.6413
vn 0.7121 0.3483 -0.6096
vn -0.9316 -0.3334 -0.1450
vn -0.9158 -0.3592 -0.1796
vn -0.9036 -0.4057 -0.1379
vn 0.0290 -0.4504 -0.8924
vn 0.0409 -0.4276 -0.9031
vn 0.0896 -0.4398 -0.8936
vn -0.1391 -0.5579 -0.8182
vn -0.0724 -0.5686 -0.8194
vn -0.0512 -0.5045 -0.8619
vn 0.0217 -0.5271 -0.8495
vn -0.1813 -0.4786 -0.8591
vn -0.2003 -0.5278 -0.8254
vn -0.1536 -0.6208 -0.7688
vn -0.1253 -0.5659 -0.8149
vn -0.1250 -0.5660 -0.8149
vn -0.1294 -0.5645 -0.8152
vn -0.1008 -0.5145 -0.8516
vn -0.1175 -0.5701 -0.8131
vn -0.0733 -0.6142 -0.7858
vn -0.2394 -0.6974 -0.6755
vn -0.2010 -0.7204 -0.6638
vn -0.3826 -0.6257 -0.6798
vn -0.3036 -0.6707 -0.6768
vn -0.2821 -0.6994 -0.6567
vn -0.2720 -0.7352 -0.6209
vn -0.3434 -0.7313 -0.5893
vn -0.3488 0.5850 0.7322
vn -0.3796 0.6079 0.6974
vn -0.1861 -0.8928 -0.4103
vn -0.3424 -0.8699 -0.3551
vn -0.2815 -0.8735 -0.3971
vn -0.2241 -0.9003 -0.3732
vn -0.2694 -0.8995 -0.3439
vn -0.2698 -0.9004 -0.3413
vn -0.2915 -0.9000 -0.3242
vn -0.2693 -0.8797 -0.3919
vn 0.0505 -0.9423 -0.3310
vn 0.0301 -0.9284 -0.3703
vn 0.0391 -0.9652 -0.2587
vn -0.3755 -0.9244 -0.0668
vn -0.3752 -0.9245 -0.0667
vn -0.3740 -0.9252 -0.0645
vn -0.3776 -0.9236 -0.0663
vn -0.0924 -0.9956 -0.0176
vn -0.3944 -0.9135 0.0995
vn -0.4070 -0.8959 0.1779
vn -0.3802 -0.9211 0.0838
vn -0.4079 -0.9060 0.1128
vn -0.4234 -0.9026 0.0782
vn -0.3973 -0.9118 0.1042
vn 0.0282 -0.3566 0.9338
vn 0.0183 -0.4243 0.9054
vn 0.0207 -0.4569 0.8893
vn 0.0348 -0.4220 0.9059
vn 0.0456 -0.4531 0.8903
vn 0.0408 -0.4462 0.8940
vn 0.1092 -0.4186 0.9016
vn 0.0525 -0.4657 0.8834
vn 0.0102 -0.4471 0.8944
vn 0.0056 -0.5120 0.8590
vn 0.0305 -0.4472 0.8939
vn 0.0359 -0.5119 0.8583
vn 0.0241 -0.4469 0.8942
vn -0.0230 -0.4907 0.8710
vn 0.6222 -0.4412 0.6467
vn 0.5393 -0.4947 0.6815
vn 0.5827 -0.4618 0.6688
vn 0.5017 -0.4635 0.7304
vn -0.1445 -0.9036 0.4033
vn -0.3166 -0.8850 0.3413
vn -0.3208 -0.8866 0.3332
vn -0.3100 -0.8936 0.3245
vn -0.0780 -0.9181 0.3886
vn -0.1048 -0.9122 0.3961
vn 0.3044 -0.9430 0.1346
vn 0.6789 0.6082 0.4113
vn 0.7124 0.6056 0.3546
vn 0.7391 0.6011 0.3041
vn 0.7120 0.6266 0.3169
vn -0.2058 -0.8696 0.4489
vn -0.5508 -0.7065 -0.4444
vn -0.4965 -0.7250 -0.4774
vn -0.4784 -0.7713 -0.4198
vn -0.1686 -0.8702 0.4629
vn -0.2831 0.9520 -0.1168
vn 0.5696 -0.3676 -0.7351
vn 0.5975 -0.4346 -0.6739
vn 0.4723 -0.4058 -0.7825
vn 0.1046 0.9192 0.3796
vn 0.0770 0.9090 0.4097
vn 0.1309 0.9005 0.4147
vn 0.1563 0.9230 0.3516
vn 0.2690 -0.6082 0.7468
vn 0.3445 -0.5870 0.7326
vn 0.3186 -0.5766 0.7524
vn 0.0913 -0.5182 0.8504
vn 0.0324 -0.4294 0.9026
vn 0.0652 -0.4470 0.8921
vn -0.2233 -0.9723 0.0688
vn -0.2010 -0.9775 0.0642
vn -0.2030 -0.9790 0.0195
vn 0.2427 -0.3978 0.8848
vn 0.2095 -0.3964 0.8939
vn 0.2215 -0.4114 0.8841
vn 0.2597 -0.3836 0.8862
vn 0.1677 -0.3508 0.9213
vn 0.0538 -0.4813 0.8749
vn 0.1245 -0.4463 0.8862
vn 0.0640 -0.4462 0.8926
vn 0.0768 -0.4474 0.8910
vn 0.0738 -0.4890 0.8692
vn 0.1130 -0.4478 0.8870
vn 0.2187 -0.4502 0.8657
vn 0.1287 -0.4484 0.8845
vn 0.1390 -0.4504 0.8819
vn 0.1549 -0.4522 0.8784
vn 0.1771 -0.4531 0.8737
vn 0.2362 -0.3892 0.8903
vn 0.2120 -0.4516 0.8667
vn 0.4459 -0.3834 0.8088
vn 0.4176 -0.3721 0.8289
vn 0.4781 -0.4098 0.7769
vn 0.3761 -0.2490 0.8925
vn 0.4073 -0.2893 0.8663
vn 0.7901 0.0965 0.6053
vn 0.7560 -0.1305 0.6414
vn 0.4785 -0.2609 0.8385
vn 0.5549 -0.2848 0.7817
vn 0.5531 -0.2175 0.8042
vn 0.8175 0.2294 0.5283
vn 0.7998 0.2813 0.5303
vn 0.8196 0.2349 0.5226
vn 0.7868 0.2829 0.5485
vn 0.8115 0.2745 0.5159
vn 0.8357 0.2881 0.4675
vn 0.7898 0.3217 0.5223
vn 0.8068 0.3490 0.4768
vn 0.7730 0.5498 0.3164
vn 0.8612 0.4305 0.2703
vn 0.8593 0.4115 0.3039
vn 0.8486 0.4828 0.2164
vn 0.8388 0.5017 0.2117
vn 0.8112 0.5234 0.2608
vn 0.8544 0.4860 0.1839
vn 0.8384 0.5270 0.1391
vn 0.3928 0.9080 0.1454
vn 0.3917 0.9025 0.1790
vn 0.4099 0.8973 0.1641
vn 0.4357 0.8582 0.2713
vn 0.4552 0.8669 0.2032
vn 0.4107 0.8948 0.1752
vn 0.5209 0.8214 0.2325
vn 0.4249 0.8816 0.2057
vn 0.5522 0.8177 0.1625
vn 0.6188 0.7455 0.2478
vn 0.4380 0.8959 -0.0748
vn 0.4781 0.8781 -0.0160
vn 0.5010 0.8565 -0.1239
vn 0.4481 0.8926 0.0501
vn 0.5167 0.8560 -0.0170
vn 0.5438 0.8349 0.0855
vn 0.5306 0.8456 -0.0578
vn 0.5388 0.8422 -0.0205
vn 0.4274 0.9035 -0.0326
vn 0.4202 0.9058 -0.0546
vn 0.3383 0.9401 -0.0413
vn 0.3986 0.9171 -0.0060
vn 0.3923 0.9185 -0.0499
vn 0.4232 0.9051 -0.0406
vn 0.3421 0.9397 0.0013
vn 0.3725 0.9271 -0.0422
vn 0.3322 0.9347 -0.1264
vn 0.3783 0.9255 -0.0169
vn 0.4254 0.9034 -0.0539
vn 0.3145 0.9472 -0.0623
vn 0.3651 0.9295 -0.0519
vn 0.3281 0.9327 0.1498
vn 0.3997 0.8858 0.2357
vn 0.4942 0.8562 0.1506
vn 0.6467 0.7571 0.0924
vn 0.4431 0.8819 0.1610
vn 0.5440 0.8279 0.1369
vn 0.6249 0.7793 0.0473
vn 0.5157 0.8483 0.1202
vn 0.5520 0.8167 0.1685
vn 0.5551 0.8318 -0.0027
vn 0.0815 0.9484 -0.3064
vn 0.0659 0.9435 -0.3246
vn 0.0701 0.9582 -0.2773
vn 0.1030 0.9515 -0.2899
vn 0.4214 -0.1850 -0.8878
vn 0.4609 -0.1445 -0.8756
vn 0.3026 -0.2628 -0.9162
vn 0.3297 -0.2634 -0.9066
vn 0.3350 -0.3810 -0.8618
vn 0.3350 -0.3797 -0.8623
vn 0.4046 -0.3446 -0.8471
vn 0.4167 -0.3188 -0.8513
vn 0.4435 -0.3634 -0.8193
vn 0.3012 -0.3005 -0.9050
vn 0.2508 -0.3460 -0.9041
vn 0.2258 -0.3911 -0.8922
vn 0.2566 -0.3504 -0.9007
vn 0.2266 -0.3788 -0.8973
vn 0.2501 -0.3654 -0.8967
vn 0.2146 -0.4161 -0.8836
vn 0.2242 -0.3549 -0.9076
vn 0.2225 -0.3697 -0.9021
vn 0.1252 -0.4241 -0.8969
vn 0.2141 -0.4395 -0.8723
vn -0.9155 0.1591 -0.3694
vn -0.8928 0.2479 -0.3760
vn -0.9056 0.1813 -0.3835
vn -0.1288 -0.2354 -0.9633
vn -0.0588 -0.2487 -0.9668
vn -0.1213 -0.2578 -0.9585
vn 0.6025 0.0996 -0.7919
vn 0.7639 -0.0097 -0.6452
vn 0.7829 -0.0484 -0.6202
vn 0.8498 0.5121 -0.1248
vn 0.6215 0.0366 -0.7825
vn 0.4621 -0.1063 -0.8804
vn 0.0220 -0.4119 -0.9110
vn 0.1029 -0.4286 -0.8976
vn 0.1178 -0.4491 -0.8857
vn 0.0706 -0.4578 -0.8862
vn 0.0195 -0.4827 -0.8756
vn 0.0503 -0.4130 -0.9094
vn 0.0526 -0.4311 -0.9008
vn 0.0466 -0.4556 -0.8889
vn 0.6689 0.3678 -0.6460
vn -0.7527 -0.0535 -0.6562
vn -0.7413 -0.0905 -0.6651
vn -0.6211 0.7334 -0.2764
vn -0.5818 0.7692 -0.2642
vn -0.6133 0.7257 -0.3119
vn 0.4577 0.8555 -0.2422
vn 0.4570 0.8603 -0.2257
vn -0.1635 -0.9865 -0.0036
vn 0.4766 0.8349 -0.2752
vn 0.6846 0.7034 -0.1910
vn 0.7182 0.6677 -0.1959
vn 0.6799 0.7176 -0.1513
vn 0.7346 0.6648 -0.1356
vn 0.7992 0.4520 -0.3962
vn 0.8296 0.4452 -0.3370
vn 0.7953 0.4185 -0.4385
vn 0.7902 0.3265 -0.5186
vn 0.8132 0.3425 -0.4706
vn 0.8209 0.2690 -0.5037
vn -0.1006 -0.8996 0.4250
vn -0.0471 -0.9107 0.4104
vn -0.1668 -0.5435 -0.8227
vn -0.0449 -0.5990 -0.7995
vn -0.0693 -0.5619 -0.8243
vn -0.1232 -0.5525 -0.8243
vn -0.0814 -0.5711 -0.8169
vn -0.0890 -0.5710 -0.8161
vn -0.1527 -0.5830 -0.7980
vn -0.0106 -0.5417 -0.8405
vn 0.0121 -0.4970 -0.8677
vn 0.0797 -0.5419 -0.8367
vn 0.0483 -0.5946 -0.8026
vn 0.0807 -0.5735 -0.8152
vn -0.1054 -0.5677 -0.8165
vn -0.0599 -0.5745 -0.8163
vn -0.0746 -0.6525 -0.7541
vn -0.0694 -0.5724 -0.8170
vn -0.1300 -0.5641 -0.8154
vn -0.0997 -0.5721 -0.8141
vn -0.1906 -0.6323 -0.7509
vn -0.0817 -0.6787 -0.7298
vn -0.1765 -0.7053 -0.6866
vn -0.2076 -0.6364 -0.7429
vn -0.1913 -0.6552 -0.7309
vn -0.1536 -0.7284 -0.6677
vn -0.1775 -0.5972 -0.7822
vn -0.2048 -0.7271 -0.6553
vn -0.2614 -0.6430 -0.7198
vn -0.1778 -0.6997 -0.6919
vn -0.1025 -0.7927 -0.6009
vn -0.0088 -0.7788 -0.6273
vn 0.8795 -0.3447 0.3280
vn 0.8260 -0.3843 0.4123
vn 0.8900 -0.3366 0.3077
vn 0.8478 -0.3258 0.4184
vn -0.1063 -0.8633 -0.4933
vn -0.1566 -0.8092 -0.5662
vn -0.0078 -0.7722 -0.6353
vn -0.2413 -0.8566 -0.4561
vn -0.2140 -0.8421 -0.4950
vn -0.1688 -0.8535 -0.4930
vn -0.1725 -0.8616 -0.4773
vn -0.2886 -0.8806 -0.3758
vn -0.2398 -0.8731 -0.4245
vn -0.2068 -0.8935 -0.3985
vn -0.2294 -0.9009 -0.3684
vn -0.2541 -0.8737 -0.4149
vn -0.0647 -0.9962 0.0579
vn -0.2648 -0.9109 -0.3164
vn -0.2416 -0.9369 -0.2528
vn -0.2692 -0.9111 -0.3120
vn 0.0898 -0.9632 -0.2532
vn 0.0407 -0.9301 0.3651
vn -0.3373 -0.9362 -0.0988
vn -0.3974 -0.3972 0.8272
vn -0.3435 -0.3917 0.8536
vn -0.1752 -0.9749 0.1375
vn -0.1672 -0.9694 0.1798
vn 0.9547 -0.2484 0.1640
vn 0.9128 -0.3309 0.2393
vn 0.9530 -0.2662 0.1447
vn -0.3996 -0.9098 0.1124
vn 0.0501 -0.4478 0.8927
vn 0.0577 -0.4254 0.9031
vn -0.3878 -0.8915 0.2343
vn -0.5149 -0.2916 0.8062
vn -0.5166 -0.3398 0.7859
vn -0.4392 -0.3804 0.8139
vn -0.4461 -0.2648 0.8549
vn -0.1735 -0.8842 0.4338
vn -0.1741 -0.8844 0.4331
vn -0.1737 -0.8845 0.4331
vn -0.3505 -0.9032 0.2476
vn -0.2524 -0.9124 0.3221
vn -0.2927 -0.9057 0.3067
vn 0.3837 -0.9144 0.1292
vn 0.3829 -0.9147 0.1289
vn 0.3824 -0.9149 0.1293
vn 0.3841 -0.9143 0.1287
vn -0.1976 -0.9794 -0.0427
vn -0.2025 -0.9784 -0.0403
vn -0.2091 -0.9767 -0.0481
vn -0.2092 -0.9766 -0.0499
vn -0.2165 -0.8898 0.4017
vn -0.2178 -0.8901 0.4004
vn 0.9927 -0.0021 -0.1209
vn 0.9890 -0.1056 -0.1038
vn 0.3882 -0.4489 0.8048
vn 0.3571 -0.4791 0.8019
vn 0.4305 -0.4635 0.7745
vn -0.2263 -0.9655 -0.1289
vn -0.1938 -0.9698 -0.1480
vn -0.1351 -0.9790 -0.1524
vn -0.1861 -0.9786 -0.0876
vn -0.1811 -0.8827 0.4337
vn -0.1313 -0.8472 0.5147
vn -0.1120 -0.8554 0.5057
vn -0.0666 -0.8690 0.4904
vn -0.1121 -0.8561 0.5045
vn -0.1285 -0.8575 0.4982
vn -0.0047 -0.8875 0.4608
vn 0.0337 -0.8862 0.4621
vn 0.0108 -0.8866 0.4624
vn -0.0018 -0.8905 0.4549
vn -0.0322 -0.9074 0.4190
vn 0.0218 -0.8806 0.4733
vn 0.0042 -0.8937 0.4486
vn 0.0436 -0.8877 0.4584
vn 0.0266 -0.8920 0.4512
vn 0.0377 -0.8963 0.4418
vn 0.3773 -0.5213 0.7654
vn 0.3386 -0.5759 0.7441
vn 0.3289 -0.5543 0.7645
vn 0.2436 -0.5638 0.7892
vn 0.3191 -0.5581 0.7660
vn 0.2885 -0.5875 0.7560
vn -0.3543 -0.2825 0.8914
vn -0.3052 -0.1746 0.9361
vn 0.3769 -0.5370 0.7547
vn 0.4058 -0.5379 0.7389
vn 0.3964 -0.5116 0.7623
vn 0.1595 -0.4569 0.8751
vn 0.1456 -0.4544 0.8788
vn 0.0946 -0.4889 0.8672
vn 0.2147 -0.5870 -0.7806
vn 0.1176 -0.5636 -0.8176
vn 0.2498 -0.4125 0.8760
vn 0.2246 -0.4351 0.8719
vn 0.2293 -0.4573 0.8593
vn 0.2217 -0.4367 0.8718
vn 0.2350 -0.4550 0.8589
vn 0.2591 -0.4080 0.8754
vn 0.2219 -0.4948 0.8402
vn 0.2651 -0.4209 0.8675
vn 0.2864 -0.4079 0.8669
vn 0.2869 -0.4967 0.8191
vn 0.2925 -0.4067 0.8655
vn 0.1934 -0.4726 0.8598
vn 0.3872 -0.3972 0.8320
vn 0.1176 -0.4482 0.8862
vn 0.1375 -0.4514 0.8816
vn 0.2585 -0.4287 0.8657
vn 0.1959 -0.4116 0.8901
vn 0.2863 -0.4205 0.8609
vn 0.2721 -0.4541 0.8484
vn 0.2452 -0.4513 0.8580
vn 0.2361 -0.4401 0.8663
vn 0.2172 -0.4329 0.8749
vn 0.4428 -0.4827 -0.7556
vn 0.4483 -0.5208 -0.7265
vn 0.3404 -0.3742 0.8626
vn 0.4601 -0.4093 0.7879
vn 0.3815 -0.3907 0.8377
vn 0.3634 -0.4660 0.8067
vn 0.3531 -0.4085 0.8417
vn 0.3484 -0.4782 0.8062
vn 0.3906 -0.3935 0.8322
vn 0.5141 -0.2776 0.8115
vn 0.4566 -0.3732 0.8076
vn 0.4475 -0.4204 0.7893
vn 0.7927 -0.2297 0.5647
vn 0.8310 -0.1412 0.5380
vn 0.7749 -0.0659 0.6286
vn 0.8357 -0.2072 0.5086
vn 0.8265 -0.0994 0.5541
vn 0.5978 -0.3200 0.7350
vn 0.5728 -0.3121 0.7580
vn 0.5532 -0.3998 0.7308
vn 0.7443 -0.2250 0.6288
vn 0.7031 -0.2428 0.6684
vn 0.7060 -0.3179 0.6329
vn 0.8637 0.0056 0.5039
vn 0.9023 0.0833 0.4230
vn 0.8957 0.0041 0.4446
vn 0.9133 0.0860 0.3982
vn 0.9289 -0.1157 -0.3517
vn 0.9493 -0.0959 -0.2993
vn 0.9602 -0.0682 -0.2707
vn -0.0901 -0.9640 0.2503
vn 0.7889 0.5680 0.2344
vn 0.8199 0.5344 0.2056
vn 0.9840 0.0514 0.1704
vn 0.9953 0.0280 0.0931
vn 0.7593 -0.0119 -0.6506
vn 0.8699 0.4533 0.1942
vn 0.2835 -0.9487 0.1397
vn 0.2836 -0.9484 0.1416
vn 0.2829 -0.9490 0.1393
vn 0.2840 -0.9486 0.1394
vn 0.8062 0.5590 0.1938
vn 0.7846 0.5851 0.2051
vn 0.4677 0.8802 -0.0809
vn 0.4758 0.8751 -0.0886
vn 0.6814 0.7284 0.0714
vn 0.5832 0.8103 0.0573
vn 0.1197 -0.9921 0.0375
vn 0.0308 -0.9995 -0.0025
vn 0.0828 -0.9936 0.0772
vn 0.0924 -0.9954 0.0255
vn 0.6120 0.7819 -0.1187
vn 0.5652 0.8197 -0.0934
vn 0.6435 0.7330 -0.2207
vn 0.5996 0.7831 -0.1650
vn 0.5814 0.7967 -0.1651
vn 0.5573 0.7906 -0.2538
vn 0.5277 0.8372 -0.1438
vn 0.4838 0.8459 -0.2243
vn 0.5188 0.8440 -0.1365
vn 0.5176 0.8432 -0.1449
vn 0.4550 0.8682 -0.1983
vn 0.3726 0.9136 -0.1631
vn 0.3806 0.8949 -0.2330
vn 0.3190 0.9256 -0.2035
vn 0.4393 -0.1540 -0.8851
vn 0.4538 -0.1999 -0.8684
vn 0.4719 -0.2856 -0.8341
vn 0.5067 -0.1775 -0.8436
vn 0.4997 -0.2334 -0.8341
vn -0.5192 0.1356 -0.8438
vn -0.4756 0.1343 -0.8694
vn -0.4545 0.0730 -0.8878
vn 0.4342 -0.3374 -0.8352
vn 0.8261 -0.5474 -0.1341
vn 0.8489 -0.5119 -0.1318
vn 0.8349 -0.5482 -0.0484
vn 0.3774 -0.4359 -0.8170
vn 0.3634 -0.3851 -0.8483
vn 0.3577 -0.4088 -0.8396
vn 0.3259 -0.3566 -0.8756
vn 0.2901 -0.4008 -0.8690
vn 0.3220 -0.4447 -0.8358
vn 0.3536 -0.4077 -0.8419
vn 0.2862 -0.4422 -0.8500
vn 0.1560 -0.4377 -0.8855
vn 0.1388 -0.4294 -0.8924
vn 0.1437 -0.5027 -0.8524
vn 0.1306 -0.4345 -0.8911
vn 0.1070 -0.4294 -0.8967
vn 0.0901 -0.5026 -0.8598
vn -0.1805 0.9616 0.2067
vn -0.1849 0.9560 0.2278
vn -0.1911 0.9500 0.2468
vn -0.1774 0.9554 0.2362
vn 0.7492 0.0852 -0.6569
vn 0.7970 0.0999 -0.5957
vn 0.6955 0.0096 -0.7185
vn 0.7554 -0.0656 -0.6520
vn 0.7670 0.0248 -0.6411
vn 0.6534 -0.0653 -0.7542
vn 0.7057 -0.0573 -0.7062
vn 0.7406 -0.1120 -0.6626
vn 0.7120 -0.1344 -0.6892
vn 0.6668 0.0109 -0.7452
vn 0.6864 -0.0645 -0.7243
vn 0.6814 -0.1423 -0.7179
vn 0.0035 -0.9958 -0.0916
vn 0.6063 -0.1600 -0.7790
vn 0.6054 -0.2331 -0.7610
vn 0.1564 -0.4700 -0.8687
vn 0.4638 0.8715 -0.1596
vn 0.5256 0.8250 -0.2077
vn 0.5525 0.8070 -0.2086
vn 0.7595 0.6369 -0.1323
vn 0.7617 0.5647 -0.3178
vn 0.7063 0.6974 -0.1216
vn 0.8180 0.5719 -0.0612
vn 0.7331 0.6556 -0.1810
vn 0.7316 0.6735 -0.1060
vn -0.0521 0.8639 0.5010
vn -0.0491 0.8753 0.4811
vn 0.6863 0.7253 -0.0540
vn 0.6641 0.7474 -0.0183
vn 0.8467 0.4895 -0.2084
vn 0.8357 0.5219 -0.1713
vn 0.8447 0.5211 -0.1222
vn -0.7025 -0.0896 0.7060
vn -0.6477 -0.0840 0.7572
vn -0.6876 -0.0628 0.7233
vn 0.8598 0.3872 -0.3328
vn 0.8754 0.3748 -0.3053
vn 0.9328 0.2577 -0.2520
vn 0.0976 -0.4685 -0.8781
vn 0.1141 -0.4755 -0.8723
vn 0.1876 -0.5061 -0.8418
vn -0.0117 -0.5163 -0.8563
vn 0.0342 -0.5090 -0.8601
vn 0.0363 -0.5897 -0.8068
vn 0.0381 -0.5090 -0.8599
vn 0.0664 -0.4707 -0.8798
vn 0.0866 -0.5483 -0.8318
vn 0.1005 -0.5533 -0.8269
vn 0.1382 -0.5976 -0.7898
vn 0.0120 -0.5595 -0.8287
vn -0.0049 -0.7184 -0.6956
vn -0.1440 -0.7090 -0.6904
vn -0.2237 -0.6963 -0.6820
vn -0.1530 -0.6547 -0.7403
vn -0.0233 -0.7790 -0.6266
vn -0.0637 -0.6809 -0.7296
vn -0.0823 -0.7988 -0.5960
vn -0.0695 -0.7336 -0.6761
vn 0.0202 -0.7832 -0.6214
vn 0.1719 -0.7759 -0.6070
vn 0.0015 -0.7282 -0.6854
vn 0.0193 -0.8013 -0.5980
vn -0.0029 -0.7510 -0.6603
vn 0.0854 -0.7539 -0.6514
vn 0.0052 -0.7425 -0.6698
vn 0.6180 -0.6069 0.4998
vn 0.6678 -0.6318 0.3936
vn 0.0263 -0.8203 -0.5713
vn -0.0038 -0.8350 -0.5502
vn -0.0705 -0.8467 -0.5274
vn -0.0130 -0.8197 -0.5726
vn -0.0844 -0.8176 -0.5696
vn -0.1738 -0.9563 -0.2351
vn -0.2022 -0.9606 -0.1907
vn -0.1531 -0.9191 0.3631
vn -0.1510 -0.9198 0.3621
vn -0.2955 -0.9536 -0.0583
vn -0.2957 -0.9534 -0.0592
vn -0.2948 -0.9537 -0.0599
vn -0.4454 -0.5686 0.6916
vn -0.3281 -0.9446 0.0097
vn -0.2728 -0.9617 0.0270
vn -0.3415 -0.9326 0.1170
vn -0.3163 -0.9448 0.0850
vn -0.2988 -0.9373 0.1794
vn 0.1908 0.9017 -0.3879
vn 0.1564 0.9316 -0.3281
vn 0.2345 0.9293 -0.2853
vn -0.2005 -0.9013 0.3841
vn 0.0340 -0.9199 0.3907
vn 0.0559 -0.8466 0.5292
vn 0.2148 -0.9093 0.3565
vn 0.1140 -0.9649 0.2367
vn -0.0288 -0.9049 0.4246
vn -0.1537 -0.8880 0.4333
vn -0.1597 -0.8798 0.4477
vn -0.0942 -0.9574 0.2730
vn -0.1039 -0.9565 0.2725
vn -0.1127 -0.9936 0.0085
vn -0.0558 -0.9039 0.4241
vn 0.0318 -0.9042 0.4260
vn 0.0101 -0.9128 0.4082
vn -0.0043 -0.9200 0.3918
vn 0.0331 -0.9102 0.4128
vn 0.1971 -0.7725 0.6037
vn 0.1460 -0.7679 0.6238
vn 0.2425 -0.9456 -0.2167
vn 0.0584 -0.9054 0.4205
vn 0.0398 -0.9048 0.4240
vn 0.0539 -0.8975 0.4376
vn 0.0391 -0.9140 0.4039
vn 0.0101 -0.9128 0.4083
vn 0.0306 -0.9211 0.3881
vn 0.0191 -0.9271 0.3744
vn 0.3697 -0.4580 0.8084
vn 0.5073 -0.5472 0.6658
vn 0.5767 -0.5106 0.6377
vn 0.5393 -0.5804 0.6102
vn 0.5949 -0.5913 0.5445
vn 0.4858 -0.5087 0.7108
vn 0.5579 -0.4485 0.6983
vn 0.5293 -0.4758 0.7025
vn 0.3333 -0.5743 0.7477
vn 0.4198 -0.5142 0.7479
vn 0.4672 -0.5681 0.6775
vn 0.4502 -0.5031 0.7377
vn 0.4683 -0.4358 0.7686
vn 0.4676 -0.4938 0.7331
vn 0.4542 -0.4706 0.7565
vn 0.3457 -0.4758 0.8088
vn 0.3094 -0.4970 0.8107
vn 0.4009 -0.4719 0.7852
vn 0.4138 -0.4433 0.7951
vn 0.3698 -0.4709 0.8010
vn 0.2201 -0.4058 0.8870
vn 0.2350 -0.4643 0.8539
vn 0.2444 -0.4510 0.8584
vn 0.2703 -0.4276 0.8626
vn 0.2055 -0.5266 0.8249
vn 0.2559 -0.4922 0.8320
vn 0.2757 -0.4479 0.8505
vn 0.3358 -0.4373 0.8343
vn 0.3047 -0.4663 0.8305
vn 0.2721 -0.4626 0.8438
vn 0.2500 -0.5400 0.8037
vn 0.2896 -0.4619 0.8383
vn 0.2842 -0.4678 0.8369
vn 0.3698 -0.4738 0.7992
vn 0.2882 -0.4416 0.8497
vn 0.3153 -0.4462 0.8376
vn 0.3102 -0.4523 0.8362
vn 0.3076 -0.4528 0.8368
vn 0.2794 -0.5216 0.8061
vn 0.3035 -0.4082 0.8610
vn 0.2667 -0.4641 0.8447
vn 0.3327 -0.4867 0.8078
vn 0.3234 -0.4852 0.8124
vn 0.2612 -0.4650 0.8459
vn 0.2711 -0.4269 0.8627
vn 0.2718 -0.4627 0.8438
vn 0.2779 -0.4921 0.8250
vn 0.3636 -0.3633 0.8578
vn 0.3390 -0.4107 0.8464
vn 0.3313 -0.4717 0.8172
vn 0.2846 -0.4092 0.8669
vn 0.4119 -0.4225 0.8074
vn 0.3723 -0.3954 0.8396
vn 0.3912 -0.4501 0.8027
vn 0.4871 -0.4369 0.7562
vn 0.4529 -0.4296 0.7812
vn 0.4166 -0.5271 0.7407
vn 0.5579 -0.3393 0.7574
vn 0.5103 -0.3143 0.8005
vn 0.5391 -0.3773 0.7530
vn 0.5195 -0.3503 0.7794
vn 0.5342 -0.3898 0.7501
vn 0.5610 -0.3194 0.7637
vn 0.8162 -0.0529 0.5754
vn 0.8453 -0.1331 0.5174
vn 0.8641 -0.1263 0.4872
vn 0.9137 -0.1232 0.3872
vn 0.6107 -0.3104 0.7285
vn 0.6775 -0.2550 0.6900
vn 0.5658 -0.2834 0.7743
vn 0.6060 -0.3657 0.7064
vn 0.6375 -0.2520 0.7281
vn -0.1253 -0.9811 0.1474
vn 0.7319 -0.3153 0.6041
vn 0.7162 -0.1921 0.6709
vn 0.7461 -0.3179 0.5850
vn 0.9066 0.1223 0.4038
vn 0.8728 0.1411 0.4672
vn 0.9039 0.0012 0.4278
vn 0.8453 0.3180 0.4293
vn 0.9398 0.2511 0.2317
vn 0.1665 0.9507 0.2615
vn 0.1683 0.9336 0.3163
vn 0.3853 -0.9228 -0.0047
vn 0.8612 0.3941 0.3209
vn 0.5937 0.6183 0.5151
vn 0.5586 0.5846 0.5883
vn 0.5626 0.5952 0.5737
vn 0.5745 0.5972 0.5597
vn -0.8149 -0.5793 0.0200
vn -0.7913 -0.6114 -0.0048
vn -0.7933 -0.5889 0.1544
vn 0.9921 -0.0964 0.0806
vn 0.9826 -0.1524 0.1059
vn 0.9941 -0.0986 0.0445
vn 0.6806 0.7323 0.0217
vn 0.7122 0.7009 0.0380
vn 0.6698 0.7400 -0.0610
vn 0.5443 -0.2236 -0.8086
vn 0.6633 -0.1999 -0.7212
vn 0.5501 -0.2324 -0.8021
vn 0.5096 -0.2577 -0.8210
vn 0.5440 -0.2382 -0.8046
vn 0.2029 -0.1288 -0.9707
vn 0.2455 -0.1713 -0.9541
vn 0.2106 -0.2058 -0.9557
vn 0.4877 -0.1529 -0.8595
vn 0.5233 -0.2412 -0.8173
vn 0.5138 -0.2982 -0.8044
vn 0.5058 -0.2972 -0.8099
vn 0.3594 -0.3446 -0.8672
vn 0.4541 -0.3190 -0.8319
vn 0.5025 -0.3735 -0.7798
vn 0.5342 -0.3543 -0.7675
vn 0.4840 -0.3248 -0.8126
vn 0.4879 -0.3236 -0.8107
vn 0.4641 -0.3175 -0.8269
vn 0.4983 -0.3976 -0.7705
vn 0.4466 -0.4204 -0.7898
vn 0.4198 -0.3198 -0.8494
vn 0.4752 -0.3242 -0.8179
vn 0.4158 -0.4165 -0.8085
vn 0.3530 -0.3959 -0.8477
vn 0.3929 -0.4072 -0.8245
vn 0.2668 -0.4806 -0.8354
vn 0.2822 -0.4808 -0.8302
vn 0.2806 -0.5032 -0.8173
vn 0.2559 -0.4809 -0.8386
vn 0.2317 -0.4778 -0.8474
vn 0.2390 -0.4486 -0.8612
vn 0.3364 -0.4650 -0.8189
vn 0.3206 -0.3999 -0.8587
vn 0.3571 -0.4088 -0.8399
vn 0.3423 -0.4526 -0.8234
vn 0.3577 -0.3853 -0.8507
vn 0.1354 -0.8789 0.4574
vn 0.2030 -0.4849 -0.8507
vn 0.1883 -0.5094 -0.8397
vn 0.1944 -0.4852 -0.8525
vn 0.7254 0.0770 -0.6840
vn 0.7616 0.0801 -0.6431
vn 0.6460 -0.7632 -0.0129
vn 0.7040 -0.7001 -0.1189
vn 0.7065 -0.7063 -0.0443
vn 0.6618 -0.7491 -0.0309
vn 0.8361 0.0481 -0.5465
vn 0.7917 0.0474 -0.6091
vn 0.7991 0.0578 -0.5984
vn 0.8405 0.0128 -0.5416
vn 0.7917 0.0819 -0.6054
vn 0.8332 0.0232 -0.5525
vn 0.8608 -0.0836 -0.5020
vn 0.8432 0.0083 -0.5375
vn 0.8775 0.0238 -0.4789
vn 0.8392 -0.1512 -0.5223
vn 0.8657 -0.1278 -0.4840
vn 0.7684 -0.1208 -0.6285
vn 0.7924 -0.1237 -0.5973
vn 0.8217 -0.1769 -0.5417
vn 0.7835 -0.2063 -0.5861
vn 0.7718 -0.0335 -0.6350
vn 0.7803 -0.1272 -0.6123
vn 0.7693 -0.2083 -0.6040
vn 0.7094 -0.0585 -0.7024
vn 0.7124 -0.1287 -0.6898
vn 0.6671 -0.1211 -0.7351
vn 0.6827 -0.2151 -0.6984
vn 0.6718 -0.3216 -0.6673
vn 0.8485 0.5071 -0.1510
vn 0.1885 -0.2688 0.9446
vn 0.2127 -0.2772 0.9370
vn 0.8919 0.2911 -0.3462
vn 0.8950 0.3245 -0.3061
vn 0.9150 0.3281 -0.2347
vn 0.8992 0.3389 -0.2768
vn 0.9545 0.2363 -0.1822
vn 0.9223 0.3026 -0.2404
vn 0.8743 0.3157 -0.3688
vn 0.8986 0.3047 -0.3156
vn 0.9275 0.2738 -0.2546
vn 0.1388 -0.9599 0.2437
vn 0.1011 -0.5401 -0.8355
vn 0.0471 -0.5501 -0.8338
vn 0.1129 -0.5413 -0.8332
vn 0.1166 -0.6146 -0.7802
vn 0.1265 -0.5525 -0.8239
vn 0.1268 -0.5524 -0.8239
vn 0.0140 -0.6274 -0.7785
vn 0.0066 -0.6912 -0.7226
vn 0.0056 -0.6256 -0.7801
vn 0.0629 -0.6451 -0.7615
vn -0.0265 -0.6849 -0.7281
vn 0.0207 -0.6284 -0.7777
vn 0.0107 -0.6478 -0.7617
vn 0.0762 -0.5845 -0.8078
vn -0.2357 -0.6584 -0.7149
vn -0.1843 -0.5762 -0.7963
vn -0.1058 -0.7020 -0.7043
vn 0.1705 -0.7956 -0.5813
vn 0.1804 -0.7528 -0.6331
vn 0.2125 -0.7739 -0.5967
vn 0.2281 -0.8238 -0.5189
vn 0.2319 -0.7997 -0.5537
vn 0.2305 -0.8014 -0.5519
vn 0.1479 -0.7472 -0.6479
vn 0.0722 -0.6877 -0.7224
vn 0.1117 -0.7148 -0.6903
vn 0.1135 -0.6819 -0.7226
vn -0.7799 -0.3735 -0.5022
vn 0.2646 -0.6853 -0.6785
vn 0.1865 -0.7120 -0.6769
vn 0.0933 -0.7189 -0.6888
vn 0.1543 -0.6672 -0.7287
vn 0.1726 -0.7297 -0.6617
vn 0.1060 -0.9764 0.1881
vn 0.8858 0.4622 -0.0416
vn 0.8875 0.4500 -0.0992
vn 0.8754 0.4776 -0.0748
vn -0.2742 -0.9595 -0.0649
vn 0.0858 -0.9949 0.0522
vn 0.0834 -0.9949 0.0569
vn -0.2169 -0.9743 -0.0605
vn -0.2842 -0.9324 0.2231
vn -0.2849 -0.9328 0.2206
vn 0.2547 -0.9368 0.2398
vn 0.3136 -0.9186 0.2404
vn 0.0877 -0.9835 0.1584
vn 0.0883 -0.9812 0.1717
vn 0.0884 -0.9804 0.1761
vn 0.0812 -0.9803 0.1798
vn -0.1836 -0.9095 0.3730
vn -0.1917 -0.9019 0.3870
vn -0.3747 -0.9163 -0.1414
vn -0.3749 -0.9165 -0.1398
vn -0.3747 -0.9167 -0.1388
vn -0.3755 -0.9162 -0.1398
vn -0.1852 -0.9330 0.3087
vn -0.1849 -0.9215 0.3416
vn -0.2777 -0.9596 -0.0447
vn -0.1626 -0.9063 0.3902
vn -0.1607 -0.9062 0.3912
vn -0.1259 -0.9905 0.0559
vn -0.1222 -0.9909 0.0569
vn -0.1302 -0.9900 0.0542
vn -0.1261 -0.9909 0.0472
vn 0.0874 -0.9951 0.0464
vn 0.0875 -0.9948 0.0520
vn 0.0604 -0.1347 -0.9891
vn 0.0948 -0.1888 -0.9774
vn 0.0234 -0.1514 -0.9882
vn -0.0361 -0.1345 -0.9903
vn -0.0434 -0.9131 0.4053
vn 0.1987 -0.7888 0.5816
vn 0.1447 -0.7998 0.5825
vn -0.7724 0.5943 0.2240
vn 0.2861 -0.8229 0.4909
vn 0.3171 -0.8363 0.4473
vn 0.3032 -0.8064 0.5078
vn 0.2966 -0.8097 0.5064
vn 0.1716 -0.7916 0.5864
vn 0.1804 -0.8022 0.5691
vn -0.2550 -0.9665 -0.0292
vn 0.0958 -0.9807 0.1705
vn -0.1234 -0.9229 0.3647
vn 0.2901 -0.5131 0.8079
vn 0.5508 -0.6028 0.5773
vn 0.5545 -0.6735 0.4889
vn 0.5329 -0.6334 0.5611
vn 0.5293 -0.6837 0.5024
vn 0.5415 -0.6774 0.4978
vn 0.5789 -0.5721 0.5811
vn 0.5511 -0.6213 0.5570
vn 0.5784 -0.6514 0.4910
vn 0.5528 -0.5859 0.5927
vn 0.6205 -0.5547 0.5544
vn 0.5460 -0.5816 0.6030
vn 0.5987 -0.5170 0.6118
vn 0.5013 -0.4608 0.7324
vn 0.5115 -0.4992 0.6994
vn 0.5532 -0.4456 0.7038
vn 0.4995 -0.5034 0.7050
vn 0.5135 -0.4355 0.7394
vn 0.4566 -0.5590 0.6921
vn 0.4869 -0.3953 0.7789
vn 0.4888 -0.4747 0.7319
vn 0.5019 -0.4600 0.7324
vn 0.4760 -0.5108 0.7159
vn 0.3694 -0.4536 0.8110
vn 0.3467 -0.3955 0.8505
vn 0.4367 -0.5111 0.7403
vn 0.3946 -0.4577 0.7968
vn 0.3510 -0.5128 0.7834
vn 0.3652 -0.5191 0.7728
vn 0.4123 -0.4665 0.7825
vn 0.4223 -0.3780 0.8239
vn 0.3563 -0.4953 0.7923
vn 0.4132 -0.4297 0.8029
vn 0.3786 -0.3917 0.8386
vn 0.4541 -0.4691 0.7574
vn 0.3875 -0.5071 0.7698
vn 0.3305 -0.5303 0.7808
vn 0.3549 -0.4365 0.8268
vn 0.3455 -0.4671 0.8139
vn 0.3243 -0.4518 0.8311
vn 0.3236 -0.5209 0.7899
vn 0.3438 -0.4467 0.8260
vn 0.3210 -0.4932 0.8085
vn 0.4125 -0.4599 0.7863
vn 0.3195 -0.4644 0.8259
vn 0.3229 -0.4702 0.8214
vn 0.3402 -0.4339 0.8343
vn 0.3236 -0.4686 0.8220
vn 0.3465 -0.4667 0.8137
vn 0.2977 -0.5272 0.7958
vn 0.3181 -0.4501 0.8344
vn 0.3457 -0.4608 0.8174
vn 0.2993 -0.5036 0.8105
vn 0.0787 -0.9702 0.2291
vn 0.0775 -0.9714 0.2243
vn 0.4194 -0.4483 0.7894
vn 0.4246 -0.4837 0.7654
vn 0.4580 -0.4509 0.7661
vn 0.5080 -0.4026 0.7615
vn 0.5402 -0.4141 0.7326
vn 0.5142 -0.4742 0.7146
vn 0.4691 -0.4326 0.7699
vn -0.1687 -0.9845 0.0473
vn -0.1688 -0.9843 0.0517
vn 0.5874 -0.3962 0.7057
vn 0.6084 -0.3848 0.6941
vn 0.5572 -0.4877 0.6721
vn 0.6182 -0.3938 0.6802
vn 0.9125 -0.2115 0.3501
vn 0.8621 -0.1461 0.4852
vn 0.8805 -0.1184 0.4590
vn 0.6689 -0.3264 0.6679
vn 0.7059 -0.3787 0.5986
vn 0.6735 -0.4287 0.6021
vn 0.6122 -0.3840 0.6912
vn 0.6267 -0.3871 0.6763
vn 0.7191 -0.3229 0.6154
vn 0.7489 -0.3425 0.5674
vn 0.7396 -0.3319 0.5855
vn 0.6882 -0.4271 0.5865
vn 0.7417 -0.3319 0.5829
vn 0.7164 -0.4312 0.5485
vn 0.3172 -0.2676 -0.9098
vn 0.3425 -0.3180 -0.8841
vn 0.2066 -0.3248 -0.9229
vn 0.8627 -0.2623 0.4323
vn 0.7990 -0.3125 0.5138
vn 0.7475 -0.3319 0.5755
vn 0.7992 -0.3661 0.4768
vn 0.9430 0.3064 0.1300
vn 0.9435 0.1888 0.2724
vn 0.9359 0.1130 0.3336
vn 0.9697 0.2004 0.1398
vn -0.2578 -0.2179 0.9413
vn -0.2758 -0.2710 0.9222
vn -0.2014 -0.2104 0.9567
vn 0.9647 0.1931 0.1791
vn 0.9246 0.3777 -0.0497
vn 0.9309 0.3648 0.0171
vn 0.9024 0.4305 -0.0192
vn 0.9168 0.3973 -0.0401
vn 0.5487 -0.1962 -0.8127
vn 0.5688 -0.2579 -0.7810
vn 0.5424 -0.3866 -0.7459
vn 0.6035 -0.2977 -0.7397
vn -0.2076 -0.9751 0.0783
vn -0.2088 -0.9748 0.0787
vn 0.5665 -0.3747 -0.7339
vn 0.5296 -0.2762 -0.8020
vn 0.4858 -0.4435 -0.7531
vn 0.5404 -0.3664 -0.7575
vn 0.5457 -0.3703 -0.7517
vn 0.5252 -0.3671 -0.7677
vn 0.5435 -0.3990 -0.7385
vn 0.5217 -0.3750 -0.7663
vn 0.4281 -0.5142 -0.7432
vn 0.4588 -0.4445 -0.7694
vn 0.4786 -0.4681 -0.7429
vn 0.4627 -0.4420 -0.7685
vn 0.4722 -0.4729 -0.7440
vn 0.2967 -0.4879 -0.8209
vn 0.2141 -0.4681 -0.8573
vn 0.1773 -0.5078 -0.8431
vn 0.2873 -0.5120 -0.8095
vn 0.2567 -0.4808 -0.8384
vn 0.2558 -0.5202 -0.8148
vn 0.3090 -0.5701 -0.7613
vn 0.3332 -0.5270 -0.7818
vn 0.3234 -0.5274 -0.7856
vn 0.3543 -0.5689 -0.7422
vn 0.3066 -0.5665 -0.7649
vn 0.3378 -0.5156 -0.7874
vn 0.1539 -0.5036 -0.8501
vn 0.1761 -0.5378 -0.8245
vn 0.0536 -0.5206 -0.8521
vn 0.1294 -0.5214 -0.8434
vn 0.2315 -0.5111 -0.8277
vn 0.1777 -0.6205 -0.7638
vn 0.9417 0.1188 -0.3149
vn 0.8954 0.1423 -0.4220
vn 0.8639 0.1199 -0.4891
vn 0.8884 0.1406 -0.4371
vn 0.8954 0.1307 -0.4257
vn 0.8644 -0.0985 -0.4931
vn 0.8818 -0.0992 -0.4611
vn 0.8803 -0.1490 -0.4504
vn 0.8014 -0.0818 -0.5926
vn 0.6960 -0.3002 -0.6523
vn 0.7636 -0.2436 -0.5980
vn 0.7067 -0.2713 -0.6535
vn 0.6919 -0.2595 -0.6738
vn 0.7329 -0.1631 -0.6605
vn 0.7495 -0.1795 -0.6372
vn -0.2736 0.4853 0.8304
vn -0.2256 0.4863 0.8442
vn -0.1735 0.5361 0.8261
vn -0.2702 0.5848 0.7648
vn 0.9301 0.3110 -0.1956
vn 0.9545 -0.1978 -0.2233
vn 0.9372 -0.2551 -0.2380
vn 0.9041 -0.3131 -0.2906
vn 0.9281 -0.2019 -0.3129
vn -0.0044 -0.6122 -0.7907
vn 0.0708 -0.6293 -0.7739
vn 0.0813 -0.6572 -0.7493
vn 0.2442 -0.7920 -0.5596
vn 0.2792 -0.7968 -0.5359
vn 0.1017 -0.9676 0.2312
vn 0.1014 -0.9680 0.2298
vn 0.1044 -0.9681 0.2278
vn 0.4090 -0.7617 -0.5026
vn 0.4119 -0.8025 -0.4316
vn 0.3786 -0.2868 0.8800
vn 0.4821 -0.3467 0.8046
vn -0.5633 -0.0171 0.8261
vn -0.5965 -0.0964 0.7968
vn -0.5295 -0.0335 0.8476
vn -0.5266 0.0007 0.8501
vn 0.1864 -0.5855 -0.7890
vn 0.0730 -0.6889 -0.7212
vn 0.0780 -0.6296 -0.7730
vn 0.2134 -0.6108 -0.7625
vn 0.1954 -0.6664 -0.7196
vn 0.1457 -0.6901 -0.7089
vn 0.1711 -0.7200 -0.6725
vn 0.2467 -0.6876 -0.6829
vn -0.1311 -0.9724 0.1929
vn 0.0945 -0.8879 -0.4503
vn -0.0428 -0.9210 -0.3872
vn 0.0321 -0.9260 -0.3762
vn 0.0363 -0.9273 -0.3726
vn -0.0316 -0.9002 -0.4344
vn 0.0269 -0.9661 -0.2568
vn 0.0208 -0.9511 -0.3083
vn 0.0580 -0.9412 -0.3329
vn 0.3586 0.8428 -0.4014
vn 0.4597 0.8311 -0.3130
vn 0.4833 0.7960 -0.3644
vn 0.4098 0.8156 -0.4084
vn -0.2477 -0.9685 -0.0240
vn 0.5230 -0.8489 0.0771
vn 0.4900 -0.8685 0.0753
vn -0.0957 -0.9812 -0.1678
vn -0.1473 -0.9666 -0.2096
vn -0.4168 -0.8976 -0.1436
vn -0.2259 -0.9661 -0.1250
vn -0.1897 -0.9716 -0.1412
vn -0.1968 -0.9749 -0.1041
vn -0.2014 -0.9757 -0.0859
vn -0.1774 -0.9771 -0.1179
vn -0.1622 -0.9848 -0.0621
vn -0.1945 -0.9780 -0.0753
vn -0.8663 -0.4071 -0.2895
vn -0.8139 -0.4585 -0.3568
vn -0.8971 -0.3961 -0.1959
vn -0.2470 -0.9664 -0.0707
vn 0.1830 0.8672 -0.4631
vn 0.2013 0.9053 -0.3741
vn 0.1814 0.9154 -0.3594
vn 0.2761 0.8288 -0.4866
vn 0.1451 -0.8539 0.4999
vn -0.9089 0.4168 -0.0159
vn -0.8719 0.4885 -0.0332
vn -0.9086 0.4165 -0.0307
vn -0.2516 -0.9676 0.0209
vn -0.2517 -0.9676 0.0186
vn -0.3104 -0.9375 0.1574
vn -0.2590 -0.9493 0.1779
vn -0.2827 -0.9556 0.0831
vn -0.2648 -0.9459 0.1875
vn -0.0118 -0.9995 0.0285
vn -0.0061 -0.9990 0.0437
vn -0.0014 -0.9997 0.0251
vn -0.0009 -0.9998 0.0222
vn -0.2443 -0.9471 0.2079
vn -0.2491 -0.9434 0.2188
vn -0.2587 -0.9412 0.2174
vn -0.1709 -0.9098 0.3783
vn -0.1729 -0.9100 0.3768
vn -0.1712 -0.9108 0.3757
vn -0.2594 -0.9069 0.3320
vn -0.2383 -0.9125 0.3325
vn -0.1947 -0.9213 0.3366
vn 0.5890 -0.3145 0.7444
vn 0.5208 -0.3448 0.7810
vn 0.6570 -0.3229 0.6812
vn -0.0933 -0.9856 -0.1409
vn 0.2387 -0.3467 -0.9071
vn 0.2332 -0.3478 -0.9081
vn -0.2213 -0.9268 0.3033
vn -0.2149 -0.9543 0.2079
vn 0.4258 -0.4034 0.8099
vn 0.4691 -0.4269 0.7732
vn 0.5374 -0.4732 0.6981
vn 0.5153 -0.3631 0.7763
vn -0.0752 0.9480 0.3092
vn -0.1599 -0.9283 0.3358
vn -0.1562 -0.9286 0.3367
vn 0.1041 -0.9823 0.1555
vn -0.0988 -0.9830 0.1545
vn -0.1895 -0.8674 0.4602
vn -0.1885 -0.8681 0.4591
vn -0.1894 -0.8672 0.4606
vn 0.2835 -0.8467 0.4502
vn -0.2553 0.9626 0.0904
vn 0.3012 -0.8189 0.4885
vn 0.3615 -0.8660 0.3454
vn 0.2793 -0.9312 0.2342
vn 0.2427 -0.9491 0.2006
vn 0.0773 -0.9293 0.3611
vn 0.0807 -0.9378 0.3376
vn 0.1373 -0.9120 0.3865
vn 0.1985 -0.9769 0.0795
vn 0.2039 -0.9756 0.0817
vn -0.0829 -0.9368 0.3400
vn -0.0919 -0.9497 0.2995
vn -0.0440 -0.9470 0.3182
vn 0.0332 -0.9465 0.3211
vn 0.0612 -0.9662 0.2505
vn 0.0942 -0.9665 0.2387
vn 0.0904 -0.9677 0.2355
vn 0.0889 -0.9645 0.2485
vn 0.0839 -0.9652 0.2476
vn -0.3906 -0.3442 0.8538
vn -0.3080 -0.4781 0.8225
vn -0.2606 -0.3913 0.8826
vn -0.3548 -0.3126 0.8811
vn 0.1175 -0.9566 0.2665
vn 0.6691 -0.5883 0.4541
vn 0.5316 -0.5647 0.6313
vn 0.5879 -0.5657 0.5783
vn 0.6046 -0.5874 0.5379
vn -0.5064 -0.1383 0.8511
vn -0.4987 -0.1629 0.8513
vn -0.4777 -0.2701 0.8360
vn -0.4695 -0.0995 0.8773
vn 0.5675 -0.6778 0.4675
vn 0.5939 -0.6320 0.4978
vn 0.6207 -0.6651 0.4152
vn 0.7230 -0.5972 0.3473
vn 0.5259 -0.6665 0.5284
vn 0.5558 -0.6854 0.4705
vn 0.6311 -0.6328 0.4487
vn 0.5809 -0.5086 0.6355
vn 0.9305 -0.3598 0.0682
vn 0.9296 -0.3655 -0.0463
vn 0.5228 -0.4784 0.7056
vn 0.5195 -0.4961 0.6957
vn 0.4614 -0.4880 0.7409
vn 0.5004 -0.4742 0.7244
vn 0.5486 -0.3963 0.7362
vn 0.4214 -0.4926 0.7614
vn 0.4876 -0.4371 0.7557
vn 0.5094 -0.4330 0.7437
vn 0.4080 -0.4575 0.7901
vn 0.4153 -0.4698 0.7790
vn 0.3578 -0.5117 0.7811
vn 0.4092 -0.4643 0.7855
vn 0.4251 -0.4352 0.7936
vn 0.5275 -0.4290 0.7333
vn 0.5161 -0.4727 0.7143
vn 0.5515 -0.3921 0.7363
vn 0.5689 -0.4493 0.6888
vn 0.5196 -0.4301 0.7383
vn 0.4963 -0.5068 0.7049
vn 0.5559 -0.4270 0.7132
vn 0.5447 -0.4669 0.6967
vn 0.5741 -0.4773 0.6653
vn 0.5379 -0.4275 0.7266
vn 0.5379 -0.4689 0.7006
vn 0.6308 -0.3892 0.6713
vn 0.6129 -0.4296 0.6632
vn 0.6240 -0.4634 0.6292
vn 0.5640 -0.4561 0.6884
vn 0.6296 -0.4382 0.6415
vn 0.8344 -0.2805 0.4745
vn 0.8774 -0.2501 0.4095
vn 0.8747 -0.2753 0.3989
vn 0.9461 -0.1773 0.2711
vn 0.9519 -0.1245 0.2798
vn 0.9448 -0.0655 0.3209
vn 0.9624 -0.0205 0.2707
vn 0.6909 -0.3647 0.6242
vn 0.6347 -0.3894 0.6674
vn 0.6723 -0.3806 0.6349
vn 0.6833 -0.3725 0.6280
vn 0.6961 -0.4140 0.5866
vn 0.7815 -0.3603 0.5093
vn 0.7260 -0.3775 0.5748
vn 0.7323 -0.3422 0.5887
vn 0.7651 -0.3652 0.5303
vn 0.8003 -0.3120 0.5120
vn 0.7939 -0.3839 0.4716
vn 0.8609 -0.3474 0.3717
vn 0.6847 -0.4066 0.6048
vn 0.7818 -0.3978 0.4801
vn 0.7647 -0.3989 0.5061
vn 0.9070 -0.3500 0.2343
vn 0.8775 -0.4240 0.2242
vn 0.8140 -0.5004 0.2950
vn 0.9011 -0.4181 0.1149
vn 0.9858 0.0438 0.1619
vn 0.9851 -0.0766 0.1539
vn 0.9910 0.0956 0.0938
vn 0.9932 0.1136 0.0248
vn 0.9741 0.1900 -0.1228
vn 0.6013 -0.3160 -0.7339
vn 0.6315 -0.2986 -0.7156
vn 0.6648 -0.3745 -0.6464
vn 0.6015 -0.3642 -0.7110
vn 0.7014 -0.2975 -0.6477
vn 0.6194 -0.4002 -0.6754
vn 0.5812 -0.2115 -0.7858
vn 0.6150 -0.3048 -0.7272
vn 0.5903 -0.4057 -0.6978
vn 0.5067 -0.3069 -0.8056
vn -0.4193 -0.8746 0.2432
vn -0.4189 -0.8751 0.2426
vn -0.4117 -0.8786 0.2420
vn -0.4172 -0.8757 0.2431
vn 0.5115 -0.4149 -0.7525
vn 0.4915 -0.4440 -0.7492
vn 0.5398 -0.4926 -0.6826
vn 0.4932 -0.4432 -0.7485
vn 0.4927 -0.5229 -0.6956
vn 0.4808 -0.4312 -0.7635
vn 0.4536 -0.5595 -0.6937
vn 0.3389 -0.5080 -0.7919
vn 0.3483 -0.5286 -0.7741
vn 0.3364 -0.5733 -0.7472
vn 0.2663 -0.6093 -0.7469
vn 0.1216 -0.5832 -0.8032
vn 0.1640 -0.5477 -0.8204
vn 0.1500 -0.5866 -0.7959
vn 0.9298 0.1126 -0.3505
vn 0.9547 -0.0486 -0.2935
vn 0.9528 0.0887 -0.2903
vn 0.9235 -0.0620 -0.3786
vn 0.9338 -0.0869 -0.3471
vn -0.9092 -0.0790 -0.4089
vn -0.9045 -0.0672 -0.4211
vn -0.8901 -0.1610 -0.4264
vn -0.9309 -0.0751 -0.3575
vn 0.9116 -0.0729 -0.4046
vn 0.9143 -0.1399 -0.3801
vn 0.9479 0.0663 -0.3117
vn 0.9252 0.1266 -0.3578
vn 0.9541 0.1123 -0.2775
vn 0.9090 -0.0823 -0.4086
vn 0.0427 0.9710 -0.2351
vn 0.6952 -0.2629 -0.6690
vn 0.8064 -0.2633 -0.5295
vn 0.7465 -0.3017 -0.5931
vn 0.7827 -0.2383 -0.5750
vn 0.7510 -0.3071 -0.5845
vn 0.7665 -0.3160 -0.5591
vn 0.7761 -0.2768 -0.5666
vn 0.8084 -0.2358 -0.5394
vn 0.3183 0.9392 0.1289
vn 0.3360 0.9260 0.1722
vn 0.3394 0.9224 0.1843
vn 0.6227 -0.3448 -0.7024
vn 0.7014 -0.3489 -0.6215
vn 0.7296 -0.2803 -0.6238
vn 0.6912 -0.3339 -0.6409
vn 0.6574 -0.3331 -0.6759
vn 0.6296 -0.3147 -0.7103
vn -0.1481 -0.9865 0.0704
vn -0.1440 -0.9871 0.0706
vn 0.7172 -0.2696 -0.6426
vn 0.7169 -0.3600 -0.5970
vn 0.7066 -0.3540 -0.6127
vn 0.6828 -0.2883 -0.6713
vn 0.1076 0.9045 0.4127
vn 0.0612 0.9368 0.3446
vn 0.9623 0.1703 -0.2122
vn -0.0074 -0.9798 0.1999
vn -0.0040 -0.9820 0.1888
vn 0.9489 0.1508 -0.2771
vn 0.9586 0.0676 -0.2765
vn 0.9554 0.0408 -0.2924
vn 0.1380 -0.5931 -0.7933
vn 0.1691 -0.5507 -0.8174
vn 0.2207 -0.5937 -0.7738
vn 0.1644 -0.6313 -0.7579
vn 0.1625 -0.5949 -0.7872
vn 0.4306 -0.7736 -0.4649
vn 0.4282 -0.8056 -0.4095
vn 0.4559 -0.7453 -0.4864
vn -0.5096 -0.8440 0.1671
vn -0.5029 -0.8467 0.1736
vn -0.5025 -0.8470 0.1737
vn -0.5177 -0.8346 0.1885
vn 0.4016 -0.8197 -0.4084
vn 0.4577 -0.8076 -0.3719
vn 0.3981 -0.8224 -0.4064
vn 0.4303 -0.8331 -0.3475
vn 0.2684 -0.6446 -0.7159
vn -0.1153 -0.9529 0.2805
vn -0.1146 -0.9533 0.2794
vn -0.1139 -0.9531 0.2804
vn -0.1127 -0.9530 0.2813
vn 0.3691 -0.6684 -0.6457
vn 0.3701 -0.6711 -0.6425
vn 0.3818 -0.6477 -0.6593
vn 0.4513 -0.6394 -0.6225
vn 0.0288 -0.9374 -0.3470
vn -0.0461 -0.9409 -0.3354
vn 0.1504 -0.9249 -0.3491
vn 0.2092 -0.9302 -0.3016
vn 0.0578 -0.8409 0.5382
vn -0.1551 -0.9862 0.0580
vn -0.1535 -0.9865 0.0573
vn -0.1553 -0.9861 0.0589
vn 0.0321 0.4236 0.9053
vn 0.0698 0.3983 0.9146
vn -0.0287 0.4932 0.8694
vn -0.0907 -0.9871 -0.1321
vn -0.1485 -0.9828 -0.1096
vn -0.1823 -0.9757 -0.1215
vn -0.1963 -0.9769 -0.0841
vn 0.4479 -0.8922 0.0587
vn 0.4397 -0.8963 0.0574
vn 0.4456 -0.8936 0.0535
vn 0.4480 -0.8921 0.0583
vn -0.1669 -0.9834 -0.0708
vn -0.9454 -0.3053 0.1140
vn -0.9184 -0.3548 0.1749
vn -0.9719 -0.1935 0.1341
vn -0.9583 -0.2648 0.1078
vn 0.2524 -0.9534 0.1655
vn 0.6212 -0.5190 0.5872
vn 0.4047 -0.9139 0.0302
vn 0.4185 -0.9055 0.0695
vn 0.4028 -0.9147 0.0321
vn 0.4038 -0.9143 0.0310
vn 0.1936 -0.9687 0.1552
vn 0.1918 -0.9696 0.1521
vn -0.2230 -0.9748 0.0064
vn -0.2220 -0.9464 0.2344
vn -0.2218 -0.9470 0.2325
vn -0.2141 -0.9541 0.2096
vn -0.1911 -0.9613 0.1987
vn -0.1562 -0.9849 -0.0744
vn -0.1536 -0.9853 -0.0752
vn -0.1364 -0.9871 -0.0841
vn -0.1537 -0.9853 -0.0748
vn 0.0928 -0.9874 0.1284
vn 0.0960 -0.9870 0.1287
vn -0.1981 -0.9792 0.0436
vn -0.1984 -0.9792 0.0424
vn -0.1890 -0.9810 0.0431
vn -0.1785 -0.9791 0.0969
vn -0.1813 -0.9772 0.1102
vn -0.1791 -0.9796 0.0912
vn -0.2118 -0.9694 0.1238
vn -0.2020 -0.9743 0.0995
vn -0.2091 -0.9699 0.1252
vn -0.2000 -0.9413 0.2720
vn -0.2053 -0.9377 0.2804
vn -0.2170 -0.9409 0.2602
vn -0.2072 -0.9778 0.0313
vn -0.2035 -0.9788 0.0229
vn -0.2061 -0.9780 0.0317
vn -0.1938 -0.9515 0.2387
vn -0.1717 -0.9440 0.2818
vn -0.1796 -0.9447 0.2743
vn -0.1692 -0.9508 0.2594
vn -0.0254 -0.5058 -0.8623
vn 0.0392 -0.5458 -0.8370
vn -0.0696 -0.5778 -0.8132
vn -0.2377 -0.9684 -0.0751
vn -0.2275 -0.9705 -0.0799
vn -0.2267 -0.9706 -0.0805
vn -0.2258 -0.9733 -0.0413
vn -0.1151 -0.9463 0.3022
vn -0.1248 -0.9446 0.3035
vn -0.1261 -0.9410 0.3139
vn -0.1119 -0.9379 0.3285
vn -0.1103 -0.9382 0.3279
vn -0.1078 -0.9384 0.3282
vn -0.1101 -0.9380 0.3288
vn 0.0621 -0.9714 0.2291
vn 0.0594 -0.9722 0.2267
vn 0.0647 -0.9714 0.2283
vn 0.7001 -0.6008 -0.3859
vn 0.7304 -0.5356 -0.4239
vn 0.7324 -0.5787 -0.3589
vn -0.0041 -0.2470 0.9690
vn 0.0729 -0.2570 0.9636
vn -0.5779 0.8151 0.0404
vn -0.4682 0.8835 0.0103
vn -0.5970 0.8021 -0.0110
vn 0.6022 -0.1620 -0.7817
vn 0.5774 -0.2627 -0.7730
vn 0.5371 -0.2389 -0.8090
vn 0.5093 -0.1927 -0.8387
vn 0.1254 -0.9629 0.2389
vn 0.0738 -0.9767 0.2015
vn -0.0962 -0.9459 0.3097
vn -0.0893 -0.9525 0.2911
vn -0.0898 -0.9524 0.2912
vn -0.1115 -0.9548 0.2757
vn -0.1065 -0.9554 0.2754
vn -0.0966 -0.9525 0.2890
vn -0.0923 -0.9598 0.2652
vn -0.0857 -0.9543 0.2864
vn -0.0860 -0.9542 0.2865
vn -0.0890 -0.9613 0.2608
vn -0.0831 -0.9544 0.2868
vn -0.0804 -0.9619 0.2611
vn -0.1059 -0.9536 0.2820
vn -0.0586 -0.9256 0.3740
vn 0.0199 -0.9594 0.2813
vn 0.0618 -0.9676 0.2448
vn 0.0774 -0.9589 0.2731
vn 0.0109 -0.9521 0.3055
vn -0.1902 -0.8972 0.3987
vn -0.1986 -0.8894 0.4118
vn -0.1999 -0.8922 0.4049
vn -0.1839 -0.9032 0.3879
vn -0.1892 -0.9135 0.3602
vn -0.1892 -0.9139 0.3591
vn -0.1882 -0.9135 0.3608
vn 0.1059 -0.9701 0.2182
vn 0.1240 -0.9664 0.2252
vn 0.6044 -0.5992 0.5251
vn 0.6005 -0.6509 0.4644
vn 0.6018 -0.6700 0.4346
vn -0.1531 -0.9528 0.2623
vn -0.1489 -0.9560 0.2528
vn 0.4548 -0.2335 -0.8594
vn 0.5520 -0.7081 0.4403
vn 0.5144 -0.7600 0.3973
vn 0.5390 -0.7607 0.3616
vn 0.5121 -0.7624 0.3955
vn 0.5415 -0.7578 0.3639
vn 0.5090 -0.7738 0.3770
vn 0.5063 -0.8139 0.2851
vn 0.5237 -0.8063 0.2750
vn 0.7208 -0.5390 0.4359
vn 0.6011 -0.5266 0.6012
vn 0.6395 -0.5139 0.5717
vn 0.6411 -0.5003 0.5820
vn 0.5733 -0.5560 0.6019
vn 0.5975 -0.5328 0.5993
vn 0.6307 -0.4911 0.6009
vn 0.4853 -0.5624 0.6694
vn 0.6279 -0.4607 0.6273
vn 0.5856 -0.4655 0.6637
vn 0.4954 -0.5422 0.6787
vn 0.5478 -0.5052 0.6669
vn 0.5735 -0.4599 0.6779
vn 0.5552 -0.4942 0.6690
vn 0.5703 -0.4696 0.6740
vn 0.5538 -0.4494 0.7009
vn 0.5532 -0.5031 0.6640
vn 0.5625 -0.4974 0.6604
vn 0.5748 -0.5121 0.6383
vn 0.5796 -0.4272 0.6940
vn 0.6881 -0.4299 0.5845
vn 0.6290 -0.4362 0.6435
vn 0.6346 -0.4445 0.6322
vn 0.6444 -0.4533 0.6158
vn 0.8805 -0.3093 0.3593
vn 0.9041 -0.2084 0.3731
vn 0.9042 -0.2238 0.3639
vn 0.8814 -0.2820 0.3789
vn 0.8799 -0.2271 0.4174
vn 0.8798 -0.2516 0.4034
vn 0.9569 -0.1581 0.2438
vn 0.9613 -0.1038 0.2553
vn 0.9578 -0.1628 0.2368
vn 0.9618 -0.1793 0.2067
vn 0.9519 -0.1243 0.2801
vn 0.9625 -0.0900 0.2558
vn 0.9450 -0.0660 0.3204
vn 0.7973 -0.3898 0.4608
vn 0.7925 -0.4015 0.4590
vn 0.7766 -0.4416 0.4492
vn 0.8057 -0.3976 0.4391
vn 0.7951 -0.4366 0.4210
vn 0.8596 -0.3545 0.3679
vn 0.8552 -0.3899 0.3416
vn -0.1771 -0.9826 -0.0556
vn -0.1767 -0.9827 -0.0556
vn -0.1740 -0.9836 -0.0466
vn -0.1631 -0.9855 -0.0467
vn 0.7973 -0.4903 0.3521
vn 0.7719 -0.4738 0.4239
vn 0.7659 -0.4850 0.4221
vn 0.9909 0.1347 0.0048
vn 0.9970 0.0617 0.0473
vn 0.9837 0.1795 -0.0077
vn 0.9836 0.1709 0.0582
vn 0.9965 0.0837 -0.0073
vn 0.7877 -0.5822 0.2014
vn 0.7353 -0.6672 0.1191
vn 0.7557 -0.6297 0.1800
vn 0.3280 -0.6607 -0.6752
vn 0.3727 -0.5633 -0.7374
vn 0.3629 -0.6214 -0.6944
vn 0.7018 -0.3348 -0.6288
vn 0.5424 -0.3839 -0.7473
vn 0.5849 -0.3702 -0.7217
vn 0.5581 -0.4745 -0.6808
vn 0.5376 -0.4437 -0.7170
vn 0.5966 -0.3740 -0.7101
vn 0.5996 -0.3896 -0.6990
vn 0.5504 -0.4930 -0.6738
vn 0.6116 -0.4144 -0.6740
vn 0.5519 -0.5409 -0.6347
vn 0.5000 -0.4773 -0.7227
vn 0.6098 -0.4451 -0.6557
vn 0.5425 -0.4971 -0.6772
vn 0.5310 -0.4954 -0.6874
vn 0.4950 -0.5634 -0.6615
vn 0.5231 -0.4886 -0.6983
vn 0.4771 -0.5252 -0.7047
vn 0.3613 -0.5267 -0.7694
vn 0.3963 -0.5261 -0.7524
vn 0.3876 -0.5663 -0.7274
vn 0.6225 0.0113 0.7825
vn 0.6360 0.0012 0.7717
vn 0.6029 0.0648 0.7951
vn 0.3104 -0.5690 -0.7615
vn 0.3703 -0.5364 -0.7584
vn 0.3397 -0.5830 -0.7381
vn 0.3904 -0.5743 -0.7195
vn 0.3901 -0.6262 -0.6750
vn 0.2256 -0.6458 -0.7294
vn 0.2920 -0.6060 -0.7400
vn 0.2913 -0.6281 -0.7216
vn 0.7654 -0.5289 -0.3666
vn 0.7685 -0.5321 -0.3553
vn 0.7375 -0.5728 -0.3576
vn 0.2449 -0.6022 -0.7598
vn 0.2687 -0.5696 -0.7767
vn 0.2440 -0.6018 -0.7605
vn 0.2007 -0.5641 -0.8009
vn 0.2535 -0.6052 -0.7546
vn 0.2675 -0.5853 -0.7654
vn 0.9191 -0.0743 -0.3870
vn 0.9303 -0.0610 -0.3618
vn 0.9436 -0.1156 -0.3104
vn 0.8801 -0.1850 -0.4373
vn 0.8898 -0.1841 -0.4176
vn 0.8914 -0.2692 -0.3647
vn 0.8759 -0.1854 -0.4454
vn 0.8515 -0.2825 -0.4419
vn 0.7615 -0.2865 -0.5814
vn 0.7930 -0.2684 -0.5469
vn 0.8013 -0.2974 -0.5191
vn 0.7777 -0.3130 -0.5452
vn 0.8324 -0.3071 -0.4613
vn 0.7506 -0.3655 -0.5505
vn 0.7730 -0.3515 -0.5281
vn 0.7572 -0.4260 -0.4951
vn 0.7355 -0.3517 -0.5792
vn 0.6949 -0.4240 -0.5808
vn 0.6042 -0.3756 -0.7028
vn 0.7189 -0.3598 -0.5947
vn 0.7744 -0.3759 -0.5089
vn 0.7277 -0.3911 -0.5634
vn 0.6386 -0.4387 -0.6322
vn 0.6576 -0.4216 -0.6244
vn 0.6191 -0.5008 -0.6049
vn 0.1985 -0.4343 0.8786
vn 0.1758 -0.4473 0.8769
vn 0.1908 -0.5194 0.8329
vn 0.5467 -0.7509 -0.3705
vn 0.4200 -0.8450 -0.3312
vn -0.1218 -0.9921 -0.0303
vn -0.1194 -0.9916 -0.0487
vn -0.7643 0.6096 -0.2103
vn -0.7846 0.5685 -0.2475
vn 0.5588 -0.7361 -0.3820
vn 0.4021 -0.7058 -0.5833
vn 0.4758 -0.6789 -0.5592
vn 0.5073 -0.8616 0.0131
vn 0.4995 -0.8662 0.0113
vn -0.8445 0.3442 0.4103
vn -0.8221 0.4042 0.4009
vn -0.8172 0.4529 0.3564
vn 0.3590 -0.6630 -0.6569
vn 0.3876 -0.6431 -0.6605
vn 0.5068 -0.6356 -0.5824
vn -0.9597 0.0344 -0.2788
vn -0.9495 0.0817 -0.3029
vn -0.9407 0.0336 -0.3376
vn 0.5178 -0.5599 -0.6468
vn 0.4405 -0.6939 -0.5696
vn 0.4190 -0.6584 -0.6253
vn 0.4305 -0.6819 -0.5913
vn 0.4836 -0.5963 -0.6408
vn 0.4823 -0.6361 -0.6023
vn 0.3674 0.6664 0.6488
vn 0.3261 0.7073 0.6272
vn 0.3620 0.6692 0.6490
vn 0.3726 0.6448 0.6674
vn -0.0846 -0.9945 -0.0612
vn -0.1095 -0.9918 -0.0655
vn -0.0864 -0.9935 -0.0747
vn 0.0746 -0.9429 -0.3246
vn 0.1568 -0.9295 -0.3339
vn 0.1638 -0.9387 -0.3035
vn 0.1164 -0.9453 -0.3046
vn 0.1627 -0.9341 -0.3178
vn 0.6657 -0.2191 -0.7134
vn 0.6926 -0.2199 -0.6870
vn 0.7172 -0.2429 -0.6531
vn 0.6943 -0.2779 -0.6638
vn 0.0162 -0.0050 0.9999
vn 0.0560 -0.0360 0.9978
vn 0.0451 0.0173 0.9988
vn 0.3260 -0.9450 0.0258
vn -0.0998 -0.9835 -0.1508
vn -0.0687 -0.9892 -0.1293
vn -0.0730 -0.9918 -0.1051
vn -0.1261 0.9355 -0.3302
vn -0.3095 0.9430 -0.1222
vn 0.1634 -0.9849 -0.0564
vn 0.2113 -0.9774 -0.0079
vn 0.1414 -0.9897 0.0209
vn 0.1056 -0.9943 -0.0119
vn -0.0782 -0.9918 -0.1013
vn -0.1076 -0.9899 -0.0922
vn -0.1184 -0.9885 -0.0943
vn 0.6051 -0.4164 -0.6785
vn 0.6380 -0.4548 -0.6214
vn -0.1261 -0.9903 -0.0585
vn -0.1423 -0.9889 -0.0437
vn -0.1394 -0.9888 -0.0528
vn 0.1903 -0.9423 0.2755
vn 0.1855 -0.9461 0.2655
vn 0.2057 -0.9387 0.2767
vn -0.2098 -0.9777 -0.0027
vn -0.2113 -0.9774 -0.0009
vn -0.2140 -0.9768 0.0111
vn -0.1757 -0.9827 0.0592
vn 0.3637 -0.6662 -0.6511
vn 0.3687 -0.6884 -0.6246
vn -0.1774 -0.9573 0.2285
vn -0.1864 -0.9560 0.2267
vn -0.1711 -0.9616 0.2148
vn -0.1891 -0.9557 0.2257
vn 0.4422 0.1755 -0.8796
vn 0.4871 0.1982 -0.8506
vn 0.4788 0.1073 -0.8714
vn 0.3561 0.1842 -0.9161
vn -0.1569 -0.9831 0.0944
vn 0.1879 -0.9615 0.2004
vn 0.1878 -0.9616 0.2000
vn 0.1883 -0.9622 0.1969
vn 0.1902 -0.9620 0.1961
vn -0.1050 -0.9402 0.3242
vn -0.1042 -0.9397 0.3257
vn -0.1934 -0.9600 0.2024
vn -0.1176 -0.9926 0.0310
vn -0.1172 -0.9927 0.0290
vn -0.1165 -0.9927 0.0315
vn -0.1175 -0.9925 0.0343
vn -0.1759 -0.9674 0.1824
vn -0.1747 -0.9676 0.1821
vn -0.1736 -0.9663 0.1901
vn -0.1741 -0.9662 0.1899
vn -0.1725 -0.9664 0.1905
vn -0.1181 -0.9488 0.2931
vn 0.9286 0.2544 0.2700
vn 0.9442 0.1747 0.2793
vn 0.9779 0.0730 0.1958
vn 0.9464 0.1767 0.2703
vn -0.3363 0.8975 -0.2854
vn -0.3446 0.9009 -0.2639
vn -0.2963 0.8974 -0.3270
vn -0.3165 0.8925 -0.3214
vn -0.2360 -0.9017 0.3622
vn 0.3764 -0.8185 0.4339
vn 0.4824 -0.8196 0.3092
vn 0.4646 -0.7969 0.3862
vn 0.4438 -0.7582 0.4777
vn 0.4829 -0.8155 0.3191
vn 0.5344 -0.7365 0.4147
vn 0.5083 -0.7690 0.3877
vn 0.5600 -0.7594 0.3313
vn -0.2903 -0.9569 0.0046
vn -0.2894 -0.9572 0.0045
vn -0.2884 -0.9575 0.0029
vn -0.2893 -0.9572 0.0048
vn 0.1675 -0.9683 0.1851
vn 0.1469 -0.9631 0.2257
vn 0.0983 -0.9754 -0.1975
vn 0.0256 0.5062 0.8620
vn 0.0856 0.4977 0.8631
vn 0.0665 0.5229 0.8498
vn 0.6623 0.6378 0.3932
vn 0.6109 0.7152 0.3397
vn 0.5533 0.7621 0.3363
vn 0.4920 0.8064 0.3282
vn -0.0962 -0.9567 0.2745
vn -0.0962 -0.9568 0.2742
vn -0.0952 -0.9573 0.2728
vn -0.0615 -0.9584 0.2786
vn -0.0559 -0.9579 0.2816
vn -0.0146 -0.9570 0.2899
vn -0.1433 0.3486 0.9262
vn -0.0837 0.3391 0.9370
vn -0.0008 -0.9587 0.2843
vn 0.0319 -0.9751 0.2196
vn 0.0056 -0.9532 0.3023
vn 0.0053 -0.9524 0.3049
vn 0.0019 -0.9532 0.3023
vn 0.5780 0.8126 -0.0745
vn 0.5983 0.8006 -0.0329
vn 0.6110 0.7888 -0.0667
vn -0.6821 -0.4238 0.5959
vn -0.7323 -0.4260 0.5314
vn -0.6755 -0.4522 0.5824
vn -0.6836 -0.3718 0.6281
vn 0.1002 -0.9737 0.2046
vn 0.5644 -0.7177 -0.4080
vn -0.7847 0.6142 0.0835
vn 0.7206 -0.5279 0.4495
vn 0.7809 -0.4799 0.3999
vn 0.5716 -0.6114 0.5473
vn 0.6614 -0.5528 0.5070
vn 0.7050 -0.4950 0.5079
vn 0.6913 -0.5413 0.4787
vn 0.7078 -0.4827 0.5158
vn 0.6987 -0.5369 0.4729
vn 0.6836 -0.5279 0.5040
vn 0.6734 -0.5255 0.5199
vn 0.6074 -0.5877 0.5344
vn 0.6523 -0.5177 0.5537
vn 0.6045 -0.4693 0.6437
vn 0.6337 -0.5046 0.5863
vn 0.6424 -0.4889 0.5902
vn 0.6239 -0.5045 0.5968
vn 0.4907 -0.8275 0.2729
vn -0.4807 0.8585 -0.1785
vn -0.4556 0.8683 -0.1963
vn -0.5339 0.8177 -0.2153
vn 0.6792 -0.6035 0.4178
vn 0.7117 -0.6070 0.3536
vn 0.7201 -0.5949 0.3570
vn 0.7473 0.0930 -0.6580
vn 0.7155 0.1620 -0.6796
vn 0.6893 -0.6051 0.3984
vn 0.7120 -0.5861 0.3866
vn 0.7686 -0.5184 0.3750
vn 0.5572 -0.5493 0.6227
vn 0.5679 -0.5180 0.6396
vn 0.6106 -0.5024 0.6122
vn 0.6429 -0.4591 0.6131
vn 0.6133 -0.4748 0.6312
vn 0.5538 -0.5030 0.6636
vn 0.5632 -0.4975 0.6597
vn 0.5567 -0.4564 0.6941
vn 0.6102 -0.4489 0.6529
vn 0.5934 -0.4965 0.6335
vn 0.6498 -0.4073 0.6418
vn 0.6094 -0.5591 0.5622
vn 0.5939 -0.4848 0.6420
vn 0.5585 -0.4178 0.7166
vn 0.5893 -0.4719 0.6558
vn 0.6313 -0.3855 0.6729
vn 0.6769 -0.4208 0.6040
vn 0.6215 -0.3916 0.6785
vn 0.5212 -0.5027 0.6897
vn 0.5962 -0.4701 0.6508
vn 0.5989 -0.4530 0.6604
vn 0.6393 -0.4676 0.6104
vn 0.3185 -0.9135 -0.2533
vn 0.3186 -0.9133 -0.2538
vn -0.6941 -0.2138 -0.6874
vn -0.6610 -0.1490 -0.7355
vn -0.6476 -0.2420 -0.7225
vn -0.6752 -0.3431 -0.6530
vn 0.0759 -0.9914 0.1065
vn 0.0585 -0.9871 0.1488
vn 0.0731 -0.9944 0.0770
vn -0.9983 0.0098 -0.0566
vn 0.6338 -0.4489 0.6299
vn 0.7471 -0.3708 0.5517
vn 0.6916 -0.4501 0.5649
vn 0.6923 -0.4946 0.5255
vn 0.8382 -0.4208 0.3470
vn 0.8227 -0.3989 0.4049
vn 0.7260 -0.4536 0.5169
vn 0.7237 -0.4553 0.5185
vn 0.7502 -0.4798 0.4551
vn 0.7497 -0.4725 0.4633
vn 0.7067 -0.5374 0.4603
vn 0.7707 -0.4740 0.4259
vn 0.7379 -0.5411 0.4034
vn 0.7207 -0.5017 0.4784
vn 0.7771 -0.5089 0.3702
vn 0.7127 -0.5013 0.4907
vn 0.7170 -0.4989 0.4869
vn 0.7236 -0.4643 0.5107
vn 0.7876 -0.5466 0.2846
vn 0.7729 -0.5232 0.3591
vn 0.7153 -0.6142 0.3333
vn 0.9995 -0.0258 0.0174
vn 0.9889 -0.1456 0.0300
vn 0.9961 -0.0522 0.0711
vn 0.9897 -0.1248 0.0695
vn 0.9919 -0.1266 0.0064
vn 0.9989 -0.0442 -0.0171
vn 0.9937 0.0012 -0.1117
vn 0.9968 -0.0717 -0.0362
vn 0.9915 -0.0011 -0.1298
vn 0.9764 -0.1819 0.1164
vn -0.0301 -0.9984 0.0488
vn -0.0338 -0.9980 0.0535
vn -0.0361 -0.9984 0.0446
vn 0.5625 -0.4559 -0.6897
vn 0.5782 -0.5064 -0.6397
vn 0.6303 -0.4012 -0.6647
vn 0.6874 -0.3753 -0.6218
vn -0.9589 -0.2807 0.0413
vn -0.9496 -0.2968 0.1010
vn 0.4540 -0.5425 -0.7068
vn 0.4126 -0.6517 -0.6364
vn 0.4584 -0.5369 -0.7082
vn 0.4577 -0.5735 -0.6795
vn 0.9486 -0.1266 -0.2899
vn 0.9745 -0.1372 -0.1778
vn 0.9331 -0.2145 -0.2886
vn 0.9770 -0.0884 -0.1942
vn 0.9353 -0.2263 -0.2719
vn 0.9024 -0.1648 -0.3981
vn 0.8796 -0.2350 -0.4136
vn 0.9022 -0.1944 -0.3849
vn 0.8379 -0.3438 -0.4240
vn 0.8261 -0.3874 -0.4092
vn 0.8467 -0.3341 -0.4141
vn 0.8470 -0.3548 -0.3958
vn 0.7733 -0.3394 -0.5355
vn 0.7300 -0.4549 -0.5100
vn 0.7645 -0.4020 -0.5039
vn 0.7666 -0.4346 -0.4726
vn 0.7157 -0.4599 -0.5256
vn 0.6139 -0.4650 -0.6378
vn 0.6859 -0.4746 -0.5516
vn 0.6706 -0.3931 -0.6291
vn 0.6479 -0.5300 -0.5471
vn 0.5594 -0.7945 -0.2363
vn 0.5262 -0.8197 -0.2264
vn 0.5445 -0.6938 -0.4712
vn 0.5125 -0.6633 -0.5453
vn 0.5244 -0.6037 -0.6005
vn 0.5476 -0.6746 -0.4950
vn 0.5470 -0.6312 -0.5499
vn 0.5674 -0.5874 -0.5771
vn 0.5516 -0.6333 -0.5428
vn 0.5538 -0.6075 -0.5694
vn 0.5897 -0.5935 -0.5478
vn 0.5308 -0.6200 -0.5778
vn 0.5366 -0.6227 -0.5695
vn 0.5836 -0.5713 -0.5771
vn 0.4972 -0.6098 -0.6172
vn 0.5672 -0.5536 -0.6098
vn 0.5981 -0.5828 -0.5501
vn 0.9389 0.3235 0.1171
vn 0.9456 0.3160 0.0767
vn 0.9405 0.3327 0.0694
vn 0.0293 -0.8205 0.5708
vn 0.0290 -0.8207 0.5707
vn 0.0298 -0.8216 0.5693
vn 0.0313 -0.8204 0.5709
vn 0.1564 -0.9877 -0.0016
vn 0.1700 -0.9841 -0.0521
vn 0.2134 -0.9760 -0.0430
vn -0.1770 0.3397 0.9237
vn -0.2123 0.2907 0.9330
vn -0.1600 0.2723 0.9488
vn -0.0912 0.2987 0.9500
vn -0.0570 -0.9976 -0.0383
vn -0.0659 -0.9936 -0.0914
vn -0.0373 -0.9967 -0.0722
vn -0.0369 -0.9969 -0.0695
vn 0.2526 -0.9527 -0.1689
vn -0.6440 0.7121 -0.2795
vn -0.6037 0.7384 -0.3005
vn -0.6355 0.6976 -0.3309
vn -0.1441 -0.9886 -0.0435
vn -0.1295 -0.9906 -0.0442
vn -0.1447 -0.9893 -0.0164
vn -0.1441 -0.9894 -0.0162
vn -0.1445 -0.9894 -0.0137
vn -0.1219 -0.9909 0.0570
vn -0.1368 -0.9288 0.3445
vn -0.1358 -0.9899 0.0416
vn -0.1349 -0.9900 0.0419
vn -0.1491 -0.9881 0.0379
vn 0.3341 -0.9422 0.0258
vn -0.1438 -0.9870 0.0724
vn -0.1438 -0.9873 0.0682
vn -0.1419 -0.9860 0.0875
vn -0.1524 -0.9833 0.0996
vn -0.1355 -0.9875 0.0807
vn -0.1425 -0.9853 0.0942
vn -0.1423 -0.9853 0.0947
vn -0.1573 -0.9840 0.0840
vn -0.1422 -0.9615 0.2352
vn -0.1336 -0.9607 0.2434
vn -0.1587 -0.9611 0.2259
vn -0.1593 -0.9611 0.2259
vn -0.1585 -0.9638 0.2143
vn -0.1473 -0.9615 0.2322
vn -0.1396 -0.9646 0.2237
vn 0.3458 -0.8101 0.4734
vn 0.3754 -0.8144 0.4426
vn 0.4372 -0.7790 0.4495
vn 0.3753 -0.8098 0.4510
vn -0.1456 -0.9567 0.2520
vn -0.1453 -0.9572 0.2501
vn -0.1450 -0.9568 0.2519
vn -0.1674 -0.9665 0.1945
vn -0.1670 -0.9667 0.1940
vn -0.1578 -0.9663 0.2036
vn -0.1574 -0.9664 0.2033
vn -0.1608 -0.9674 0.1959
vn -0.1602 -0.9675 0.1957
vn 0.1028 -0.9703 0.2190
vn 0.1039 -0.9704 0.2181
vn -0.1398 -0.9696 0.2010
vn -0.1524 -0.9691 0.1939
vn 0.0925 -0.9761 0.1965
vn -0.1231 -0.8329 0.5395
vn -0.1511 -0.8386 0.5233
vn -0.0874 -0.8352 0.5429
vn -0.1108 -0.8303 0.5461
vn -0.3436 -0.0693 0.9366
vn -0.3196 -0.0872 0.9435
vn 0.1788 -0.9596 0.2173
vn 0.1571 -0.9668 0.2015
vn -0.1309 -0.9885 0.0755
vn 0.1365 -0.9733 0.1848
vn 0.1184 -0.9782 0.1706
vn 0.1244 -0.9745 0.1865
vn 0.1453 -0.9732 0.1781
vn 0.1444 -0.9734 0.1777
vn 0.1428 -0.9740 0.1761
vn 0.4154 0.8806 -0.2281
vn 0.4102 0.8913 -0.1930
vn 0.4251 0.8928 -0.1490
vn 0.4622 0.8590 -0.2202
vn 0.2309 -0.9426 0.2414
vn 0.8437 0.0033 -0.5368
vn 0.8480 0.0347 -0.5289
vn 0.8582 -0.0591 -0.5099
vn -0.0859 -0.9962 0.0111
vn -0.0877 -0.9961 0.0128
vn -0.1077 -0.9601 0.2581
vn -0.0982 -0.9593 0.2649
vn -0.0703 -0.9630 0.2602
vn -0.0811 -0.9684 0.2359
vn 0.0785 -0.9744 0.2109
vn 0.0053 -0.9537 0.3009
vn 0.0025 -0.9537 0.3007
vn 0.7393 -0.6312 -0.2346
vn 0.7148 -0.6597 -0.2321
vn 0.7751 -0.5949 -0.2129
vn 0.7205 -0.6276 -0.2951
vn 0.0555 -0.9727 0.2253
vn 0.0466 -0.9739 0.2222
vn 0.0499 -0.9743 0.2197
vn -0.0882 0.7599 0.6441
vn -0.0303 0.7545 0.6556
vn 0.0341 0.7423 0.6691
vn 0.0264 0.7805 0.6246
vn 0.1041 -0.9773 0.1848
vn -0.2572 -0.9657 0.0353
vn -0.2886 -0.9575 0.0045
vn -0.2278 -0.9730 0.0382
vn -0.2564 -0.9659 0.0356
vn 0.1115 -0.9806 0.1614
vn 0.1109 -0.9797 0.1673
vn 0.7301 -0.5369 0.4228
vn 0.6544 -0.5965 0.4646
vn 0.7145 -0.5374 0.4480
vn 0.7456 -0.4773 0.4650
vn 0.7120 -0.4992 0.4938
vn 0.6719 -0.5105 0.5367
vn 0.6114 -0.5853 0.5326
vn 0.6608 -0.5081 0.5524
vn 0.5824 -0.5631 0.5863
vn 0.6513 -0.5018 0.5692
vn 0.6847 -0.4378 0.5827
vn 0.6468 -0.4302 0.6297
vn 0.6097 -0.5807 0.5395
vn 0.6600 -0.5617 0.4988
vn -0.2227 0.7794 -0.5856
vn -0.2243 0.7819 -0.5817
vn -0.1578 0.7890 -0.5938
vn -0.2162 0.7345 -0.6432
vn 0.9148 -0.0707 -0.3977
vn 0.9406 -0.0445 -0.3366
vn 0.9185 -0.1083 -0.3803
vn 0.7582 -0.6294 0.1701
vn 0.7667 -0.6195 0.1683
vn 0.7016 -0.6544 0.2819
vn 0.7220 -0.5652 0.3989
vn 0.7228 -0.6016 0.3401
vn 0.7700 -0.5495 0.3242
vn 0.6449 -0.6793 0.3503
vn 0.7693 -0.5490 0.3267
vn 0.7015 -0.6142 0.3614
vn 0.7251 -0.6016 0.3351
vn 0.7442 -0.5710 0.3465
vn 0.7261 -0.6013 0.3336
vn 0.7596 -0.5805 0.2933
vn 0.7351 -0.4547 0.5029
vn 0.7418 -0.5462 0.3892
vn 0.7626 -0.5248 0.3781
vn 0.7422 -0.5463 0.3881
vn 0.7589 -0.5195 0.3928
vn 0.6849 -0.4164 0.5980
vn 0.6350 -0.5429 0.5496
vn 0.7111 -0.5154 0.4783
vn 0.7123 -0.4144 0.5665
vn 0.6307 -0.5471 0.5503
vn 0.7138 -0.4927 0.4977
vn 0.9126 -0.3231 0.2504
vn 0.8944 -0.3868 0.2245
vn 0.9428 -0.2755 0.1877
vn 0.9445 -0.3047 0.1229
vn 0.8641 -0.4276 0.2656
vn 0.8594 -0.4287 0.2785
vn 0.8084 -0.5279 0.2605
vn 0.8935 -0.3760 0.2454
vn 0.8557 -0.4960 0.1476
vn 0.8292 -0.5199 0.2053
vn 0.1213 -0.1636 0.9790
vn 0.1020 -0.2163 0.9710
vn 0.1601 -0.1643 0.9733
vn 0.0947 -0.0709 0.9930
vn 0.2632 -0.9615 0.0795
vn 0.2635 -0.9613 0.0800
vn 0.2650 -0.9608 0.0814
vn 0.2627 -0.9615 0.0803
vn 0.8765 -0.4659 0.1209
vn 0.9692 -0.1309 -0.2086
vn 0.9737 -0.1422 -0.1777
vn 0.9617 -0.1277 -0.2427
vn 0.9829 -0.1839 0.0012
vn 0.9754 -0.2164 -0.0423
vn 0.8334 -0.4529 0.3168
vn 0.7465 -0.4742 0.4668
vn 0.8089 -0.4745 0.3470
vn 0.7876 -0.5293 0.3155
vn 0.7692 -0.5258 0.3631
vn 0.7652 -0.5278 0.3686
vn 0.7395 -0.5893 0.3253
vn 0.7397 -0.5461 0.3933
vn 0.8096 -0.4191 0.4110
vn 0.8279 -0.4272 0.3635
vn 0.7481 -0.5492 0.3723
vn 0.8311 -0.4563 0.3179
vn 0.7828 -0.5589 0.2736
vn 0.8573 -0.5118 -0.0553
vn 0.8190 -0.5730 0.0284
vn 0.7828 -0.6147 0.0969
vn 0.7815 -0.5416 0.3096
vn 0.8347 -0.4161 0.3608
vn 0.8089 -0.4745 0.3472
vn 0.5363 -0.4684 -0.7021
vn 0.5877 -0.4120 -0.6963
vn 0.5931 -0.5106 -0.6225
vn 0.4933 -0.5532 -0.6713
vn 0.5778 -0.5017 -0.6438
vn 0.5694 -0.5194 -0.6372
vn 0.5346 -0.6182 -0.5762
vn 0.5975 -0.5389 -0.5938
vn 0.5611 -0.5850 -0.5856
vn 0.5942 -0.5919 -0.5445
vn 0.4296 -0.5397 -0.7240
vn 0.4879 -0.5733 -0.6583
vn 0.4944 -0.5870 -0.6411
vn 0.9657 -0.2011 -0.1642
vn 0.9532 -0.1822 -0.2414
vn 0.9672 -0.2023 -0.1536
vn 0.9189 -0.2360 -0.3162
vn 0.9314 -0.2284 -0.2834
vn 0.9281 -0.2947 -0.2274
vn 0.8940 -0.2947 -0.3375
vn 0.9418 -0.1943 -0.2743
vn 0.9192 -0.3073 -0.2464
vn 0.0182 -0.7588 -0.6511
vn 0.0686 -0.7287 -0.6814
vn 0.0911 -0.7331 -0.6740
vn 0.9261 -0.1584 -0.3424
vn 0.9215 -0.2330 -0.3106
vn 0.9086 -0.2921 -0.2984
vn 0.9209 -0.2331 -0.3123
vn 0.9033 -0.2922 -0.3140
vn 0.9129 -0.2440 -0.3272
vn 0.8337 -0.3869 -0.3941
vn 0.8408 -0.3320 -0.4275
vn 0.8640 -0.3883 -0.3205
vn 0.8365 -0.3980 -0.3766
vn 0.8646 -0.3863 -0.3212
vn 0.7986 -0.4120 -0.4388
vn 0.8174 -0.4059 -0.4088
vn 0.7861 -0.4882 -0.3790
vn 0.7937 -0.4053 -0.4536
vn 0.7503 -0.4873 -0.4468
vn 0.8684 -0.3536 0.3475
vn 0.8249 -0.4046 -0.3948
vn 0.8724 -0.2842 -0.3976
vn 0.8869 -0.3084 -0.3440
vn 0.7243 -0.4529 -0.5199
vn 0.7901 -0.3732 -0.4862
vn 0.7394 -0.4606 -0.4910
vn 0.6870 -0.4668 -0.5569
vn 0.7153 -0.4812 -0.5066
vn 0.7126 -0.5253 -0.4650
vn -0.2311 -0.8692 0.4371
vn -0.2481 -0.8748 0.4161
vn -0.2283 -0.8773 0.4222
vn 0.6376 -0.5363 -0.5531
vn 0.6818 -0.4773 -0.5544
vn 0.7153 -0.5151 -0.4723
vn 0.6448 -0.5410 -0.5400
vn 0.6605 -0.5458 -0.5156
vn 0.6905 -0.4825 -0.5389
vn 0.7490 -0.3987 -0.5292
vn 0.6670 -0.5810 -0.4663
vn 0.6075 -0.5429 -0.5798
vn 0.5314 -0.8113 -0.2436
vn 0.5323 -0.8054 -0.2606
vn 0.5674 -0.6341 -0.5254
vn 0.5627 -0.6344 -0.5300
vn 0.6444 -0.5483 -0.5329
vn 0.6709 -0.6122 -0.4184
vn 0.7059 -0.6602 -0.2566
vn 0.5806 -0.7023 -0.4120
vn 0.6666 -0.6295 -0.3991
vn 0.6980 -0.6924 -0.1827
vn 0.7133 -0.6597 -0.2366
vn 0.7590 -0.5908 -0.2737
vn 0.7106 -0.6670 -0.2239
vn 0.7297 -0.6369 -0.2485
vn 0.5039 -0.8530 -0.1359
vn 0.5261 -0.8300 -0.1853
vn 0.5090 -0.3146 -0.8012
vn 0.5367 -0.2577 -0.8035
vn 0.5541 -0.3856 -0.7378
vn 0.4596 -0.3460 -0.8180
vn 0.4552 -0.6485 -0.6101
vn 0.4948 -0.5743 -0.6521
vn 0.4991 -0.5777 -0.6459
vn 0.5424 -0.5370 -0.6461
vn 0.6782 -0.5709 -0.4628
vn 0.5655 -0.6331 -0.5285
vn 0.6347 -0.5182 -0.5732
vn 0.5107 -0.5843 -0.6307
vn -0.4001 -0.8935 0.2038
vn -0.3932 -0.8956 0.2081
vn -0.3690 -0.8985 0.2377
vn -0.4200 -0.8700 0.2584
vn 0.2085 -0.9766 -0.0521
vn 0.1990 -0.9764 -0.0833
vn 0.2499 -0.9653 -0.0757
vn 0.1934 -0.9786 -0.0708
vn 0.2325 -0.9719 -0.0361
vn 0.1722 -0.9850 -0.0076
vn 0.1616 -0.9816 -0.1018
vn -0.6145 -0.6284 -0.4770
vn -0.5768 -0.6533 -0.4904
vn -0.6065 -0.6534 -0.4531
vn 0.1601 -0.9824 -0.0966
vn -0.2184 -0.9755 -0.0255
vn -0.2199 -0.9752 -0.0239
vn -0.2209 -0.9750 -0.0228
vn -0.2215 -0.9749 -0.0229
vn -0.3625 -0.8631 0.3517
vn -0.0225 -0.9984 -0.0526
vn 0.0601 -0.9935 -0.0966
vn 0.0450 -0.9980 -0.0444
vn -0.0082 -0.9966 -0.0816
vn 0.0226 -0.9991 -0.0367
vn -0.4625 -0.4651 -0.7549
vn -0.5923 -0.4018 -0.6984
vn -0.5144 -0.4050 -0.7559
vn -0.4753 -0.3492 -0.8076
vn -0.0619 -0.9966 -0.0553
vn -0.0122 -0.9989 -0.0455
vn -0.0111 -0.9989 -0.0449
vn -0.0771 -0.9970 -0.0093
vn -0.0765 -0.9970 -0.0081
vn -0.0589 -0.9982 -0.0124
vn -0.0590 -0.9982 -0.0111
vn -0.0767 -0.9970 -0.0118
vn -0.0729 -0.9973 -0.0094
vn -0.0827 -0.9962 -0.0281
vn -0.0715 -0.9972 -0.0216
vn -0.0726 -0.9972 -0.0204
vn -0.0736 -0.9971 -0.0196
vn -0.0860 -0.9952 -0.0477
vn -0.0888 -0.9949 -0.0468
vn -0.7106 0.3490 0.6110
vn -0.7028 0.3346 0.6278
vn -0.7313 0.2389 0.6389
vn -0.7038 0.2970 0.6454
vn -0.1076 -0.9941 -0.0131
vn -0.1075 -0.9941 -0.0135
vn -0.6478 -0.6600 0.3806
vn -0.6523 -0.6750 0.3447
vn -0.1426 -0.9897 0.0078
vn 0.9656 0.0743 -0.2490
vn 0.9828 -0.0015 -0.1849
vn 0.9627 0.0812 -0.2582
vn 0.9588 0.1374 -0.2487
vn -0.1279 -0.9909 0.0420
vn -0.1292 -0.9909 0.0372
vn 0.7991 -0.5773 -0.1681
vn 0.8225 -0.5201 -0.2302
vn 0.8086 -0.5686 -0.1515
vn -0.1121 -0.9913 0.0691
vn 0.2812 -0.0660 0.9574
vn 0.3416 -0.0735 0.9370
vn 0.3371 -0.0352 0.9408
vn -0.1243 -0.9896 0.0726
vn -0.1257 -0.9894 0.0734
vn -0.1229 -0.9896 0.0743
vn -0.1297 -0.9878 0.0860
vn -0.1274 -0.9880 0.0877
vn -0.1377 -0.9857 0.0970
vn -0.1372 -0.9855 0.0998
vn -0.1345 -0.9848 0.1096
vn -0.1649 -0.9761 0.1416
vn -0.1611 -0.9774 0.1368
vn -0.1386 -0.9609 0.2395
vn -0.1490 -0.9654 0.2141
vn -0.1417 -0.9655 0.2183
vn -0.1399 -0.9646 0.2234
vn -0.1389 -0.9650 0.2225
vn -0.1377 -0.9642 0.2264
vn -0.1380 -0.9640 0.2274
vn -0.1389 -0.9639 0.2273
vn -0.1460 -0.9698 0.1956
vn -0.1379 -0.9677 0.2113
vn -0.1393 -0.9670 0.2135
vn -0.1378 -0.9676 0.2114
vn -0.1402 -0.9659 0.2177
vn -0.1402 -0.9661 0.2168
vn -0.1552 -0.9752 0.1580
vn -0.1494 -0.9764 0.1558
vn -0.1467 -0.9702 0.1927
vn -0.1405 -0.9712 0.1923
vn 0.3699 -0.8970 0.2421
vn 0.3156 -0.9198 0.2332
vn 0.3192 -0.9300 0.1823
vn 0.2601 -0.9376 0.2306
vn 0.2211 -0.9536 0.2042
vn -0.0601 -0.9946 0.0851
vn -0.0579 -0.9947 0.0846
vn -0.1606 -0.9372 0.3097
vn -0.1536 -0.9408 0.3021
vn -0.1340 -0.9473 0.2909
vn 0.1861 -0.9651 0.1845
vn 0.1865 -0.9650 0.1843
vn 0.1348 -0.9753 0.1751
vn 0.1426 -0.9738 0.1770
vn 0.1572 -0.9737 0.1647
vn -0.6533 -0.3514 -0.6706
vn -0.6295 -0.3610 -0.6880
vn -0.6514 -0.4309 -0.6245
vn -0.1053 -0.9647 0.2412
vn 0.9614 0.0727 -0.2655
vn 0.9684 0.0428 -0.2456
vn 0.9539 -0.0217 -0.2993
vn -0.0834 -0.9665 0.2426
vn -0.0893 -0.9660 0.2425
vn -0.0784 -0.9648 0.2509
vn -0.0688 -0.9658 0.2498
vn -0.0696 -0.9658 0.2497
vn -0.0541 -0.9646 0.2583
vn -0.0013 -0.9701 0.2427
vn 0.0023 -0.9670 0.2547
vn -0.0235 -0.9715 0.2358
vn -0.0072 -0.9754 0.2201
vn -0.0068 -0.9755 0.2201
vn 0.0054 -0.9687 0.2483
vn 0.0155 -0.9691 0.2463
vn -0.0039 -0.9710 0.2390
vn 0.0137 -0.9678 0.2512
vn -0.0041 -0.9769 0.2136
vn -0.0001 -0.9818 0.1899
vn 0.0076 -0.9815 0.1911
vn 0.0296 -0.9797 0.1985
vn -0.7062 0.0960 -0.7014
vn -0.7261 0.2031 -0.6569
vn -0.6850 0.1020 -0.7213
vn 0.1035 -0.9776 0.1834
vn 0.0628 -0.9810 0.1838
vn 0.1021 -0.9780 0.1817
vn 0.0693 -0.9805 0.1838
vn 0.0699 -0.9811 0.1806
vn -0.4042 -0.4153 0.8150
vn -0.3741 -0.4542 0.8085
vn -0.2851 -0.5026 0.8162
vn -0.3090 -0.4374 0.8445
vn -0.3371 -0.6764 -0.6549
vn -0.2907 -0.6957 -0.6568
vn -0.3684 -0.6841 -0.6295
vn -0.0197 -0.7653 -0.6434
vn -0.0109 -0.8092 -0.5875
vn -0.0426 -0.8454 -0.5324
vn 0.1114 -0.9804 0.1623
vn 0.1080 -0.9815 0.1578
vn 0.1119 -0.9819 0.1526
vn 0.1100 -0.9824 0.1513
vn 0.1173 -0.9816 0.1507
vn 0.7445 -0.6539 0.1346
vn 0.7018 -0.6992 0.1364
vn 0.6665 -0.7391 0.0971
vn 0.7213 -0.6823 0.1187
vn -0.0686 -0.9919 -0.1070
vn 0.7257 -0.6787 0.1130
vn 0.7422 -0.6587 0.1235
vn 0.7774 -0.6259 0.0620
vn 0.7962 -0.5897 0.1355
vn 0.7668 -0.5765 0.2823
vn 0.7804 -0.6092 0.1406
vn 0.7998 -0.5324 0.2770
vn 0.7825 -0.5787 0.2299
vn 0.8338 -0.5063 0.2198
vn 0.7769 -0.5754 0.2558
vn 0.9290 -0.3610 0.0811
vn 0.9647 -0.2635 -0.0030
vn 0.8909 -0.4179 0.1780
vn 0.8723 -0.4283 0.2360
vn 0.8387 -0.4799 0.2576
vn 0.8815 -0.3994 0.2518
vn 0.8500 -0.4814 0.2139
vn 0.8682 -0.4627 0.1793
vn 0.9120 -0.4096 0.0204
vn 0.9267 -0.3647 0.0902
vn 0.8996 -0.4303 0.0742
vn 0.8067 -0.5025 0.3110
vn 0.8522 -0.5014 0.1498
vn 0.7995 -0.5486 0.2445
vn 0.8057 -0.5173 0.2886
vn 0.8381 -0.4804 0.2585
vn 0.7857 -0.5419 0.2984
vn 0.8091 -0.5269 0.2601
vn 0.8661 -0.4365 0.2434
vn 0.8393 -0.4981 0.2181
vn 0.8271 -0.5367 0.1670
vn 0.9903 -0.1035 -0.0922
vn 0.9795 -0.1935 -0.0553
vn 0.9663 -0.2528 -0.0483
vn 0.9775 -0.1834 -0.1045
vn 0.9631 -0.2406 -0.1208
vn 0.5681 -0.6287 -0.5311
vn 0.6198 -0.5276 -0.5810
vn 0.6628 -0.4867 -0.5690
vn 0.9264 -0.3624 -0.1019
vn 0.9472 -0.2925 -0.1314
vn 0.9417 -0.3188 -0.1076
vn 0.9456 -0.2947 -0.1376
vn 0.9364 -0.3275 -0.1262
vn 0.9054 -0.4116 -0.1043
vn 0.9339 -0.3297 -0.1384
vn 0.9606 -0.2163 -0.1743
vn 0.9427 -0.2961 -0.1541
vn 0.9313 -0.3302 -0.1536
vn 0.9419 -0.2954 -0.1597
vn 0.9296 -0.3282 -0.1678
vn 0.9181 -0.2548 -0.3037
vn 0.9011 -0.3805 -0.2081
vn 0.8693 -0.3252 -0.3723
vn 0.8267 -0.3406 -0.4478
vn 0.8642 -0.3302 -0.3796
vn 0.8792 -0.2844 -0.3823
vn 0.8607 -0.3907 -0.3263
vn 0.8633 -0.3298 -0.3821
vn 0.8750 -0.3607 -0.3229
vn 0.8389 -0.4334 -0.3293
vn 0.8767 -0.3872 -0.2853
vn 0.8207 -0.4420 -0.3622
vn 0.8441 -0.4247 -0.3272
vn 0.8295 -0.4222 -0.3657
vn 0.8340 -0.3986 -0.3815
vn 0.7734 -0.4142 -0.4799
vn 0.7963 -0.4284 -0.4271
vn 0.5809 -0.5635 -0.5875
vn 0.6408 -0.5475 -0.5381
vn 0.6528 -0.5842 -0.4823
vn 0.5969 -0.7754 -0.2062
vn 0.5355 -0.8225 -0.1917
vn 0.5823 -0.7998 -0.1455
vn 0.5257 -0.8277 -0.1962
vn 0.5032 -0.8551 -0.1252
vn 0.5264 -0.8297 -0.1857
vn 0.5727 -0.8040 -0.1600
vn 0.5741 -0.6805 -0.4553
vn 0.6583 -0.6149 -0.4341
vn 0.6956 -0.5844 -0.4178
vn 0.6766 -0.5984 -0.4292
vn 0.6944 -0.5580 -0.4543
vn 0.1817 0.0894 0.9793
vn 0.2388 0.0876 0.9671
vn 0.2232 0.1167 0.9678
vn 0.6455 -0.7493 -0.1478
vn 0.7566 -0.6295 -0.1767
vn 0.6888 -0.7010 -0.1848
vn 0.7117 -0.6568 -0.2493
vn 0.7542 -0.6078 -0.2483
vn 0.7731 -0.5594 -0.2990
vn 0.7063 -0.6367 -0.3095
vn 0.7398 -0.6504 -0.1724
vn 0.7326 -0.6793 -0.0431
vn 0.7501 -0.6530 -0.1052
vn 0.7816 -0.6174 -0.0888
vn -0.0428 -0.9846 0.1698
vn 0.7138 -0.6662 -0.2163
vn 0.7181 -0.6579 -0.2269
vn 0.7323 -0.6521 -0.1964
vn 0.3981 -0.1823 -0.8990
vn 0.4399 -0.2679 -0.8572
vn 0.6297 -0.7758 -0.0398
vn 0.6341 -0.7717 0.0482
vn 0.3831 -0.9177 -0.1055
vn -0.2918 -0.1735 -0.9406
vn -0.2700 -0.1544 -0.9504
vn -0.2594 -0.2534 -0.9319
vn -0.3296 -0.1731 -0.9281
vn 0.4637 -0.8768 -0.1271
vn 0.4179 -0.9050 -0.0800
vn 0.4565 -0.8793 -0.1359
vn 0.5589 -0.8291 -0.0162
vn 0.5099 -0.8586 -0.0537
vn 0.5453 -0.8382 -0.0049
vn 0.2262 -0.9639 -0.1404
vn 0.2299 -0.9631 -0.1397
vn 0.1361 -0.9906 -0.0111
vn 0.1615 -0.9868 0.0090
vn 0.2325 -0.9660 -0.1132
vn 0.2289 -0.9670 -0.1120
vn 0.2170 -0.9739 -0.0668
vn 0.2632 -0.9647 -0.0015
vn 0.2714 -0.9613 -0.0478
vn 0.3184 -0.9479 -0.0061
vn 0.3122 -0.9500 0.0034
vn 0.3065 -0.9509 -0.0434
vn -0.2030 -0.9525 0.2271
vn -0.0249 -0.9994 -0.0232
vn 0.0549 -0.9983 0.0193
vn 0.0163 -0.9982 0.0579
vn 0.0694 -0.9970 0.0354
vn 0.0243 -0.9975 0.0661
vn -0.6987 0.5315 -0.4788
vn -0.6774 0.5756 -0.4580
vn -0.6469 0.5843 -0.4900
vn -0.7060 0.5115 -0.4898
vn -0.0302 -0.9991 -0.0283
vn -0.0064 -0.9999 -0.0117
vn -0.0481 -0.9987 0.0170
vn -0.0130 -0.9994 -0.0334
vn -0.0634 -0.9976 -0.0286
vn -0.0293 -0.9995 -0.0132
vn -0.0489 -0.9988 -0.0036
vn -0.0197 -0.9759 0.2172
vn 0.0413 -0.9723 0.2299
vn 0.0394 -0.9729 0.2280
vn -0.0469 -0.9987 0.0197
vn -0.0550 -0.9983 0.0211
vn -0.0539 -0.9983 0.0216
vn -0.0586 -0.9983 -0.0019
vn -0.0584 -0.9983 0.0094
vn -0.0704 -0.9975 -0.0007
vn -0.0694 -0.9976 -0.0009
vn -0.5994 -0.3769 0.7062
vn -0.0730 -0.9622 0.2623
vn -0.0922 -0.9942 0.0561
vn -0.1124 -0.9904 0.0806
vn 0.1522 -0.9719 0.1795
vn 0.1521 -0.9720 0.1790
vn 0.1526 -0.9723 0.1771
vn -0.1127 -0.9908 0.0744
vn -0.1243 -0.9863 0.1086
vn -0.1106 -0.9872 0.1146
vn -0.1563 -0.9770 0.1451
vn -0.1444 -0.9789 0.1444
vn -0.1168 -0.9867 0.1134
vn -0.1166 -0.9856 0.1223
vn -0.1475 -0.9757 0.1619
vn -0.0955 -0.9721 0.2143
vn -0.1062 -0.9729 0.2056
vn -0.0837 -0.9694 0.2308
vn -0.0963 -0.9700 0.2232
vn -0.0971 -0.9703 0.2216
vn -0.0962 -0.9701 0.2230
vn -0.0979 -0.9673 0.2341
vn -0.1307 -0.9731 0.1898
vn -0.1537 -0.9435 0.2937
vn -0.1512 -0.9436 0.2945
vn -0.2760 -0.9308 0.2396
vn -0.3144 -0.9219 0.2265
vn -0.2589 -0.9465 0.1928
vn -0.2740 -0.9318 0.2382
vn 0.2521 -0.9554 0.1539
vn -0.2920 -0.9217 0.2554
vn -0.3397 -0.9115 0.2319
vn -0.2907 -0.9328 0.2132
vn -0.2862 -0.9220 0.2607
vn 0.2510 -0.9569 0.1458
vn 0.1339 -0.9688 0.2085
vn -0.3973 0.9115 -0.1066
vn -0.3511 0.9338 -0.0690
vn -0.3223 0.9413 -0.1005
vn -0.0331 0.6280 -0.7775
vn 0.0588 0.6401 -0.7661
vn 0.0245 0.5972 -0.8017
vn -0.0337 0.5950 -0.8030
vn 0.1938 0.9154 0.3527
vn 0.2302 0.8765 0.4228
vn 0.1540 0.9231 0.3524
vn 0.1131 -0.9843 0.1355
vn 0.1161 -0.9828 0.1435
vn 0.1189 -0.9818 0.1482
vn 0.1908 -0.9488 0.2518
vn 0.1853 -0.9473 0.2614
vn 0.1907 -0.9493 0.2498
vn 0.8164 -0.4971 -0.2941
vn 0.7783 -0.5278 -0.3400
vn 0.8456 -0.4638 -0.2642
vn 0.2131 -0.9649 0.1535
vn 0.2125 -0.9652 0.1523
vn 0.2129 -0.9652 0.1519
vn -0.0863 -0.9710 0.2231
vn -0.0861 -0.9711 0.2224
vn -0.0839 -0.9736 0.2122
vn -0.0824 -0.9736 0.2131
vn -0.0770 -0.9770 0.1986
vn -0.0780 -0.9767 0.2001
vn -0.0637 -0.9799 0.1888
vn -0.0756 -0.9783 0.1927
vn -0.0575 -0.9746 0.2165
vn -0.0518 -0.9761 0.2110
vn -0.0254 -0.9792 0.2015
vn -0.0349 -0.9803 0.1945
vn -0.0180 -0.9797 0.1997
vn -0.0612 -0.9817 0.1801
vn -0.0657 -0.9826 0.1739
vn -0.0458 -0.9836 0.1743
vn -0.0455 -0.9849 0.1668
vn -0.0051 -0.9805 0.1963
vn -0.0135 -0.9841 0.1772
vn 0.0012 -0.9823 0.1872
vn 0.0627 -0.9831 0.1719
vn 0.0286 -0.9824 0.1847
vn 0.0214 -0.9837 0.1786
vn 0.0295 -0.9829 0.1817
vn 0.0681 -0.9830 0.1704
vn 0.0670 -0.9836 0.1676
vn 0.0888 -0.9845 0.1510
vn 0.0864 -0.9845 0.1529
vn 0.0922 -0.9853 0.1442
vn 0.0896 -0.9857 0.1424
vn 0.0898 -0.9811 0.1716
vn 0.0832 -0.9839 0.1580
vn 0.0791 -0.9849 0.1537
vn 0.0914 -0.9838 0.1542
vn 0.0895 -0.9844 0.1516
vn 0.0998 -0.9865 0.1299
vn 0.1172 -0.9735 0.1962
vn 0.5952 -0.8015 0.0585
vn 0.6426 -0.7651 0.0415
vn 0.7218 -0.6852 0.0980
vn 0.6927 -0.7212 -0.0042
vn 0.6511 -0.7578 0.0427
vn 0.7280 -0.6714 0.1385
vn 0.7392 -0.6615 0.1268
vn 0.7480 -0.6385 0.1811
vn 0.7883 -0.5809 0.2027
vn 0.7880 -0.5801 0.2063
vn 0.8274 -0.5248 0.1999
vn 0.8072 -0.5659 0.1678
vn 0.7947 -0.5841 0.1652
vn 0.8250 -0.5227 0.2148
vn 0.8142 -0.5248 0.2483
vn 0.7907 -0.5776 0.2031
vn 0.8004 -0.5653 0.1996
vn 0.8906 -0.4457 0.0907
vn 0.9151 -0.4026 0.0215
vn 0.8588 -0.4905 0.1480
vn 0.8925 -0.4170 0.1716
vn 0.8776 -0.4397 0.1911
vn 0.9331 -0.3581 0.0338
vn 0.8873 -0.4597 0.0365
vn 0.8993 -0.4230 0.1109
vn 0.8732 -0.4739 0.1137
vn 0.8578 -0.4923 0.1475
vn 0.8594 -0.4952 0.1270
vn 0.8010 -0.4747 0.3648
vn 0.7607 -0.5029 0.4103
vn 0.7758 -0.5361 0.3327
vn 0.8527 -0.3766 0.3622
vn 0.8529 -0.5041 0.1359
vn 0.8641 -0.4451 0.2349
vn 0.8419 -0.4985 0.2066
vn 0.8560 -0.4920 0.1584
vn 0.8346 -0.5275 0.1586
vn 0.8791 -0.4703 0.0777
vn 0.8284 -0.5222 0.2026
vn 0.9404 -0.3396 -0.0188
vn 0.9318 -0.3327 -0.1453
vn 0.8906 -0.3960 -0.2237
vn -0.7301 0.6747 -0.1078
vn 0.8941 -0.3381 -0.2936
vn 0.8330 -0.4393 -0.3363
vn 0.8625 -0.4734 -0.1791
vn 0.8620 -0.4382 -0.2549
vn 0.8317 -0.4403 -0.3382
vn 0.8519 -0.4547 -0.2597
vn 0.8631 -0.4006 -0.3075
vn 0.8356 -0.4643 -0.2936
vn 0.8350 -0.3799 -0.3981
vn 0.2137 -0.9556 0.2030
vn 0.2148 -0.9551 0.2041
vn 0.7603 -0.5266 -0.3803
vn 0.7537 -0.5367 -0.3792
vn 0.7580 -0.5234 -0.3892
vn 0.7504 -0.5326 -0.3915
vn 0.7086 -0.4952 -0.5027
vn 0.7494 -0.5010 -0.4328
vn 0.6414 -0.6200 -0.4519
vn 0.6568 -0.5587 -0.5064
vn 0.5939 -0.5999 -0.5361
vn 0.6177 -0.6666 -0.4171
vn 0.6734 -0.5978 -0.4349
vn 0.6662 -0.6412 -0.3809
vn 0.7393 -0.5556 -0.3805
vn 0.6765 -0.5984 -0.4293
vn 0.6913 -0.5773 -0.4345
vn 0.6726 -0.6568 -0.3409
vn 0.6957 -0.5996 -0.3956
vn 0.7229 -0.5612 -0.4032
vn -0.5974 -0.7863 -0.1574
vn -0.5790 -0.8108 -0.0862
vn -0.6159 -0.7827 -0.0900
vn 0.6854 -0.7238 -0.0792
vn 0.7071 -0.7043 -0.0633
vn 0.6214 -0.7769 -0.1016
vn 0.0514 -0.6299 -0.7750
vn 0.1268 -0.6538 -0.7460
vn 0.0127 -0.6341 -0.7731
vn 0.7206 -0.6049 -0.3389
vn 0.7632 -0.5472 -0.3437
vn 0.7092 -0.6053 -0.3614
vn 0.7480 -0.6294 -0.2107
vn 0.8066 -0.5609 -0.1866
vn 0.7531 -0.6147 -0.2342
vn 0.7565 -0.6380 -0.1436
vn 0.7614 -0.6313 -0.1477
vn 0.7495 -0.6401 -0.1689
vn 0.7393 -0.6701 -0.0672
vn 0.7664 -0.6308 -0.1212
vn 0.7851 -0.6161 -0.0632
vn 0.7858 -0.6174 -0.0356
vn 0.8001 -0.5980 -0.0460
vn 0.7102 -0.6635 -0.2354
vn 0.7557 -0.6344 -0.1628
vn 0.7950 -0.5779 -0.1845
vn 0.6217 -0.7781 -0.0897
vn 0.6726 -0.7384 -0.0493
vn 0.6920 -0.7218 -0.0146
vn -0.5788 0.5825 0.5706
vn -0.5439 0.6207 0.5647
vn -0.4725 0.6625 0.5813
vn -0.5383 0.6445 0.5430
vn -0.0534 0.1708 0.9839
vn -0.0640 0.2054 0.9766
vn -0.0955 0.1195 0.9882
vn -0.0645 0.1220 0.9904
vn 0.2407 -0.9672 0.0815
vn -0.7549 -0.6553 -0.0250
vn -0.7095 -0.7038 0.0358
vn 0.2124 -0.9694 0.1231
vn 0.2116 -0.9696 0.1230
vn 0.2111 -0.9697 0.1229
vn 0.2132 -0.9693 0.1226
vn -0.4614 -0.8578 0.2263
vn -0.4617 -0.8599 0.2178
vn -0.4617 -0.8655 0.1943
vn -0.4601 -0.8606 0.2184
vn 0.1457 -0.9863 0.0779
vn 0.1520 -0.9861 0.0679
vn 0.1577 -0.9851 0.0686
vn 0.1516 -0.9837 0.0963
vn 0.1535 -0.9840 0.0907
vn 0.1005 -0.9942 0.0375
vn 0.1042 -0.9937 0.0413
vn 0.0907 -0.9948 0.0472
vn 0.0934 -0.9943 0.0518
vn 0.0803 -0.9952 0.0566
vn 0.1002 -0.9930 0.0631
vn 0.0576 -0.9973 0.0462
vn 0.0333 -0.9991 0.0267
vn 0.0837 -0.9949 0.0560
vn 0.0023 -0.9997 0.0235
vn 0.1299 -0.9888 0.0739
vn -0.0089 -0.9999 0.0101
vn -0.0363 -0.9991 0.0196
vn -0.0266 -0.9994 0.0222
vn -0.0388 -0.9990 0.0229
vn -0.0212 -0.9994 0.0266
vn 0.2060 -0.3732 -0.9046
vn 0.2145 -0.4859 -0.8473
vn 0.2346 -0.5032 -0.8317
vn 0.2006 -0.5108 -0.8360
vn 0.1259 0.7552 -0.6433
vn 0.0011 0.8076 -0.5897
vn 0.0502 0.7969 -0.6020
vn 0.0723 0.8729 -0.4826
vn -0.2044 -0.8843 0.4198
vn -0.0639 -0.9977 0.0205
vn -0.0641 -0.9977 0.0215
vn -0.0675 -0.9974 0.0265
vn -0.3182 0.0253 -0.9477
vn -0.2906 0.0057 -0.9568
vn -0.2587 0.0137 -0.9659
vn -0.1104 -0.9925 0.0532
vn -0.1076 -0.9929 0.0515
vn -0.2126 -0.9354 0.2824
vn -0.0965 -0.9935 0.0607
vn -0.0944 -0.9939 0.0574
vn -0.1069 -0.9905 0.0870
vn -0.0837 -0.9937 0.0741
vn -0.0843 -0.9934 0.0776
vn -0.1020 -0.9872 0.1222
vn 0.0723 0.9723 -0.2222
vn 0.0503 0.9718 -0.2305
vn 0.0504 0.9761 -0.2112
vn -0.1339 -0.9799 0.1476
vn -0.1185 -0.9802 0.1583
vn -0.1184 -0.9802 0.1587
vn -0.1174 -0.9760 0.1833
vn -0.0937 -0.9906 0.0999
vn -0.0913 -0.9887 0.1188
vn -0.3344 -0.7762 0.5345
vn -0.3342 -0.7766 0.5341
vn -0.3298 -0.7805 0.5311
vn -0.3339 -0.7760 0.5351
vn -0.1232 -0.9690 0.2140
vn -0.1245 -0.9691 0.2127
vn -0.0549 -0.9832 0.1742
vn -0.0558 -0.9834 0.1727
vn -0.1008 -0.9760 0.1929
vn -0.1013 -0.9763 0.1911
vn -0.1095 -0.9749 0.1938
vn -0.1109 -0.9750 0.1925
vn 0.8873 -0.4371 -0.1475
vn -0.7781 0.6214 -0.0913
vn -0.7665 0.6321 -0.1142
vn -0.6926 0.7038 -0.1578
vn -0.7961 0.5938 -0.1171
vn 0.2505 -0.9596 0.1285
vn -0.2298 -0.9731 -0.0144
vn -0.2277 -0.9736 -0.0137
vn 0.1027 -0.9852 0.1369
vn 0.1025 -0.9856 0.1347
vn 0.0881 -0.9925 0.0853
vn 0.1077 -0.9855 0.1314
vn 0.1290 -0.9862 0.1040
vn 0.1261 -0.9866 0.1039
vn 0.1270 -0.9866 0.1021
vn 0.1280 -0.9875 0.0924
vn 0.1253 -0.9877 0.0933
vn 0.1248 -0.9878 0.0929
vn 0.0647 -0.9773 0.2019
vn 0.0553 -0.9793 0.1949
vn 0.0553 -0.9798 0.1921
vn 0.0541 -0.9806 0.1882
vn -0.0970 -0.9772 0.1888
vn -0.0776 -0.9804 0.1812
vn -0.0618 -0.9811 0.1832
vn -0.0349 -0.9839 0.1750
vn -0.0597 -0.9818 0.1802
vn -0.0509 -0.9827 0.1778
vn -0.0398 -0.9843 0.1720
vn -0.0396 -0.9843 0.1719
vn -0.0265 -0.9850 0.1706
vn -0.0209 -0.9847 0.1731
vn -0.0110 -0.9827 0.1849
vn -0.0585 -0.9820 0.1796
vn -0.0110 -0.9885 0.1507
vn -0.0010 -0.9912 0.1326
vn 0.0082 -0.9922 0.1247
vn 0.0264 -0.9903 0.1364
vn 0.0752 -0.9824 0.1711
vn 0.0741 -0.9832 0.1667
vn 0.7827 -0.4050 -0.4725
vn 0.7814 -0.4523 -0.4299
vn 0.0928 -0.9860 0.1387
vn 0.1024 -0.9874 0.1205
vn 0.0968 -0.9880 0.1203
vn 0.0977 -0.9883 0.1172
vn 0.4490 -0.8931 0.0275
vn 0.4467 -0.8945 0.0187
vn 0.7873 -0.6161 -0.0227
vn 0.8032 -0.5952 -0.0246
vn 0.8031 -0.5953 -0.0245
vn 0.7418 -0.6705 -0.0131
vn 0.7869 -0.6170 -0.0122
vn 0.8024 -0.5967 -0.0059
vn 0.8088 -0.5465 0.2170
vn 0.7895 -0.5821 0.1945
vn 0.8176 -0.5464 0.1818
vn 0.8065 -0.5741 0.1412
vn 0.7814 -0.6101 0.1314
vn 0.8521 -0.5105 0.1151
vn 0.8298 -0.5508 0.0898
vn 0.8245 -0.5481 0.1405
vn 0.8160 -0.5545 0.1633
vn 0.9038 -0.4150 -0.1050
vn 0.8937 -0.4474 -0.0325
vn 0.8912 -0.4509 -0.0504
vn 0.9253 -0.3754 0.0543
vn 0.9332 -0.3583 0.0284
vn 0.8915 -0.4512 0.0400
vn 0.8639 -0.4949 0.0938
vn 0.8483 -0.5223 0.0865
vn 0.8920 -0.4505 0.0384
vn 0.8533 -0.5183 0.0560
vn 0.8869 -0.4615 0.0191
vn 0.8589 -0.5055 0.0829
vn 0.8313 -0.5501 0.0800
vn 0.8966 -0.4071 -0.1741
vn 0.8967 -0.4051 -0.1784
vn 0.8590 -0.4861 -0.1607
vn 0.8950 -0.4051 -0.1865
vn 0.8962 -0.4249 -0.1277
vn 0.8644 -0.4897 -0.1140
vn 0.8886 -0.4462 -0.1067
vn 0.8501 -0.5248 -0.0434
vn 0.8095 -0.5180 -0.2764
vn 0.8495 -0.4771 -0.2252
vn 0.8231 -0.4854 -0.2948
vn 0.8128 -0.4676 -0.3475
vn 0.8509 -0.4374 -0.2910
vn 0.8316 -0.4659 -0.3024
vn 0.8519 -0.4049 -0.3321
vn 0.8215 -0.5172 -0.2400
vn 0.8152 -0.5392 -0.2115
vn 0.7449 -0.5663 -0.3528
vn 0.7749 -0.5297 -0.3450
vn 0.7348 -0.6149 -0.2863
vn 0.7552 -0.5430 -0.3672
vn 0.7433 -0.6005 -0.2948
vn 0.7860 -0.5401 -0.3010
vn 0.7717 -0.5741 -0.2737
vn 0.7807 -0.5262 -0.3372
vn 0.7817 -0.5984 -0.1757
vn 0.7838 -0.5716 -0.2429
vn 0.8283 -0.5461 -0.1252
vn 0.7913 -0.5776 -0.2004
vn 0.8018 -0.5605 -0.2070
vn 0.7644 -0.6437 -0.0374
vn 0.8018 -0.5837 -0.1279
vn 0.8029 -0.5803 -0.1363
vn 0.7747 -0.5954 -0.2128
vn -0.2443 -0.8530 0.4612
vn 0.3210 -0.9424 -0.0938
vn 0.3445 -0.9369 -0.0591
vn 0.3583 -0.9336 -0.0014
vn 0.2651 -0.9607 0.0824
vn -0.3173 -0.8836 0.3444
vn -0.3397 -0.8710 0.3548
vn -0.3105 -0.8926 0.3268
vn -0.3027 -0.8887 0.3443
vn 0.2629 -0.9622 0.0714
vn 0.2636 -0.9620 0.0713
vn 0.2624 -0.9623 0.0717
vn -0.1265 -0.9408 0.3146
vn 0.5833 0.0356 -0.8115
vn 0.5968 -0.0333 -0.8017
vn 0.1517 -0.9778 0.1448
vn 0.1492 -0.9779 0.1464
vn 0.1338 -0.9859 0.1001
vn 0.1378 -0.9850 0.1039
vn 0.1322 -0.9861 0.1002
vn 0.0920 -0.9945 0.0505
vn 0.0918 -0.9934 0.0685
vn 0.0922 -0.9936 0.0656
vn 0.0836 -0.9941 0.0685
vn 0.0863 -0.9938 0.0695
vn 0.8611 -0.4959 0.1122
vn 0.8542 -0.4996 0.1437
vn 0.8140 -0.5723 0.0995
vn 0.0797 -0.9963 0.0307
vn 0.0850 -0.9960 0.0288
vn 0.0770 -0.9963 0.0375
vn 0.0113 -0.9996 0.0262
vn 0.0330 -0.9983 0.0473
vn 0.0283 -0.9988 0.0387
vn 0.0222 -0.9991 0.0363
vn 0.0688 -0.9960 0.0571
vn 0.0725 -0.9955 0.0613
vn -0.0073 -0.9997 0.0240
vn -0.0074 -0.9997 0.0253
vn 0.0870 -0.9933 0.0761
vn 0.0843 -0.9940 0.0700
vn 0.0930 -0.9933 0.0686
vn 0.0875 -0.9937 0.0696
vn -0.0204 -0.9994 0.0273
vn -0.0190 -0.9993 0.0307
vn -0.0181 -0.9992 0.0365
vn -0.0279 -0.9991 0.0330
vn -0.0250 -0.9991 0.0353
vn -0.0228 -0.9991 0.0346
vn -0.0352 -0.9988 0.0326
vn -0.0220 -0.9993 0.0301
vn -0.0471 -0.9979 0.0437
vn -0.0409 -0.9982 0.0430
vn -0.0550 -0.9976 0.0416
vn -0.0663 -0.9972 0.0344
vn -0.0870 -0.9951 0.0470
vn -0.0682 -0.9963 0.0516
vn 0.0192 -0.9630 -0.2689
vn 0.0139 -0.9607 -0.2772
vn 0.0676 -0.9577 -0.2799
vn 0.0538 -0.9693 -0.2401
vn 0.7772 0.3194 -0.5422
vn 0.7894 0.3066 -0.5318
vn 0.8192 0.2659 -0.5081
vn 0.7635 0.2679 -0.5877
vn -0.0788 -0.9941 0.0746
vn -0.1430 -0.9608 0.2374
vn -0.1312 -0.9625 0.2373
vn -0.0752 -0.9938 0.0813
vn -0.0778 -0.9886 0.1289
vn -0.0837 -0.9896 0.1171
vn -0.0519 -0.9880 0.1457
vn -0.0615 -0.9883 0.1399
vn -0.0487 -0.9855 0.1626
vn -0.0843 -0.9820 0.1692
vn -0.1152 -0.9816 0.1524
vn -0.0934 -0.9808 0.1714
vn -0.0788 -0.9950 -0.0611
vn -0.0803 -0.9957 -0.0464
vn -0.0790 -0.9958 -0.0463
vn -0.0972 -0.9771 0.1892
vn -0.1235 -0.9642 0.2347
vn 0.0910 -0.9897 0.1106
vn 0.1019 -0.9789 0.1770
vn 0.1075 -0.9785 0.1763
vn 0.0987 -0.9791 0.1776
vn -0.0698 -0.9805 0.1838
vn -0.0458 -0.9847 0.1681
vn -0.0498 -0.9867 0.1545
vn -0.0314 -0.9867 0.1594
vn 0.0630 -0.9909 0.1188
vn -0.0346 -0.9943 0.1010
vn 0.1502 -0.9783 0.1426
vn -0.0564 -0.9916 0.1160
vn -0.0563 -0.9920 0.1128
vn -0.0129 -0.9841 0.1773
vn 0.0158 -0.9920 0.1250
vn 0.0424 -0.9885 0.1454
vn -0.0248 -0.9938 0.1083
vn -0.0227 -0.9936 0.1109
vn -0.1414 -0.9899 -0.0048
vn -0.1417 -0.9899 -0.0044
vn -0.1017 -0.9883 -0.1134
vn -0.1019 -0.9884 -0.1127
vn -0.1038 -0.9883 -0.1121
vn 0.8460 -0.5229 0.1043
vn 0.8308 -0.5546 0.0472
vn 0.8676 -0.4959 0.0372
vn 0.8684 0.2704 0.4158
vn 0.8391 -0.5393 0.0712
vn 0.8309 -0.5531 0.0613
vn 0.8510 -0.5247 0.0219
vn 0.8925 -0.4505 -0.0235
vn 0.8543 -0.5179 -0.0437
vn 0.8863 -0.4631 -0.0074
vn 0.9122 -0.4098 0.0045
vn 0.8332 -0.5512 0.0449
vn 0.8511 -0.5243 -0.0266
vn 0.8896 -0.4539 0.0504
vn 0.8223 -0.5555 -0.1233
vn 0.8515 -0.5190 -0.0752
vn 0.7976 -0.5971 -0.0857
vn 0.8519 -0.5150 -0.0952
vn 0.8571 -0.4939 -0.1464
vn 0.8639 -0.4949 0.0935
vn 0.8699 -0.4896 0.0601
vn 0.8318 -0.5497 0.0773
vn 0.7838 -0.5949 -0.1782
vn 0.8452 -0.5095 -0.1610
vn 0.8438 -0.5212 -0.1280
vn 0.8486 -0.5123 -0.1317
vn 0.7566 -0.5070 -0.4129
vn 0.7800 -0.5311 -0.3309
vn 0.7721 -0.5626 -0.2956
vn 0.8339 -0.5021 -0.2292
vn 0.7637 -0.5526 -0.3339
vn 0.7842 -0.5352 -0.3140
vn 0.7340 -0.6075 -0.3037
vn -0.0784 -0.9941 -0.0749
vn 0.8678 -0.4942 -0.0521
vn 0.8342 -0.5514 -0.0081
vn 0.8747 -0.4829 -0.0425
vn 0.8332 -0.5529 0.0005
vn 0.8647 -0.5014 -0.0287
vn 0.8568 -0.5111 0.0680
vn 0.8445 -0.5353 -0.0194
vn 0.8598 -0.5028 -0.0892
vn -0.1664 -0.9852 -0.0416
vn -0.1640 -0.9856 -0.0409
vn -0.1641 -0.9856 -0.0404
vn -0.1107 -0.9741 0.1971
vn -0.0552 -0.9969 0.0554
vn -0.1479 -0.9311 0.3335
vn -0.1630 -0.9347 0.3158
vn -0.1623 -0.9360 0.3124
vn -0.1485 -0.9334 0.3266
vn -0.0416 -0.9970 0.0653
vn -0.0519 -0.9960 0.0728
vn -0.0539 -0.9967 0.0601
vn -0.0488 -0.9960 0.0749
vn -0.0620 -0.9960 0.0643
vn -0.0635 -0.9962 0.0595
vn -0.0766 -0.9876 0.1373
vn -0.0657 -0.9889 0.1333
vn -0.0649 -0.9886 0.1357
vn -0.1304 -0.9836 0.1249
vn -0.0455 -0.9932 0.1073
vn -0.0504 -0.9945 0.0923
vn 0.0752 -0.9647 0.2526
vn 0.0679 -0.9628 0.2615
vn -0.0481 -0.9945 0.0933
vn -0.0488 -0.9946 0.0913
vn -0.0763 -0.9954 0.0581
vn 0.8729 -0.4878 -0.0085
vn 0.8149 -0.5786 0.0355
vn 0.7935 -0.6065 -0.0510
vt 0.159720 0.017390
vt 0.159720 0.015490
vt 0.166660 0.015490
vt 0.166660 0.017380
vt 0.909720 0.025850
vt 0.909720 0.028180
vt 0.902770 0.028160
vt 0.902770 0.025830
vt 0.854160 0.025850
vt 0.861110 0.025850
vt 0.861110 0.028190
vt 0.854160 0.028180
vt 0.812500 0.025850
vt 0.812500 0.028180
vt 0.805550 0.028190
vt 0.805550 0.025850
vt 0.576380 0.025850
vt 0.576380 0.028180
vt 0.569440 0.028160
vt 0.569440 0.025830
vt 0.569440 0.023610
vt 0.576380 0.023620
vt 0.479160 0.025850
vt 0.479160 0.023620
vt 0.486110 0.023610
vt 0.486110 0.025830
vt 0.423610 0.025850
vt 0.423610 0.028180
vt 0.416660 0.028190
vt 0.416660 0.025850
vt 0.430550 0.025830
vt 0.430550 0.028160
vt 0.437500 0.025790
vt 0.430550 0.023610
vt 0.437500 0.023590
vt 0.409720 0.025850
vt 0.409720 0.028180
vt 0.201380 0.025850
vt 0.201380 0.028180
vt 0.194440 0.028190
vt 0.194440 0.025850
vt 0.187500 0.021480
vt 0.180550 0.021470
vt 0.180550 0.019400
vt 0.187500 0.019410
vt 0.187500 0.025850
vt 0.187500 0.028180
vt 0.131940 0.025850
vt 0.138880 0.025850
vt 0.138880 0.028190
vt 0.131940 0.028180
vt 0.034720 0.025850
vt 0.034720 0.028180
vt 0.027770 0.028190
vt 0.027770 0.025850
vt 0.034720 0.030650
vt 0.027770 0.030650
vt 0.048610 0.030600
vt 0.048610 0.028110
vt 0.055550 0.028090
vt 0.055550 0.030580
vt 0.055550 0.033240
vt 0.048610 0.033250
vt 0.048610 0.036060
vt 0.055550 0.036060
vt 0.062500 0.036060
vt 0.062500 0.033250
vt 0.062500 0.039050
vt 0.055550 0.039050
vt 0.131940 0.036060
vt 0.138880 0.036060
vt 0.138880 0.039050
vt 0.131940 0.039050
vt 0.159720 0.036060
vt 0.159720 0.033250
vt 0.166660 0.033240
vt 0.166660 0.036060
vt 0.159720 0.039050
vt 0.152770 0.039050
vt 0.152770 0.036060
vt 0.173610 0.036060
vt 0.180550 0.036060
vt 0.180550 0.039050
vt 0.173610 0.039050
vt 0.243050 0.030650
vt 0.243050 0.033270
vt 0.236110 0.033260
vt 0.236110 0.030630
vt 0.243050 0.036060
vt 0.250000 0.033270
vt 0.250000 0.036060
vt 0.250000 0.039050
vt 0.243050 0.039050
vt 0.256940 0.036060
vt 0.256940 0.033270
vt 0.263880 0.033260
vt 0.263880 0.036060
vt 0.263880 0.039050
vt 0.256940 0.039050
vt 0.298610 0.036060
vt 0.298610 0.033270
vt 0.305550 0.033270
vt 0.305550 0.036060
vt 0.298610 0.039050
vt 0.291660 0.039050
vt 0.291660 0.036060
vt 0.284720 0.036060
vt 0.284720 0.039050
vt 0.277770 0.039050
vt 0.277770 0.036060
vt 0.312500 0.030650
vt 0.319440 0.030630
vt 0.319440 0.033260
vt 0.312500 0.033270
vt 0.312500 0.036060
vt 0.409720 0.036060
vt 0.409720 0.033270
vt 0.416660 0.033270
vt 0.416660 0.036060
vt 0.416660 0.039050
vt 0.409720 0.039050
vt 0.402770 0.039050
vt 0.402770 0.036060
vt 0.423610 0.036060
vt 0.423610 0.033270
vt 0.430550 0.033260
vt 0.430550 0.036060
vt 0.430550 0.039050
vt 0.423610 0.039050
vt 0.493050 0.030600
vt 0.500000 0.030580
vt 0.500000 0.033240
vt 0.493050 0.033250
vt 0.493050 0.036060
vt 0.500000 0.036060
vt 0.500000 0.039050
vt 0.493050 0.039050
vt 0.520830 0.030650
vt 0.513880 0.030630
vt 0.513880 0.028160
vt 0.520830 0.028180
vt 0.520830 0.033270
vt 0.513880 0.033260
vt 0.520830 0.036060
vt 0.513880 0.036060
vt 0.527770 0.033270
vt 0.527770 0.036060
vt 0.527770 0.039050
vt 0.520830 0.039050
vt 0.513880 0.039050
vt 0.534720 0.030650
vt 0.541660 0.030630
vt 0.541660 0.033260
vt 0.534720 0.033270
vt 0.534720 0.036060
vt 0.541660 0.036060
vt 0.534720 0.039050
vt 0.604160 0.036060
vt 0.611110 0.036060
vt 0.611110 0.039050
vt 0.604160 0.039050
vt 0.659720 0.036060
vt 0.666660 0.036060
vt 0.666660 0.039050
vt 0.659720 0.039050
vt 0.652770 0.039050
vt 0.652770 0.036060
vt 0.687500 0.030650
vt 0.694440 0.030650
vt 0.694440 0.033270
vt 0.687500 0.033270
vt 0.687500 0.036060
vt 0.694440 0.036060
vt 0.673610 0.036060
vt 0.666660 0.033240
vt 0.673610 0.033250
vt 0.680550 0.036060
vt 0.680550 0.039050
vt 0.673610 0.039050
vt 0.770830 0.030600
vt 0.770830 0.028110
vt 0.777770 0.028090
vt 0.777770 0.030580
vt 0.777770 0.033240
vt 0.770830 0.033250
vt 0.770830 0.036060
vt 0.777770 0.036060
vt 0.777770 0.039050
vt 0.770830 0.039050
vt 0.798610 0.036060
vt 0.791660 0.036060
vt 0.791660 0.033260
vt 0.798610 0.033270
vt 0.805550 0.033270
vt 0.805550 0.036060
vt 0.784720 0.036060
vt 0.784720 0.033250
vt 0.784720 0.039050
vt 0.868050 0.030650
vt 0.875000 0.030630
vt 0.875000 0.033260
vt 0.868050 0.033270
vt 0.861110 0.033270
vt 0.861110 0.030650
vt 0.881940 0.030600
vt 0.881940 0.033250
vt 0.881940 0.036060
vt 0.875000 0.036060
vt 0.888880 0.033240
vt 0.888880 0.036060
vt 0.881940 0.039050
vt 0.875000 0.039050
vt 0.868050 0.036060
vt 0.868050 0.039050
vt 0.909720 0.030650
vt 0.916660 0.030650
vt 0.916660 0.033270
vt 0.909720 0.033270
vt 0.909720 0.036060
vt 0.902770 0.036060
vt 0.902770 0.033260
vt 0.916660 0.036060
vt 0.923610 0.030650
vt 0.923610 0.033270
vt 0.937500 0.036060
vt 0.930550 0.036060
vt 0.930550 0.033260
vt 0.937500 0.033250
vt 0.944440 0.033240
vt 0.944440 0.036060
vt 0.923610 0.036060
vt 0.930550 0.039050
vt 0.923610 0.039050
vt 0.006940 0.042140
vt 0.006940 0.045590
vt 0.000000 0.045540
vt 0.000000 0.042040
vt 0.020830 0.042250
vt 0.013880 0.042220
vt 0.013880 0.039000
vt 0.020830 0.039050
vt 0.027770 0.042260
vt 0.027770 0.045640
vt 0.020830 0.045640
vt 0.020830 0.049170
vt 0.013880 0.049160
vt 0.013880 0.045620
vt 0.027770 0.049170
vt 0.027770 0.052810
vt 0.020830 0.052800
vt 0.013880 0.052790
vt 0.006940 0.049140
vt 0.000000 0.049100
vt 0.006940 0.052770
vt 0.000000 0.052730
vt 0.034720 0.042260
vt 0.034720 0.039050
vt 0.041660 0.039050
vt 0.041660 0.042260
vt 0.034720 0.045640
vt 0.034720 0.049170
vt 0.131940 0.042260
vt 0.138880 0.042260
vt 0.138880 0.045640
vt 0.131940 0.045640
vt 0.131940 0.049170
vt 0.125000 0.049170
vt 0.125000 0.045640
vt 0.138880 0.049170
vt 0.138880 0.052810
vt 0.131940 0.052810
vt 0.125000 0.052810
vt 0.145830 0.042260
vt 0.145830 0.039050
vt 0.159720 0.042260
vt 0.166660 0.039050
vt 0.166660 0.042260
vt 0.166660 0.045640
vt 0.159720 0.045640
vt 0.152770 0.045640
vt 0.152770 0.042260
vt 0.173610 0.042260
vt 0.180550 0.042260
vt 0.180550 0.045640
vt 0.173610 0.045640
vt 0.243050 0.049170
vt 0.250000 0.049170
vt 0.250000 0.052810
vt 0.243050 0.052810
vt 0.256940 0.042260
vt 0.263880 0.042260
vt 0.263880 0.045640
vt 0.256940 0.045640
vt 0.270830 0.042260
vt 0.270830 0.039050
vt 0.277770 0.042260
vt 0.256940 0.049170
vt 0.263880 0.049170
vt 0.263880 0.052810
vt 0.256940 0.052810
vt 0.284720 0.042260
vt 0.291660 0.042260
vt 0.291660 0.045640
vt 0.284720 0.045640
vt 0.277770 0.045640
vt 0.284720 0.049170
vt 0.277770 0.049170
vt 0.291660 0.049170
vt 0.291660 0.052810
vt 0.284720 0.052810
vt 0.354160 0.049170
vt 0.361110 0.049170
vt 0.361110 0.052810
vt 0.354160 0.052810
vt 0.347220 0.052810
vt 0.347220 0.049170
vt 0.381940 0.049170
vt 0.388880 0.049170
vt 0.388880 0.052810
vt 0.381940 0.052810
vt 0.375000 0.052810
vt 0.375000 0.049170
vt 0.368050 0.049170
vt 0.368050 0.052810
vt 0.409720 0.042260
vt 0.402770 0.042260
vt 0.416660 0.042260
vt 0.395830 0.049170
vt 0.395830 0.052810
vt 0.423610 0.042260
vt 0.430550 0.042260
vt 0.493050 0.042260
vt 0.500000 0.042260
vt 0.493050 0.049170
vt 0.500000 0.049170
vt 0.500000 0.052810
vt 0.493050 0.052810
vt 0.506940 0.042260
vt 0.506940 0.039050
vt 0.513880 0.042260
vt 0.520830 0.042260
vt 0.506940 0.049170
vt 0.513880 0.049170
vt 0.513880 0.052810
vt 0.506940 0.052810
vt 0.548610 0.042260
vt 0.548610 0.045640
vt 0.541660 0.045640
vt 0.541660 0.042260
vt 0.618050 0.042260
vt 0.611110 0.042260
vt 0.618050 0.039050
vt 0.625000 0.039050
vt 0.625000 0.042260
vt 0.625000 0.045640
vt 0.618050 0.045640
vt 0.611110 0.045640
vt 0.631940 0.049170
vt 0.638880 0.049170
vt 0.638880 0.052810
vt 0.631940 0.052810
vt 0.625000 0.052810
vt 0.625000 0.049170
vt 0.618050 0.049170
vt 0.611110 0.049170
vt 0.618050 0.052810
vt 0.611110 0.052810
vt 0.645830 0.042260
vt 0.638880 0.042260
vt 0.638880 0.039050
vt 0.645830 0.039050
vt 0.652770 0.042260
vt 0.652770 0.045640
vt 0.645830 0.045640
vt 0.638880 0.045640
vt 0.659720 0.049170
vt 0.652770 0.049170
vt 0.659720 0.045640
vt 0.659720 0.052810
vt 0.652770 0.052810
vt 0.770830 0.042260
vt 0.777770 0.042260
vt 0.777770 0.045640
vt 0.770830 0.045640
vt 0.770830 0.049170
vt 0.763880 0.049170
vt 0.763880 0.045640
vt 0.777770 0.049170
vt 0.777770 0.052810
vt 0.770830 0.052810
vt 0.763880 0.052810
vt 0.756940 0.049170
vt 0.756940 0.052810
vt 0.784720 0.042260
vt 0.784720 0.045640
vt 0.868050 0.042260
vt 0.875000 0.042260
vt 0.875000 0.045640
vt 0.868050 0.045640
vt 0.881940 0.042260
vt 0.888880 0.039050
vt 0.888880 0.042260
vt 0.881940 0.045640
vt 0.881940 0.049170
vt 0.875000 0.049170
vt 0.888880 0.045640
vt 0.888880 0.049170
vt 0.888880 0.052810
vt 0.881940 0.052810
vt 0.875000 0.052810
vt 0.868050 0.049170
vt 0.868050 0.052810
vt 0.861110 0.052810
vt 0.861110 0.049170
vt 0.909720 0.042260
vt 0.916660 0.042260
vt 0.916660 0.045640
vt 0.909720 0.045640
vt 0.909720 0.049170
vt 0.916660 0.049170
vt 0.895830 0.049170
vt 0.895830 0.045640
vt 0.895830 0.052810
vt 0.923610 0.042260
vt 0.923610 0.045640
vt 0.923610 0.049170
vt 0.979160 0.042250
vt 0.986110 0.042220
vt 0.986110 0.045620
vt 0.979160 0.045640
vt 0.993050 0.042140
vt 1.000000 0.042040
vt 1.000000 0.045540
vt 0.993050 0.045590
vt 0.993050 0.049140
vt 0.986110 0.049160
vt 1.000000 0.049100
vt 1.000000 0.052730
vt 0.993050 0.052770
vt 0.986110 0.052790
vt 0.979160 0.049170
vt 0.979160 0.052800
vt 0.090270 0.056510
vt 0.083330 0.056510
vt 0.083330 0.052810
vt 0.090270 0.052810
vt 0.097220 0.052810
vt 0.097220 0.056510
vt 0.097220 0.060280
vt 0.090270 0.060280
vt 0.083330 0.060280
vt 0.104160 0.056510
vt 0.111110 0.056510
vt 0.111110 0.060280
vt 0.104160 0.060280
vt 0.104160 0.064100
vt 0.097220 0.064100
vt 0.111110 0.064100
vt 0.104160 0.067980
vt 0.097220 0.067980
vt 0.090270 0.064100
vt 0.083330 0.064100
vt 0.090270 0.067980
vt 0.083330 0.067980
vt 0.118050 0.056510
vt 0.111110 0.052810
vt 0.118050 0.052810
vt 0.125000 0.056510
vt 0.125000 0.060280
vt 0.118050 0.060280
vt 0.131940 0.056510
vt 0.131940 0.060280
vt 0.187500 0.064100
vt 0.194440 0.064100
vt 0.194440 0.067980
vt 0.187500 0.067980
vt 0.201380 0.064100
vt 0.208330 0.064100
vt 0.208330 0.067980
vt 0.201380 0.067980
vt 0.243050 0.056510
vt 0.250000 0.056510
vt 0.250000 0.060280
vt 0.243050 0.060280
vt 0.236110 0.060280
vt 0.236110 0.056510
vt 0.354160 0.056510
vt 0.347220 0.056510
vt 0.361110 0.056510
vt 0.361110 0.060280
vt 0.354160 0.060280
vt 0.347220 0.060280
vt 0.354160 0.064100
vt 0.347220 0.064100
vt 0.361110 0.064100
vt 0.361110 0.067980
vt 0.354160 0.067980
vt 0.347220 0.067980
vt 0.368050 0.056510
vt 0.375000 0.056510
vt 0.368050 0.060280
vt 0.381940 0.056510
vt 0.388880 0.056510
vt 0.368050 0.064100
vt 0.395830 0.056510
vt 0.465270 0.064100
vt 0.465270 0.060280
vt 0.472220 0.060280
vt 0.472220 0.064100
vt 0.472220 0.067980
vt 0.465270 0.067980
vt 0.458330 0.067980
vt 0.458330 0.064100
vt 0.451380 0.064100
vt 0.451380 0.067980
vt 0.493050 0.056510
vt 0.486110 0.056510
vt 0.486110 0.052810
vt 0.500000 0.056510
vt 0.500000 0.060280
vt 0.493050 0.060280
vt 0.486110 0.060280
vt 0.479160 0.064100
vt 0.479160 0.060280
vt 0.486110 0.064100
vt 0.506940 0.056510
vt 0.513880 0.056510
vt 0.506940 0.060280
vt 0.604160 0.056510
vt 0.604160 0.052810
vt 0.611110 0.056510
vt 0.611110 0.060280
vt 0.604160 0.060280
vt 0.604160 0.064100
vt 0.611110 0.064100
vt 0.618050 0.056510
vt 0.625000 0.056510
vt 0.618050 0.060280
vt 0.618050 0.064100
vt 0.659720 0.056510
vt 0.652770 0.056510
vt 0.715270 0.056510
vt 0.715270 0.052810
vt 0.722220 0.052810
vt 0.722220 0.056510
vt 0.722220 0.060280
vt 0.715270 0.060280
vt 0.715270 0.064100
vt 0.722220 0.064100
vt 0.722220 0.067980
vt 0.715270 0.067980
vt 0.729160 0.056510
vt 0.729160 0.052810
vt 0.736110 0.052810
vt 0.736110 0.056510
vt 0.729160 0.060280
vt 0.729160 0.064100
vt 0.756940 0.056510
vt 0.763880 0.056510
vt 0.770830 0.056510
vt 0.777770 0.056510
vt 0.826380 0.064100
vt 0.833330 0.064100
vt 0.833330 0.067980
vt 0.826380 0.067980
vt 0.840270 0.064100
vt 0.840270 0.067980
vt 0.868050 0.056510
vt 0.861110 0.056510
vt 0.875000 0.056510
vt 0.875000 0.060280
vt 0.868050 0.060280
vt 0.861110 0.060280
vt 0.881940 0.056510
vt 0.888880 0.056510
vt 0.888880 0.060280
vt 0.881940 0.060280
vt 0.881940 0.064100
vt 0.875000 0.064100
vt 0.888880 0.064100
vt 0.888880 0.067980
vt 0.881940 0.067980
vt 0.979160 0.056510
vt 0.986110 0.056500
vt 0.986110 0.060270
vt 0.979160 0.060270
vt 0.993050 0.056480
vt 1.000000 0.056450
vt 0.993050 0.060250
vt 0.993050 0.064070
vt 0.986110 0.064090
vt 0.979160 0.064100
vt 0.062500 0.080050
vt 0.062500 0.084260
vt 0.055550 0.084260
vt 0.055550 0.080050
vt 0.090270 0.071930
vt 0.083330 0.071930
vt 0.097220 0.071930
vt 0.104160 0.071930
vt 0.187500 0.071930
vt 0.194440 0.071930
vt 0.194440 0.075950
vt 0.187500 0.075950
vt 0.201380 0.071930
vt 0.208330 0.071930
vt 0.208330 0.075950
vt 0.201380 0.075950
vt 0.201380 0.080050
vt 0.208330 0.080050
vt 0.298610 0.071930
vt 0.305550 0.071930
vt 0.305550 0.075950
vt 0.298610 0.075950
vt 0.298610 0.080050
vt 0.305550 0.080050
vt 0.312500 0.080050
vt 0.312500 0.075950
vt 0.319440 0.075950
vt 0.319440 0.080050
vt 0.319440 0.084260
vt 0.312500 0.084260
vt 0.451380 0.071930
vt 0.458330 0.071930
vt 0.465270 0.071930
vt 0.472220 0.071930
vt 0.472220 0.075950
vt 0.465270 0.075950
vt 0.562500 0.071930
vt 0.562500 0.067980
vt 0.569440 0.067980
vt 0.569440 0.071930
vt 0.569440 0.075950
vt 0.562500 0.075950
vt 0.576380 0.071930
vt 0.576380 0.067980
vt 0.583330 0.067980
vt 0.583330 0.071930
vt 0.583330 0.075950
vt 0.576380 0.075950
vt 0.576380 0.080050
vt 0.583330 0.080050
vt 0.687500 0.080050
vt 0.694440 0.080050
vt 0.694440 0.084260
vt 0.687500 0.084260
vt 0.673610 0.080050
vt 0.666660 0.080050
vt 0.666660 0.075950
vt 0.673610 0.075950
vt 0.680550 0.075950
vt 0.680550 0.080050
vt 0.798610 0.080050
vt 0.798610 0.084260
vt 0.791660 0.084260
vt 0.791660 0.080050
vt 0.784720 0.080050
vt 0.784720 0.084260
vt 0.777770 0.084260
vt 0.777770 0.080050
vt 0.826380 0.071930
vt 0.833330 0.071930
vt 0.840270 0.071930
vt 0.840270 0.075950
vt 0.833330 0.075950
vt 0.020830 0.097540
vt 0.013880 0.097520
vt 0.013880 0.093000
vt 0.020830 0.093010
vt 0.020830 0.102160
vt 0.013880 0.102140
vt 0.006940 0.097490
vt 0.000000 0.097450
vt 0.000000 0.092930
vt 0.006940 0.092970
vt 0.131940 0.097540
vt 0.131940 0.102160
vt 0.125000 0.102160
vt 0.125000 0.097540
vt 0.159720 0.088580
vt 0.152770 0.088580
vt 0.152770 0.084260
vt 0.159720 0.084260
vt 0.166660 0.084260
vt 0.166660 0.088580
vt 0.256940 0.088580
vt 0.263880 0.088580
vt 0.263880 0.093010
vt 0.256940 0.093010
vt 0.381940 0.097540
vt 0.375000 0.097540
vt 0.375000 0.093010
vt 0.381940 0.093010
vt 0.520830 0.088580
vt 0.520830 0.084260
vt 0.527770 0.084260
vt 0.527770 0.088580
vt 0.743050 0.097540
vt 0.743050 0.093010
vt 0.750000 0.093010
vt 0.750000 0.097540
vt 0.756940 0.097540
vt 0.756940 0.093010
vt 0.854160 0.097540
vt 0.861110 0.097540
vt 0.861110 0.102160
vt 0.854160 0.102160
vt 0.847220 0.102160
vt 0.847220 0.097540
vt 0.840270 0.097540
vt 0.840270 0.102160
vt 0.909720 0.088580
vt 0.916660 0.088580
vt 0.916660 0.093010
vt 0.909720 0.093010
vt 0.902770 0.093010
vt 0.902770 0.088580
vt 0.020830 0.116520
vt 0.027770 0.116520
vt 0.027770 0.121470
vt 0.020830 0.121460
vt 0.493050 0.106870
vt 0.493050 0.102160
vt 0.500000 0.102160
vt 0.500000 0.106870
vt 0.500000 0.111650
vt 0.493050 0.111650
vt 0.493050 0.116520
vt 0.500000 0.116520
vt 0.500000 0.121470
vt 0.493050 0.121470
vt 0.590270 0.106870
vt 0.583330 0.106870
vt 0.583330 0.102160
vt 0.590270 0.102160
vt 0.597220 0.102160
vt 0.597220 0.106870
vt 0.604160 0.106870
vt 0.604160 0.102160
vt 0.659720 0.116520
vt 0.659720 0.121470
vt 0.652770 0.121470
vt 0.652770 0.116520
vt 0.645830 0.116520
vt 0.645830 0.121470
vt 0.701380 0.106870
vt 0.694440 0.106870
vt 0.694440 0.102160
vt 0.701380 0.102160
vt 0.715270 0.106870
vt 0.715270 0.111650
vt 0.708330 0.111650
vt 0.708330 0.106870
vt 0.798610 0.116520
vt 0.798610 0.111650
vt 0.805550 0.111650
vt 0.805550 0.116520
vt 0.812500 0.116520
vt 0.812500 0.111650
vt 0.819440 0.111650
vt 0.819440 0.116520
vt 0.909720 0.106870
vt 0.909720 0.102160
vt 0.916660 0.102160
vt 0.916660 0.106870
vt 0.916660 0.111650
vt 0.909720 0.111650
vt 0.909720 0.116520
vt 0.916660 0.116520
vt 0.937500 0.116520
vt 0.937500 0.121470
vt 0.930550 0.121470
vt 0.930550 0.116520
vt 0.923610 0.116520
vt 0.923610 0.111650
vt 0.965270 0.106870
vt 0.958330 0.106870
vt 0.958330 0.102160
vt 0.965270 0.102160
vt 0.972220 0.102160
vt 0.972220 0.106870
vt 0.048610 0.126490
vt 0.041660 0.126490
vt 0.041660 0.121470
vt 0.048610 0.121470
vt 0.493050 0.126490
vt 0.500000 0.126490
vt 0.715270 0.136750
vt 0.715270 0.131580
vt 0.722220 0.131580
vt 0.722220 0.136750
vt 0.743050 0.136750
vt 0.743050 0.141980
vt 0.736110 0.141980
vt 0.736110 0.136750
vt 0.770830 0.126490
vt 0.763880 0.126490
vt 0.763880 0.121470
vt 0.770830 0.121470
vt 0.777770 0.121470
vt 0.777770 0.126490
vt 0.784720 0.126490
vt 0.784720 0.121470
vt 0.784720 0.131580
vt 0.777770 0.131580
vt 0.895830 0.126490
vt 0.895830 0.131580
vt 0.888880 0.131580
vt 0.888880 0.126490
vt 0.590270 0.147270
vt 0.597220 0.147270
vt 0.597220 0.152620
vt 0.590270 0.152620
vt 0.659720 0.158020
vt 0.659720 0.163470
vt 0.652770 0.163470
vt 0.652770 0.158020
vt 0.701380 0.147270
vt 0.701380 0.152620
vt 0.694440 0.152620
vt 0.694440 0.147270
vt 0.840270 0.147270
vt 0.840270 0.141980
vt 0.847220 0.141980
vt 0.847220 0.147270
vt 0.854160 0.147270
vt 0.854160 0.141980
vt 0.854160 0.152620
vt 0.847220 0.152620
vt 0.854160 0.158020
vt 0.847220 0.158020
vt 0.854160 0.163470
vt 0.847220 0.163470
vt 0.034720 0.168960
vt 0.027770 0.168960
vt 0.027770 0.163470
vt 0.034720 0.163470
vt 0.034720 0.174490
vt 0.027770 0.174490
vt 0.034720 0.180040
vt 0.027770 0.180040
vt 0.034720 0.185620
vt 0.027770 0.185620
vt 0.590270 0.168960
vt 0.590270 0.163470
vt 0.597220 0.163470
vt 0.597220 0.168960
vt 0.854160 0.168960
vt 0.847220 0.168960
vt 0.881940 0.168960
vt 0.881940 0.174490
vt 0.875000 0.174490
vt 0.875000 0.168960
vt 0.965270 0.168960
vt 0.965270 0.174490
vt 0.958330 0.174490
vt 0.958330 0.168960
vt 0.979160 0.180040
vt 0.979160 0.174480
vt 0.986110 0.174480
vt 0.986110 0.180040
vt 0.006940 0.202450
vt 0.013880 0.202450
vt 0.013880 0.208070
vt 0.006940 0.208070
vt 0.312500 0.202450
vt 0.319440 0.202450
vt 0.319440 0.208070
vt 0.312500 0.208070
vt 0.534720 0.191210
vt 0.534720 0.196830
vt 0.527770 0.196830
vt 0.527770 0.191210
vt 0.576380 0.191210
vt 0.569440 0.191210
vt 0.569440 0.185620
vt 0.576380 0.185620
vt 0.583330 0.185620
vt 0.583330 0.191210
vt 0.583330 0.196830
vt 0.576380 0.196830
vt 0.569440 0.196830
vt 0.576380 0.202450
vt 0.569440 0.202450
vt 0.583330 0.202450
vt 0.576380 0.208070
vt 0.569440 0.208070
vt 0.673610 0.191210
vt 0.673610 0.185620
vt 0.680550 0.185620
vt 0.680550 0.191210
vt 0.687500 0.191210
vt 0.687500 0.185620
vt 0.687500 0.196830
vt 0.680550 0.196830
vt 0.687500 0.202450
vt 0.680550 0.202450
vt 0.687500 0.208070
vt 0.680550 0.208070
vt 0.729160 0.202450
vt 0.729160 0.196830
vt 0.736110 0.196830
vt 0.736110 0.202450
vt 0.756940 0.202450
vt 0.756940 0.208070
vt 0.750000 0.208070
vt 0.750000 0.202450
vt 0.909720 0.202450
vt 0.902770 0.202450
vt 0.902770 0.196830
vt 0.909720 0.196830
vt 0.909720 0.208070
vt 0.902770 0.208070
vt 0.048610 0.224950
vt 0.048610 0.230570
vt 0.041660 0.230570
vt 0.041660 0.224950
vt 0.034720 0.224950
vt 0.034720 0.230570
vt 0.159720 0.213700
vt 0.159720 0.208070
vt 0.166660 0.208070
vt 0.166660 0.213700
vt 0.409720 0.224950
vt 0.409720 0.230570
vt 0.402770 0.230570
vt 0.402770 0.224950
vt 0.423610 0.213700
vt 0.423610 0.208070
vt 0.430550 0.208070
vt 0.430550 0.213700
vt 0.451380 0.213700
vt 0.451380 0.219330
vt 0.444440 0.219330
vt 0.444440 0.213700
vt 0.451380 0.224950
vt 0.444440 0.224950
vt 0.493050 0.224950
vt 0.493050 0.219330
vt 0.500000 0.219330
vt 0.500000 0.224950
vt 0.659720 0.224950
vt 0.666660 0.224950
vt 0.666660 0.230570
vt 0.659720 0.230570
vt 0.715270 0.213700
vt 0.715270 0.219330
vt 0.708330 0.219330
vt 0.708330 0.213700
vt 0.715270 0.224950
vt 0.708330 0.224950
vt 0.715270 0.230570
vt 0.708330 0.230570
vt 0.812500 0.224950
vt 0.812500 0.219330
vt 0.819440 0.219330
vt 0.819440 0.224950
vt 0.854160 0.213700
vt 0.854160 0.208070
vt 0.861110 0.208070
vt 0.861110 0.213700
vt 0.909720 0.213700
vt 0.902770 0.213700
vt 0.965270 0.213700
vt 0.972220 0.213700
vt 0.972220 0.219330
vt 0.965270 0.219330
vt 0.965270 0.224950
vt 0.972220 0.224950
vt 0.972220 0.230570
vt 0.965270 0.230570
vt 0.048610 0.236170
vt 0.041660 0.236170
vt 0.048610 0.241770
vt 0.041660 0.241770
vt 0.145830 0.247350
vt 0.145830 0.241770
vt 0.152770 0.241770
vt 0.152770 0.247350
vt 0.215270 0.247350
vt 0.208330 0.247350
vt 0.208330 0.241770
vt 0.215270 0.241770
vt 0.326380 0.247350
vt 0.326380 0.252930
vt 0.319440 0.252930
vt 0.319440 0.247350
vt 0.368050 0.236170
vt 0.368050 0.241770
vt 0.361110 0.241770
vt 0.361110 0.236170
vt 0.368050 0.247350
vt 0.361110 0.247350
vt 0.368050 0.252930
vt 0.361110 0.252930
vt 0.520830 0.236170
vt 0.513880 0.236170
vt 0.513880 0.230570
vt 0.520830 0.230570
vt 0.520830 0.241770
vt 0.513880 0.241770
vt 0.520830 0.247350
vt 0.513880 0.247350
vt 0.993050 0.247360
vt 0.993050 0.241770
vt 1.000000 0.241780
vt 1.000000 0.247370
vt 1.000000 0.252940
vt 0.993050 0.252940
vt 0.131940 0.269570
vt 0.131940 0.264030
vt 0.138880 0.264030
vt 0.138880 0.269570
vt 0.138880 0.275090
vt 0.131940 0.275090
vt 0.243050 0.269570
vt 0.243050 0.275090
vt 0.236110 0.275090
vt 0.236110 0.269570
vt 0.354160 0.269570
vt 0.354160 0.275090
vt 0.347220 0.275090
vt 0.347220 0.269570
vt 0.506940 0.269570
vt 0.500000 0.269570
vt 0.500000 0.264030
vt 0.506940 0.264030
vt 0.506940 0.275090
vt 0.500000 0.275090
vt 0.548610 0.258490
vt 0.541660 0.258490
vt 0.541660 0.252930
vt 0.548610 0.252930
vt 0.548610 0.264030
vt 0.541660 0.264030
vt 0.548610 0.269570
vt 0.541660 0.269570
vt 0.590270 0.258490
vt 0.590270 0.264030
vt 0.583330 0.264030
vt 0.583330 0.258490
vt 0.756940 0.269570
vt 0.756940 0.264030
vt 0.763880 0.264030
vt 0.763880 0.269570
vt 0.763880 0.275090
vt 0.756940 0.275090
vt 0.798610 0.258490
vt 0.798610 0.252930
vt 0.805550 0.252930
vt 0.805550 0.258490
vt 0.979160 0.269570
vt 0.986110 0.269570
vt 0.986110 0.275090
vt 0.979160 0.275090
vt 0.048610 0.280590
vt 0.048610 0.286090
vt 0.041660 0.286090
vt 0.041660 0.280590
vt 0.048610 0.291570
vt 0.041660 0.291570
vt 0.048610 0.297040
vt 0.041660 0.297040
vt 0.131940 0.280590
vt 0.138880 0.280590
vt 0.159720 0.291570
vt 0.152770 0.291570
vt 0.152770 0.286090
vt 0.159720 0.286090
vt 0.159720 0.297040
vt 0.152770 0.297040
vt 0.243050 0.280590
vt 0.236110 0.280590
vt 0.354160 0.280590
vt 0.347220 0.280590
vt 0.354160 0.286090
vt 0.347220 0.286090
vt 0.381940 0.291570
vt 0.381940 0.297040
vt 0.375000 0.297040
vt 0.375000 0.291570
vt 0.423610 0.291570
vt 0.416660 0.291570
vt 0.416660 0.286090
vt 0.423610 0.286090
vt 0.423610 0.297040
vt 0.416660 0.297040
vt 0.465270 0.291570
vt 0.458330 0.291570
vt 0.458330 0.286090
vt 0.465270 0.286090
vt 0.506940 0.280590
vt 0.500000 0.280590
vt 0.562500 0.280590
vt 0.569440 0.280590
vt 0.569440 0.286090
vt 0.562500 0.286090
vt 0.576380 0.280590
vt 0.569440 0.275090
vt 0.576380 0.275090
vt 0.576380 0.286090
vt 0.576380 0.291570
vt 0.569440 0.291570
vt 0.562500 0.291570
vt 0.673610 0.291570
vt 0.673610 0.286090
vt 0.680550 0.286090
vt 0.680550 0.291570
vt 0.743050 0.291570
vt 0.750000 0.291570
vt 0.750000 0.297040
vt 0.743050 0.297040
vt 0.826380 0.280590
vt 0.833330 0.280590
vt 0.833330 0.286090
vt 0.826380 0.286090
vt 0.826380 0.291570
vt 0.833330 0.291570
vt 0.895830 0.291570
vt 0.902770 0.291570
vt 0.902770 0.297040
vt 0.895830 0.297040
vt 0.979160 0.280590
vt 0.986110 0.280600
vt 0.986110 0.286090
vt 0.979160 0.286090
vt 0.034720 0.313380
vt 0.034720 0.318810
vt 0.027770 0.318810
vt 0.027770 0.313380
vt 0.076380 0.302500
vt 0.076380 0.307950
vt 0.069440 0.307950
vt 0.069440 0.302500
vt 0.076380 0.313380
vt 0.069440 0.313380
vt 0.076380 0.318810
vt 0.069440 0.318810
vt 0.187500 0.313380
vt 0.180550 0.313380
vt 0.180550 0.307950
vt 0.187500 0.307950
vt 0.187500 0.318810
vt 0.180550 0.318810
vt 0.229160 0.302500
vt 0.222220 0.302500
vt 0.222220 0.297040
vt 0.229160 0.297040
vt 0.229160 0.307950
vt 0.222220 0.307950
vt 0.340270 0.302500
vt 0.340270 0.307950
vt 0.333330 0.307950
vt 0.333330 0.302500
vt 0.340270 0.313380
vt 0.333330 0.313380
vt 0.381940 0.302500
vt 0.375000 0.302500
vt 0.381940 0.307950
vt 0.375000 0.307950
vt 0.451380 0.313380
vt 0.444440 0.313380
vt 0.444440 0.307950
vt 0.451380 0.307950
vt 0.451380 0.318810
vt 0.444440 0.318810
vt 0.548610 0.313380
vt 0.555550 0.313380
vt 0.555550 0.318810
vt 0.548610 0.318810
vt 0.604160 0.302500
vt 0.604160 0.307950
vt 0.597220 0.307950
vt 0.597220 0.302500
vt 0.604160 0.313380
vt 0.597220 0.313380
vt 0.701380 0.302500
vt 0.708330 0.302500
vt 0.708330 0.307950
vt 0.701380 0.307950
vt 0.743050 0.302500
vt 0.750000 0.302500
vt 0.812500 0.313380
vt 0.819440 0.313380
vt 0.819440 0.318810
vt 0.812500 0.318810
vt 0.895830 0.302500
vt 0.902770 0.302500
vt 0.965270 0.302500
vt 0.972220 0.302500
vt 0.972220 0.307950
vt 0.965270 0.307950
vt 0.965270 0.313380
vt 0.972220 0.313380
vt 0.034720 0.324220
vt 0.027770 0.324220
vt 0.062500 0.335010
vt 0.062500 0.340380
vt 0.055550 0.340380
vt 0.055550 0.335010
vt 0.104160 0.335010
vt 0.097220 0.335010
vt 0.097220 0.329620
vt 0.104160 0.329620
vt 0.243050 0.324220
vt 0.250000 0.324220
vt 0.250000 0.329620
vt 0.243050 0.329620
vt 0.243050 0.335010
vt 0.250000 0.335010
vt 0.256940 0.324220
vt 0.256940 0.329620
vt 0.256940 0.335010
vt 0.326380 0.335010
vt 0.326380 0.340380
vt 0.319440 0.340380
vt 0.319440 0.335010
vt 0.368050 0.324220
vt 0.368050 0.329620
vt 0.361110 0.329620
vt 0.361110 0.324220
vt 0.368050 0.335010
vt 0.361110 0.335010
vt 0.465270 0.335010
vt 0.465270 0.329620
vt 0.472220 0.329620
vt 0.472220 0.335010
vt 0.472220 0.340380
vt 0.465270 0.340380
vt 0.506940 0.324220
vt 0.506940 0.318810
vt 0.513880 0.318810
vt 0.513880 0.324220
vt 0.513880 0.329620
vt 0.506940 0.329620
vt 0.618050 0.324220
vt 0.625000 0.324220
vt 0.625000 0.329620
vt 0.618050 0.329620
vt 0.659720 0.324220
vt 0.659720 0.318810
vt 0.666660 0.318810
vt 0.666660 0.324220
vt 0.687500 0.335010
vt 0.694440 0.335010
vt 0.694440 0.340380
vt 0.687500 0.340380
vt 0.770830 0.324220
vt 0.770830 0.318810
vt 0.777770 0.318810
vt 0.777770 0.324220
vt 0.840270 0.335010
vt 0.833330 0.335010
vt 0.833330 0.329620
vt 0.840270 0.329620
vt 0.840270 0.340380
vt 0.833330 0.340380
vt 0.881940 0.324220
vt 0.875000 0.324220
vt 0.875000 0.318810
vt 0.881940 0.318810
vt 0.881940 0.329620
vt 0.875000 0.329620
vt 0.020830 0.345730
vt 0.013880 0.345740
vt 0.013880 0.340380
vt 0.020830 0.340380
vt 0.020830 0.351070
vt 0.013880 0.351070
vt 0.020830 0.356380
vt 0.013880 0.356390
vt 0.062500 0.345730
vt 0.055550 0.345730
vt 0.173610 0.345730
vt 0.166660 0.345730
vt 0.166660 0.340380
vt 0.173610 0.340380
vt 0.270830 0.345730
vt 0.270830 0.340380
vt 0.277770 0.340380
vt 0.277770 0.345730
vt 0.277770 0.351070
vt 0.270830 0.351070
vt 0.284720 0.345730
vt 0.284720 0.340380
vt 0.284720 0.351070
vt 0.381940 0.345730
vt 0.388880 0.345730
vt 0.388880 0.351070
vt 0.381940 0.351070
vt 0.423610 0.345730
vt 0.423610 0.340380
vt 0.430550 0.340380
vt 0.430550 0.345730
vt 0.451380 0.356380
vt 0.458330 0.356380
vt 0.458330 0.361680
vt 0.451380 0.361680
vt 0.493050 0.345730
vt 0.500000 0.345730
vt 0.500000 0.351070
vt 0.493050 0.351070
vt 0.493050 0.356380
vt 0.500000 0.356380
vt 0.534720 0.345730
vt 0.534720 0.340380
vt 0.541660 0.340380
vt 0.541660 0.345730
vt 0.541660 0.351070
vt 0.534720 0.351070
vt 0.645830 0.345730
vt 0.652770 0.345730
vt 0.652770 0.351070
vt 0.645830 0.351070
vt 0.638880 0.351070
vt 0.638880 0.345730
vt 0.715270 0.356380
vt 0.715270 0.351070
vt 0.722220 0.351070
vt 0.722220 0.356380
vt 0.722220 0.361680
vt 0.715270 0.361680
vt 0.798610 0.345730
vt 0.791660 0.345730
vt 0.791660 0.340380
vt 0.798610 0.340380
vt 0.826380 0.356380
vt 0.826380 0.361680
vt 0.819440 0.361680
vt 0.819440 0.356380
vt 0.868050 0.356380
vt 0.861110 0.356380
vt 0.861110 0.351070
vt 0.868050 0.351070
vt 0.909720 0.345730
vt 0.909720 0.340380
vt 0.916660 0.340380
vt 0.916660 0.345730
vt 0.916660 0.351070
vt 0.909720 0.351070
vt 0.937500 0.356380
vt 0.937500 0.361680
vt 0.930550 0.361680
vt 0.930550 0.356380
vt 0.006940 0.377430
vt 0.000000 0.377450
vt 0.000000 0.372220
vt 0.006940 0.372210
vt 0.048610 0.366950
vt 0.041660 0.366950
vt 0.041660 0.361680
vt 0.048610 0.361680
vt 0.048610 0.372200
vt 0.041660 0.372200
vt 0.256940 0.377420
vt 0.256940 0.372200
vt 0.263880 0.372200
vt 0.263880 0.377420
vt 0.263880 0.382610
vt 0.256940 0.382610
vt 0.298610 0.366950
vt 0.298610 0.361680
vt 0.305550 0.361680
vt 0.305550 0.366950
vt 0.368050 0.377420
vt 0.368050 0.372200
vt 0.375000 0.372200
vt 0.375000 0.377420
vt 0.375000 0.382610
vt 0.368050 0.382610
vt 0.409720 0.366950
vt 0.409720 0.361680
vt 0.416660 0.361680
vt 0.416660 0.366950
vt 0.416660 0.372200
vt 0.409720 0.372200
vt 0.479160 0.377420
vt 0.486110 0.377420
vt 0.486110 0.382610
vt 0.479160 0.382610
vt 0.472220 0.382610
vt 0.472220 0.377420
vt 0.562500 0.366950
vt 0.562500 0.361680
vt 0.569440 0.361680
vt 0.569440 0.366950
vt 0.673610 0.366950
vt 0.666660 0.366950
vt 0.666660 0.361680
vt 0.673610 0.361680
vt 0.680550 0.361680
vt 0.680550 0.366950
vt 0.743050 0.377420
vt 0.736110 0.377420
vt 0.736110 0.372200
vt 0.743050 0.372200
vt 0.743050 0.382610
vt 0.736110 0.382610
vt 0.784720 0.366950
vt 0.784720 0.372200
vt 0.777770 0.372200
vt 0.777770 0.366950
vt 0.826380 0.366950
vt 0.819440 0.366950
vt 0.854160 0.377420
vt 0.854160 0.382610
vt 0.847220 0.382610
vt 0.847220 0.377420
vt 0.937500 0.366950
vt 0.930550 0.366950
vt 0.993050 0.377430
vt 0.993050 0.372210
vt 1.000000 0.372220
vt 1.000000 0.377450
vt 0.020830 0.397970
vt 0.020830 0.392890
vt 0.027770 0.392890
vt 0.027770 0.397960
vt 0.027770 0.403000
vt 0.020830 0.403000
vt 0.062500 0.387760
vt 0.062500 0.382610
vt 0.069440 0.382610
vt 0.069440 0.387760
vt 0.076380 0.387760
vt 0.076380 0.382610
vt 0.131940 0.397960
vt 0.131940 0.392890
vt 0.138880 0.392890
vt 0.138880 0.397960
vt 0.138880 0.403000
vt 0.131940 0.403000
vt 0.173610 0.387760
vt 0.180550 0.387760
vt 0.180550 0.392890
vt 0.173610 0.392890
vt 0.173610 0.397960
vt 0.180550 0.397960
vt 0.243050 0.397960
vt 0.250000 0.397960
vt 0.250000 0.403000
vt 0.243050 0.403000
vt 0.284720 0.387760
vt 0.291660 0.387760
vt 0.291660 0.392890
vt 0.284720 0.392890
vt 0.284720 0.397960
vt 0.291660 0.397960
vt 0.326380 0.387760
vt 0.326380 0.382610
vt 0.333330 0.382610
vt 0.333330 0.387760
vt 0.395830 0.397960
vt 0.388880 0.397960
vt 0.388880 0.392890
vt 0.395830 0.392890
vt 0.437500 0.387760
vt 0.430550 0.387760
vt 0.430550 0.382610
vt 0.437500 0.382610
vt 0.437500 0.392890
vt 0.430550 0.392890
vt 0.506940 0.397960
vt 0.506940 0.403000
vt 0.500000 0.403000
vt 0.500000 0.397960
vt 0.548610 0.387760
vt 0.555550 0.387760
vt 0.555550 0.392890
vt 0.548610 0.392890
vt 0.541660 0.392890
vt 0.541660 0.387760
vt 0.590270 0.387760
vt 0.590270 0.382610
vt 0.597220 0.382610
vt 0.597220 0.387760
vt 0.618050 0.397960
vt 0.618050 0.403000
vt 0.611110 0.403000
vt 0.611110 0.397960
vt 0.659720 0.387760
vt 0.659720 0.392890
vt 0.652770 0.392890
vt 0.652770 0.387760
vt 0.659720 0.397960
vt 0.652770 0.397960
vt 0.701380 0.387760
vt 0.694440 0.387760
vt 0.694440 0.382610
vt 0.701380 0.382610
vt 0.770830 0.397960
vt 0.763880 0.397960
vt 0.763880 0.392890
vt 0.770830 0.392890
vt 0.812500 0.387760
vt 0.812500 0.392890
vt 0.805550 0.392890
vt 0.805550 0.387760
vt 0.909720 0.387760
vt 0.916660 0.387760
vt 0.916660 0.392890
vt 0.909720 0.392890
vt 0.909720 0.397960
vt 0.916660 0.397960
vt 0.923610 0.387760
vt 0.923610 0.392890
vt 0.923610 0.397960
vt 0.048610 0.417720
vt 0.048610 0.412890
vt 0.055550 0.412890
vt 0.055550 0.417720
vt 0.090270 0.407970
vt 0.090270 0.403000
vt 0.097220 0.403000
vt 0.097220 0.407970
vt 0.097220 0.412890
vt 0.090270 0.412890
vt 0.118050 0.417720
vt 0.125000 0.417720
vt 0.125000 0.422460
vt 0.118050 0.422460
vt 0.159720 0.407970
vt 0.166660 0.407970
vt 0.166660 0.412890
vt 0.159720 0.412890
vt 0.159720 0.417720
vt 0.166660 0.417720
vt 0.312500 0.407970
vt 0.319440 0.407970
vt 0.319440 0.412890
vt 0.312500 0.412890
vt 0.305550 0.412890
vt 0.305550 0.407970
vt 0.423610 0.417720
vt 0.416660 0.417720
vt 0.416660 0.412890
vt 0.423610 0.412890
vt 0.430550 0.412890
vt 0.430550 0.417720
vt 0.534720 0.417720
vt 0.527770 0.417720
vt 0.527770 0.412890
vt 0.534720 0.412890
vt 0.534720 0.422460
vt 0.527770 0.422460
vt 0.576380 0.407970
vt 0.569440 0.407970
vt 0.569440 0.403000
vt 0.576380 0.403000
vt 0.576380 0.412890
vt 0.569440 0.412890
vt 0.618050 0.407970
vt 0.611110 0.407970
vt 0.645830 0.417720
vt 0.645830 0.422460
vt 0.638880 0.422460
vt 0.638880 0.417720
vt 0.687500 0.407970
vt 0.687500 0.412890
vt 0.680550 0.412890
vt 0.680550 0.407970
vt 0.687500 0.417720
vt 0.680550 0.417720
vt 0.729160 0.407970
vt 0.722220 0.407970
vt 0.722220 0.403000
vt 0.729160 0.403000
vt 0.826380 0.407970
vt 0.826380 0.403000
vt 0.833330 0.403000
vt 0.833330 0.407970
vt 0.833330 0.412890
vt 0.826380 0.412890
vt 0.840270 0.407970
vt 0.840270 0.403000
vt 0.840270 0.412890
vt 0.909720 0.417720
vt 0.902770 0.417720
vt 0.902770 0.412890
vt 0.909720 0.412890
vt 0.909720 0.422460
vt 0.902770 0.422460
vt 0.895830 0.417720
vt 0.895830 0.412890
vt 0.895830 0.422460
vt 0.951380 0.407970
vt 0.951380 0.412890
vt 0.944440 0.412890
vt 0.944440 0.407970
vt 0.076380 0.427110
vt 0.083330 0.427110
vt 0.083330 0.431650
vt 0.076380 0.431650
vt 0.076380 0.436090
vt 0.083330 0.436090
vt 0.083330 0.440410
vt 0.076380 0.440410
vt 0.118050 0.427110
vt 0.125000 0.427110
vt 0.187500 0.436090
vt 0.187500 0.440410
vt 0.180550 0.440410
vt 0.180550 0.436090
vt 0.229160 0.427110
vt 0.222220 0.427110
vt 0.222220 0.422460
vt 0.229160 0.422460
vt 0.236110 0.422460
vt 0.236110 0.427110
vt 0.236110 0.431650
vt 0.229160 0.431650
vt 0.222220 0.431650
vt 0.340270 0.427110
vt 0.340270 0.431650
vt 0.333330 0.431650
vt 0.333330 0.427110
vt 0.409720 0.436090
vt 0.409720 0.440410
vt 0.402770 0.440410
vt 0.402770 0.436090
vt 0.451380 0.436090
vt 0.451380 0.440410
vt 0.444440 0.440410
vt 0.444440 0.436090
vt 0.493050 0.427110
vt 0.486110 0.427110
vt 0.486110 0.422460
vt 0.493050 0.422460
vt 0.493050 0.431650
vt 0.486110 0.431650
vt 0.562500 0.436090
vt 0.555550 0.436090
vt 0.555550 0.431650
vt 0.562500 0.431650
vt 0.562500 0.440410
vt 0.555550 0.440410
vt 0.604160 0.427110
vt 0.604160 0.431650
vt 0.597220 0.431650
vt 0.597220 0.427110
vt 0.701380 0.427110
vt 0.708330 0.427110
vt 0.708330 0.431650
vt 0.701380 0.431650
vt 0.715270 0.427110
vt 0.715270 0.431650
vt 0.715270 0.436090
vt 0.708330 0.436090
vt 0.701380 0.436090
vt 0.756940 0.427110
vt 0.750000 0.427110
vt 0.750000 0.422460
vt 0.756940 0.422460
vt 0.770830 0.436090
vt 0.777770 0.436090
vt 0.777770 0.440410
vt 0.770830 0.440410
vt 0.854160 0.427110
vt 0.854160 0.422460
vt 0.861110 0.422460
vt 0.861110 0.427110
vt 0.861110 0.431650
vt 0.854160 0.431650
vt 0.923610 0.436090
vt 0.930550 0.436090
vt 0.930550 0.440410
vt 0.923610 0.440410
vt 0.965270 0.427110
vt 0.972220 0.427110
vt 0.972220 0.431650
vt 0.965270 0.431650
vt 0.979160 0.427110
vt 0.972220 0.422460
vt 0.979160 0.422470
vt 0.979160 0.431650
vt 0.215270 0.452850
vt 0.208330 0.452850
vt 0.208330 0.448780
vt 0.215270 0.448780
vt 0.215270 0.456880
vt 0.208330 0.456880
vt 0.256940 0.444640
vt 0.250000 0.444640
vt 0.250000 0.440410
vt 0.256940 0.440410
vt 0.256940 0.448780
vt 0.250000 0.448780
vt 0.256940 0.452850
vt 0.250000 0.452850
vt 0.409720 0.444640
vt 0.402770 0.444640
vt 0.409720 0.448780
vt 0.402770 0.448780
vt 0.437500 0.452850
vt 0.437500 0.456880
vt 0.430550 0.456880
vt 0.430550 0.452850
vt 0.479160 0.452850
vt 0.472220 0.452850
vt 0.472220 0.448780
vt 0.479160 0.448780
vt 0.479160 0.456880
vt 0.472220 0.456880
vt 0.520830 0.444640
vt 0.513880 0.444640
vt 0.513880 0.440410
vt 0.520830 0.440410
vt 0.520830 0.448780
vt 0.513880 0.448780
vt 0.576380 0.452850
vt 0.583330 0.452850
vt 0.583330 0.456880
vt 0.576380 0.456880
vt 0.729160 0.452850
vt 0.729160 0.448780
vt 0.736110 0.448780
vt 0.736110 0.452850
vt 0.736110 0.456880
vt 0.729160 0.456880
vt 0.840270 0.452850
vt 0.833330 0.452850
vt 0.833330 0.448780
vt 0.840270 0.448780
vt 0.847220 0.448780
vt 0.847220 0.452850
vt 0.847220 0.456880
vt 0.840270 0.456880
vt 0.833330 0.456880
vt 0.881940 0.444640
vt 0.881940 0.440410
vt 0.888880 0.440410
vt 0.888880 0.444640
vt 0.888880 0.448780
vt 0.881940 0.448780
vt 0.881940 0.452850
vt 0.888880 0.452850
vt 0.923610 0.444640
vt 0.930550 0.444640
vt 0.104160 0.460880
vt 0.104160 0.456880
vt 0.111110 0.456880
vt 0.111110 0.460880
vt 0.215270 0.460880
vt 0.208330 0.460880
vt 0.215270 0.464890
vt 0.208330 0.464890
vt 0.284720 0.468910
vt 0.277770 0.468910
vt 0.277770 0.464890
vt 0.284720 0.464890
vt 0.354160 0.468910
vt 0.354160 0.472970
vt 0.347220 0.472970
vt 0.347220 0.468910
vt 0.479160 0.460880
vt 0.472220 0.460880
vt 0.576380 0.460880
vt 0.583330 0.460880
vt 0.583330 0.464890
vt 0.576380 0.464890
vt 0.604160 0.468910
vt 0.611110 0.468910
vt 0.611110 0.472970
vt 0.604160 0.472970
vt 0.645830 0.460880
vt 0.652770 0.460880
vt 0.652770 0.464890
vt 0.645830 0.464890
vt 0.687500 0.460880
vt 0.687500 0.456880
vt 0.694440 0.456880
vt 0.694440 0.460880
vt 0.694440 0.464890
vt 0.687500 0.464890
vt 0.687500 0.468910
vt 0.694440 0.468910
vt 0.756940 0.468910
vt 0.756940 0.464890
vt 0.763880 0.464890
vt 0.763880 0.468910
vt 0.840270 0.460880
vt 0.833330 0.460880
vt 0.847220 0.460880
vt 0.847220 0.464890
vt 0.840270 0.464890
vt 0.833330 0.464890
vt 0.951380 0.460880
vt 0.958330 0.460880
vt 0.958330 0.464890
vt 0.951380 0.464890
vt 0.020830 0.485330
vt 0.020830 0.481210
vt 0.027770 0.481210
vt 0.027770 0.485330
vt 0.027770 0.489390
vt 0.020830 0.489390
vt 0.284720 0.477080
vt 0.284720 0.481210
vt 0.277770 0.481210
vt 0.277770 0.477080
vt 0.409720 0.485330
vt 0.416660 0.485330
vt 0.416660 0.489390
vt 0.409720 0.489390
vt 0.402770 0.489390
vt 0.402770 0.485330
vt 0.395830 0.485330
vt 0.395830 0.481210
vt 0.402770 0.481210
vt 0.395830 0.489390
vt 0.770830 0.485330
vt 0.777770 0.485330
vt 0.777770 0.489390
vt 0.770830 0.489390
vt 0.763880 0.489390
vt 0.763880 0.485330
vt 0.784720 0.485330
vt 0.784720 0.489390
vt 0.020830 0.493370
vt 0.027770 0.493370
vt 0.027770 0.497250
vt 0.020830 0.497250
vt 0.013880 0.497260
vt 0.013880 0.493380
vt 0.020830 0.501020
vt 0.013880 0.501040
vt 0.027770 0.501020
vt 0.027770 0.504670
vt 0.020830 0.504680
vt 0.006940 0.501080
vt 0.000000 0.501140
vt 0.000000 0.497330
vt 0.006940 0.497290
vt 0.034720 0.493370
vt 0.034720 0.489390
vt 0.041660 0.489390
vt 0.041660 0.493370
vt 0.041660 0.497250
vt 0.034720 0.497250
vt 0.048610 0.501020
vt 0.048610 0.504670
vt 0.041660 0.504670
vt 0.041660 0.501020
vt 0.034720 0.501020
vt 0.034720 0.504670
vt 0.090270 0.501020
vt 0.090270 0.497250
vt 0.097220 0.497250
vt 0.097220 0.501020
vt 0.131940 0.493370
vt 0.131940 0.489390
vt 0.138880 0.489390
vt 0.138880 0.493370
vt 0.138880 0.497250
vt 0.131940 0.497250
vt 0.131940 0.501020
vt 0.125000 0.501020
vt 0.125000 0.497250
vt 0.138880 0.501020
vt 0.145830 0.493370
vt 0.145830 0.489390
vt 0.152770 0.489390
vt 0.152770 0.493370
vt 0.152770 0.497250
vt 0.145830 0.497250
vt 0.145830 0.501020
vt 0.152770 0.501020
vt 0.243050 0.493370
vt 0.250000 0.493370
vt 0.250000 0.497250
vt 0.243050 0.497250
vt 0.243050 0.501020
vt 0.250000 0.501020
vt 0.256940 0.493370
vt 0.263880 0.493370
vt 0.263880 0.497250
vt 0.256940 0.497250
vt 0.256940 0.501020
vt 0.263880 0.501020
vt 0.354160 0.501020
vt 0.354160 0.497250
vt 0.361110 0.497250
vt 0.361110 0.501020
vt 0.381940 0.501020
vt 0.375000 0.501020
vt 0.375000 0.497250
vt 0.381940 0.497250
vt 0.388880 0.497250
vt 0.388880 0.501020
vt 0.368050 0.501020
vt 0.368050 0.497250
vt 0.395830 0.493370
vt 0.388880 0.493370
vt 0.388880 0.489390
vt 0.402770 0.493370
vt 0.402770 0.497250
vt 0.395830 0.497250
vt 0.409720 0.493370
vt 0.416660 0.493370
vt 0.416660 0.497250
vt 0.409720 0.497250
vt 0.409720 0.501020
vt 0.402770 0.501020
vt 0.416660 0.501020
vt 0.395830 0.501020
vt 0.493050 0.493370
vt 0.500000 0.493370
vt 0.500000 0.497250
vt 0.493050 0.497250
vt 0.506940 0.493370
vt 0.500000 0.489390
vt 0.506940 0.489390
vt 0.513880 0.489390
vt 0.513880 0.493370
vt 0.618050 0.493370
vt 0.611110 0.493370
vt 0.611110 0.489390
vt 0.618050 0.489390
vt 0.625000 0.493370
vt 0.625000 0.497250
vt 0.618050 0.497250
vt 0.611110 0.497250
vt 0.631940 0.493370
vt 0.631940 0.497250
vt 0.756940 0.493370
vt 0.756940 0.489390
vt 0.763880 0.493370
vt 0.763880 0.497250
vt 0.756940 0.497250
vt 0.770830 0.493370
vt 0.777770 0.493370
vt 0.777770 0.497250
vt 0.770830 0.497250
vt 0.784720 0.493370
vt 0.784720 0.497250
vt 0.881940 0.493370
vt 0.888880 0.493370
vt 0.888880 0.497250
vt 0.881940 0.497250
vt 0.875000 0.497250
vt 0.875000 0.493370
vt 0.881940 0.501020
vt 0.875000 0.501020
vt 0.888880 0.501020
vt 0.895830 0.493370
vt 0.895830 0.497250
vt 0.979160 0.493370
vt 0.979160 0.489390
vt 0.986110 0.489410
vt 0.986110 0.493380
vt 0.986110 0.497260
vt 0.979160 0.497250
vt 0.993050 0.493420
vt 0.993050 0.497290
vt 0.993050 0.501080
vt 0.986110 0.501040
vt 1.000000 0.497330
vt 1.000000 0.501140
vt 0.979160 0.501020
vt 0.687500 0.526810
vt 0.694440 0.526810
vt 0.694440 0.529480
vt 0.687500 0.529480
vt 0.770830 0.526810
vt 0.777770 0.526810
vt 0.777770 0.529480
vt 0.770830 0.529480
vt 0.673610 0.147270
vt 0.680550 0.147270
vt 0.000000 0.000000
vt 0.798610 0.039050
vt 0.527770 0.247350
vt 0.930550 0.030630
vt 0.006940 0.366960
vt 0.006940 0.361690
vt 0.506940 0.019380
vt 0.118050 0.366950
vt 0.118050 0.372200
vt 0.111110 0.377420
vt 0.111110 0.372200
vt 0.006940 0.340390
vt 0.993050 0.329630
vt 0.854160 0.302500
vt 0.854160 0.307950
vt 0.048610 0.356380
vt 0.708190 0.005350
vt 0.701370 0.006170
vt 0.701280 0.005350
vt 0.972220 0.361680
vt 0.972220 0.356380
vt 0.979160 0.361680
vt 0.979160 0.356380
vt 0.972220 0.351070
vt 0.993050 0.335020
vt 0.986110 0.324220
vt 0.993050 0.324230
vt 0.006940 0.297040
vt 0.006940 0.302500
vt 0.055550 0.297040
vt 0.437500 0.152620
vt 0.430550 0.152620
vt 0.430550 0.111650
vt 0.437500 0.111650
vt 0.993050 0.382630
vt 0.569440 0.477080
vt 0.569440 0.472970
vt 0.611110 0.481210
vt 0.194440 0.236170
vt 0.180550 0.269570
vt 0.395830 0.472970
vt 0.354160 0.464890
vt 0.951380 0.340380
vt 0.958330 0.340380
vt 0.902770 0.529480
vt 0.993050 0.286090
vt 0.000000 0.291580
vt 0.006940 0.291570
vt 0.041660 0.302500
vt 0.055550 0.291570
vt 0.430550 0.403000
vt 0.430550 0.407970
vt 0.423610 0.407970
vt 0.076380 0.377420
vt 0.083330 0.356380
vt 0.090270 0.361680
vt 0.083330 0.361680
vt 0.083330 0.366950
vt 0.062500 0.392890
vt 0.166660 0.028090
vt 0.159720 0.025790
vt 0.569440 0.030630
vt 0.583330 0.030650
vt 0.416660 0.121470
vt 0.409720 0.121470
vt 0.416660 0.084260
vt 0.423610 0.084260
vt 0.791660 0.030630
vt 0.958330 0.387760
vt 0.958330 0.382610
vt 0.625000 0.444640
vt 0.666660 0.440410
vt 0.625000 0.448780
vt 0.951380 0.335010
vt 0.951380 0.329620
vt 0.222220 0.382610
vt 0.215270 0.387760
vt 0.215270 0.382610
vt 0.222220 0.377420
vt 0.972220 0.297040
vt 0.951380 0.403000
vt 0.986110 0.397970
vt 0.986110 0.403010
vt 0.020830 0.275090
vt 0.027770 0.275090
vt 0.027770 0.269570
vt 0.034720 0.275090
vt 0.694440 0.075950
vt 0.131940 0.351070
vt 0.125000 0.356380
vt 0.125000 0.351070
vt 0.131940 0.345730
vt 0.055550 0.280590
vt 0.076380 0.392890
vt 0.569440 0.021470
vt 0.687500 0.019410
vt 0.687500 0.021480
vt 0.166660 0.286090
vt 0.166660 0.297040
vt 0.854160 0.372200
vt 0.722220 0.106870
vt 0.048610 0.407970
vt 0.784720 0.286090
vt 0.013880 0.417740
vt 0.055550 0.407970
vt 0.013880 0.412900
vt 0.027770 0.529480
vt 0.951380 0.397960
vt 0.798610 0.468910
vt 0.798610 0.464890
vt 0.916660 0.335010
vt 0.770830 0.025790
vt 0.694440 0.028190
vt 0.694440 0.025850
vt 0.208330 0.329620
vt 0.208330 0.335010
vt 0.937500 0.403000
vt 0.944440 0.403000
vt 0.812500 0.013710
vt 0.819440 0.015500
vt 0.923610 0.318810
vt 0.923610 0.313380
vt 0.937500 0.291570
vt 0.944440 0.291570
vt 0.958330 0.313380
vt 0.958330 0.318810
vt 0.625000 0.452850
vt 0.958330 0.302500
vt 0.972220 0.291570
vt 0.986110 0.264040
vt 0.000000 0.247370
vt 0.027770 0.258490
vt 0.027770 0.264030
vt 0.020830 0.264030
vt 0.465270 0.021480
vt 0.000000 0.241780
vt 0.986110 0.407980
vt 0.104160 0.324220
vt 0.062500 0.264030
vt 0.069440 0.264030
vt 0.083330 0.269570
vt 0.083330 0.275090
vt 0.236110 0.307950
vt 0.236110 0.313380
vt 0.111110 0.382610
vt 0.173610 0.021460
vt 0.187500 0.023620
vt 0.465270 0.180040
vt 0.458330 0.180040
vt 0.458330 0.141980
vt 0.465270 0.141980
vt 0.013880 0.427130
vt 0.013880 0.422490
vt 0.416660 0.191210
vt 0.416660 0.147270
vt 0.423610 0.191210
vt 0.979160 0.417720
vt 0.895830 0.372200
vt 0.895830 0.366950
vt 0.916660 0.329620
vt 0.923610 0.324220
vt 0.881940 0.191210
vt 0.888880 0.191210
vt 0.888880 0.230570
vt 0.881940 0.230570
vt 0.909720 0.407970
vt 0.909720 0.403000
vt 0.916660 0.313380
vt 0.937500 0.286090
vt 0.937500 0.280590
vt 0.951380 0.258490
vt 0.951380 0.264030
vt 0.958330 0.258490
vt 0.909720 0.039050
vt 0.895830 0.039050
vt 0.000000 0.236180
vt 0.006940 0.224950
vt 0.006940 0.230570
vt 0.013880 0.219330
vt 0.013880 0.224950
vt 0.020830 0.219330
vt 0.951380 0.252930
vt 0.951380 0.247350
vt 0.423270 0.004590
vt 0.090270 0.280590
vt 0.090270 0.286090
vt 0.097220 0.286090
vt 0.486110 0.297040
vt 0.083330 0.224950
vt 0.083330 0.230570
vt 0.097220 0.236170
vt 0.097220 0.241770
vt 0.090270 0.269570
vt 0.090270 0.275090
vt 0.118050 0.377420
vt 0.104160 0.412890
vt 0.083330 0.422460
vt 0.159720 0.372200
vt 0.888880 0.366950
vt 0.812500 0.019410
vt 0.812500 0.021480
vt 0.714830 0.004590
vt 0.902770 0.351070
vt 0.902770 0.356380
vt 0.902770 0.340380
vt 0.166660 0.456880
vt 0.166660 0.460880
vt 0.145830 0.448780
vt 0.145830 0.444640
vt 0.916660 0.264030
vt 0.916660 0.269570
vt 0.930550 0.280590
vt 0.916660 0.258490
vt 0.930550 0.241770
vt 0.930550 0.236170
vt 0.951380 0.241770
vt 0.958330 0.236170
vt 0.958330 0.241770
vt 0.180550 0.033260
vt 0.013880 0.213700
vt 0.993050 0.196820
vt 0.138880 0.329620
vt 0.138880 0.335010
vt 0.902770 0.407970
vt 0.138880 0.324220
vt 0.111110 0.297040
vt 0.111110 0.302500
vt 0.055550 0.208070
vt 0.062500 0.208070
vt 0.055550 0.213700
vt 0.048610 0.219330
vt 0.083330 0.213700
vt 0.076380 0.213700
vt 0.083330 0.219330
vt 0.104160 0.241770
vt 0.104160 0.247350
vt 0.104160 0.252930
vt 0.104160 0.258490
vt 0.152770 0.366950
vt 0.152770 0.372200
vt 0.347220 0.045640
vt 0.201380 0.403000
vt 0.201380 0.407970
vt 0.875000 0.017410
vt 0.562500 0.064100
vt 0.312500 0.297040
vt 0.305550 0.291570
vt 0.312500 0.291570
vt 0.104160 0.448780
vt 0.034720 0.444640
vt 0.993050 0.444690
vt 0.534720 0.025850
vt 0.527770 0.025850
vt 0.541660 0.023610
vt 0.131940 0.485330
vt 0.875000 0.356380
vt 0.875000 0.397960
vt 0.861110 0.382610
vt 0.888880 0.291570
vt 0.902770 0.286090
vt 0.666660 0.042260
vt 0.909720 0.258490
vt 0.888880 0.252930
vt 0.888880 0.247350
vt 0.888880 0.241770
vt 0.888880 0.236170
vt 0.201380 0.493370
vt 0.916660 0.252930
vt 0.638880 0.196830
vt 0.631940 0.196830
vt 0.986110 0.191210
vt 0.986110 0.196820
vt 0.270830 0.033250
vt 0.979160 0.136750
vt 0.986110 0.136740
vt 0.013880 0.163460
vt 0.020830 0.163470
vt 0.437500 0.460880
vt 0.041660 0.185620
vt 0.145830 0.329620
vt 0.395720 0.005330
vt 0.118050 0.297040
vt 0.118050 0.302500
vt 0.486110 0.013700
vt 0.152770 0.302500
vt 0.138880 0.318810
vt 0.111110 0.252930
vt 0.055550 0.202450
vt 0.055550 0.196830
vt 0.048610 0.191210
vt 0.055550 0.191210
vt 0.090270 0.180040
vt 0.090270 0.185620
vt 0.069440 0.158020
vt 0.069440 0.152620
vt 0.076380 0.168960
vt 0.076380 0.174490
vt 0.090270 0.196830
vt 0.090270 0.202450
vt 0.111110 0.236170
vt 0.111110 0.241770
vt 0.027770 0.033270
vt 0.166660 0.351070
vt 0.180550 0.382610
vt 0.187500 0.361680
vt 0.194440 0.361680
vt 0.166660 0.403000
vt 0.645830 0.412890
vt 0.104160 0.452850
vt 0.118050 0.012060
vt 0.062500 0.456880
vt 0.062500 0.452850
vt 0.055550 0.456880
vt 0.034720 0.448780
vt 0.993050 0.456890
vt 0.993050 0.452860
vt 0.402770 0.313380
vt 0.951380 0.452850
vt 0.993050 0.448800
vt 0.958330 0.448780
vt 0.958330 0.444640
vt 0.965270 0.436090
vt 0.451380 0.060280
vt 0.458330 0.060280
vt 0.875000 0.403000
vt 0.861110 0.361680
vt 0.861110 0.366950
vt 0.861110 0.417720
vt 0.868050 0.345730
vt 0.875000 0.335010
vt 0.527770 0.015500
vt 0.875000 0.280590
vt 0.881940 0.280590
vt 0.875000 0.275090
vt 0.875000 0.269570
vt 0.875000 0.230570
vt 0.902770 0.219330
vt 0.236110 0.501020
vt 0.250000 0.529480
vt 0.243050 0.529480
vt 0.972220 0.174490
vt 0.986110 0.185610
vt 0.000000 0.157980
vt 0.000000 0.163420
vt 0.006940 0.158000
vt 0.006940 0.163440
vt 0.006940 0.152600
vt 0.555550 0.023580
vt 0.555550 0.025780
vt 0.868050 0.168960
vt 0.166660 0.335010
vt 0.402770 0.275090
vt 0.326380 0.036060
vt 0.326380 0.033250
vt 0.055550 0.147270
vt 0.062500 0.152620
vt 0.097220 0.180040
vt 0.097220 0.185620
vt 0.097220 0.191210
vt 0.298610 0.067980
vt 0.250000 0.064100
vt 0.076380 0.111650
vt 0.083330 0.111650
vt 0.097220 0.196830
vt 0.118050 0.224950
vt 0.125000 0.224950
vt 0.104160 0.196830
vt 0.194440 0.366950
vt 0.152770 0.131580
vt 0.145830 0.131580
vt 0.173610 0.335010
vt 0.131940 0.464890
vt 0.125000 0.464890
vt 0.062500 0.460880
vt 0.062500 0.464890
vt 0.666660 0.067980
vt 0.659720 0.060280
vt 0.347220 0.106870
vt 0.340270 0.106870
vt 0.340270 0.067980
vt 0.951380 0.456880
vt 0.000000 0.088470
vt 0.875000 0.028160
vt 0.895830 0.028110
vt 0.888880 0.030580
vt 0.736110 0.407970
vt 0.923610 0.448780
vt 0.236110 0.102160
vt 0.236110 0.168960
vt 0.229160 0.168960
vt 0.229160 0.102160
vt 0.520830 0.366950
vt 0.395830 0.477080
vt 0.354160 0.485330
vt 0.354160 0.481210
vt 0.763880 0.526810
vt 0.527770 0.019420
vt 0.520830 0.021480
vt 0.520830 0.019410
vt 0.868050 0.280590
vt 0.868050 0.275090
vt 0.868050 0.269570
vt 0.465270 0.017410
vt 0.868050 0.224950
vt 0.868050 0.219330
vt 0.020830 0.036050
vt 0.034720 0.036060
vt 0.909720 0.191210
vt 0.916660 0.163470
vt 0.916660 0.158020
vt 0.944440 0.185620
vt 0.944440 0.191210
vt 0.937500 0.185620
vt 0.979160 0.131580
vt 0.993050 0.136710
vt 0.000000 0.141900
vt 0.000000 0.147210
vt 0.006940 0.136710
vt 0.006940 0.131550
vt 0.034720 0.121470
vt 0.048610 0.141980
vt 0.048610 0.147270
vt 0.048610 0.131580
vt 0.125000 0.219330
vt 0.145830 0.280590
vt 0.097220 0.136750
vt 0.090270 0.136750
vt 0.791660 0.412890
vt 0.791660 0.417720
vt 0.215270 0.340380
vt 0.208330 0.340380
vt 0.388880 0.045640
vt 0.236110 0.345730
vt 0.236110 0.351070
vt 0.229160 0.351070
vt 0.236110 0.356380
vt 0.604160 0.526810
vt 0.208330 0.407970
vt 0.361110 0.448780
vt 0.361110 0.444640
vt 0.180550 0.324220
vt 0.173610 0.329620
vt 0.131940 0.468910
vt 0.131940 0.472970
vt 0.062500 0.468910
vt 0.020830 0.472970
vt 0.020830 0.468910
vt 0.979160 0.477080
vt 0.972220 0.472970
vt 0.979160 0.472970
vt 0.937500 0.529480
vt 0.951380 0.468910
vt 0.652770 0.472970
vt 0.652770 0.468910
vt 0.687500 0.472970
vt 0.909720 0.464890
vt 0.902770 0.460880
vt 0.909720 0.460880
vt 0.847220 0.444640
vt 0.402770 0.049170
vt 0.402770 0.045640
vt 0.409720 0.045640
vt 0.381940 0.417720
vt 0.381940 0.422460
vt 0.375000 0.427110
vt 0.375000 0.422460
vt 0.583330 0.329620
vt 0.576380 0.329620
vt 0.819440 0.431650
vt 0.819440 0.427110
vt 0.812500 0.431650
vt 0.819440 0.436090
vt 0.812500 0.382610
vt 0.819440 0.372200
vt 0.847220 0.258490
vt 0.854160 0.258490
vt 0.861110 0.224950
vt 0.861110 0.219330
vt 0.861110 0.230570
vt 0.875000 0.196830
vt 0.875000 0.191210
vt 0.881940 0.185620
vt 0.506940 0.045640
vt 0.895830 0.196830
vt 0.902770 0.152620
vt 0.902770 0.147270
vt 0.937500 0.147270
vt 0.944440 0.147270
vt 0.951380 0.147270
vt 0.951380 0.152620
vt 0.944440 0.141980
vt 0.958330 0.163470
vt 0.958330 0.158020
vt 0.958330 0.152620
vt 0.965270 0.147270
vt 0.958330 0.147270
vt 0.722220 0.286090
vt 0.722220 0.280590
vt 0.000000 0.136680
vt 1.000000 0.136680
vt 1.000000 0.097450
vt 0.020830 0.106860
vt 0.020830 0.111650
vt 0.048610 0.136750
vt 0.138880 0.185620
vt 0.138880 0.191210
vt 0.145830 0.230570
vt 0.138880 0.230570
vt 0.145830 0.236170
vt 0.145830 0.252930
vt 0.444440 0.174490
vt 0.451380 0.141980
vt 0.173610 0.307950
vt 0.111110 0.163470
vt 0.111110 0.168960
vt 0.111110 0.141980
vt 0.104160 0.141980
vt 0.111110 0.147270
vt 0.111110 0.152620
vt 0.118050 0.163470
vt 0.062500 0.088580
vt 0.076380 0.071930
vt 0.104160 0.075950
vt 0.111110 0.093010
vt 0.111110 0.097540
vt 0.118050 0.097540
vt 0.118050 0.102160
vt 0.138880 0.168960
vt 0.138880 0.174490
vt 0.131940 0.168960
vt 0.138880 0.180040
vt 0.645830 0.158020
vt 0.243050 0.042260
vt 0.118050 0.501020
vt 0.125000 0.529480
vt 0.895830 0.036060
vt 0.902770 0.121470
vt 0.909720 0.121470
vt 0.902770 0.126490
vt 0.902770 0.042260
vt 0.263880 0.366950
vt 0.236110 0.417720
vt 0.222220 0.436090
vt 0.215270 0.444640
vt 0.208330 0.468910
vt 0.201380 0.477080
vt 0.201380 0.472970
vt 0.027760 0.006170
vt 0.034700 0.006170
vt 0.131940 0.477080
vt 0.083330 0.477080
vt 0.868050 0.477080
vt 0.090270 0.481210
vt 0.090270 0.477080
vt 0.979160 0.481210
vt 0.937500 0.485330
vt 0.937500 0.481210
vt 0.750000 0.052810
vt 0.743050 0.056510
vt 0.743050 0.052810
vt 0.909720 0.472970
vt 0.909720 0.468910
vt 0.118050 0.307950
vt 0.402770 0.121470
vt 0.694440 0.023620
vt 0.687500 0.023620
vt 0.062500 0.021460
vt 0.062500 0.023590
vt 0.118050 0.049170
vt 0.833330 0.275090
vt 0.847220 0.252930
vt 0.847220 0.247350
vt 0.854160 0.241770
vt 0.854160 0.236170
vt 0.868050 0.208070
vt 0.861110 0.168960
vt 0.875000 0.180040
vt 0.895830 0.147270
vt 0.895830 0.152620
vt 0.895830 0.141980
vt 0.895830 0.136750
vt 0.937500 0.126490
vt 0.972220 0.111650
vt 0.979160 0.102160
vt 0.993050 0.097490
vt 0.034720 0.080050
vt 0.034720 0.084260
vt 0.041660 0.080050
vt 0.152770 0.230570
vt 0.902770 0.023610
vt 0.173610 0.258490
vt 0.173610 0.269570
vt 0.048610 0.025790
vt 0.041660 0.028160
vt 0.048610 0.080050
vt 0.111110 0.067980
vt 0.875000 0.023610
vt 0.125000 0.106870
vt 0.138880 0.126490
vt 0.131940 0.126490
vt 0.159720 0.196830
vt 0.159720 0.202450
vt 0.250000 0.392890
vt 0.243050 0.407970
vt 0.187500 0.116520
vt 0.194440 0.116520
vt 0.187500 0.060280
vt 0.194440 0.060280
vt 0.270830 0.356380
vt 0.055550 0.008040
vt 0.916660 0.019420
vt 0.909720 0.019410
vt 0.881940 0.023590
vt 0.437500 0.213700
vt 0.437500 0.252930
vt 0.798610 0.472970
vt 0.763880 0.472970
vt 0.465270 0.275090
vt 0.458330 0.280590
vt 0.458330 0.275090
vt 0.458330 0.481210
vt 0.458330 0.485330
vt 0.201380 0.481210
vt 0.194440 0.481210
vt 0.173610 0.477080
vt 0.159720 0.489390
vt 0.159720 0.485330
vt 0.131940 0.481210
vt 0.138880 0.485330
vt 0.312500 0.501020
vt 0.312500 0.497250
vt 0.986110 0.485340
vt 0.979160 0.485330
vt 0.270830 0.049170
vt 0.083330 0.015500
vt 0.909720 0.481210
vt 0.909720 0.477080
vt 0.916660 0.477080
vt 0.375000 0.136750
vt 0.368050 0.136750
vt 0.868050 0.472970
vt 0.861110 0.468910
vt 0.868050 0.468910
vt 0.854160 0.464890
vt 0.784720 0.361680
vt 0.791660 0.351070
vt 0.798610 0.335010
vt 0.819440 0.307950
vt 0.819440 0.302500
vt 0.756940 0.417720
vt 0.770830 0.387760
vt 0.777770 0.444640
vt 0.729160 0.460880
vt 0.777770 0.448780
vt 0.777770 0.377420
vt 0.812500 0.252930
vt 0.812500 0.247350
vt 0.819440 0.236170
vt 0.819440 0.241770
vt 0.826380 0.236170
vt 0.194440 0.015500
vt 0.388880 0.010580
vt 0.201380 0.017410
vt 0.847220 0.241770
vt 0.833330 0.501020
vt 0.840270 0.202450
vt 0.840270 0.196830
vt 0.604160 0.168960
vt 0.604160 0.208070
vt 0.597220 0.208070
vt 0.861110 0.163470
vt 0.256940 0.529480
vt 0.333330 0.529480
vt 0.881940 0.131580
vt 0.951380 0.080050
vt 0.951380 0.075950
vt 0.944440 0.075950
vt 0.951380 0.071930
vt 0.041660 0.075950
vt 0.159720 0.219330
vt 0.173610 0.213700
vt 0.187500 0.230570
vt 0.187500 0.236170
vt 0.173610 0.252930
vt 0.201380 0.286090
vt 0.201380 0.291570
vt 0.201380 0.275090
vt 0.194440 0.275090
vt 0.201380 0.280590
vt 0.034720 0.071930
vt 0.034720 0.067980
vt 0.034720 0.064100
vt 0.138880 0.056510
vt 0.437500 0.019380
vt 0.166660 0.093010
vt 0.152770 0.136750
vt 0.305550 0.417720
vt 0.270830 0.422460
vt 0.270830 0.417720
vt 0.152770 0.152620
vt 0.201380 0.489390
vt 0.243050 0.485330
vt 0.243050 0.489390
vt 0.166660 0.196830
vt 0.458330 0.075950
vt 0.243050 0.318810
vt 0.256940 0.318810
vt 0.298610 0.372200
vt 0.298610 0.431650
vt 0.298610 0.436090
vt 0.291660 0.436090
vt 0.270830 0.427110
vt 0.409720 0.021480
vt 0.250000 0.456880
vt 0.833330 0.013700
vt 0.201380 0.485330
vt 0.867260 0.003830
vt 0.866610 0.003050
vt 0.388880 0.275090
vt 0.395830 0.269570
vt 0.395830 0.275090
vt 0.090270 0.493370
vt 0.090270 0.489390
vt 0.472220 0.080050
vt 0.729160 0.497250
vt 0.736110 0.497250
vt 0.895830 0.489390
vt 0.902770 0.481210
vt 0.902770 0.485330
vt 0.833330 0.472970
vt 0.833330 0.468910
vt 0.131940 0.033270
vt 0.756940 0.351070
vt 0.756940 0.345730
vt 0.354160 0.136750
vt 0.347220 0.136750
vt 0.812500 0.307950
vt 0.812500 0.269570
vt 0.812500 0.264030
vt 0.236110 0.286090
vt 0.236110 0.291570
vt 0.229160 0.291570
vt 0.750000 0.417720
vt 0.243050 0.481210
vt 0.736110 0.392890
vt 0.736110 0.387760
vt 0.750000 0.382610
vt 0.736110 0.444640
vt 0.798610 0.460880
vt 0.812500 0.241770
vt 0.812500 0.230570
vt 0.819440 0.230570
vt 0.833330 0.202450
vt 0.868050 0.126490
vt 0.868050 0.131580
vt 0.875000 0.126490
vt 0.881940 0.126490
vt 0.604160 0.230570
vt 0.611110 0.230570
vt 0.611110 0.269570
vt 0.888880 0.088580
vt 0.895830 0.088580
vt 0.909720 0.097540
vt 0.986110 0.067970
vt 0.937500 0.075950
vt 0.937500 0.071930
vt 0.534720 0.407970
vt 0.888880 0.075950
vt 0.888880 0.071930
vt 0.972220 0.064100
vt 0.187500 0.224950
vt 0.194440 0.230570
vt 0.215270 0.252930
vt 0.215270 0.258490
vt 0.208330 0.258490
vt 0.145830 0.049170
vt 0.180550 0.049170
vt 0.180550 0.052810
vt 0.187500 0.056510
vt 0.180550 0.075950
vt 0.173610 0.111650
vt 0.173610 0.116520
vt 0.159720 0.152620
vt 0.520830 0.025850
vt 0.513880 0.023610
vt 0.527770 0.023620
vt 0.270830 0.297040
vt 0.270830 0.302500
vt 0.479160 0.444640
vt 0.284720 0.335010
vt 0.798610 0.042260
vt 0.791660 0.042260
vt 0.312500 0.366950
vt 0.298610 0.440410
vt 0.291660 0.056510
vt 0.375000 0.060280
vt 0.284720 0.460880
vt 0.284720 0.472970
vt 0.291660 0.477080
vt 0.034720 0.019410
vt 0.027770 0.021480
vt 0.930550 0.023610
vt 0.416660 0.012060
vt 0.409720 0.012060
vt 0.395830 0.010580
vt 0.201380 0.497250
vt 0.111110 0.501020
vt 0.104160 0.501020
vt 0.944440 0.529480
vt 0.131940 0.529480
vt 0.909720 0.529480
vt 0.118050 0.013700
vt 0.354160 0.407970
vt 0.826380 0.481210
vt 0.826380 0.477080
vt 0.826380 0.472970
vt 0.798610 0.477080
vt 0.805550 0.472970
vt 0.756940 0.340380
vt 0.777770 0.313380
vt 0.784720 0.302500
vt 0.784720 0.297040
vt 0.791660 0.297040
vt 0.784720 0.291570
vt 0.791660 0.286090
vt 0.805550 0.269570
vt 0.805550 0.264030
vt 0.715270 0.422460
vt 0.729160 0.397960
vt 0.763880 0.477080
vt 0.722220 0.472970
vt 0.715270 0.472970
vt 0.583330 0.147270
vt 0.694440 0.452850
vt 0.812500 0.180040
vt 0.819440 0.180040
vt 0.833330 0.185620
vt 0.833330 0.191210
vt 0.833330 0.180040
vt 0.840270 0.180040
vt 0.868050 0.121470
vt 0.881940 0.088580
vt 0.888880 0.084260
vt 0.888880 0.080050
vt 0.895830 0.084260
vt 0.923610 0.052810
vt 0.180550 0.174490
vt 0.187500 0.180040
vt 0.180550 0.180040
vt 0.652770 0.477080
vt 0.194440 0.219330
vt 0.194440 0.224950
vt 0.027770 0.056510
vt 0.916660 0.012060
vt 0.041660 0.017410
vt 0.916660 0.013710
vt 0.868050 0.013710
vt 0.854160 0.015500
vt 0.534720 0.088580
vt 0.541660 0.084260
vt 0.541660 0.088580
vt 0.243050 0.045640
vt 0.180550 0.116520
vt 0.618050 0.131580
vt 0.618050 0.168960
vt 0.611110 0.168960
vt 0.611110 0.131580
vt 0.180550 0.158020
vt 0.250000 0.280590
vt 0.270830 0.291570
vt 0.263880 0.291570
vt 0.020830 0.529490
vt 0.291660 0.318810
vt 0.291660 0.324220
vt 0.319440 0.345730
vt 0.333330 0.377420
vt 0.319440 0.403000
vt 0.298610 0.444640
vt 0.333330 0.436090
vt 0.319440 0.417720
vt 0.430550 0.045640
vt 0.326380 0.468910
vt 0.298610 0.481210
vt 0.291660 0.481210
vt 0.305550 0.485330
vt 0.305550 0.489390
vt 0.208330 0.501020
vt 0.201380 0.501020
vt 0.791660 0.045640
vt 0.201380 0.504670
vt 0.430550 0.397960
vt 0.104160 0.526810
vt 0.083330 0.529480
vt 0.680550 0.025830
vt 0.090270 0.529480
vt 0.104160 0.529480
vt 0.652770 0.340380
vt 0.118050 0.529480
vt 0.111110 0.526810
vt 0.138880 0.529480
vt 0.840270 0.080050
vt 0.145830 0.529480
vt 0.215270 0.504670
vt 0.222220 0.504670
vt 0.437500 0.174490
vt 0.486110 0.529480
vt 0.493050 0.529480
vt 0.493050 0.526810
vt 0.500000 0.529480
vt 0.791660 0.529480
vt 0.798610 0.529480
vt 0.861110 0.529480
vt 0.868050 0.529480
vt 0.458330 0.007060
vt 0.458190 0.005350
vt 0.868050 0.526810
vt 0.875000 0.526810
vt 0.875000 0.489390
vt 0.819440 0.477080
vt 0.791660 0.485330
vt 0.486110 0.028160
vt 0.500000 0.028090
vt 0.763880 0.318810
vt 0.548610 0.039050
vt 0.541660 0.021470
vt 0.465270 0.412890
vt 0.465270 0.407970
vt 0.423610 0.023620
vt 0.409720 0.023620
vt 0.701380 0.440410
vt 0.763880 0.481210
vt 0.715270 0.477080
vt 0.722220 0.489390
vt 0.645830 0.052810
vt 0.777770 0.241770
vt 0.777770 0.236170
vt 0.798610 0.208070
vt 0.798610 0.213700
vt 0.777770 0.230570
vt 0.812500 0.174490
vt 0.805550 0.163470
vt 0.805550 0.158020
vt 0.027770 0.023620
vt 0.826380 0.141980
vt 0.833330 0.141980
vt 0.583330 0.028190
vt 0.673610 0.030600
vt 0.854160 0.106870
vt 0.861110 0.106870
vt 0.861110 0.111650
vt 0.479160 0.056510
vt 0.902770 0.049170
vt 0.000000 0.056450
vt 0.215270 0.202450
vt 0.208330 0.196830
vt 0.208330 0.202450
vt 0.243050 0.264030
vt 0.062500 0.042260
vt 0.173610 0.158020
vt 0.229160 0.060280
vt 0.215270 0.064100
vt 0.222220 0.064100
vt 0.201380 0.136750
vt 0.201380 0.141980
vt 0.354160 0.403000
vt 0.284720 0.269570
vt 0.284720 0.275090
vt 0.305550 0.286090
vt 0.305550 0.297040
vt 0.291660 0.313380
vt 0.291660 0.275090
vt 0.326380 0.324220
vt 0.326380 0.329620
vt 0.347220 0.351070
vt 0.347220 0.356380
vt 0.340270 0.356380
vt 0.368050 0.529480
vt 0.347220 0.361680
vt 0.513880 0.060280
vt 0.562500 0.485330
vt 0.562500 0.481210
vt 0.034720 0.033270
vt 0.041660 0.033260
vt 0.256940 0.056510
vt 0.361110 0.452850
vt 0.465270 0.403000
vt 0.361110 0.456880
vt 0.548610 0.158020
vt 0.541660 0.158020
vt 0.555550 0.121470
vt 0.562500 0.126490
vt 0.312500 0.485330
vt 0.312500 0.481210
vt 0.312500 0.493370
vt 0.354160 0.489390
vt 0.493050 0.417720
vt 0.152770 0.529480
vt 0.340270 0.529480
vt 0.375000 0.529480
vt 0.381940 0.529480
vt 0.506940 0.529480
vt 0.604160 0.529480
vt 0.611110 0.529480
vt 0.743050 0.497250
vt 0.750000 0.497250
vt 0.833330 0.497250
vt 0.805550 0.529480
vt 0.680550 0.028160
vt 0.868050 0.497250
vt 0.708330 0.313380
vt 0.756940 0.280590
vt 0.694440 0.392890
vt 0.041660 0.485330
vt 0.708330 0.351070
vt 0.777770 0.247350
vt 0.687500 0.403000
vt 0.354160 0.493370
vt 0.722220 0.485330
vt 0.708330 0.015500
vt 0.715270 0.015490
vt 0.708330 0.017410
vt 0.701380 0.017410
vt 0.395830 0.464890
vt 0.777770 0.191210
vt 0.784720 0.191210
vt 0.791660 0.152620
vt 0.798610 0.152620
vt 0.826380 0.136750
vt 0.826380 0.111650
vt 0.840270 0.093010
vt 0.840270 0.084260
vt 0.847220 0.064100
vt 0.854160 0.060280
vt 0.819440 0.023610
vt 0.812500 0.023620
vt 0.208330 0.141980
vt 0.513880 0.529480
vt 0.208330 0.185620
vt 0.236110 0.224950
vt 0.229160 0.224950
vt 0.222220 0.168960
vt 0.145830 0.030650
vt 0.131940 0.030650
vt 0.326380 0.464890
vt 0.250000 0.067980
vt 0.222220 0.097540
vt 0.215270 0.097540
vt 0.256940 0.247350
vt 0.256940 0.252930
vt 0.263880 0.247350
vt 0.284720 0.258490
vt 0.284720 0.264030
vt 0.277770 0.258490
vt 0.798610 0.456880
vt 0.305550 0.280590
vt 0.437500 0.468910
vt 0.395830 0.468910
vt 0.437500 0.464890
vt 0.326380 0.307950
vt 0.305550 0.121470
vt 0.298610 0.121470
vt 0.243050 0.064100
vt 0.673610 0.042260
vt 0.666660 0.045640
vt 0.381940 0.356380
vt 0.402770 0.452850
vt 0.395830 0.460880
vt 0.395830 0.456880
vt 0.368050 0.456880
vt 0.361110 0.460880
vt 0.354160 0.477080
vt 0.569440 0.497250
vt 0.569440 0.493370
vt 0.361110 0.493370
vt 0.618050 0.529480
vt 0.722220 0.497250
vt 0.722220 0.493370
vt 0.750000 0.286090
vt 0.701380 0.340380
vt 0.736110 0.252930
vt 0.743050 0.252930
vt 0.201380 0.185620
vt 0.659720 0.436090
vt 0.666660 0.436090
vt 0.652770 0.481210
vt 0.659720 0.481210
vt 0.020830 0.464890
vt 0.562500 0.030600
vt 0.756940 0.224950
vt 0.756940 0.219330
vt 0.763880 0.224950
vt 0.756940 0.213700
vt 0.770830 0.185620
vt 0.770830 0.191210
vt 0.770830 0.180040
vt 0.770830 0.174490
vt 0.784720 0.152620
vt 0.784720 0.147270
vt 0.784720 0.141980
vt 0.784720 0.136750
vt 0.819440 0.121470
vt 0.326380 0.258490
vt 0.326380 0.264030
vt 0.319440 0.264030
vt 0.840270 0.088580
vt 0.847220 0.060280
vt 0.506940 0.033250
vt 0.493050 0.017390
vt 0.493050 0.015490
vt 0.972220 0.042260
vt 0.222220 0.102160
vt 0.222220 0.163470
vt 0.256940 0.236170
vt 0.256940 0.241770
vt 0.250000 0.236170
vt 0.250000 0.174490
vt 0.250000 0.180040
vt 0.256940 0.191210
vt 0.250000 0.191210
vt 0.875000 0.025830
vt 0.500000 0.025780
vt 0.409720 0.324220
vt 0.548610 0.019380
vt 0.548610 0.021460
vt 0.534720 0.019410
vt 0.513880 0.131580
vt 0.506940 0.126490
vt 0.513880 0.126490
vt 0.930550 0.025830
vt 0.930550 0.028160
vt 0.270830 0.213700
vt 0.270830 0.219330
vt 0.298610 0.236170
vt 0.298610 0.241770
vt 0.277770 0.213700
vt 0.270830 0.208070
vt 0.340270 0.297040
vt 0.555550 0.030580
vt 0.555550 0.033240
vt 0.791660 0.028160
vt 0.798610 0.028180
vt 0.666660 0.444640
vt 0.416660 0.422460
vt 0.125000 0.017410
vt 0.131940 0.023620
vt 0.138880 0.021480
vt 0.388880 0.464890
vt 0.500000 0.485330
vt 0.520830 0.489390
vt 0.506940 0.485330
vt 0.500000 0.481210
vt 0.451380 0.477080
vt 0.458330 0.477080
vt 0.513880 0.019400
vt 0.451380 0.111650
vt 0.444440 0.111650
vt 0.770830 0.019380
vt 0.770830 0.021460
vt 0.680550 0.297040
vt 0.687500 0.297040
vt 0.680550 0.030630
vt 0.722220 0.275090
vt 0.694440 0.264030
vt 0.694440 0.258490
vt 0.479160 0.241770
vt 0.472220 0.247350
vt 0.472220 0.241770
vt 0.729160 0.247350
vt 0.729160 0.252930
vt 0.625000 0.088580
vt 0.625000 0.093010
vt 0.666660 0.372200
vt 0.680550 0.356380
vt 0.687500 0.345730
vt 0.729160 0.241770
vt 0.736110 0.247350
vt 0.736110 0.241770
vt 0.743050 0.247350
vt 0.743050 0.241770
vt 0.611110 0.275090
vt 0.611110 0.485330
vt 0.541660 0.468910
vt 0.611110 0.477080
vt 0.583330 0.448780
vt 0.937500 0.030600
vt 0.604160 0.422460
vt 0.763880 0.168960
vt 0.770830 0.168960
vt 0.791660 0.088580
vt 0.805550 0.106870
vt 0.798610 0.088580
vt 0.826380 0.060280
vt 0.763880 0.042260
vt 0.715270 0.049170
vt 0.013880 0.036020
vt 0.250000 0.093010
vt 0.381940 0.202450
vt 0.375000 0.202450
vt 0.375000 0.158020
vt 0.381940 0.158020
vt 0.201380 0.021480
vt 0.506940 0.030600
vt 0.166660 0.030580
vt 0.173610 0.030600
vt 0.652770 0.258490
vt 0.631940 0.252930
vt 0.312500 0.071930
vt 0.256940 0.084260
vt 0.916660 0.021480
vt 0.923610 0.021480
vt 0.916660 0.023620
vt 0.298610 0.224950
vt 0.298610 0.230570
vt 0.291660 0.224950
vt 0.305550 0.236170
vt 0.263880 0.196830
vt 0.270830 0.196830
vt 0.291660 0.121470
vt 0.340270 0.269570
vt 0.361110 0.286090
vt 0.444440 0.431650
vt 0.437500 0.472970
vt 0.541660 0.477080
vt 0.500000 0.477080
vt 0.500000 0.472970
vt 0.541660 0.472970
vt 0.534720 0.477080
vt 0.562500 0.489390
vt 0.562500 0.493370
vt 0.694440 0.252930
vt 0.701380 0.241770
vt 0.701380 0.236170
vt 0.708330 0.236170
vt 0.722220 0.230570
vt 0.722220 0.236170
vt 0.631940 0.377420
vt 0.631940 0.372200
vt 0.625000 0.372200
vt 0.631940 0.366950
vt 0.743050 0.202450
vt 0.590270 0.464890
vt 0.611110 0.412890
vt 0.201380 0.023620
vt 0.208330 0.023610
vt 0.750000 0.163470
vt 0.756940 0.163470
vt 0.770830 0.163470
vt 0.743050 0.163470
vt 0.743050 0.158020
vt 0.743050 0.152620
vt 0.743050 0.147270
vt 0.777770 0.075950
vt 0.777770 0.071930
vt 0.770830 0.067980
vt 0.770830 0.064100
vt 0.451380 0.236170
vt 0.458330 0.236170
vt 0.437500 0.258490
vt 0.763880 0.060280
vt 0.770830 0.060280
vt 0.798610 0.045640
vt 0.805550 0.045640
vt 0.694440 0.039050
vt 0.041660 0.010580
vt 0.270830 0.093010
vt 0.062500 0.028110
vt 0.493050 0.045640
vt 0.868050 0.025850
vt 0.340270 0.213700
vt 0.326380 0.208070
vt 0.805550 0.030650
vt 0.187500 0.030650
vt 0.256940 0.030650
vt 0.263880 0.030630
vt 0.326380 0.071930
vt 0.319440 0.071930
vt 0.729160 0.174490
vt 0.701380 0.163470
vt 0.305550 0.136750
vt 0.312500 0.141980
vt 0.305550 0.141980
vt 0.659720 0.185620
vt 0.347220 0.230570
vt 0.340270 0.224950
vt 0.340270 0.230570
vt 0.402770 0.318810
vt 0.402770 0.324220
vt 0.395830 0.313380
vt 0.416660 0.302500
vt 0.368050 0.291570
vt 0.555550 0.324220
vt 0.548610 0.329620
vt 0.548610 0.324220
vt 0.611110 0.356380
vt 0.479160 0.440410
vt 0.548610 0.477080
vt 0.493050 0.468910
vt 0.500000 0.468910
vt 0.687500 0.017410
vt 0.555550 0.481210
vt 0.666660 0.313380
vt 0.520830 0.191210
vt 0.694440 0.208070
vt 0.694440 0.241770
vt 0.694440 0.247350
vt 0.687500 0.247350
vt 0.701380 0.224950
vt 0.604160 0.361680
vt 0.611110 0.361680
vt 0.604160 0.356380
vt 0.604160 0.351070
vt 0.770830 0.023590
vt 0.562500 0.477080
vt 0.576380 0.468910
vt 0.534720 0.460880
vt 0.534720 0.456880
vt 0.729160 0.191210
vt 0.729160 0.185620
vt 0.729160 0.180040
vt 0.756940 0.102160
vt 0.770830 0.084260
vt 0.770830 0.071930
vt 0.770830 0.080050
vt 0.416660 0.080050
vt 0.861110 0.036060
vt 0.152770 0.023610
vt 0.145830 0.025850
vt 0.291660 0.033260
vt 0.284720 0.033250
vt 0.409720 0.030650
vt 0.423610 0.030650
vt 0.180550 0.028160
vt 0.145830 0.013710
vt 0.152770 0.013700
vt 0.229160 0.028110
vt 0.222220 0.028090
vt 0.361110 0.071930
vt 0.368050 0.067980
vt 0.368050 0.084260
vt 0.368050 0.088580
vt 0.368050 0.093010
vt 0.361110 0.136750
vt 0.333330 0.106870
vt 0.319440 0.147270
vt 0.312500 0.147270
vt 0.319440 0.093010
vt 0.319440 0.097540
vt 0.333330 0.213700
vt 0.340270 0.219330
vt 0.361110 0.258490
vt 0.423610 0.351070
vt 0.430550 0.335010
vt 0.375000 0.252930
vt 0.444440 0.392890
vt 0.555550 0.036060
vt 0.520830 0.436090
vt 0.638880 0.302500
vt 0.638880 0.297040
vt 0.659720 0.275090
vt 0.659720 0.258490
vt 0.659720 0.252930
vt 0.666660 0.241770
vt 0.666660 0.247350
vt 0.673610 0.241770
vt 0.666660 0.236170
vt 0.701380 0.213700
vt 0.701380 0.219330
vt 0.597220 0.377420
vt 0.520830 0.080050
vt 0.590270 0.377420
vt 0.583330 0.340380
vt 0.583330 0.335010
vt 0.527770 0.427110
vt 0.541660 0.403000
vt 0.541660 0.397960
vt 0.722220 0.180040
vt 0.763880 0.116520
vt 0.756940 0.106870
vt 0.729160 0.136750
vt 0.701380 0.075950
vt 0.694440 0.088580
vt 0.631940 0.056510
vt 0.923610 0.025850
vt 0.486110 0.030630
vt 0.430550 0.030630
vt 0.493050 0.007020
vt 0.152770 0.025830
vt 0.125000 0.021470
vt 0.131940 0.021480
vt 0.875000 0.013700
vt 0.868050 0.015500
vt 0.562390 0.005330
vt 0.215270 0.023590
vt 0.215270 0.025790
vt 0.895830 0.030600
vt 0.201380 0.019410
vt 0.319440 0.088580
vt 0.368050 0.141980
vt 0.354160 0.180040
vt 0.326380 0.106870
vt 0.326380 0.102160
vt 0.333330 0.158020
vt 0.333330 0.152620
vt 0.333330 0.147270
vt 0.326380 0.152620
vt 0.319440 0.106870
vt 0.361110 0.191210
vt 0.361110 0.196830
vt 0.354160 0.196830
vt 0.368050 0.196830
vt 0.875000 0.019400
vt 0.895830 0.017390
vt 0.895830 0.019380
vt 0.437500 0.307950
vt 0.395830 0.264030
vt 0.388880 0.264030
vt 0.395830 0.258490
vt 0.423610 0.280590
vt 0.465270 0.397960
vt 0.500000 0.407970
vt 0.638880 0.291570
vt 0.652770 0.264030
vt 0.701380 0.168960
vt 0.701380 0.174490
vt 0.708330 0.174490
vt 0.555550 0.382610
vt 0.569440 0.356380
vt 0.576380 0.340380
vt 0.576380 0.335010
vt 0.611110 0.286090
vt 0.611110 0.280590
vt 0.618050 0.280590
vt 0.618050 0.275090
vt 0.555550 0.307950
vt 0.666660 0.071930
vt 0.659720 0.064100
vt 0.715270 0.116520
vt 0.701380 0.097540
vt 0.694440 0.093010
vt 0.750000 0.049170
vt 0.520830 0.049170
vt 0.520830 0.045640
vt 0.527770 0.045640
vt 0.784720 0.030600
vt 0.840270 0.025790
vt 0.847220 0.025830
vt 0.034720 0.021480
vt 0.708330 0.008090
vt 0.715270 0.008060
vt 0.708330 0.013700
vt 0.041660 0.021470
vt 0.048610 0.021460
vt 0.784720 0.028110
vt 0.125000 0.019400
vt 0.048610 0.019380
vt 0.555550 0.028090
vt 0.381940 0.045640
vt 0.395830 0.042260
vt 0.409720 0.019410
vt 0.555550 0.021450
vt 0.194440 0.017420
vt 0.388880 0.012060
vt 0.409720 0.080050
vt 0.444440 0.064100
vt 0.444440 0.067980
vt 0.444440 0.071930
vt 0.479160 0.258490
vt 0.375000 0.147270
vt 0.375000 0.152620
vt 0.361110 0.185620
vt 0.361110 0.180040
vt 0.381940 0.213700
vt 0.381940 0.219330
vt 0.388880 0.219330
vt 0.451380 0.302500
vt 0.409720 0.241770
vt 0.409720 0.247350
vt 0.430550 0.252930
vt 0.437500 0.264030
vt 0.409720 0.236170
vt 0.472220 0.202450
vt 0.486110 0.372200
vt 0.715270 0.275090
vt 0.625000 0.252930
vt 0.659720 0.180040
vt 0.659720 0.174490
vt 0.666660 0.185620
vt 0.687500 0.147270
vt 0.555550 0.377420
vt 0.555550 0.361680
vt 0.604160 0.297040
vt 0.625000 0.247350
vt 0.618050 0.264030
vt 0.618050 0.269570
vt 0.520830 0.377420
vt 0.520830 0.372200
vt 0.166660 0.003850
vt 0.715270 0.126490
vt 0.715270 0.121470
vt 0.694440 0.097540
vt 0.701380 0.039050
vt 0.784720 0.025790
vt 0.840270 0.023590
vt 0.861110 0.023620
vt 0.493050 0.025790
vt 0.402770 0.185620
vt 0.534720 0.042260
vt 0.895830 0.023590
vt 0.534720 0.007080
vt 0.909720 0.015500
vt 0.916660 0.015500
vt 0.145830 0.017410
vt 0.152770 0.017410
vt 0.152770 0.019400
vt 0.173610 0.017390
vt 0.166660 0.019370
vt 0.395830 0.008060
vt 0.395830 0.007020
vt 0.652770 0.275090
vt 0.159720 0.013700
vt 0.166660 0.013700
vt 0.166660 0.012060
vt 0.194440 0.013710
vt 0.006940 0.345740
vt 0.430550 0.084260
vt 0.430550 0.080050
vt 0.395830 0.121470
vt 0.388880 0.116520
vt 0.388880 0.121470
vt 0.381940 0.208070
vt 0.395830 0.224950
vt 0.486110 0.345730
vt 0.493050 0.361680
vt 0.486110 0.102160
vt 0.479160 0.097540
vt 0.486110 0.097540
vt 0.673610 0.121470
vt 0.625000 0.241770
vt 0.625000 0.236170
vt 0.638880 0.202450
vt 0.645830 0.196830
vt 0.659720 0.168960
vt 0.673610 0.141980
vt 0.673610 0.136750
vt 0.673610 0.131580
vt 0.673610 0.126490
vt 0.548610 0.351070
vt 0.562500 0.318810
vt 0.583330 0.252930
vt 0.604160 0.224950
vt 0.604160 0.219330
vt 0.618050 0.067980
vt 0.819440 0.021470
vt 0.645830 0.093010
vt 0.638880 0.093010
vt 0.673610 0.116520
vt 0.666660 0.121470
vt 0.652770 0.111650
vt 0.645830 0.102160
vt 0.645830 0.097540
vt 0.791660 0.021470
vt 0.625000 0.196830
vt 0.840270 0.021460
vt 0.805550 0.021480
vt 0.062500 0.015490
vt 0.083330 0.017420
vt 0.472220 0.019420
vt 0.465270 0.019410
vt 0.048610 0.017390
vt 0.062500 0.017390
vt 0.854160 0.017410
vt 0.847220 0.017410
vt 0.062500 0.025790
vt 0.437500 0.017390
vt 0.430550 0.019400
vt 0.034720 0.440410
vt 0.430550 0.102160
vt 0.430550 0.106870
vt 0.409720 0.126490
vt 0.798610 0.269570
vt 0.388880 0.126490
vt 0.395830 0.163470
vt 0.395830 0.168960
vt 0.395830 0.185620
vt 0.402770 0.180040
vt 0.409720 0.185620
vt 0.562160 0.004590
vt 0.694170 0.004590
vt 0.416660 0.196830
vt 0.451380 0.230570
vt 0.423610 0.202450
vt 0.423610 0.196830
vt 0.437500 0.163470
vt 0.437500 0.158020
vt 0.500000 0.340380
vt 0.486110 0.302500
vt 0.486110 0.307950
vt 0.708330 0.007060
vt 0.638880 0.158020
vt 0.541660 0.335010
vt 0.562500 0.297040
vt 0.562500 0.302500
vt 0.583330 0.247350
vt 0.590270 0.247350
vt 0.604160 0.213700
vt 0.618050 0.196830
vt 0.618050 0.180040
vt 0.618050 0.174490
vt 0.625000 0.191210
vt 0.590270 0.067980
vt 0.597220 0.064100
vt 0.631940 0.093010
vt 0.631940 0.131580
vt 0.625000 0.131580
vt 0.777770 0.023580
vt 0.041660 0.023610
vt 0.631940 0.039050
vt 0.833330 0.021450
vt 0.826380 0.021460
vt 0.833330 0.019370
vt 0.548610 0.036060
vt 0.902770 0.010580
vt 0.902770 0.012060
vt 0.118050 0.015490
vt 0.041660 0.012060
vt 0.479160 0.013710
vt 0.479160 0.015500
vt 0.555550 0.116520
vt 0.423590 0.006170
vt 0.423610 0.007080
vt 0.472220 0.084260
vt 0.472220 0.088580
vt 0.465270 0.080050
vt 0.451380 0.116520
vt 0.465270 0.202450
vt 0.479160 0.252930
vt 0.458330 0.136750
vt 0.500000 0.168960
vt 0.465270 0.185620
vt 0.506940 0.335010
vt 0.638880 0.152620
vt 0.173610 0.472970
vt 0.527770 0.302500
vt 0.527770 0.297040
vt 0.527770 0.291570
vt 0.541660 0.275090
vt 0.562500 0.236170
vt 0.569440 0.236170
vt 0.562500 0.230570
vt 0.562500 0.224950
vt 0.590270 0.208070
vt 0.597220 0.060280
vt 0.590270 0.064100
vt 0.583330 0.088580
vt 0.583330 0.093010
vt 0.631940 0.136750
vt 0.631940 0.141980
vt 0.020830 0.033270
vt 0.777770 0.019370
vt 0.798610 0.017410
vt 0.805550 0.017420
vt 0.541660 0.116520
vt 0.548610 0.116520
vt 0.076380 0.010580
vt 0.076380 0.012060
vt 0.055550 0.009240
vt 0.791530 0.005350
vt 0.138880 0.007080
vt 0.138870 0.006170
vt 0.166400 0.004580
vt 0.402640 0.005350
vt 0.416400 0.004590
vt 0.451280 0.005330
vt 0.451380 0.007020
vt 0.472220 0.097540
vt 0.479160 0.102160
vt 0.472220 0.196830
vt 0.479160 0.202450
vt 0.472220 0.141980
vt 0.479160 0.163470
vt 0.479160 0.168960
vt 0.472220 0.180040
vt 0.520830 0.291570
vt 0.555550 0.219330
vt 0.562500 0.219330
vt 0.569440 0.213700
vt 0.569440 0.219330
vt 0.604160 0.111650
vt 0.604160 0.116520
vt 0.569440 0.116520
vt 0.562500 0.121470
vt 0.562500 0.116520
vt 0.534720 0.093010
vt 0.548610 0.049170
vt 0.611110 0.126490
vt 0.784720 0.015490
vt 0.777770 0.015490
vt 0.819440 0.017410
vt 0.097200 0.006150
vt 0.097080 0.005350
vt 0.506940 0.025790
vt 0.465270 0.015500
vt 0.527770 0.013710
vt 0.548610 0.180040
vt 0.555550 0.180040
vt 0.513880 0.021470
vt 0.151290 0.003850
vt 0.152260 0.004590
vt 0.493050 0.008060
vt 0.534700 0.006170
vt 0.506940 0.064100
vt 0.513880 0.088580
vt 0.479160 0.141980
vt 0.479160 0.147270
vt 0.479160 0.152620
vt 0.479160 0.158020
vt 0.493050 0.208070
vt 0.493050 0.213700
vt 0.486110 0.208070
vt 0.486110 0.163470
vt 0.513880 0.252930
vt 0.527770 0.241770
vt 0.534720 0.252930
vt 0.534720 0.213700
vt 0.541660 0.213700
vt 0.562500 0.213700
vt 0.479160 0.021480
vt 0.583330 0.180040
vt 0.590270 0.158020
vt 0.597220 0.158020
vt 0.597220 0.141980
vt 0.548610 0.111650
vt 0.541660 0.106870
vt 0.541660 0.102160
vt 0.145830 0.440410
vt 0.541660 0.025830
vt 0.555550 0.019370
vt 0.562500 0.019380
vt 0.555550 0.017380
vt 0.743050 0.012060
vt 0.743050 0.013710
vt 0.812500 0.012060
vt 0.034610 0.005350
vt 0.513880 0.191210
vt 0.513880 0.025830
vt 0.541660 0.012060
vt 0.541660 0.013700
vt 0.534720 0.017410
vt 0.561710 0.003830
vt 0.548500 0.005330
vt 0.541530 0.005350
vt 0.555470 0.005320
vt 0.493050 0.131580
vt 0.506940 0.230570
vt 0.534720 0.208070
vt 0.548610 0.174490
vt 0.562500 0.180040
vt 0.548610 0.168960
vt 0.555550 0.174490
vt 0.569440 0.141980
vt 0.576380 0.141980
vt 0.569440 0.136750
vt 0.562500 0.141980
vt 0.347220 0.366950
vt 0.520830 0.136750
vt 0.520830 0.131580
vt 0.562480 0.006120
vt 0.701380 0.007080
vt 0.784720 0.021460
vt 0.713400 0.003830
vt 0.694360 0.005350
vt 0.506940 0.191210
vt 0.506940 0.180040
vt 0.506940 0.174490
vt 0.506940 0.168960
vt 0.548610 0.163470
vt 0.791660 0.023610
vt 0.520830 0.141980
vt 0.520830 0.152620
vt 0.527770 0.152620
vt 0.791640 0.006150
vt 0.791660 0.007060
vt 0.715160 0.005330
s 1
usemtl Material.001
f 217/1/1 216/2/2 205/3/3 203/4/4
f 245/5/5 246/6/6 248/7/7 247/8/8
f 263/9/9 255/10/10 256/11/11 264/12/12
f 271/13/13 276/14/14 273/15/15 272/16/16
f 313/17/17 314/18/18 309/19/19 307/20/20
f 313/17/17 307/20/20 308/21/21 312/22/22
f 333/23/23 334/24/24 336/25/25 335/26/26
f 344/27/27 350/28/28 346/29/29 345/30/30
f 344/27/27 348/31/31 351/32/32 350/28/28
f 354/33/33 348/31/31 349/34/34 353/35/35
f 355/36/36 345/30/30 346/29/29 356/37/37
f 361/38/38 366/39/39 363/40/40 362/41/41
f 376/42/42 375/43/43 201/44/44 200/45/45
f 378/46/46 362/41/41 363/40/40 379/47/47
f 389/48/48 385/49/49 386/50/50 390/51/51
f 403/52/52 404/53/53 406/54/54 405/55/55
f 419/56/56 412/57/57 406/54/54 404/53/53
f 422/58/58 400/59/59 395/60/60 423/61/61
f 422/58/58 423/61/61 425/62/62 424/63/63
f 426/64/64 424/63/63 425/62/62 427/65/65
f 433/66/66 427/65/65 425/62/62 432/67/67
f 433/66/66 434/68/68 428/69/69 427/65/65
f 437/70/70 438/71/71 440/72/72 439/73/73
f 446/74/74 444/75/75 445/76/76 447/77/77
f 446/74/74 448/78/78 451/79/79 450/80/80
f 458/81/81 456/82/82 457/83/83 459/84/84
f 462/85/85 463/86/86 461/87/87 460/88/88
f 465/89/89 463/86/86 464/90/90 466/91/91
f 465/89/89 466/91/91 468/92/92 467/93/93
f 479/94/94 466/91/91 464/90/90 471/95/95
f 479/94/94 471/95/95 472/96/96 477/97/97
f 479/94/94 477/97/97 478/98/98 480/99/99
f 479/94/94 480/99/99 468/92/92 466/91/91
f 485/100/100 483/101/101 484/102/102 486/103/103
f 485/100/100 487/104/104 489/105/105 488/106/106
f 490/107/107 488/106/106 489/105/105 491/108/108
f 490/107/107 491/108/108 476/109/109 474/110/110
f 492/111/111 493/112/112 495/113/113 494/114/114
f 498/115/115 486/103/103 484/102/102 494/114/114
f 502/116/116 500/117/117 501/118/118 503/119/119
f 502/116/116 503/119/119 505/120/120 504/121/121
f 502/116/116 504/121/121 507/122/122 506/123/123
f 514/124/124 503/119/119 501/118/118 510/125/125
f 514/124/124 510/125/125 511/126/126 512/127/127
f 514/124/124 512/127/127 513/128/128 515/129/129
f 514/124/124 515/129/129 505/120/120 503/119/119
f 517/130/130 518/131/131 520/132/132 519/133/133
f 521/134/134 519/133/133 520/132/132 522/135/135
f 521/134/134 522/135/135 524/136/136 523/137/137
f 529/138/138 526/139/139 326/140/140 324/141/141
f 529/138/138 530/142/142 528/143/143 526/139/139
f 532/144/144 536/145/145 528/143/143 530/142/142
f 532/144/144 530/142/142 531/146/146 533/147/147
f 532/144/144 533/147/147 535/148/148 534/149/149
f 532/144/144 534/149/149 537/150/150 536/145/145
f 539/151/151 540/152/152 542/153/153 541/154/154
f 549/155/155 533/147/147 531/146/146 541/154/154
f 549/155/155 541/154/154 542/153/153 548/156/156
f 549/155/155 550/157/157 535/148/148 533/147/147
f 554/158/158 555/159/159 557/160/160 556/161/161
f 564/162/162 565/163/163 567/164/164 566/165/165
f 564/162/162 566/165/165 569/166/166 568/167/167
f 574/168/168 575/169/169 577/170/170 576/171/171
f 578/172/172 576/171/171 577/170/170 579/173/173
f 583/174/174 565/163/163 563/175/175 573/176/176
f 583/174/174 581/177/177 582/178/178 584/179/179
f 583/174/174 584/179/179 567/164/164 565/163/163
f 586/180/180 294/181/181 283/182/182 587/183/183
f 586/180/180 587/183/183 589/184/184 588/185/185
f 590/186/186 588/185/185 589/184/184 591/187/187
f 590/186/186 591/187/187 593/188/188 592/189/189
f 601/190/190 604/191/191 597/192/192 599/193/193
f 601/190/190 599/193/193 600/194/194 602/195/195
f 605/196/196 591/187/187 589/184/184 596/197/197
f 605/196/196 596/197/197 597/192/192 604/191/191
f 605/196/196 606/198/198 593/188/188 591/187/187
f 610/199/199 611/200/200 613/201/201 612/202/202
f 610/199/199 612/202/202 608/203/203 607/204/204
f 614/205/205 616/206/206 613/201/201 611/200/200
f 618/207/207 622/208/208 613/201/201 616/206/206
f 618/207/207 616/206/206 617/209/209 619/210/210
f 618/207/207 620/211/211 623/212/212 622/208/208
f 624/213/213 622/208/208 623/212/212 625/214/214
f 628/215/215 629/216/216 631/217/217 630/218/218
f 632/219/219 635/220/220 627/221/221 630/218/218
f 632/219/219 630/218/218 631/217/217 633/222/222
f 638/223/223 640/224/224 631/217/217 629/216/216
f 645/225/225 647/226/226 641/227/227 643/228/228
f 645/225/225 643/228/228 644/229/229 646/230/230
f 649/231/231 633/222/222 631/217/217 640/224/224
f 649/231/231 640/224/224 641/227/227 647/226/226
f 649/231/231 647/226/226 648/232/232 650/233/233
f 651/234/234 653/235/235 656/236/236 655/237/237
f 657/238/238 652/239/239 418/240/240 416/241/241
f 657/238/238 658/242/242 660/243/243 659/244/244
f 661/245/245 665/246/246 654/247/247 659/244/244
f 661/245/245 659/244/244 660/243/243 662/248/248
f 661/245/245 662/248/248 664/249/249 663/250/250
f 661/245/245 663/250/250 666/251/251 665/246/246
f 667/252/252 669/253/253 656/236/236 653/235/235
f 667/252/252 653/235/235 654/247/247 665/246/246
f 667/252/252 665/246/246 666/251/251 668/254/254
f 667/252/252 668/254/254 670/255/255 669/253/253
f 671/256/256 431/257/257 429/258/258 672/259/259
f 671/256/256 673/260/260 660/243/243 658/242/242
f 674/261/261 662/248/248 660/243/243 673/260/260
f 681/262/262 439/73/73 440/72/72 682/263/263
f 681/262/262 682/263/263 684/264/264 683/265/265
f 685/266/266 689/267/267 680/268/268 683/265/265
f 685/266/266 683/265/265 684/264/264 686/269/269
f 685/266/266 686/269/269 688/270/270 687/271/271
f 685/266/266 687/271/271 690/272/272 689/267/267
f 693/273/273 682/263/263 440/72/72 452/274/274
f 696/275/275 448/78/78 449/276/276 697/277/277
f 696/275/275 697/277/277 699/278/278 698/279/279
f 696/275/275 698/279/279 695/280/280 694/281/281
f 701/282/282 697/277/277 449/276/276 459/84/84
f 701/282/282 459/84/84 457/83/83 702/283/283
f 701/282/282 702/283/283 704/284/284 703/285/285
f 701/282/282 703/285/285 699/278/278 697/277/277
f 709/286/286 710/287/287 712/288/288 711/289/289
f 713/290/290 480/99/99 478/98/98 714/291/291
f 713/290/290 714/291/291 716/292/292 715/293/293
f 717/294/294 714/291/291 478/98/98 475/295/295
f 717/294/294 475/295/295 476/109/109 718/296/296
f 724/297/297 715/293/293 716/292/292 722/298/298
f 724/297/297 722/298/298 723/299/299 725/300/300
f 724/297/297 725/300/300 712/288/288 710/287/287
f 726/301/301 718/296/296 476/109/109 491/108/108
f 726/301/301 491/108/108 489/105/105 727/302/302
f 726/301/301 727/302/302 729/303/303 728/304/304
f 726/301/301 728/304/304 719/305/305 718/296/296
f 732/306/306 721/307/307 719/305/305 728/304/304
f 732/306/306 728/304/304 729/303/303 730/308/308
f 732/306/306 730/308/308 731/309/309 733/310/310
f 735/311/311 736/312/312 738/313/313 737/314/314
f 735/311/311 737/314/314 740/315/315 739/316/316
f 743/317/317 744/318/318 746/319/319 745/320/320
f 743/317/317 745/320/320 748/321/321 747/322/322
f 749/323/323 747/322/322 748/321/321 750/324/324
f 749/323/323 750/324/324 738/313/313 736/312/312
f 754/325/325 752/326/326 507/122/122 504/121/121
f 754/325/325 504/121/121 505/120/120 755/327/327
f 758/328/328 759/329/329 746/319/319 744/318/318
f 760/330/330 755/327/327 505/120/120 515/129/129
f 760/330/330 515/129/129 513/128/128 761/331/331
f 763/332/332 523/137/137 524/136/136 764/333/333
f 766/334/334 767/335/335 769/336/336 768/337/337
f 771/338/338 764/333/333 524/136/136 538/339/339
f 771/338/338 538/339/339 537/150/150 772/340/340
f 774/341/341 772/340/340 537/150/150 534/149/149
f 780/342/342 778/343/343 779/344/344 781/345/345
f 780/342/342 781/345/345 769/336/336 767/335/335
f 785/346/346 786/347/347 784/348/348 783/349/349
f 793/350/350 788/351/351 557/160/160 562/352/352
f 793/350/350 562/352/352 561/353/353 794/354/354
f 793/350/350 794/354/354 796/355/355 795/356/356
f 793/350/350 795/356/356 789/357/357 788/351/351
f 799/358/358 800/359/359 802/360/360 801/361/361
f 799/358/358 801/361/361 804/362/362 803/363/363
f 805/364/364 790/365/365 789/357/357 795/356/356
f 805/364/364 795/356/356 796/355/355 803/363/363
f 805/364/364 803/363/363 804/362/362 806/366/366
f 805/364/364 806/366/366 792/367/367 790/365/365
f 807/368/368 797/369/369 560/370/370 570/371/371
f 807/368/368 570/371/371 569/166/166 808/372/372
f 807/368/368 808/372/372 810/373/373 809/374/374
f 807/368/368 809/374/374 798/375/375 797/369/369
f 814/376/376 816/377/377 810/373/373 812/378/378
f 814/376/376 815/379/379 817/380/380 816/377/377
f 830/381/381 592/189/189 593/188/188 831/382/382
f 830/381/381 831/382/382 833/383/383 832/384/384
f 834/385/385 838/386/386 829/387/387 832/384/384
f 834/385/385 832/384/384 833/383/383 835/388/388
f 834/385/385 835/388/388 837/389/389 836/390/390
f 834/385/385 836/390/390 839/391/391 838/386/386
f 840/392/392 838/386/386 839/391/391 841/393/393
f 842/394/394 831/382/382 593/188/188 606/198/198
f 842/394/394 844/395/395 833/383/383 831/382/382
f 851/396/396 625/214/214 623/212/212 852/397/397
f 851/396/396 852/397/397 854/398/398 853/399/399
f 855/400/400 852/397/397 623/212/212 620/211/211
f 855/400/400 620/211/211 621/401/401 856/402/402
f 855/400/400 857/403/403 854/398/398 852/397/397
f 859/404/404 863/405/405 854/398/398 857/403/403
f 859/404/404 857/403/403 858/406/406 860/407/407
f 859/404/404 860/407/407 862/408/408 861/409/409
f 859/404/404 861/409/409 864/410/410 863/405/405
f 865/411/411 853/399/399 854/398/398 863/405/405
f 865/411/411 863/405/405 864/410/410 866/412/412
f 865/411/411 866/412/412 850/413/413 849/414/414
f 869/415/415 870/416/416 872/417/417 871/418/418
f 873/419/419 871/418/418 872/417/417 874/420/420
f 876/421/421 860/407/407 858/406/406 868/422/422
f 876/421/421 877/423/423 862/408/408 860/407/407
f 878/424/424 879/425/425 872/417/417 870/416/416
f 880/426/426 874/420/420 872/417/417 879/425/425
f 883/427/427 884/428/428 886/429/429 885/430/430
f 887/431/431 655/432/237 656/433/236 888/434/432
f 887/431/431 888/434/432 886/429/429 884/428/428
f 889/435/433 891/436/434 886/429/429 888/434/432
f 889/435/433 888/434/432 656/433/236 669/437/253
f 889/435/433 669/437/253 670/438/255 890/439/435
f 889/435/433 890/439/435 892/440/436 891/436/434
f 893/441/437 885/430/430 886/429/429 891/436/434
f 893/441/437 891/436/434 892/440/436 894/442/438
f 903/443/439 899/444/440 676/445/441 679/446/442
f 903/443/439 679/446/442 678/447/443 904/448/444
f 903/443/439 904/448/444 906/449/445 905/450/446
f 903/443/439 905/450/446 900/451/447 899/444/440
f 907/452/448 908/453/449 910/454/450 909/455/451
f 907/452/448 909/455/451 906/449/445 904/448/444
f 911/456/452 915/457/453 906/449/445 909/455/451
f 911/456/452 909/455/451 910/454/450 912/458/454
f 911/456/452 913/459/455 916/460/456 915/457/453
f 917/461/457 901/462/458 900/451/447 905/450/446
f 917/461/457 905/450/446 906/449/445 915/457/453
f 917/461/457 915/457/453 916/460/456 918/463/459
f 917/461/457 918/463/459 902/464/460 901/462/458
f 919/465/461 908/453/449 677/466/462 692/467/463
f 919/465/461 692/467/463 690/272/272 920/468/464
f 919/465/461 920/468/464 922/469/465 921/470/466
f 919/465/461 921/470/466 910/454/450 908/453/449
f 923/471/467 920/468/464 690/272/272 687/271/271
f 923/471/467 925/472/468 922/469/465 920/468/464
f 929/473/469 930/474/470 932/475/471 931/476/472
f 937/477/473 935/478/474 936/479/475 938/480/476
f 937/477/473 938/480/476 932/475/471 930/474/470
f 942/481/477 711/289/289 712/288/288 943/482/478
f 942/481/477 943/482/478 945/483/479 944/484/480
f 942/481/477 944/484/480 941/485/481 939/486/482
f 954/487/483 952/488/484 740/315/315 737/314/314
f 954/487/483 737/314/314 738/313/313 955/489/485
f 954/487/483 955/489/485 957/490/486 956/491/487
f 954/487/483 956/491/487 953/492/488 952/488/484
f 958/493/489 962/494/490 953/492/488 956/491/487
f 958/493/489 956/491/487 957/490/486 959/495/491
f 958/493/489 959/495/491 961/496/492 960/497/493
f 958/493/489 960/497/493 963/498/494 962/494/490
f 965/499/495 955/489/485 738/313/313 750/324/324
f 965/499/495 750/324/324 748/321/321 966/500/496
f 965/499/495 967/501/497 957/490/486 955/489/485
f 969/502/498 966/500/496 748/321/321 745/320/320
f 969/502/498 745/320/320 746/319/319 970/503/499
f 971/504/500 959/495/491 957/490/486 967/501/497
f 973/505/501 970/503/499 746/319/319 759/329/329
f 981/506/502 979/507/503 980/508/504 982/509/505
f 981/506/502 982/509/505 984/510/506 983/511/507
f 981/506/502 983/511/507 986/512/508 985/513/509
f 987/514/510 985/513/509 986/512/508 988/515/511
f 993/516/512 990/517/513 770/518/514 768/337/337
f 993/516/512 768/337/337 769/336/336 994/519/515
f 993/516/512 994/519/515 996/520/516 995/521/517
f 993/516/512 995/521/517 992/522/518 990/517/513
f 998/523/519 982/509/505 980/508/504 991/524/520
f 998/523/519 991/524/520 992/522/518 997/525/521
f 999/526/522 994/519/515 769/336/336 781/345/345
f 999/526/522 781/345/345 779/344/344 1000/527/523
f 999/526/522 1001/528/524 996/520/516 994/519/515
f 1010/529/525 791/530/526 792/367/367 1011/531/527
f 1010/529/525 1011/531/527 1013/532/528 1012/533/529
f 1014/534/530 1012/533/529 1013/532/528 1015/535/531
f 1019/536/532 1011/531/527 792/367/367 806/366/366
f 1019/536/532 806/366/366 804/362/362 1020/537/533
f 1019/536/532 1021/538/534 1013/532/528 1011/531/527
f 1023/539/535 1015/535/531 1013/532/528 1021/538/534
f 1026/540/536 1025/541/537 817/380/380 815/379/379
f 1030/542/538 821/543/539 822/544/540 1031/545/541
f 1030/542/538 1031/545/541 1033/546/542 1032/547/543
f 1034/548/544 1032/547/543 1033/546/542 1035/549/545
f 1034/548/544 1035/549/545 1037/550/546 1036/551/547
f 1038/552/548 1031/545/541 822/544/540 827/553/549
f 1038/552/548 827/553/549 826/554/550 1039/555/551
f 1038/552/548 1040/556/552 1033/546/542 1031/545/541
f 1042/557/553 1035/549/545 1033/546/542 1040/556/552
f 1043/558/554 841/393/393 839/391/391 1044/559/555
f 1046/560/556 1044/559/555 839/391/391 836/390/390
f 1046/560/556 836/390/390 837/389/389 1047/561/557
f 1052/562/558 1053/563/559 1055/564/560 1054/565/561
f 1061/566/562 1062/567/563 1055/564/560 1053/563/559
f 1063/568/564 1057/569/565 850/413/413 866/412/412
f 1063/568/564 866/412/412 864/410/410 1064/570/566
f 1063/568/564 1064/570/566 1066/571/567 1065/572/568
f 1063/568/564 1065/572/568 1059/573/569 1057/569/565
f 1067/574/570 1064/570/566 864/410/410 861/409/409
f 1067/574/570 861/409/409 862/408/408 1068/575/571
f 1067/574/570 1068/575/571 1070/576/572 1069/577/573
f 1067/574/570 1069/577/573 1066/571/567 1064/570/566
f 1071/578/574 1075/579/575 1066/571/567 1069/577/573
f 1071/578/574 1069/577/573 1070/576/572 1072/580/576
f 1071/578/574 1072/580/576 1074/581/577 1073/582/578
f 1077/583/579 894/442/438 892/440/436 1078/584/580
f 1077/583/579 1078/584/580 1080/585/581 1079/586/582
f 1081/587/583 1078/584/580 892/440/436 890/439/435
f 1081/587/583 890/439/435 670/438/255 895/588/584
f 1081/587/583 1082/589/585 1080/585/581 1078/584/580
f 1083/590/586 1084/591/587 1080/585/581 1082/589/585
f 1086/592/588 1079/586/582 1080/585/581 1084/591/587
f 1098/593/589 1099/594/590 1091/595/591 1090/596/592
f 1100/597/593 1097/598/594 902/464/460 918/463/459
f 1100/597/593 918/463/459 916/460/456 1101/599/595
f 1102/600/596 1101/599/595 916/460/456 913/459/455
f 1108/601/597 931/476/472 932/475/471 1109/602/598
f 1108/601/597 1109/602/598 1111/603/599 1110/604/600
f 1112/605/601 1109/602/598 932/475/471 938/480/476
f 1112/605/601 938/480/476 936/479/475 1113/606/602
f 1112/605/601 1113/606/602 1115/607/603 1114/608/604
f 1112/605/601 1114/608/604 1111/603/599 1109/602/598
f 1117/609/605 1114/608/604 1115/607/603 1116/610/606
f 1119/611/607 1120/612/608 1122/613/609 1121/614/610
f 1123/615/611 1121/614/610 1122/613/609 1124/616/612
f 1132/617/613 1124/616/612 1122/613/609 1127/618/614
f 1132/617/613 1127/618/614 1128/619/615 1130/620/616
f 1132/617/613 1130/620/616 1131/621/617 1133/622/618
f 1143/623/619 988/515/511 986/512/508 1144/624/620
f 1146/625/621 1144/624/620 986/512/508 983/511/507
f 1146/625/621 983/511/507 984/510/506 1147/626/622
f 1146/625/621 1147/626/622 1149/627/623 1148/628/624
f 1158/629/625 1008/630/626 1006/631/627 1159/632/628
f 1158/629/625 1159/632/628 1161/633/629 1160/634/630
f 1162/635/631 1159/632/628 1006/631/627 1004/636/632
f 1162/635/631 1004/636/632 1005/637/633 1163/638/634
f 1162/635/631 1163/638/634 1165/639/635 1164/640/636
f 1162/635/631 1164/640/636 1161/633/629 1159/632/628
f 1166/641/637 1164/640/636 1165/639/635 1167/642/638
f 1174/643/639 1175/644/640 1177/645/641 1176/646/642
f 1179/647/643 1170/648/644 1169/649/645 1171/650/646
f 1179/647/643 1171/650/646 1172/651/647 1178/652/648
f 1189/653/649 1190/654/650 1192/655/651 1191/656/652
f 1193/657/653 1191/656/652 1192/655/651 1194/658/654
f 1193/657/653 1194/658/654 1188/659/655 1186/660/656
f 1195/661/657 1054/565/561 1055/564/560 1196/662/658
f 1198/663/659 1196/662/658 1055/564/560 1062/567/563
f 1198/663/659 1199/664/660 1197/665/661 1196/662/658
f 1219/666/662 1221/667/663 1214/668/664 1218/669/665
f 1219/666/662 1220/670/666 1222/671/667 1221/667/663
f 1223/672/668 1224/673/669 1216/674/670 1213/675/671
f 1223/672/668 1213/675/671 1214/668/664 1221/667/663
f 1228/676/672 1229/677/673 1231/678/674 1230/679/675
f 1235/680/676 1234/681/677 1106/682/678 1104/683/679
f 1235/680/676 1104/683/679 1105/684/680 1236/685/681
f 1244/686/682 1245/687/683 1247/688/684 1246/689/685
f 1258/690/686 1259/691/687 1256/692/688 1257/693/689
f 1270/694/690 1155/695/691 1156/696/692 1271/697/693
f 1297/698/694 1295/699/695 1296/700/696 1298/701/697
f 1300/702/698 1298/701/697 1296/700/696 1299/703/699
f 1306/704/700 1307/705/701 1309/706/702 1308/707/703
f 1306/704/700 1308/707/703 1311/708/704 1310/709/705
f 1312/710/706 1310/709/705 1311/708/704 1313/711/707
f 1319/712/708 1320/713/709 1322/714/710 1321/715/711
f 1319/712/708 1321/715/711 1318/716/712 1317/717/713
f 1333/718/714 1334/719/715 1336/720/716 1335/721/717
f 1373/722/718 1263/723/719 1264/724/720 1374/725/721
f 1373/722/718 1374/725/721 1376/726/722 1375/727/723
f 1377/728/724 1375/727/723 1376/726/722 1378/729/725
f 1377/728/724 1378/729/725 1380/730/726 1379/731/727
f 1391/732/728 1387/733/729 1278/734/730 1281/735/731
f 1391/732/728 1281/735/731 1280/736/732 1392/737/733
f 1393/738/734 1392/737/733 1280/736/732 1279/739/735
f 1397/740/736 1398/741/737 1401/742/738 1400/743/739
f 1402/744/740 1400/743/739 1401/742/738 1403/745/741
f 1407/746/742 1404/747/743 1292/748/744 1294/749/745
f 1410/750/746 1412/751/747 1409/752/748 1408/753/749
f 1423/754/750 1421/755/751 1422/756/752 1424/757/753
f 1431/758/754 1424/757/753 1422/756/752 1426/759/755
f 1431/758/754 1426/759/755 1427/760/756 1429/761/757
f 1436/762/758 1324/763/759 1325/764/760 1437/765/761
f 1436/762/758 1437/765/761 1439/766/762 1438/767/763
f 1440/768/764 1438/767/763 1439/766/762 1441/769/765
f 1445/770/766 1446/771/767 1448/772/768 1447/773/769
f 1449/774/770 1441/769/765 1439/766/762 1444/775/771
f 1451/776/772 1450/777/773 1328/778/774 1326/779/775
f 1451/776/772 1326/779/775 1327/780/776 1452/781/777
f 1460/782/778 1459/783/779 1338/784/780 1337/785/781
f 1496/786/782 1379/731/727 1380/730/726 1497/787/783
f 1528/788/784 1526/789/785 1527/790/786 1529/791/787
f 1531/792/788 1532/793/789 1534/794/790 1533/795/791
f 1537/796/792 1536/797/793 1419/798/794 1416/799/795
f 1537/796/792 1416/799/795 1417/800/796 1538/801/797
f 1540/802/798 1538/801/797 1417/800/796 1425/803/799
f 1540/802/798 1541/804/800 1539/805/801 1538/801/797
f 1558/806/802 1560/807/803 1557/808/804 1555/809/805
f 1624/810/806 1625/811/807 1627/812/808 1626/813/809
f 1634/814/810 1635/815/811 1637/816/812 1636/817/813
f 1644/818/814 1645/819/815 1643/820/816 1642/821/817
f 1661/822/818 1550/823/819 1549/824/820 1662/825/821
f 1664/826/822 1662/825/821 1549/824/820 1548/827/823
f 1664/826/822 1665/828/824 1663/829/825 1662/825/821
f 1666/830/826 1669/831/827 1663/829/825 1665/828/824
f 1666/830/826 1667/832/828 1670/833/829 1669/831/827
f 1690/834/830 1686/835/831 1572/836/832 1580/837/833
f 1690/834/830 1691/838/834 1687/839/835 1686/835/831
f 1693/840/836 1688/841/837 1687/839/835 1691/838/834
f 1693/840/836 1694/842/838 1689/843/839 1688/841/837
f 1753/844/840 1631/845/841 1629/846/842 1754/847/843
f 1788/848/844 1787/849/845 1670/833/829 1667/832/828
f 1794/850/846 1795/851/847 1793/852/848 1792/853/849
f 1804/854/850 1805/855/851 1803/856/852 1802/857/853
f 1811/858/854 1807/859/855 1808/860/856 1809/861/857
f 1814/862/858 1812/863/859 1813/864/860 1815/865/861
f 1847/866/862 1845/867/863 1846/868/864 1848/869/865
f 1875/870/866 1876/871/867 1874/872/868 1873/873/869
f 1880/874/870 1878/875/871 1751/876/872 1749/877/873
f 1880/874/870 1749/877/873 1750/878/874 1881/879/875
f 1880/874/870 1881/879/875 1883/880/876 1882/881/877
f 1880/874/870 1882/881/877 1879/882/878 1878/875/871
f 1884/883/879 1887/884/880 1879/882/878 1882/881/877
f 1884/883/879 1882/881/877 1883/880/876 1885/885/881
f 1884/883/879 1886/886/882 1888/887/883 1887/884/880
f 1899/888/884 1768/889/885 1767/890/886 1900/891/887
f 1902/892/888 1900/891/887 1767/890/886 1766/893/889
f 1902/892/888 1903/894/890 1901/895/891 1900/891/887
f 1904/896/892 1907/897/893 1901/895/891 1903/894/890
f 1904/896/892 1905/898/894 1908/899/895 1907/897/893
f 1917/900/896 1911/901/897 1912/902/898 1916/903/899
f 1920/904/900 1921/905/901 1915/906/902 1914/907/903
f 1941/908/904 1943/909/905 1938/910/906 1940/911/907
f 1941/908/904 1942/912/908 1944/913/909 1943/909/905
f 1959/914/910 1960/915/911 1962/916/912 1961/917/913
f 1963/918/914 1961/917/913 1962/916/912 1964/919/915
f 1974/920/916 1833/921/917 1834/922/918 1975/923/919
f 2005/924/920 2006/925/921 2008/926/922 2007/927/923
f 2010/928/924 1862/929/925 1860/930/926 2011/931/927
f 2016/932/928 2017/933/929 2014/934/930 2013/935/931
f 2018/936/932 2015/937/933 2014/934/930 2017/933/929
f 2023/938/934 2021/939/935 2022/940/936 2024/941/937
f 2043/942/938 2044/943/939 2046/944/940 2045/945/941
f 2051/946/942 2052/947/943 2050/948/944 2048/949/945
f 2053/950/946 2056/951/947 2050/948/944 2052/947/943
f 2053/950/946 2054/952/948 2057/953/949 2056/951/947
f 2069/954/950 2065/955/951 2066/956/952 2067/957/953
f 2071/958/954 1929/959/955 1930/960/956 2072/961/957
f 2083/962/958 2081/963/959 1944/913/909 1942/912/908
f 2085/964/960 2086/965/961 2088/966/962 2087/967/963
f 2089/968/964 2087/967/963 2088/966/962 2090/969/965
f 2089/968/964 2090/969/965 2092/970/966 2091/971/967
f 2099/972/968 2097/973/969 1962/916/912 1960/915/911
f 2099/972/968 2100/974/970 2098/975/971 2097/973/969
f 2114/976/972 2111/977/973 2112/978/974 2113/979/975
f 2121/980/976 2123/981/977 2119/982/978 2120/983/979
f 2133/984/980 2134/985/981 2136/986/982 2135/987/983
f 2141/988/984 2142/989/985 2138/990/986 2137/991/987
f 2144/992/988 2139/993/989 2138/990/986 2142/989/985
f 2144/992/988 2145/994/990 2140/995/991 2139/993/989
f 2161/996/992 2159/997/993 2026/998/994 2025/999/995
f 2161/996/992 2162/1000/996 2160/1001/997 2159/997/993
f 2164/1002/998 2166/1003/999 2160/1001/997 2162/1000/996
f 2234/1004/1000 2233/1005/1001 2094/1006/1002 2095/1007/1003
f 2234/1004/1000 2095/1007/1003 2096/1008/1004 2235/1009/1005
f 2253/1010/1006 2251/1011/1007 2252/1012/1008 2254/1013/1009
f 2253/1010/1006 2254/1013/1009 2256/1014/1010 2255/1015/1011
f 2266/1016/1012 2267/1017/1013 2269/1018/1014 2268/1019/1015
f 2280/1020/1016 2281/1021/1017 2283/1022/1018 2282/1023/1019
f 2302/1024/1020 2299/1025/1021 2298/1026/1022 2301/1027/1023
f 2302/1024/1020 2303/1028/1024 2300/1029/1025 2299/1025/1021
f 2306/1030/1026 2304/1031/1027 2169/1032/1028 2168/1033/1029
f 2306/1030/1026 2307/1034/1030 2305/1035/1031 2304/1031/1027
f 2308/1036/1032 2310/1037/1033 2305/1035/1031 2307/1034/1030
f 2316/1038/1034 2317/1039/1035 2313/1040/1036 2312/1041/1037
f 2336/1042/1038 2332/1043/1039 2333/1044/1040 2334/1045/1041
f 2336/1042/1038 2334/1045/1041 2335/1046/1042 2337/1047/1043
f 2338/1048/1044 2206/1049/1045 2207/1050/1046 2339/1051/1047
f 2366/1052/1048 2364/1053/1049 2365/1054/1050 2367/1055/1051
f 2373/1056/1052 2375/1057/1053 2372/1058/1054 2371/1059/1055
f 2376/1060/1056 2380/1061/1057 2372/1058/1054 2375/1057/1053
f 2376/1060/1056 2378/1062/1058 2381/1063/1059 2380/1061/1057
f 2386/1064/1060 2255/1015/1011 2256/1014/1010 2387/1065/1061
f 2393/1066/1062 2396/1067/1063 2390/1068/1064 2391/1069/1065
f 2393/1066/1062 2394/1070/1066 2397/1071/1067 2396/1067/1063
f 2404/1072/1068 2402/1073/1069 2269/1018/1014 2267/1017/1013
f 2420/1074/1070 2418/1075/1071 2283/1022/1018 2281/1021/1017
f 2420/1074/1070 2421/1076/1072 2419/1077/1073 2418/1075/1071
f 2424/1078/1074 2425/1079/1075 2427/1080/1076 2426/1081/1077
f 2434/1082/1078 2430/1083/1079 2429/1084/1080 2433/1085/1081
f 2434/1082/1078 2435/1086/1082 2431/1087/1083 2430/1083/1079
f 2439/1088/1084 2440/1089/1085 2437/1090/1086 2438/1091/1087
f 2443/1092/1088 2441/1093/1089 2300/1029/1025 2303/1028/1024
f 2447/1094/1090 2448/1095/1091 2450/1096/1092 2449/1097/1093
f 2451/1098/1094 2448/1095/1091 2315/1099/1095 2314/1100/1096
f 2451/1098/1094 2452/1101/1097 2450/1096/1092 2448/1095/1091
f 2453/1102/1098 2454/1103/1099 2450/1096/1092 2452/1101/1097
f 2455/1104/1100 2449/1097/1093 2450/1096/1092 2454/1103/1099
f 2468/1105/1101 2463/1106/1102 2464/1107/1103 2466/1108/1104
f 2473/1109/1105 2474/1110/1106 2476/1111/1107 2475/1112/1108
f 2483/1113/1109 2484/1114/1110 2486/1115/1111 2485/1116/1112
f 2487/1117/1113 2485/1116/1112 2486/1115/1111 2488/1118/1114
f 2496/1119/1115 2494/1120/1116 2495/1121/1117 2497/1122/1118
f 2505/1123/1119 2367/1055/1051 2365/1054/1050 2506/1124/1120
f 2505/1123/1119 2506/1124/1120 2508/1125/1121 2507/1126/1122
f 2514/1127/1123 2515/1128/1124 2512/1129/1125 2511/1130/1126
f 2518/1131/1127 2519/1132/1128 2517/1133/1129 2516/1134/1130
f 2520/1135/1131 2522/1136/1132 2517/1133/1129 2519/1132/1128
f 2520/1135/1131 2521/1137/1133 2523/1138/1134 2522/1136/1132
f 2533/1139/1135 2535/1140/1136 2531/1141/1137 2532/1142/1138
f 2533/1139/1135 2534/1143/1139 2536/1144/1140 2535/1140/1136
f 2539/1145/1141 2537/1146/1142 2400/1147/1143 2408/1148/1144
f 2539/1145/1141 2540/1149/1145 2538/1150/1146 2537/1146/1142
f 2552/1151/1147 2553/1152/1148 2550/1153/1149 2548/1154/1150
f 2554/1155/1151 2551/1156/1152 2550/1153/1149 2553/1152/1148
f 2557/1157/1153 2555/1158/1154 2427/1080/1076 2425/1079/1075
f 2557/1157/1153 2558/1159/1155 2556/1160/1156 2555/1158/1154
f 2569/1161/1157 2565/1162/1158 2564/1163/1159 2568/1164/1160
f 2569/1161/1157 2570/1165/1161 2566/1166/1162 2565/1162/1158
f 2577/1167/1163 2578/1168/1164 2580/1169/1165 2579/1170/1166
f 2585/1171/1167 2586/1172/1168 2584/1173/1169 2583/1174/1170
f 2587/1175/1171 2588/1176/1172 2584/1173/1169 2586/1172/1168
f 2594/1177/1173 2595/1178/1174 2597/1179/1175 2596/1180/1176
f 2599/1181/1177 2475/1112/1108 2476/1111/1107 2600/1182/1178
f 2611/1183/1179 2609/1184/1180 2610/1185/1181 2612/1186/1182
f 2617/1187/1183 2497/1122/1118 2495/1121/1117 2618/1188/1184
f 2623/1189/1185 2624/1190/1186 2626/1191/1187 2625/1192/1188
f 2627/1193/1189 2625/1192/1188 2626/1191/1187 2628/1194/1190
f 2635/1195/1191 2631/1196/1192 2512/1129/1125 2515/1128/1124
f 2638/1197/1193 2639/1198/1194 2637/1199/1195 2636/1200/1196
f 2643/1201/1197 2644/1202/1198 2640/1203/1199 2642/1204/1200
f 2659/1205/1201 2660/1206/1202 2662/1207/1203 2661/1208/1204
f 2663/1209/1205 2661/1208/1204 2662/1207/1203 2664/1210/1206
f 2665/1211/1207 2666/1212/1208 2662/1207/1203 2660/1206/1202
f 2669/1213/1209 2664/1210/1206 2662/1207/1203 2666/1212/1208
f 2675/1214/1210 2676/1215/1211 2678/1216/1212 2677/1217/1213
f 2682/1218/1214 2683/1219/1215 2680/1220/1216 2679/1221/1217
f 2684/1222/1218 2681/1223/1219 2680/1220/1216 2683/1219/1215
f 2693/1224/1220 2691/1225/1221 2692/1226/1222 2694/1227/1223
f 2693/1224/1220 2694/1227/1223 2696/1228/1224 2695/1229/1225
f 2698/1230/1226 2575/1231/1227 2574/1232/1228 2699/1233/1229
f 2698/1230/1226 2699/1233/1229 2701/1234/1230 2700/1235/1231
f 2715/1236/1232 2716/1237/1233 2718/1238/1234 2717/1239/1235
f 2719/1240/1236 2591/1241/1237 2592/1242/1238 2720/1243/1239
f 2722/1244/1240 2723/1245/1241 2725/1246/1242 2724/1247/1243
f 2730/1248/1244 2602/1249/1245 2603/1250/1246 2731/1251/1247
f 2741/1252/1248 2738/1253/1249 2737/1254/1250 2740/1255/1251
f 2741/1252/1248 2742/1256/1252 2739/1257/1253 2738/1253/1249
f 2745/1258/1254 2743/1259/1255 2616/1260/1256 2615/1261/1257
f 2745/1258/1254 2746/1262/1258 2744/1263/1259 2743/1259/1255
f 2765/1264/1260 2763/1265/1261 2633/1266/1262 2632/1267/1263
f 2765/1264/1260 2766/1268/1264 2764/1269/1265 2763/1265/1261
f 2767/1270/1266 2768/1271/1267 2764/1269/1265 2766/1268/1264
f 2774/1272/1268 2770/1273/1269 2637/1199/1195 2639/1198/1194
f 2784/1274/1270 2782/1275/1271 2650/1276/1272 2654/1277/1273
f 2791/1278/1274 2667/1279/1275 2668/1280/1276 2792/1281/1277
f 2791/1278/1274 2792/1281/1277 2794/1282/1278 2793/1283/1279
f 2796/1284/1280 2792/1281/1277 2668/1280/1276 2672/1285/1281
f 2796/1284/1280 2797/1286/1282 2794/1282/1278 2792/1281/1277
f 2805/1287/1283 2806/1288/1284 2808/1289/1285 2807/1290/1286
f 2812/1291/1287 2689/1292/1288 2688/1293/1289 2813/1294/1290
f 2817/1295/1291 2815/1296/1292 2816/1297/1293 2818/1298/1294
f 2820/1299/1295 2821/1300/1296 2823/1301/1297 2822/1302/1298
f 2824/1303/1299 2822/1302/1298 2823/1301/1297 2825/1304/1300
f 2827/1305/1301 2708/1306/1302 2707/1307/1303 2828/1308/1304
f 2827/1305/1301 2828/1308/1304 2830/1309/1305 2829/1310/1306
f 2843/1311/1307 2844/1312/1308 2846/1313/1309 2845/1314/1310
f 2843/1311/1307 2845/1314/1310 2842/1315/1311 2841/1316/1312
f 2855/1317/1313 2853/1318/1314 2854/1319/1315 2856/1320/1316
f 2855/1317/1313 2856/1320/1316 2858/1321/1317 2857/1322/1318
f 2863/1323/1319 2861/1324/1320 2736/1325/1321 2735/1326/1322
f 2865/1327/1323 2866/1328/1324 2868/1329/1325 2867/1330/1326
f 2875/1331/1327 2870/1332/1328 2869/1333/1329 2873/1334/1330
f 2877/1335/1331 2750/1336/1332 2751/1337/1333 2878/1338/1334
f 2877/1335/1331 2878/1338/1334 2880/1339/1335 2879/1340/1336
f 2882/1341/1337 2883/1342/1338 2885/1343/1339 2884/1344/1340
f 2894/1345/1341 2895/1346/1342 2893/1347/1343 2892/1348/1344
f 2898/1349/1345 2896/1350/1346 2773/1351/1347 2772/1352/1348
f 2898/1349/1345 2899/1353/1349 2897/1354/1350 2896/1350/1346
f 2924/1355/1351 2920/1356/1352 2921/1357/1353 2922/1358/1354
f 2924/1355/1351 2922/1358/1354 2923/1359/1355 2925/1360/1356
f 2926/1361/1357 2798/1362/1358 2799/1363/1359 2927/1364/1360
f 2939/1365/1361 2935/1366/1362 2936/1367/1363 2937/1368/1364
f 2939/1365/1361 2937/1368/1364 2938/1369/1365 2940/1370/1366
f 2941/1371/1367 2810/1372/1368 2811/1373/1369 2942/1374/1370
f 2941/1371/1367 2942/1374/1370 2944/1375/1371 2943/1376/1372
f 2952/1377/1373 2950/1378/1374 2951/1379/1375 2953/1380/1376
f 2952/1377/1373 2953/1380/1376 2948/1381/1377 2947/1382/1378
f 2959/1383/1379 2835/1384/1380 2834/1385/1381 2960/1386/1382
f 2971/1387/1383 2969/1388/1384 2847/1389/1385 2851/1390/1386
f 2971/1387/1383 2851/1390/1386 2850/1391/1387 2972/1392/1388
f 2977/1393/1389 2980/1394/1390 2975/1395/1391 2976/1396/1392
f 2977/1393/1389 2978/1397/1393 2981/1398/1394 2980/1394/1390
f 2985/1399/1395 2986/1400/1396 2983/1401/1397 2982/1402/1398
f 2989/1403/1399 2987/1404/1400 2868/1329/1325 2866/1328/1324
f 2993/1405/1401 2994/1406/1402 2997/1407/1403 2996/1408/1404
f 3002/1409/1405 3001/1410/1406 2885/1343/1339 2883/1342/1338
f 3005/1411/1407 3004/1412/1408 2893/1413/1343 2895/1414/1342
f 3009/1415/1409 3007/1416/1410 3008/1417/1411 3010/1418/1412
f 3009/1415/1409 3010/1418/1412 3012/1419/1413 3011/1420/1414
f 3013/1421/1415 2904/1422/1416 2903/1423/1417 3014/1424/1418
f 3016/1425/1419 3014/1424/1418 2903/1423/1417 2902/1426/1420
f 3022/1427/1421 3020/1428/1422 3021/1429/1423 3023/1430/1424
f 3022/1427/1421 3023/1430/1424 3025/1431/1425 3024/1432/1426
f 3027/1433/1427 3028/1434/1428 3030/1435/1429 3029/1436/1430
f 3032/1437/1431 3029/1436/1430 3030/1435/1429 3031/1438/1432
f 3037/1439/1433 3038/1440/1434 3040/1441/1435 3039/1442/1436
f 3041/1443/1437 3042/1444/1438 3044/1445/1439 3043/1446/1440
f 3046/1447/1441 3043/1446/1440 3044/1445/1439 3045/1448/1442
f 3047/1449/1443 2931/1450/1444 2932/1451/1445 3048/1452/1446
f 3054/1453/1447 3052/1454/1448 3051/1455/1449 3053/1456/1450
f 3057/1457/1451 3055/1458/1452 2946/1459/1453 2945/1460/1454
f 3057/1457/1451 3058/1461/1455 3056/1462/1456 3055/1458/1452
f 3066/1463/1457 3067/1464/1458 3065/1465/1459 3064/1466/1460
f 3070/1467/1461 3071/1468/1462 3073/1469/1463 3072/1470/1464
f 3070/1467/1461 3072/1470/1464 3069/1471/1465 3068/1472/1466
f 3078/1473/1467 2964/1474/1468 2962/1475/1469 3079/1476/1470
f 3082/1477/1471 3083/1478/1472 3081/1479/1473 3080/1480/1474
f 3086/1481/1475 3087/1482/1476 3085/1483/1477 3084/1484/1478
f 3088/1485/1479 3089/1486/1480 3085/1483/1477 3087/1482/1476
f 3093/1487/1481 3090/1488/1482 2973/1489/1483 2974/1490/1484
f 3102/1491/1485 3103/1492/1486 3099/1493/1487 3101/1494/1488
f 3106/1495/1489 3107/1496/1490 3105/1497/1491 3104/1498/1492
f 3113/1499/1493 3114/1500/1494 3116/1501/1495 3115/1502/1496
f 3117/1503/1497 3115/1502/1496 3116/1501/1495 3118/1504/1498
f 3120/1505/1499 3121/1506/1500 3116/1501/1495 3114/1500/1494
f 3124/1507/1501 3118/1504/1498 3116/1501/1495 3121/1506/1500
f 3137/1508/1502 3135/1509/1503 3136/1510/1504 3138/1511/1505
f 3140/1512/1506 3019/1513/1507 3018/1514/1508 3141/1515/1509
f 3140/1512/1506 3141/1515/1509 3143/1516/1510 3142/1517/1511
f 3147/1518/1512 3145/1519/1513 3146/1520/1514 3148/1521/1515
f 3149/1522/1516 3150/1523/1517 3152/1524/1518 3151/1525/1519
f 3153/1526/1520 3151/1525/1519 3152/1524/1518 3154/1527/1521
f 3167/1528/1522 3168/1529/1523 3170/1530/1524 3169/1531/1525
f 3167/1528/1522 3169/1531/1525 3165/1532/1526 3164/1533/1527
f 3184/1534/1528 3177/1535/1529 3176/1536/1530 3181/1537/1531
f 3184/1534/1528 3181/1537/1531 3182/1538/1532 3183/1539/1533
f 3196/1540/1534 3192/1541/1535 3191/1542/1536 3195/1543/1537
f 3196/1540/1534 3197/1544/1538 3193/1545/1539 3192/1541/1535
f 3200/1546/1540 3198/1547/1541 3077/1548/1542 3076/1549/1543
f 3200/1546/1540 3201/1550/1544 3199/1551/1545 3198/1547/1541
f 3205/1552/1546 3202/1553/1547 3081/1479/1473 3083/1478/1472
f 3209/1554/1548 3210/1555/1549 3207/1556/1550 3206/1557/1551
f 3213/1558/1552 3214/1559/1553 3212/1560/1554 3211/1561/1555
f 3215/1562/1556 3216/1563/1557 3212/1560/1554 3214/1559/1553
f 3219/1564/1558 3217/1565/1559 3094/1566/1560 3098/1567/1561
f 3227/1568/1562 3108/1569/1563 3109/1570/1564 3228/1571/1565
f 3227/1568/1562 3228/1571/1565 3230/1572/1566 3229/1573/1567
f 3231/1574/1568 3228/1571/1565 3109/1570/1564 3110/1575/1569
f 3231/1574/1568 3232/1576/1570 3230/1572/1566 3228/1571/1565
f 3241/1577/1571 3243/1578/1572 3238/1579/1573 3240/1580/1574
f 3241/1577/1571 3242/1581/1575 3244/1582/1576 3243/1578/1572
f 3245/1583/1577 3237/1584/1578 3238/1579/1573 3243/1578/1572
f 3245/1583/1577 3243/1578/1572 3244/1582/1576 3246/1585/1579
f 3249/1586/1580 3250/1587/1581 3248/1588/1582 3247/1589/1583
f 3257/1590/1584 3258/1591/1585 3260/1592/1586 3259/1593/1587
f 3261/1594/1588 3259/1593/1587 3260/1592/1586 3262/1595/1589
f 3261/1594/1588 3262/1595/1589 3264/1596/1590 3263/1597/1591
f 3265/1598/1592 3148/1521/1515 3146/1520/1514 3266/1599/1593
f 3268/1600/1594 3269/1601/1595 3271/1602/1596 3270/1603/1597
f 3275/1604/1598 3272/1605/1599 3157/1606/1600 3161/1607/1601
f 3275/1604/1598 3161/1607/1601 3160/1608/1602 3276/1609/1603
f 3275/1604/1598 3276/1609/1603 3278/1610/1604 3277/1611/1605
f 3275/1604/1598 3277/1611/1605 3273/1612/1606 3272/1605/1599
f 3289/1613/1607 3290/1614/1608 3287/1615/1609 3286/1616/1610
f 3292/1617/1611 3293/1618/1612 3295/1619/1613 3294/1620/1614
f 3299/1621/1615 3300/1622/1616 3298/1623/1617 3297/1624/1618
f 3303/1625/1619 3301/1626/1620 3190/1627/1621 3189/1628/1622
f 3303/1625/1619 3304/1629/1623 3302/1630/1624 3301/1626/1620
f 3314/1631/1625 3311/1632/1626 3310/1633/1627 3313/1634/1628
f 3314/1631/1625 3315/1635/1629 3312/1636/1630 3311/1632/1626
f 3318/1637/1631 3319/1638/1632 3317/1639/1633 3316/1640/1634
f 3323/1641/1635 3324/1642/1636 3326/1643/1637 3325/1644/1638
f 3327/1645/1639 3328/1646/1640 3326/1643/1637 3324/1642/1636
f 3329/1647/1641 3330/1648/1642 3326/1643/1637 3328/1646/1640
f 3331/1649/1643 3325/1644/1638 3326/1643/1637 3330/1648/1642
f 3334/1650/1644 3333/1651/1645 3222/1652/1646 3224/1653/1647
f 3335/1654/1648 3336/1655/1649 3338/1656/1650 3337/1657/1651
f 3343/1658/1652 3234/1659/1653 3235/1660/1654 3344/1661/1655
f 3343/1658/1652 3344/1661/1655 3346/1662/1656 3345/1663/1657
f 3351/1664/1658 3349/1665/1659 3350/1666/1660 3352/1667/1661
f 3353/1668/1662 3354/1669/1663 3356/1670/1664 3355/1671/1665
f 3358/1672/1666 3354/1669/1663 3251/1673/1667 3254/1674/1668
f 3358/1672/1666 3359/1675/1669 3356/1670/1664 3354/1669/1663
f 3375/1676/1670 3377/1677/1671 3372/1678/1672 3374/1679/1673
f 3375/1676/1670 3376/1680/1674 3378/1681/1675 3377/1677/1671
f 3383/1682/1676 3379/1683/1677 3279/1684/1678 3281/1685/1679
f 3383/1682/1676 3384/1686/1680 3380/1687/1681 3379/1683/1677
f 3385/1688/1682 3381/1689/1683 3380/1687/1681 3384/1686/1680
f 3395/1690/1684 3393/1691/1685 3295/1619/1613 3293/1618/1612
f 3395/1690/1684 3396/1692/1686 3394/1693/1687 3393/1691/1685
f 3399/1694/1688 3400/1695/1689 3402/1696/1690 3401/1697/1691
f 3408/1698/1692 3404/1699/1693 3403/1700/1694 3407/1701/1695
f 3408/1698/1692 3409/1702/1696 3405/1703/1697 3404/1699/1693
f 3412/1704/1698 3410/1705/1699 3309/1706/1700 3308/1707/1701
f 3412/1704/1698 3413/1708/1702 3411/1709/1703 3410/1705/1699
f 3416/1710/1704 3417/1711/1705 3419/1712/1706 3418/1713/1707
f 3433/1714/1708 3429/1715/1709 3430/1716/1710 3431/1717/1711
f 3433/1714/1708 3431/1717/1711 3432/1718/1712 3434/1719/1713
f 3446/1720/1714 3439/1721/1715 3438/1722/1716 3442/1723/1717
f 3446/1720/1714 3442/1723/1717 3443/1724/1718 3444/1725/1719
f 3446/1720/1714 3444/1725/1719 3445/1726/1720 3447/1727/1721
f 3446/1720/1714 3447/1727/1721 3440/1728/1722 3439/1721/1715
f 3448/1729/1723 3347/1730/1724 3348/1731/1725 3449/1732/1726
f 3448/1729/1723 3449/1732/1726 3451/1733/1727 3450/1734/1728
f 3452/1735/1729 3450/1734/1728 3451/1733/1727 3453/1736/1730
f 3454/1737/1731 3352/1667/1661 3350/1666/1660 3455/1738/1732
f 3472/1739/1733 3367/1740/1734 3368/1741/1735 3473/1742/1736
f 3482/1743/1737 3480/1744/1738 3378/1681/1675 3376/1680/1674
f 3482/1743/1737 3483/1745/1739 3481/1746/1740 3480/1744/1738
f 3492/1747/1741 3489/1748/1742 3488/1749/1743 3491/1750/1744
f 3498/1751/1745 3499/1752/1746 3501/1753/1747 3500/1754/1748
f 3512/1755/1749 3511/1756/1750 3405/1703/1697 3409/1702/1696
f 3519/1757/1751 3418/1713/1707 3419/1712/1706 3520/1758/1752
f 3519/1757/1751 3520/1758/1752 3522/1759/1753 3521/1760/1754
f 3526/1761/1755 3527/1762/1756 3529/1763/1757 3528/1764/1758
f 3530/1765/1759 3531/1766/1760 3533/1767/1761 3532/1768/1762
f 3536/1769/1763 3426/1770/1764 3427/1771/1765 3537/1772/1766
f 3536/1769/1763 3537/1772/1766 3539/1773/1767 3538/1774/1768
f 3540/1775/1769 3538/1774/1768 3539/1773/1767 3541/1776/1770
f 3550/1777/1771 3546/1778/1772 3547/1779/1773 3548/1780/1774
f 3561/1781/1775 3556/1782/1776 3440/1728/1722 3447/1727/1721
f 3561/1781/1775 3447/1727/1721 3445/1726/1720 3562/1783/1777
f 3561/1781/1775 3562/1783/1777 3564/1784/1778 3563/1785/1779
f 3561/1781/1775 3563/1785/1779 3557/1786/1780 3556/1782/1776
f 3574/1787/1781 3575/1788/1782 3577/1789/1783 3576/1790/1784
f 3584/1791/1785 3582/1792/1786 3583/1793/1787 3585/1794/1788
f 3584/1791/1785 3585/1794/1788 3587/1795/1789 3586/1796/1790
f 3616/1797/1791 3618/1798/1792 3615/1799/1793 3614/1800/1794
f 3633/1801/1795 3634/1802/1796 3636/1803/1797 3635/1804/1798
f 3633/1801/1795 3635/1804/1798 3638/1805/1799 3637/1806/1800
f 3639/1807/1801 3631/1808/1802 3632/1809/1803 3637/1806/1800
f 3639/1807/1801 3637/1806/1800 3638/1805/1799 3640/1810/1804
f 3678/1811/1805 3679/1812/1806 3681/1813/1807 3680/1814/1808
f 3678/1811/1805 3680/1814/1808 3683/1815/1809 3682/1816/1810
f 3687/1817/1811 3688/1818/1812 3681/1813/1807 3679/1812/1806
f 3712/1819/1813 3586/1796/1790 3587/1795/1789 3713/1820/1814
f 3712/1819/1813 3713/1820/1814 3715/1821/1815 3714/1822/1816
f 3712/1819/1813 3714/1822/1816 3710/1823/1817 3708/1824/1818
f 3716/1825/1819 3720/1826/1820 3710/1823/1817 3714/1822/1816
f 3716/1825/1819 3714/1822/1816 3715/1821/1815 3717/1827/1821
f 3716/1825/1819 3717/1827/1821 3719/1828/1822 3718/1829/1823
f 3721/1830/1824 3722/1831/1825 3711/1832/1826 3709/1833/1827
f 3721/1830/1824 3709/1833/1827 3710/1823/1817 3720/1826/1820
f 3723/1834/1828 3713/1820/1814 3587/1795/1789 3590/1835/1829
f 3723/1834/1828 3590/1835/1829 3589/1836/1830 3724/1837/1831
f 3723/1834/1828 3724/1837/1831 3726/1838/1832 3725/1839/1833
f 3723/1834/1828 3725/1839/1833 3715/1821/1815 3713/1820/1814
f 3727/1840/1834 3728/1841/1835 3730/1842/1836 3729/1843/1837
f 3731/1844/1838 3717/1827/1821 3715/1821/1815 3725/1839/1833
f 3731/1844/1838 3725/1839/1833 3726/1838/1832 3729/1843/1837
f 3731/1844/1838 3729/1843/1837 3730/1842/1836 3732/1845/1839
f 3731/1844/1838 3732/1845/1839 3719/1828/1822 3717/1827/1821
f 3740/1846/1840 3735/1847/1841 3736/1848/1842 3739/1849/1843
f 3742/1850/1844 3599/1851/1845 3600/1852/1846 3743/1853/1847
f 3742/1850/1844 3743/1853/1847 3745/1854/1848 3744/1855/1849
f 3746/1856/1850 3748/1857/1851 3741/1858/1852 3744/1855/1849
f 3746/1856/1850 3744/1855/1849 3745/1854/1848 3747/1859/1853
f 3750/1860/1854 3743/1853/1847 3600/1852/1846 3604/1861/1855
f 3750/1860/1854 3604/1861/1855 3603/1862/1856 3751/1863/1857
f 3750/1860/1854 3751/1863/1857 3753/1864/1858 3752/1865/1859
f 3750/1860/1854 3752/1865/1859 3745/1854/1848 3743/1853/1847
f 3755/1866/1860 3747/1859/1853 3745/1854/1848 3752/1865/1859
f 3755/1866/1860 3752/1865/1859 3753/1864/1858 3754/1867/1861
f 3763/1868/1862 3764/1869/1863 3766/1870/1864 3765/1871/1865
f 3767/1872/1866 3765/1871/1865 3766/1870/1864 3768/1873/1867
f 3770/1874/1868 3771/1875/1869 3773/1876/1870 3772/1877/1871
f 3770/1874/1868 3772/1877/1871 3766/1870/1864 3764/1869/1863
f 3775/1878/1872 3768/1873/1867 3766/1870/1864 3772/1877/1871
f 3775/1878/1872 3772/1877/1871 3773/1876/1870 3774/1879/1873
f 3783/1880/1874 3781/1881/1875 3782/1882/1876 3784/1883/1877
f 3791/1884/1878 3793/1885/1879 3787/1886/1880 3789/1887/1881
f 3791/1884/1878 3789/1887/1881 3790/1888/1882 3792/1889/1883
f 3794/1890/1884 3784/1883/1877 3782/1882/1876 3786/1891/1885
f 3794/1890/1884 3786/1891/1885 3787/1886/1880 3793/1885/1879
f 3795/1892/1886 3788/1893/1887 3629/1894/1888 3640/1810/1804
f 3795/1892/1886 3640/1810/1804 3638/1805/1799 3796/1895/1889
f 3795/1892/1886 3796/1895/1889 3798/1896/1890 3797/1897/1891
f 3795/1892/1886 3797/1897/1891 3790/1888/1882 3788/1893/1887
f 3799/1898/1892 3796/1895/1889 3638/1805/1799 3635/1804/1798
f 3799/1898/1892 3635/1804/1798 3636/1803/1797 3800/1899/1893
f 3799/1898/1892 3800/1899/1893 3802/1900/1894 3801/1901/1895
f 3799/1898/1892 3801/1901/1895 3798/1896/1890 3796/1895/1889
f 3803/1902/1896 3805/1903/1897 3798/1896/1890 3801/1901/1895
f 3803/1902/1896 3801/1901/1895 3802/1900/1894 3804/1904/1898
f 3806/1905/1899 3792/1889/1883 3790/1888/1882 3797/1897/1891
f 3806/1905/1899 3797/1897/1891 3798/1896/1890 3805/1903/1897
f 3809/1906/1900 3810/1907/1901 3812/1908/1902 3811/1909/1903
f 3814/1910/1904 3810/1907/1901 3648/1911/1905 3652/1912/1906
f 3814/1910/1904 3652/1912/1906 3650/1913/1907 3815/1914/1908
f 3821/1915/1909 3819/1916/1910 3665/1917/1911 3667/1918/1912
f 3821/1915/1909 3822/1919/1913 3824/1920/1914 3823/1921/1915
f 3821/1915/1909 3823/1921/1915 3820/1922/1916 3819/1916/1910
f 3825/1923/1917 3826/1924/1918 3824/1920/1914 3822/1919/1913
f 3834/1925/1919 3684/1926/1920 3683/1815/1809 3835/1927/1921
f 3834/1925/1919 3835/1927/1921 3837/1928/1922 3836/1929/1923
f 3838/1930/1924 3835/1927/1921 3683/1815/1809 3680/1814/1808
f 3838/1930/1924 3680/1814/1808 3681/1813/1807 3839/1931/1925
f 3838/1930/1924 3839/1931/1925 3841/1932/1926 3840/1933/1927
f 3838/1930/1924 3840/1933/1927 3837/1928/1922 3835/1927/1921
f 3842/1934/1928 3839/1931/1925 3681/1813/1807 3688/1818/1812
f 3842/1934/1928 3843/1935/1929 3841/1932/1926 3839/1931/1925
f 3849/1936/1930 3850/1937/1931 3852/1938/1932 3851/1939/1933
f 3849/1936/1930 3851/1939/1933 3848/1940/1934 3846/1941/1935
f 3853/1942/1936 3855/1943/1937 3848/1940/1934 3851/1939/1933
f 3853/1942/1936 3851/1939/1933 3852/1938/1932 3854/1944/1938
f 3856/1945/1939 3857/1946/1940 3852/1938/1932 3850/1937/1931
f 3860/1947/1941 3707/1948/1942 3705/1949/1943 3861/1950/1944
f 3860/1947/1941 3861/1950/1944 3863/1951/1945 3862/1952/1946
f 3864/1953/1947 3865/1954/1948 3863/1951/1945 3861/1950/1944
f 3866/1955/1949 3867/1956/1950 3863/1951/1945 3865/1954/1948
f 3866/1955/1949 3865/1954/1948 3711/1957/1826 3722/1958/1825
f 3868/1959/1951 3862/1952/1946 3863/1951/1945 3867/1956/1950
f 3905/1960/1952 3906/1961/1953 3908/1962/1954 3907/1963/1955
f 3911/1964/1956 3912/1965/1957 3914/1966/1958 3913/1967/1959
f 1639/1968/1960 1640/1969/1961 1767/890/886 1768/889/885
f 2636/1200/1196 2637/1199/1195 2635/1195/1191 2515/1128/1124
s 0
f 609/1970/1962 625/214/1963 603/1971/1964 602/195/1965
s 1
f 2765/1264/1260 2635/1970/1191 2766/1268/1264
s 0
f 2028/1970/1966 2030/1970/1966 2169/1970/1966 2165/1972/1967
s 1
f 638/223/223 639/1973/1968 643/228/228 641/227/227
f 2767/1270/1266 2892/1970/1344 2768/1271/1267
f 2892/1348/1344 2891/1974/1969 2768/1271/1267
f 2891/1974/1969 2769/1975/1970 2768/1271/1267
f 167/1970/1971 169/1976/1972 170/1970/1973 179/1970/1973
s 0
f 2761/1970/1974 2762/1970/1974 2769/1970/1974
s 1
f 2891/1974/1969 2893/1970/1343 2769/1975/1970
f 2908/1977/1975 2909/1978/1976 2906/1979/1977 2905/1980/1978
f 2633/1266/1262 2763/1265/1261 2634/1981/1979
s 0
f 2760/1982/1980 2510/1970/1981 2634/1981/1982
s 1
f 2510/1970/1983 2633/1266/1262 2634/1981/1979
s 0
f 2896/1350/1984 2892/1970/1985 2767/1270/1986
s 1
f 2632/1267/1263 2635/1970/1191 2765/1264/1260
f 2613/1983/1987 2616/1260/1256 2743/1259/1255 2614/1984/1988
f 2632/1267/1263 2631/1196/1192 2635/1195/1191
s 0
f 2637/1199/1989 2771/1970/1990 2773/1970/1990
s 1
f 2771/1985/1991 2772/1352/1348 2773/1351/1347
f 2897/1354/1350 3008/1970/1411 2896/1350/1346
f 50/1986/1992 46/1970/1993 47/1987/1994 48/1988/1995
f 2893/1970/1343 2891/1974/1969 2892/1348/1344
f 2888/1989/1996 2887/1990/1997 2890/1991/1998
f 3120/1505/1499 3114/1500/1494 3001/1410/1406 3002/1409/1405
f 2889/1992/1999 2761/1970/2000 2890/1970/1998
f 2893/1413/1343 3004/1412/1408 2890/1970/1998
f 3004/1412/1408 2888/1989/1996 2890/1991/1998
s 0
f 2889/1992/2001 2886/1993/2002 2761/1970/2003
s 1
f 2886/1993/2004 2760/1982/2005 2761/1994/2006
f 2758/1995/2007 2759/1996/2008 2760/1982/2009
f 2759/1996/2008 2510/1970/2010 2760/1982/2009
s 0
f 2886/1993/2011 2758/1995/2012 2760/1982/2013
f 2510/1970/2014 2631/1970/2014 2633/1266/2015
s 1
f 2631/1196/1192 2632/1267/1263 2633/1266/1262
f 2863/1323/1319 2735/1326/1322 2867/1330/1326 2868/1329/1325
f 2512/1129/1125 2631/1196/1192 2510/1970/2016
s 0
f 2759/1996/2017 2509/1970/2018 2510/1970/2018
f 2509/1970/2019 2370/1970/2019 2510/1970/2019
s 1
f 2370/1970/2020 2369/1997/2021 2510/1998/2016
f 2514/1127/1123 2636/1970/1196 2515/1128/1124
s 0
f 2514/1127/2022 2378/1970/2023 2636/1970/2023
s 1
f 2378/1062/1058 2379/1999/2024 2636/1970/2025
s 0
f 2379/1999/2026 2522/1970/2027 2636/1970/2027
s 1
f 2522/1136/1132 2523/1138/1134 2636/1970/1196
f 2523/1138/1134 2638/1197/1193 2636/1200/1196
f 2770/1273/1269 2771/1970/1991 2637/1199/1195
f 2770/1273/1269 2772/1352/1348 2771/1985/1991
f 2770/1273/1269 2774/1272/1268 2772/1352/1348
f 2774/1272/1268 2898/1349/1345 2772/1352/1348
f 2903/1423/1417 2904/1422/1416 2898/1970/1345
f 2904/1422/1416 2899/1353/1349 2898/1349/1345
f 1610/2000/2028 1608/2001/2029 1368/2002/2030 1369/2003/2031
f 2904/1422/1416 3013/1421/1415 2899/1353/1349
f 3013/1421/1415 2897/1354/1350 2899/1353/1349
s 0
f 3013/1421/2032 3008/1970/2033 2897/1354/2034
s 1
f 3007/1416/1410 2894/1970/1341 3008/1970/1411
f 3013/1421/2035 3010/1418/1412 3008/1417/1411
f 3007/1416/1410 2895/1346/1342 2894/1345/1341
f 3006/2004/2036 3005/1411/1407 2895/1414/1342
f 3658/2005/2037 3524/2006/2038 3528/1970/1758 3663/2007/2039
s 0
f 3128/1970/2040 3006/2004/2041 2895/1414/2042
f 2117/2008/2043 2261/1970/2044 2258/1970/2044 2259/2009/2045
f 3004/1412/2046 3003/1970/2047 2888/1989/2048
f 3506/2010/2049 3498/1751/2050 3497/2011/2051 3502/1970/2052
s 1
f 2757/1970/2053 2886/1993/2054 2887/1990/1997
f 2757/2012/2053 2755/2013/2055 2886/1993/2054
f 3923/1970/2056 3853/1942/1936 3854/1970/1938 3927/2014/2057
f 3005/1411/1407 3003/1970/2058 3004/1412/1408
f 2627/1193/1189 2628/1194/1190 2758/1995/2007
f 2628/1194/1190 2626/1191/1187 2758/1995/2007
f 2626/1191/1187 2759/1996/2008 2758/1995/2007
f 2626/1191/1187 2624/1190/1186 2759/1996/2008
s 0
f 2624/1190/2059 2507/1970/2060 2759/1996/2061
s 1
f 2507/1126/1122 2508/1125/1121 2759/1996/2062
f 2508/1125/1121 2509/2015/2063 2759/1996/2062
f 2370/2016/2020 2368/2017/2064 2369/1997/2021
f 2368/2017/2064 2241/1970/2065 2369/1997/2021
s 0
f 2788/1970/2066 2916/1970/2066 2786/1970/2066 2658/1970/2066
s 1
f 2381/1970/1059 2514/1127/1123 2511/1130/1126
f 2508/1125/1121 2506/1124/1120 2509/2015/2063
f 2506/1124/1120 2365/1054/1050 2509/2015/2063
s 0
f 2365/1054/2067 2368/1970/2068 2509/2015/2069
s 1
f 2368/2017/2064 2370/2016/2020 2509/1970/2070
f 2381/1063/1059 2513/2018/2071 2514/1127/1123
s 0
f 2513/2018/2072 2378/1970/2073 2514/1127/2074
s 1
f 2775/1970/2075 2639/1198/1194 2638/1197/1193
f 2523/1138/1134 2521/1137/1133 2638/1197/1193
s 0
f 2637/1199/2076 2773/1970/2077 2766/1268/2078 2635/1970/2077
s 1
f 2513/2018/2071 2381/1063/1059 2378/1062/1058
f 2376/1060/1056 2379/1999/2024 2378/1062/1058
f 2516/1134/1130 2517/1133/1129 2379/1970/2024
f 2517/1133/1129 2522/1136/1132 2379/1999/2024
f 2376/1060/1056 2375/1057/1053 2379/1999/2024
f 2375/1057/1053 2377/2019/2079 2379/1999/2024
f 2377/2019/2079 2516/1134/1130 2379/1970/2024
f 3061/2020/2080 3180/2021/2081 3181/1537/1531 3179/2022/2082
f 2901/2023/2083 2902/1426/1420 2903/1423/1417
s 0
f 2776/1970/2084 2901/2023/2085 2903/1423/2086
s 1
f 2775/2024/2075 2777/2025/2087 2776/2026/2088
f 2777/2025/2087 2900/2027/2089 2776/2026/2088
f 2900/2027/2089 2901/2023/2083 2776/1970/2088
f 3014/1424/1418 3015/2028/2090 3013/1421/1415
f 3015/2028/2090 3133/1970/2091 3013/1421/1415
s 0
f 3133/1970/2092 3010/1418/2093 3013/1421/2094
f 370/1970/2095 373/1970/2095 371/2029/2096 380/2030/2097
s 1
f 3128/1970/2098 3005/1411/1407 3006/2004/2036
f 552/2031/2099 309/19/19 314/18/18 553/2032/2100
f 1364/2033/2101 1363/2034/2102 1138/2035/2103 1142/2036/2104
s 0
f 595/2037/2105 598/1970/2106 599/193/2107 597/192/2106
s 1
f 2882/1341/1337 2757/1970/2053 2883/1970/1338
f 3125/2038/2108 3126/1970/2109 3003/2039/2058
s 0
f 3126/1970/2110 3123/1970/2110 3003/2039/2111
s 1
f 3420/2040/2112 3322/2041/2113 3423/1970/2114 3421/2042/2115
f 2756/2043/2116 2755/2013/2055 2757/2012/2053
f 2882/1341/1337 2756/2043/2116 2757/2012/2053
f 2756/2043/2116 2754/2044/2117 2755/2013/2055
s 0
f 2754/2044/2118 2630/1970/2119 2755/2013/2120
f 2630/1970/2121 2627/1970/2121 2755/2013/2122
s 1
f 2918/2045/2123 3033/2046/2124 2917/2047/2125 2916/2048/2126
f 2623/1189/1185 2504/2049/2127 2624/1190/1186
f 2504/2049/2127 2507/1970/1122 2624/1190/1186
f 2504/2049/2127 2505/1123/1119 2507/1126/1122
f 2365/1054/1050 2364/1053/1049 2368/1970/2128
s 0
f 3127/2050/2129 3125/1970/2130 3128/2051/2131 3129/2052/2132
f 2237/1970/2133 2240/1970/2133 2368/1970/2133
s 1
f 2240/2053/2134 2241/2054/2065 2368/2017/2064
f 2240/2053/2134 2239/2055/2135 2241/2054/2065
f 2239/2055/2135 2242/2056/2136 2241/2054/2065
f 2242/2056/2136 2372/1970/1054 2241/2054/2065
f 2372/1058/1054 2380/1061/1057 2241/2054/2065
f 2380/1061/1057 2381/1063/1059 2241/1970/2065
s 0
f 1174/643/2137 1172/1970/2138 1173/2057/2139 1175/644/2140
s 1
f 2780/2058/2141 2781/2059/2142 2778/2060/2143 2779/2061/2144
s 0
f 2377/2019/2145 2244/1970/2146 2516/1134/2147
s 1
f 2244/1970/2148 2518/1131/1127 2516/1134/1130
f 2373/1056/1052 2374/2062/2149 2375/1057/1053
s 0
f 2374/2062/2150 2377/2019/2151 2375/1057/2152
f 2374/2062/2153 2244/1970/2154 2377/2019/2155
s 1
f 2519/1132/1128 2640/1970/1199 2520/1135/1131
f 2900/2027/2089 2902/1426/1420 2901/2023/2083
f 2900/2027/2089 3016/1425/1419 2902/1426/1420
f 3017/2063/2156 3014/1424/1418 3016/1425/1419
s 0
f 311/2064/2157 152/2065/2158 301/2066/2159 312/22/2160
s 1
f 3018/1514/1508 3019/1513/1507 3016/1425/1419
f 3019/1513/1507 3017/2063/2156 3016/1425/1419
s 0
f 3017/2063/2161 3015/2028/2162 3014/1424/2163
f 2392/2067/2164 2395/2068/2165 2394/1070/2166 2393/1066/2167
f 2866/1328/2168 2992/2069/2169 2996/1408/2170 2989/1403/2171
f 1410/750/2172 1289/1970/2173 1295/699/2174 1411/2070/2175
f 3134/1970/2176 3135/1970/2176 3015/2028/2177
s 1
f 3135/1509/2178 3133/2071/2091 3015/2028/2090
s 0
f 2205/1970/2179 2338/1970/2179 2478/2072/2180 2334/1045/2181
f 3131/2073/2182 3012/1419/2183 3135/1509/2184
s 1
f 3134/2074/2185 3136/1510/1504 3135/1509/1503
f 3131/2073/2186 3011/1420/1414 3012/1419/1413
f 3131/2073/2186 3130/2075/2187 3011/1420/1414
s 0
f 3130/2075/2188 3129/1970/2189 3011/1420/2190
f 3937/1970/2191 3936/1970/2191 3932/1970/2191 112/1970/2191
f 3728/1841/2192 3871/1970/2193 3870/2076/2194 3730/1842/2195
s 1
f 3249/1586/1580 3127/2050/2196 3129/2052/2197
f 3127/2050/2196 3126/2077/2109 3125/2038/2108
f 2879/1340/1336 2880/1339/1335 2885/1970/1339
f 2775/2024/2075 2776/2026/2088 2774/1272/1268 2639/1198/1194
f 3001/1410/1406 3114/1970/1494 2885/1343/1339
f 3553/2078/2198 3548/1780/1774 3547/1779/1773 3552/2079/2199
f 2878/1338/1334 2751/1337/1333 2884/1344/1340
f 2751/1337/1333 2882/1341/1337 2884/1344/1340
f 2751/1337/1333 2749/2080/2200 2882/1341/1337
f 293/2081/2201 294/181/181 296/2082/2202 295/2083/2203
f 3121/1506/1500 3120/1505/1499 3002/1409/1405
f 3347/1730/1724 3246/1585/1579 3244/1582/1576 3348/1970/1725
f 2533/1139/1135 2655/2084/2204 2657/2085/2205 2534/1970/1139
f 3247/1589/1583 3122/2086/2206 3123/2087/2207
f 3122/2086/2206 3121/1970/1500 3123/1970/2207
f 3122/2086/2206 3124/1507/1501 3121/1506/1500
s 0
f 127/2088/2208 124/2089/2209 131/1970/2210 136/1970/2210
s 1
f 2621/2090/2211 2620/2091/2212 2754/2044/2117
s 0
f 2620/2091/2213 2501/1970/2214 2754/2044/2215
s 1
f 2501/2092/2216 2502/2093/2217 2754/2044/2218
s 0
f 2502/2093/2219 2622/1970/2220 2754/2044/2221
f 2622/1970/2222 2629/1970/2222 2754/2044/2223
s 1
f 2629/2094/2224 2630/2095/2225 2754/2044/2226
f 3422/2096/2227 3530/1765/1759 3532/1768/1762 3527/1762/1756
f 2622/2097/2228 2362/1970/2229 2623/1189/1185
s 0
f 2362/1970/2230 2503/1970/2230 2623/1189/2231
s 1
f 2503/2098/2232 2504/2049/2127 2623/1189/1185
f 2503/2098/2232 2505/1123/1119 2504/2049/2127
f 2503/2098/2232 2367/1055/1051 2505/1123/1119
f 2366/1052/1048 2363/2099/2233 2364/1053/1049
f 2363/2099/2233 2235/1970/1005 2364/1053/1049
f 2235/1009/1005 2096/1008/1004 2364/1053/1049
f 2095/2100/1003 2237/1970/2234 2096/1970/1004
f 2236/2101/2235 2238/2102/2236 2237/2103/2237
s 0
f 341/1970/2238 353/35/2239 342/1970/2238 343/2104/2240
s 1
f 2095/2100/1003 2094/2105/1002 2237/1970/2234
s 0
f 2094/2105/2241 1956/1970/2242 2237/1970/2242
f 170/1970/2243 339/1970/2243 338/1970/2243 175/1970/2243
s 1
f 2238/2102/2244 2242/2056/2136 2239/2055/2135
s 0
f 2238/2102/2245 2098/1970/2246 2242/2056/2247
f 2098/1970/2248 2371/1970/2248 2242/2056/2249
s 1
f 2371/1059/1055 2372/1058/1054 2242/2056/2136
s 0
f 3935/1970/2250 3933/1970/2250 3936/1970/2250 33/1970/2250
s 1
f 2361/1970/2251 2366/1052/1048 2367/1055/1051
f 3130/2075/2187 3131/2073/2186 3252/2106/2252 3129/2052/2197
f 2641/2107/2253 2642/1204/1200 2640/1203/1199
f 2760/1982/2005 2634/1981/1979 2762/1970/2254 2761/1994/2006
f 2243/2108/2255 2101/1970/2256 2244/2109/2257
s 0
f 2101/1970/2258 1969/1970/2258 2244/2109/2259
f 1969/1970/2260 2245/1970/2260 2244/2109/2261
s 1
f 2245/2110/2262 2246/2111/2263 2244/2109/2264
s 0
f 2246/2111/2265 2518/1131/2266 2244/1970/2267
f 2246/2111/2268 2383/1970/2269 2518/1131/2270
s 1
f 2383/1970/2271 2519/1132/1128 2518/1131/1127
f 3297/1624/1618 3298/1623/1617 3293/1618/1612 3292/1617/1611
s 0
f 2100/974/2272 2101/1970/2273 2373/1056/2274
f 2101/1970/2275 2243/2108/2276 2373/1056/2277
s 1
f 3019/1513/1507 3140/1512/1506 3017/2063/2156
f 2541/2112/2278 2543/2113/2279 2540/1149/1145 2539/1145/1141
f 2708/1306/1302 2827/1305/1301 2701/1234/1230 2699/1233/1229
f 2907/2114/2280 3018/1970/2281 2906/1970/1977
s 0
f 142/1970/2282 139/1970/2282 134/1970/2282 137/1970/2282
f 3024/1432/2283 3147/1970/2284 3018/1970/2284
f 3147/1970/2285 3144/1970/2285 3018/1970/2285
s 1
f 3144/1970/2286 3141/1515/1509 3018/1514/1508
f 374/2115/2287 375/43/43 377/2116/2288 372/1970/2289
s 0
f 2778/1970/2290 2908/1970/2290 2643/1201/2291
s 1
f 1734/2117/2292 1737/2118/2293 1494/2119/2294 1491/2120/2295
s 0
f 54/1970/2296 43/1970/2296 3943/1970/2296 45/1970/2296
f 3142/1517/2297 3139/1970/2298 3136/1970/2298
s 1
f 3257/1590/1584 3259/1593/1587 3138/1511/1505
f 3259/1593/1587 3137/1508/1502 3138/1511/1505
s 0
f 3259/1593/2299 3256/1970/2300 3137/1508/2301
f 3256/1970/2302 3255/1970/2302 3137/1508/2303
s 1
f 3255/2121/2304 3132/2122/2305 3137/1508/1502
s 0
f 2655/2084/2306 2661/1970/2307 2787/1970/2307 2657/2085/2308
s 1
f 1856/2123/2309 1605/2124/2310 1607/1970/2311 1858/2125/2312
f 3254/1674/1668 3253/2126/2313 3252/1970/2314
s 0
f 3253/2126/2315 3250/1970/2316 3252/2106/2317
f 3253/2126/2318 3251/1970/2319 3250/1970/2319
f 3251/1970/2320 3353/1970/2320 3250/1970/2320
s 1
f 3353/1970/1662 3248/1588/1582 3250/1587/1581
f 3247/1970/1583 3127/2050/2196 3249/1586/1580
f 3000/2127/2321 2999/2128/2322 2879/1340/2323
s 0
f 2999/2128/2324 2881/1970/2325 2879/1340/2326
s 1
f 2881/1970/2327 2877/1335/1331 2879/1340/1336
f 3113/1499/1493 3000/1970/2328 3114/1970/1494
f 2750/1336/1332 2749/2080/2200 2751/1337/1333
f 2750/1336/1332 2748/2129/2329 2749/2080/2200
f 2748/2129/2329 2621/1970/2211 2749/2080/2200
f 2621/2090/2211 2753/2130/2330 2749/2080/2200
s 0
f 3239/1970/2331 3118/1970/2331 3247/1970/2331
s 1
f 3118/1504/1498 3124/1507/1501 3247/1970/2332
s 0
f 3124/1507/2333 3122/2086/2334 3247/1589/2335
s 1
f 1934/2131/2336 1935/2132/2337 2078/2133/2338 2077/2134/2339
f 3239/2135/2340 3119/2136/2341 3118/1970/1498
f 3119/2136/2341 3117/1503/1497 3118/1504/1498
s 0
f 2748/2129/2342 2619/1970/2343 2621/1970/2343
s 1
f 2619/2137/2344 2620/2091/2212 2621/2090/2211
f 2619/2137/2344 2495/1970/1117 2620/2091/2212
s 0
f 2495/1970/2345 2356/1970/2345 2620/2091/2346
f 2356/1970/2347 2359/1970/2347 2620/2091/2348
f 2359/1970/2349 2501/1970/2349 2620/2091/2350
f 2359/1970/2351 2498/1970/2351 2501/1970/2351
s 1
f 2498/1970/2352 2500/2138/2353 2501/2092/2216
f 2500/2138/2353 2502/2093/2217 2501/2092/2216
f 2500/2138/2353 2499/2139/2354 2502/2093/2217
s 0
f 2499/2139/2355 2358/1970/2356 2502/2093/2357
f 2358/1970/2358 2362/1970/2358 2502/2093/2359
f 2362/1970/2360 2622/2097/2361 2502/2093/2362
f 2358/1970/2363 2499/2139/2364 2362/1970/2363
s 1
f 2499/2139/2365 2360/2140/2366 2362/2141/2367
f 2360/2140/2366 2361/2142/2368 2362/1970/2367
s 0
f 2361/1970/2369 2229/1970/2369 2366/1052/2370
s 1
f 635/220/220 632/219/219 634/2143/2371 637/2144/2372
s 0
f 2092/1970/2373 2234/1970/2373 2363/2099/2374
s 1
f 2234/1004/1000 2235/1009/1005 2363/2099/2233
s 0
f 1954/1970/2375 1952/1970/2375 2236/2101/2376
f 1952/1970/2377 1953/1970/2377 2236/2101/2378
f 1953/1970/2379 1964/1970/2379 2236/2101/2380
f 1964/1970/2381 2098/1970/2381 2236/2101/2382
s 1
f 2098/1970/2383 2238/2102/2236 2236/2101/2235
f 2233/1005/1001 2093/2145/2384 2094/2105/1002
f 2093/2145/2384 1955/1970/2385 2094/2105/1002
f 1955/2146/2385 1956/2147/2386 2094/2105/1002
f 1955/2146/2385 1951/1970/2387 1956/2147/2386
f 1951/2148/2387 1954/2149/2388 1956/1970/2386
f 1951/2148/2387 1952/2150/2389 1954/1970/2388
f 1964/1970/915 2097/973/969 2098/975/971
f 2360/2140/2366 2231/2151/2390 2361/2142/2368
f 2231/2151/2390 2230/2152/2391 2361/2142/2368
s 0
f 2230/2152/2392 2229/1970/2393 2361/1970/2393
s 1
f 2641/2107/2253 2525/1970/2394 2642/1204/1200
s 0
f 2525/1970/2395 2527/1970/2395 2642/1204/2396
f 71/2153/2397 65/1970/2398 69/1970/2398 75/1970/2398
s 1
f 2246/2111/2263 2382/2154/2399 2383/2155/2400
f 2382/2154/2399 2384/2156/2401 2383/2155/2400
f 2384/2156/2401 2524/1970/2402 2383/2155/2400
s 0
f 2524/1970/2403 2641/1970/2403 2383/1970/2403
f 2524/1970/2404 2525/1970/2404 2641/2107/2405
s 1
f 2100/974/970 2099/972/968 2101/1970/2406
f 2571/1970/2407 2439/1088/1084 2438/1970/1087 2442/2157/2408
s 0
f 1965/1970/2409 1969/1970/2409 2101/1970/2409
s 1
f 1965/1970/2410 1968/2158/2411 1969/2159/2412
f 1968/2158/2411 2102/1970/2413 1969/2159/2412
f 2102/2160/2413 2103/2161/2414 1969/2159/2412
s 0
f 2103/2161/2415 2247/1970/2416 1969/2159/2417
f 2247/1970/2418 2249/1970/2418 1969/2159/2419
s 1
f 2249/2162/2420 2245/2110/2262 1969/1970/2421
f 2249/2162/2420 2250/2163/2422 2245/2110/2262
f 2250/2163/2422 2382/2154/2399 2245/2110/2262
f 2382/2154/2399 2246/2111/2263 2245/2110/2262
f 2778/2060/2143 2781/2059/2142 2908/1970/1975
f 2781/2059/2142 2909/1978/1976 2908/1977/1975
s 0
f 2781/2059/2423 2912/1970/2424 2909/1978/2425
s 1
f 2912/1970/2426 2910/2164/2427 2909/1978/1976
s 0
f 2912/1970/2428 3020/1970/2428 2910/2164/2429
f 3020/1970/2430 2907/2114/2431 2910/2164/2432
s 1
f 3020/1428/1422 3022/1427/1421 2907/2114/2433
f 3025/1431/1425 3145/1970/1513 3024/1432/1426
f 3145/1519/1513 3147/1518/1512 3024/1432/1426
f 3148/1521/1515 3144/1970/2286 3147/1970/1512
f 3143/1516/1510 3141/1515/1509 3144/1970/2286
f 3148/1521/1515 3143/1516/1510 3144/2165/2286
f 2817/1295/1291 2818/1298/1294 2813/1294/1290 2688/1293/1289
f 3143/1516/1510 3258/1970/1585 3142/1517/1511
f 3258/1591/1585 3139/2166/2434 3142/1517/1511
f 3258/1591/1585 3257/1590/1584 3139/1970/2434
s 0
f 2785/1970/2435 3027/1970/2435 2913/2167/2436 2784/1970/2435
f 1193/657/2437 1183/1970/2438 1054/565/2439 1195/661/2440
f 3462/1970/2441 3255/1970/2441 3256/1970/2441
f 3462/1970/2442 3359/1970/2442 3255/1970/2442
s 1
f 3359/1675/1669 3358/1672/1666 3255/1970/2304
f 3251/1970/1667 3253/2126/2313 3254/1674/1668
f 3242/1581/1575 3241/1577/1571 3248/1970/1582
f 3241/1577/1571 3240/1580/1574 3248/1970/1582
s 0
f 3940/1970/2443 135/1970/2443 139/1970/2443 3942/1970/2443
s 1
f 3349/1665/1659 3351/1664/1658 3248/1588/1582
s 0
f 3351/1664/2444 3242/1581/2445 3248/1970/2446
s 1
f 3354/1669/1663 3353/1668/1662 3251/1970/1667
f 2998/2168/2447 2999/2128/2322 3000/2127/2321
s 0
f 3113/1499/2448 3111/1970/2449 3000/1970/2449
s 1
f 125/2169/2450 277/2170/2451 278/1970/2452 130/1970/2453
f 2998/2168/2447 2874/1970/2454 2999/2128/2322
f 50/1986/1992 48/1970/1995 53/1970/2455 54/2171/2456
f 2876/2172/2457 2881/2173/2327 2999/2128/2458
f 2876/2172/2457 2877/1335/1331 2881/1970/2327
f 2752/2174/2459 2750/1336/1332 2877/1335/1331
s 0
f 2876/2172/2460 2752/2174/2461 2877/1335/2462
s 1
f 885/430/430 893/1970/437 880/426/426 879/425/425
s 0
f 2618/1188/2463 2748/2129/2464 2750/1336/2465
s 1
f 3115/1502/1496 3111/1970/2466 3113/1499/1493
s 0
f 2618/1188/2467 2619/1970/2468 2748/2129/2469
s 1
f 3240/1580/1574 3238/1579/1573 3239/2135/2340
f 3371/2175/2470 3478/2176/2471 3370/2177/2472 3369/2178/2473
f 3117/1503/1497 3111/1970/2466 3115/1502/1496
f 3119/2136/2341 3236/1970/2474 3117/1503/1497
s 0
f 3236/1970/2475 3111/1970/2475 3117/1503/2476
s 1
f 2618/1188/1184 2495/1121/1117 2619/2137/2344
f 2494/1120/1116 2356/1970/2477 2495/1970/1117
f 2355/2179/2478 2499/1970/2479 2356/2180/2480
s 0
f 2499/1970/2481 2359/1970/2481 2356/1970/2481
f 2494/1120/2482 2357/1970/2483 2356/1970/2483
f 2357/1970/2484 2353/1970/2484 2356/1970/2484
s 1
f 2353/1970/2485 2355/2179/2478 2356/2180/2480
f 2499/2139/2354 2498/2181/2352 2359/1970/2486
f 2499/2139/2354 2500/2138/2353 2498/1970/2352
f 2355/2179/2478 2354/2182/2487 2499/1970/2479
s 0
f 2354/2182/2488 2226/1970/2489 2499/1970/2489
s 1
f 2226/2183/2490 2224/2184/2491 2499/1970/2492
s 0
f 2224/2184/2493 2230/1970/2494 2499/1970/2494
s 1
f 2230/2152/2391 2231/2151/2390 2499/1970/2365
f 2231/2151/2390 2360/2140/2366 2499/2139/2365
f 2228/2185/2495 2227/2186/2496 2229/2187/2497
f 2227/2186/2496 2091/1970/967 2229/2187/2497
f 2091/971/967 2092/970/966 2229/1970/2497
f 2230/2152/2498 2228/2185/2495 2229/2187/2497
f 2090/969/965 2232/1970/2499 2092/970/966
s 0
f 2232/1970/2500 2233/1970/2500 2092/970/2501
s 1
f 2233/1005/1001 2234/1004/1000 2092/1970/2502
s 0
f 2232/1970/2503 2088/1970/2503 2233/1970/2503
f 2088/1970/2504 1948/1970/2504 2233/1970/2504
s 1
f 455/1970/2505 460/88/88 461/1970/87 454/2188/2506
f 1951/2148/2387 1950/2189/2507 1952/2150/2389
f 1950/2189/2507 1813/864/860 1952/2150/2389
f 1813/864/860 1812/863/859 1952/2150/2389
s 0
f 1812/863/2508 1689/1970/2509 1952/2150/2510
f 2558/1159/2511 2562/1970/2512 2805/1970/2512 2683/1219/2513
s 1
f 1963/918/914 1964/919/915 1952/2150/2514
s 0
f 1964/1970/2515 1953/1970/2515 1952/1970/2515
s 1
f 1962/916/912 2097/973/969 1964/1970/915
s 0
f 1949/2190/2516 1815/1970/2517 2093/2145/2518
f 1815/1970/2519 1955/1970/2519 2093/2145/2520
f 1815/1970/2521 1951/1970/2521 1955/2146/2522
s 1
f 1815/1970/861 1950/2189/2507 1951/2148/2387
f 2224/2184/2523 2228/2185/2495 2230/2152/2498
f 2646/2191/2524 2647/2192/2525 2779/1970/2144
f 2647/2192/2525 2780/2058/2141 2779/2061/2144
s 0
f 2524/1970/2526 2527/1970/2526 2525/1970/2526
f 3037/1970/2527 3033/2046/2528 2918/1970/2527 3036/1970/2527
s 1
f 3238/1579/1573 3236/2193/2474 3119/2136/2341 3239/2135/2340
f 2645/2194/2529 2646/2191/2524 2527/1970/2530
f 2250/2163/2422 2384/2156/2401 2382/2154/2399
s 0
f 2250/2163/2531 2247/1970/2532 2384/2156/2533
f 2247/1970/2534 2248/1970/2534 2384/2156/2535
f 2248/1970/2536 2385/1970/2536 2384/2156/2537
s 1
f 2385/2195/2538 2524/2196/2402 2384/2156/2401
f 1960/915/911 1957/1970/2539 2099/972/968
f 1820/2197/2540 1821/2198/2541 1957/2199/2539
s 0
f 1821/2198/2542 1965/1970/2543 1957/1970/2543
s 1
f 1960/915/911 1959/914/910 1957/1970/2539
f 1959/914/910 1958/2200/2544 1957/1970/2539
f 1958/2200/2544 1820/2197/2540 1957/2199/2539
s 0
f 1821/2198/2545 1818/1970/2546 1965/1970/2546
f 1818/1970/2547 1696/1970/2547 1965/1970/2547
s 1
f 1696/1970/2548 1966/2201/2549 1965/2202/2410
f 1966/2201/2549 1967/2203/2550 1965/2202/2410
f 1967/2203/2550 1968/2158/2411 1965/1970/2410
f 1967/2203/2550 2102/1970/2413 1968/2158/2411
f 2105/2204/2551 2103/2161/2414 2102/2160/2413
s 0
f 1967/2203/2552 2105/2204/2553 2102/2160/2554
s 1
f 2105/2204/2551 2107/2205/2555 2103/2161/2414
f 2107/2205/2555 2108/2206/2556 2103/2161/2414
s 0
f 2108/2206/2557 2247/1970/2558 2103/2161/2559
s 1
f 2250/2163/2422 2249/2162/2420 2247/1970/2560
f 2108/2206/2556 2248/2207/2561 2247/1970/2562
s 0
f 1957/1970/2563 1965/1970/2563 2101/1970/2563 2099/972/2564
s 1
f 2911/2208/2565 2913/2167/2566 2912/2209/2567
f 2913/2167/2566 3027/1970/2568 2912/2209/2567
s 0
f 3027/1970/2569 3021/1970/2569 2912/2209/2570
s 1
f 3021/1429/1423 3020/1428/1422 2912/1970/2571
f 739/1970/316 730/308/308 729/1970/303 734/2210/2572
s 0
f 3029/1970/2573 3026/1970/2573 3023/1430/2574
f 3026/1970/2575 3149/1970/2575 3023/1430/2576
s 1
f 3035/2211/2577 3155/2212/2578 3031/1438/1432 3030/1435/1429
s 0
f 3151/1525/2579 3145/1970/2580 3025/1431/2581
s 1
f 3235/1970/1654 3245/1583/1577 3246/1585/1579 3344/1661/1655
f 122/1970/2582 106/2213/2583 107/1970/2584 109/1970/2585
s 0
f 3258/1970/2586 3143/1516/2587 3148/1521/2588
f 1008/630/2589 1153/1970/2590 1003/1970/2590 1007/2214/2591
s 1
f 3265/1598/1592 3262/1595/1589 3260/1592/1586
f 2417/2215/2592 2414/2216/2593 2413/1970/2594 2416/2217/2595
s 0
f 3265/1598/2596 3365/2218/2597 3262/1970/2598
s 1
f 3263/1597/1591 3363/1970/2599 3261/1594/1588
s 0
f 3363/1970/2600 3360/2219/2601 3261/1594/2602
s 1
f 2818/1970/1294 2945/1460/1454 2946/1459/1453 2813/1294/1290
f 739/316/316 740/315/315 731/309/309 730/308/308
f 1908/899/895 1905/898/894 2187/1970/2603 2185/1970/2604
s 0
f 3357/1970/2605 3356/1970/2605 3462/2220/2606
s 1
f 3356/1670/1664 3359/1675/1669 3462/1970/2607
f 3351/1664/2608 3244/1582/1576 3242/1581/1575
f 315/2221/2609 316/2222/2610 318/1970/2611 320/2223/2612
s 0
f 3599/1851/2613 3736/1970/2614 3594/1970/2614 3597/2224/2615
s 1
f 3356/1970/1664 3357/1970/2616 3355/1671/1665
s 0
f 2995/1970/2617 2991/1970/2617 2998/2168/2618
f 2991/1970/2619 2875/1970/2619 2998/2168/2620
s 1
f 2875/1331/1327 2874/2225/2454 2998/2168/2447
f 2780/2058/2141 2911/2208/2565 2912/1970/2567 2781/2059/2142
s 0
f 338/1970/2621 339/1970/2621 336/25/2622 334/24/2623
f 3110/1575/2624 2994/1970/2625 3111/2226/2626
s 1
f 2994/1406/1402 2995/2227/2627 3111/1970/2628
f 2875/1331/1327 2873/1334/1330 2874/2225/2454
s 0
f 2873/1334/2629 2747/1970/2630 2874/2225/2631
f 2747/1970/2632 2746/1970/2632 2874/2225/2633
f 2746/1970/2634 2752/2174/2635 2876/2172/2636
s 1
f 2746/1262/1258 2745/1258/1254 2752/2174/2637
s 0
f 2745/1258/2638 2617/1970/2639 2752/2174/2640
s 1
f 2745/1258/1254 2615/1261/1257 2617/1970/1183
f 2615/1261/1257 2497/1122/1118 2617/1187/1183
f 3237/1970/1578 3236/1970/2474 3238/1579/1573
f 2492/2228/2641 2496/1119/1115 2497/1122/1118
s 0
f 2615/1261/2642 2492/2228/2643 2497/1122/2644
f 2357/1970/2645 2493/1970/2645 2496/1970/2645
s 1
f 2493/2229/2646 2494/1120/1116 2496/1119/1115
f 2492/2228/2641 2491/1970/2647 2496/1119/1115
s 0
f 808/372/2648 811/2230/2649 812/378/2650 810/373/2651
f 2353/1970/2652 2357/1970/2652 2496/1970/2652
s 1
f 2493/1970/2646 2357/1970/2653 2494/1120/1116
f 2353/2231/2485 2354/2182/2487 2355/2179/2478
f 2222/2232/2654 2221/2233/2655 2353/1970/2656
f 2221/2233/2655 2220/2234/2657 2353/1970/2656
f 2220/2234/2657 2219/2235/2658 2353/1970/2656
s 0
f 2219/2235/2659 2082/1970/2660 2353/1970/2660
f 3769/1970/2661 3760/1970/2661 3756/2236/2662 3763/1868/2663
s 1
f 2223/2237/2664 2354/2182/2487 2353/2231/2485
f 2223/2237/2664 2225/1970/2665 2354/2182/2487
s 0
f 2225/1970/2666 2224/1970/2666 2354/2182/2667
s 1
f 2224/2184/2491 2226/2183/2490 2354/2182/2668
s 0
f 2225/1970/2669 2084/1970/2669 2224/1970/2669
f 2084/1970/2670 1946/1970/2670 2224/1970/2670
f 1633/1970/2671 1637/1970/2671 1896/2238/2672 1895/2239/2673
f 2089/1970/2674 2227/2186/2675 2228/2185/2676
s 1
f 2087/967/963 2089/968/964 2228/2185/2677
f 2089/968/964 2091/971/967 2227/2186/2496
f 2088/1970/962 2232/1970/2499 2090/969/965
f 2086/965/961 1948/1970/2678 2088/1970/962
f 1947/2240/2679 1949/2190/2680 1948/2241/2678
f 2086/965/961 1947/2240/2679 1948/2241/2678
s 0
f 1947/2240/2681 1809/1970/2682 1949/2190/2683
f 1809/1970/2684 1577/1970/2684 1949/2190/2685
f 473/2242/2686 474/1970/2687 477/97/2688 472/96/2689
s 1
f 1814/862/858 1815/865/861 1949/2190/2690
f 1815/865/861 1813/864/860 1950/2189/2507
f 1568/2243/2691 1567/2244/2692 1808/860/856 1807/859/855
s 0
f 1573/2245/2693 1689/1970/2694 1812/863/2695
s 1
f 1573/2245/2696 1571/2246/2697 1689/1970/839
f 1571/2246/2697 1688/841/837 1689/843/839
f 3511/1970/1750 3507/2247/2698 3400/1695/1689 3405/1703/1697
s 0
f 1692/2248/2699 1816/1970/2700 1961/917/2701
f 1816/1970/2702 1958/1970/2702 1961/917/2703
s 1
f 1958/2200/2544 1959/914/910 1961/917/913
f 2648/2249/2704 2647/2192/2525 2646/2191/2524
f 2645/2194/2529 2648/2249/2704 2646/2191/2524
s 0
f 74/2250/2705 73/1970/2706 77/1970/2706 78/1970/2706
s 1
f 2388/2251/2707 2526/2252/2708 2385/2195/2538
s 0
f 19/1970/2709 23/1970/2709 28/1970/2709 30/1970/2709
s 1
f 2255/1970/1011 2388/2251/2707 2385/2195/2538
f 2388/2251/2707 2528/1970/2710 2526/2252/2708
s 0
f 172/1970/2711 163/1970/2711 171/1970/2711 177/2253/2712
s 1
f 2397/1071/1067 2529/2254/2713 2528/1970/2714
s 0
f 2529/2254/2715 2648/1970/2716 2528/1970/2716
s 1
f 2648/2249/2704 2645/2194/2529 2528/2255/2710
f 2108/2206/2556 2109/2256/2717 2248/1970/2561
f 1819/2257/2718 1821/2198/2541 1820/2197/2540
s 0
f 1958/1970/2719 1816/1970/2719 1820/2197/2720
s 1
f 1816/1970/2721 1819/2257/2718 1820/2197/2540
f 1819/2257/2718 1818/2258/2722 1821/2198/2541
f 1816/2259/2721 1817/2260/2723 1818/2258/2722
f 1817/2260/2723 1696/1970/2724 1818/1970/2722
f 1819/2257/2718 1816/1970/2721 1818/2258/2722
f 1701/2261/2725 1702/2262/2726 1696/1970/2727
s 0
f 1702/2262/2728 1966/2201/2729 1696/1970/2730
f 1817/2260/2731 1583/1970/2732 1696/1970/2732
s 1
f 1583/2263/2733 1582/2264/2734 1696/1970/2727
f 1582/2264/2734 1695/2265/2735 1696/2266/2727
f 1695/2265/2735 1701/2261/2725 1696/1970/2727
s 0
f 1702/2262/2736 1823/1970/2737 1966/2201/2738
s 1
f 1823/2267/2739 1826/2268/2740 1966/2201/2549
f 1826/2268/2740 1967/2203/2550 1966/2201/2549
s 0
f 1826/2268/2741 2105/2204/2742 1967/2203/2743
s 1
f 2104/2269/2744 2106/2270/2745 2105/2204/2551
f 2106/2270/2745 2109/1970/2717 2105/2204/2551
f 2109/1970/2717 2107/2205/2555 2105/2204/2551
f 419/56/56 414/2271/2746 413/1970/2747 412/57/57
f 2109/2256/2717 2108/2206/2556 2107/2205/2555
f 2782/1275/1271 2783/2272/2748 2911/2208/2749
s 0
f 2783/2272/2750 2913/2167/2751 2911/2208/2752
f 2783/2272/2753 2784/1970/2754 2913/2167/2755
s 1
f 2561/1970/2756 2806/1288/1284 2805/1970/1283 2562/1970/2757
f 2915/2273/2758 3028/1434/1428 3027/1433/1427
f 2785/2274/2759 2786/2275/2760 3027/1970/2761
s 0
f 2786/2275/2762 2915/2273/2763 3027/1433/2764
s 1
f 3032/1437/1431 3026/1970/2765 3029/1970/1430
f 3150/1523/1517 3149/1522/1516 3026/1970/2765
f 3032/1437/1431 3150/1523/1517 3026/2276/2765
f 3266/1599/1593 3146/1520/1514 3153/1970/1520
f 3205/1552/1546 3083/1970/1472 3208/2277/2766 3206/1557/1551
s 0
f 3267/1970/2767 3266/1599/2768 3153/1970/2767
s 1
f 3267/1970/2769 3265/1598/1592 3266/1599/1593
f 2894/1345/1341 2892/1348/1344 2896/1350/1346 3008/1970/1411
f 3366/2278/2770 3365/2218/2771 3265/1598/2772
f 2784/1970/1270 2783/2272/2748 2782/1275/1271
f 3263/1597/1591 3264/1596/1590 3366/2278/2770
f 3369/2178/2473 3370/2177/2472 3366/1970/2773
s 0
f 3370/2177/2774 3368/1970/2775 3366/1970/2775
s 1
f 3368/1741/1735 3367/1740/1734 3366/2278/2776
s 0
f 222/2279/2777 3969/1970/2778 3968/1970/2778 3966/1970/2778
f 3364/1970/2779 3263/1597/2780 3366/2278/2781
s 1
f 3364/2280/2782 3363/2281/2599 3263/1597/1591
f 3364/2280/2782 3362/2282/2783 3361/2283/2784
s 0
f 3362/2282/2785 3466/1970/2786 3361/2283/2787
f 3466/1970/2788 3465/1970/2788 3361/2283/2789
s 1
f 3465/2284/2790 3464/2285/2791 3361/2283/2784
s 0
f 2291/1970/2792 2430/1970/2792 2560/2286/2793 2557/1157/2794
s 1
f 3460/2287/2795 3463/2288/2796 3464/2285/2791
s 0
f 3460/2287/2797 3459/1970/2798 3463/2288/2799
s 1
f 3459/2289/2800 3457/2290/2801 3463/2288/2802
s 0
f 3457/2290/2803 3458/1970/2804 3357/1970/2804
f 3458/1970/2805 3350/1666/2806 3357/2291/2807
s 1
f 981/506/502 985/513/509 977/2292/2808 978/2293/2809
f 3237/1970/1578 3112/2294/2810 3111/1970/2811 3236/1970/2474
f 3381/1689/1683 3375/1676/1670 3374/1679/1673 3380/1687/1681
f 2994/1406/1402 2993/1405/1401 2995/2227/2627
s 0
f 2993/1405/2812 2991/1970/2813 2995/1970/2813
s 1
f 2993/1405/1401 2871/2295/2814 2991/2296/2815
f 2871/2295/2814 2875/1970/1327 2991/1970/2815
f 2871/2295/2814 2870/1332/1328 2875/1331/1327
f 3245/1583/1577 3235/1970/1654 3237/1584/1578
s 0
f 3235/1970/2816 3112/2294/2817 3237/1970/2816
s 1
f 3235/1660/1654 3233/2297/2818 3112/2294/2819
s 0
f 3233/2297/2820 3231/1970/2821 3112/2294/2822
s 1
f 3233/2297/2818 3235/1660/1654 3231/1970/1568
f 3235/1660/1654 3234/1659/1653 3231/1970/1568
f 3234/1659/1653 3232/1576/1570 3231/1574/1568
s 0
f 2540/1149/2823 2661/1970/2824 2655/2084/2825 2538/1150/2826
s 1
f 2869/1333/1329 2872/2298/2827 2873/1334/1330
f 2872/2298/2827 2747/1970/2828 2873/1334/1330
f 2872/2298/2827 2744/1263/1259 2747/2299/2828
f 2744/1263/1259 2746/1262/1258 2747/1970/2828
s 0
f 162/2300/2829 159/1970/2830 167/1970/2830 171/1970/2830
s 1
f 2490/2301/2831 2491/2302/2647 2492/2228/2641
f 2490/2301/2831 2350/2303/2832 2491/2302/2647
f 2350/2303/2832 2349/2304/2833 2491/2302/2647
s 0
f 2349/2304/2834 2222/1970/2835 2491/1970/2835
s 1
f 2349/2304/2836 2221/2233/2655 2222/2232/2654
f 2079/1970/2837 2220/2234/2657 2221/2233/2655
s 0
f 2349/2304/2838 2079/1970/2839 2221/2233/2840
s 1
f 2079/1970/2837 2219/2235/2658 2220/2234/2657
f 2079/2305/2837 2077/2134/2339 2219/2235/2658
f 2077/2134/2339 2078/2133/2338 2219/2235/2658
f 2078/2133/2338 2081/1970/959 2219/2235/2658
f 2081/963/959 2082/2306/2841 2219/2235/2658
f 2081/963/959 2083/962/958 2082/1970/2841
f 1942/912/908 2084/1970/2842 2083/962/958
s 0
f 2084/1970/2843 2223/1970/2843 2083/1970/2843
f 2084/1970/2844 2225/1970/2844 2223/2237/2845
s 1
f 1942/912/908 1941/908/904 2084/1970/2842
s 0
f 1941/908/2846 1798/1970/2847 2084/1970/2847
f 1798/1970/2848 1801/1970/2848 2084/1970/2848
f 1801/1970/2849 1799/1970/2849 2084/1970/2849
f 1799/1970/2850 1945/1970/2850 2084/1970/2850
f 1945/1970/2851 1946/1970/2851 2084/1970/2851
f 1945/1970/2852 2085/1970/2852 1946/1970/2852
s 1
f 2085/964/960 2087/967/963 1946/1970/2853
f 3769/2307/2854 3767/1872/1866 3884/2308/2855 3883/2309/2856
s 0
f 1806/2310/2857 1811/1970/2858 2086/965/2859
f 1811/1970/2860 1947/2240/2861 2086/965/2862
s 1
f 1810/2311/2863 1809/861/857 1947/2240/2864
f 1811/1970/854 1810/2311/2863 1947/2240/2864
f 1808/860/856 1577/1970/2865 1809/1970/857
f 1810/2311/2863 1811/1970/854 1809/861/857
s 0
f 1808/860/2866 1567/1970/2867 1577/1970/2867
s 1
f 1567/1970/2868 1576/2312/2869 1577/2313/2870
f 1576/2312/2869 1570/1970/2871 1577/2313/2870
s 0
f 1570/1970/2872 1574/1970/2872 1577/2313/2873
s 1
f 1574/2314/2874 1575/2315/2875 1577/2313/2876
f 1574/2314/2874 1573/2245/2696 1575/2315/2875
f 1574/2314/2874 1569/2316/2877 1573/2245/2696
f 1569/2316/2877 1571/2246/2697 1573/2245/2696
f 1571/2246/2697 1687/839/835 1688/841/837
f 1693/840/836 1692/2248/2878 1694/842/838
f 1572/836/832 1686/835/831 1571/2246/2697
f 1686/835/831 1687/839/835 1571/2246/2697
s 0
f 1569/2316/2879 1454/1970/2880 1571/2246/2881
f 1454/1970/2882 1335/1970/2882 1571/2246/2883
s 1
f 306/2317/2884 308/21/21 307/20/20 304/2318/2885
f 1693/840/836 1691/838/834 1692/2248/2878
f 1691/838/834 1690/834/830 1692/2248/2878
f 1690/834/830 1580/837/833 1692/2248/2878
s 0
f 1580/837/2886 1578/1970/2887 1692/2248/2888
f 1578/1970/2889 1816/1970/2889 1692/2248/2890
f 1553/1970/2891 1556/1970/2891 1792/853/2892 1791/2319/2893
s 1
f 2649/2320/2894 2650/1276/1272 2648/2249/2704
s 0
f 2529/2254/2895 2649/2320/2896 2648/2249/2897
s 1
f 2255/1015/1011 2386/1064/1060 2388/2251/2707
s 0
f 2106/2270/2898 1972/1970/2899 2109/1970/2899
f 2148/1970/2900 2152/1970/2900 2429/1970/2900 2289/2321/2901
s 1
f 2251/1011/1007 2253/1010/1006 2109/1970/2902
f 2253/1010/1006 2255/1015/1011 2109/1970/2902
f 2387/1065/1061 2397/1970/1067 2386/1970/1060
f 2394/1070/1066 2529/2254/2713 2397/1071/1067
f 2387/1065/1061 2396/1067/1063 2397/1071/1067
s 0
f 500/117/2903 506/1970/2904 497/2322/2905 496/2323/2906
f 1579/2324/2907 1581/1970/2908 1817/2260/2909
s 1
f 1581/2325/2910 1582/2264/2734 1817/2260/2911
f 1582/2264/2734 1583/2263/2733 1817/2260/2911
f 1699/2326/2912 1700/2327/2913 1701/2261/2725
f 1700/2327/2913 1822/2328/2914 1701/2261/2725
f 1822/2328/2914 1702/2262/2726 1701/2261/2725
s 0
f 1695/2265/2915 1467/1970/2916 1701/2261/2917
f 950/1970/2918 951/2329/2919 947/2330/2920 945/483/2921
f 1822/2328/2922 1823/1970/2923 1702/2262/2924
f 1467/1970/2925 1695/2265/2926 1582/2264/2927
s 1
f 1581/1970/2910 1579/2324/2928 1582/2264/2734
s 0
f 1579/2324/2929 1340/1970/2930 1582/2264/2931
f 1340/1970/2932 1342/1970/2932 1582/2264/2933
s 1
f 1342/2331/2934 1343/2332/2935 1582/2264/2936
s 0
f 1343/2332/2937 1467/1970/2938 1582/2264/2939
s 1
f 1824/1970/2940 1826/2268/2740 1823/2267/2739
f 1822/2328/2941 1824/2333/2940 1823/2267/2739
f 1973/2334/2942 1972/2335/2943 2104/1970/2744
f 1972/1970/2943 2106/2270/2745 2104/2269/2744
s 0
f 1824/1970/2944 1828/1970/2944 2104/2269/2945
f 1828/1970/2946 1973/2334/2947 2104/1970/2946
s 1
f 1822/2328/2941 1825/2336/2948 1824/2333/2940
f 1825/2336/2948 1828/1970/2949 1824/1970/2940
f 2654/1277/1273 2786/1970/2760 2784/1274/1270
f 2786/2275/2760 2785/2274/2759 2784/1970/1270
f 2786/2275/2950 3028/1434/1428 2915/2273/2758
f 2786/2275/2950 2914/2337/2951 3028/1434/1428
s 0
f 2914/2337/2952 2917/1970/2953 3028/1434/2954
s 1
f 2917/1970/2955 3030/1435/1429 3028/1434/1428
s 0
f 2917/1970/2956 3035/1970/2956 3030/1435/2957
s 1
f 608/203/203 612/202/202 622/208/208 624/213/213
f 3494/1970/2958 3491/1750/1744 3490/1970/2959 3387/1970/2960
f 523/137/137 763/1970/332 761/331/331 513/128/128
f 448/78/78 694/281/281 693/273/273 451/79/79
f 3031/1438/1432 3150/1523/1517 3032/1437/1431
f 3155/1970/2961 3152/1524/1518 3150/1523/1517
s 0
f 3031/1438/2962 3155/1970/2963 3150/1523/2964
s 1
f 3155/1970/2961 3154/1527/1521 3152/1524/1518
s 0
f 3155/1970/2965 3268/1970/2965 3154/1527/2966
s 1
f 3268/1600/1594 3270/1603/1597 3154/1527/2967
f 1471/2338/2968 1470/2339/2969 1234/681/677 1235/680/676
s 0
f 3271/1602/2970 3371/1970/2971 3369/2178/2972
s 1
f 2910/2164/2427 2907/2114/2280 2906/1979/1977 2909/1978/1976
f 3366/2278/2770 3264/1596/1590 3262/1970/1589 3365/2218/2771
f 2653/2340/2973 2654/1277/1273 2650/1276/1272
s 0
f 3478/2176/2974 3475/1970/2975 3370/2177/2976
f 3475/1970/2977 3368/1970/2977 3370/2177/2978
s 1
f 3475/2341/2979 3474/2342/2980 3368/1970/1735
f 3474/2342/2980 3473/1742/1736 3368/1741/1735
f 3328/1646/1640 3327/1970/1639 3222/1652/1646 3333/1651/1645
f 3469/2343/2981 3362/2282/2783 3364/2280/2782
s 0
f 3469/2343/2982 3466/1970/2983 3362/2282/2984
s 1
f 3469/2343/2981 3470/2344/2985 3466/1970/2986
f 1032/547/543 1034/548/544 1029/2345/2987 1027/2346/2988
f 1360/2347/2989 1359/2348/2990 964/2349/2991 1134/1970/2992
s 0
f 3580/1970/2993 3581/1970/2993 3465/1970/2993
f 3581/1970/2994 3577/1970/2994 3465/1970/2994
s 1
f 3577/1789/1783 3575/1788/1782 3465/1970/2995
s 0
f 3575/1788/2996 3461/1970/2997 3465/2284/2998
s 1
f 3575/1788/1782 3574/1787/1781 3461/2350/2999
s 0
f 1085/1970/3000 1083/1970/3000 1093/1970/3000 1215/2351/3001
f 260/2352/3002 250/2353/3003 615/2354/3004 614/205/3005
f 3327/1970/3006 3219/1564/3007 3220/2355/3008 3222/1970/3006
f 3347/1730/3009 3344/1970/3010 3246/1585/3011
f 2825/1970/3012 2955/1970/3012 3064/1466/3013 2951/1379/3014
s 1
f 3456/2356/3015 3454/1737/1731 3455/1738/1732
f 3456/1970/3015 3570/1970/3016 3454/1737/1731
f 787/1970/3017 791/530/526 1010/1970/525 1007/1970/3017
s 0
f 953/492/3018 964/1970/3019 951/2329/3020 950/1970/3019
f 3443/1970/3021 3346/1970/3021 3448/1729/3022
s 1
f 2878/1338/1334 2884/1344/1340 2885/1970/1339 2880/1339/1335
f 2996/1408/1404 2992/2069/3023 2993/1405/1401
f 2992/2069/3023 2871/2295/2814 2993/1405/1401
f 1242/2357/3024 1716/2358/3025 1715/2359/3026 1243/2360/3027
s 0
f 2992/2069/3028 2866/1328/3029 2871/1970/3030
f 2865/1327/3031 2742/1970/3032 2870/1332/3033
s 1
f 2823/1301/1297 2954/2361/3034 2955/1970/3035 2825/1304/1300
s 0
f 2741/1252/3036 2614/1970/3037 2869/1333/3038
f 2614/1970/3039 2872/2298/3040 2869/1333/3041
s 1
f 3230/1572/1566 3232/1576/1570 3234/1659/1653
f 3343/1658/1652 3341/1970/3042 3234/1659/1653
s 0
f 3341/1970/3043 3230/1572/3044 3234/1659/3045
s 1
f 3108/1569/1563 3107/1970/1490 3109/1570/1564
f 3107/1496/1490 3106/1495/1489 3109/1570/1564
f 3630/2362/3046 3631/1808/1802 3627/2363/3047 3626/2364/3048
f 3135/1509/2178 3012/1419/1413 3010/1418/1412 3133/2071/2091
s 0
f 2614/1970/3049 2744/1263/3050 2872/2298/3051
s 1
f 2614/1970/1988 2743/1259/1255 2744/1263/1259
s 0
f 3910/1970/3052 3915/2365/3053 3916/1970/3052 3909/1970/3052
s 1
f 161/2366/3054 332/2367/3055 331/1970/3056 166/2368/3057
f 2489/2369/3058 2352/2370/3059 2490/2301/2831
f 2352/2370/3059 2351/2371/3060 2490/2301/2831
f 2351/2371/3060 2350/2303/2832 2490/2301/2831
f 2351/2371/3060 2349/2304/2833 2350/2303/2832
f 180/2372/3061 181/1970/3062 342/1970/3063 189/1970/3064
s 0
f 2080/1970/3065 2079/1970/3065 2349/2304/3066
s 1
f 2080/1970/3067 2077/2134/2339 2079/2305/2837
f 2080/2373/3067 2076/2374/3068 2077/2134/2339
s 0
f 2076/2374/3069 1934/1970/3070 2077/2134/3071
s 1
f 415/2375/3072 430/2376/3073 431/257/3074 416/241/241
s 0
f 1935/2132/3075 1937/1970/3076 2078/2133/3077
f 1937/1970/3078 2081/1970/3078 2078/2133/3079
s 1
f 1937/1970/3080 1944/913/909 2081/963/959
f 1937/1970/3080 1943/909/905 1944/913/909
f 1940/911/907 1798/1970/3081 1941/908/904
s 0
f 1676/1970/3082 1801/1970/3082 1798/1970/3082
s 1
f 1940/911/907 1939/2377/3083 1798/1970/3081
s 0
f 1939/2377/3084 1676/1970/3085 1798/1970/3085
s 1
f 1676/2378/3086 1675/2379/3087 1801/1970/3088
s 0
f 1675/2379/3089 1678/1970/3090 1801/1970/3090
f 1678/1970/3091 1799/1970/3091 1801/1970/3091
s 1
f 1800/2380/3092 1945/2381/3093 1799/1970/3094
f 1678/1970/3095 1800/2380/3092 1799/2382/3094
f 1800/2380/3092 1803/1970/852 1945/2381/3093
s 0
f 1803/1970/3096 2085/1970/3096 1945/1970/3096
s 1
f 1803/856/852 1805/855/851 2085/964/960
f 1804/854/850 1806/2310/3097 1805/855/851
f 1807/859/855 1811/858/854 1806/2310/3098
s 0
f 1804/854/3099 1568/1970/3100 1806/2310/3101
s 1
f 1568/1970/2691 1807/859/855 1806/2310/3098
f 1091/595/591 1337/785/781 1338/1970/780 1094/1970/3102
f 1568/2243/2691 1565/2383/3103 1567/2244/2692
f 1565/2383/3103 1566/2384/3104 1567/2244/2692
f 1566/2384/3104 1570/1970/3105 1567/2244/2692
s 0
f 1570/1970/3106 1576/2312/3107 1567/1970/3106
s 1
f 1458/2385/3108 1569/1970/2877 1570/2386/3105
f 1569/2316/2877 1574/2314/2874 1570/1970/3105
f 1566/2384/3104 1458/2385/3108 1570/2386/3105
s 0
f 1458/2385/3109 1456/1970/3110 1569/1970/3110
f 1456/1970/3111 1454/1970/3111 1569/2316/3112
f 2421/1970/3113 2555/1970/3113 2679/1970/3113 2553/1152/3114
s 1
f 1456/2387/3115 1455/2388/3116 1454/1970/3117
s 0
f 1455/2388/3118 1223/1970/3119 1454/1970/3119
f 1223/1970/3120 1222/1970/3120 1454/1970/3120
f 1222/1970/3121 1333/1970/3121 1454/1970/3121
s 1
f 1333/718/714 1335/721/717 1454/1970/3122
s 0
f 1339/2389/3123 1459/1970/3124 1580/837/3125
f 1459/1970/3126 1578/1970/3126 1580/837/3127
s 1
f 1459/1970/779 1463/2390/3128 1578/2391/3129
f 1463/2390/3128 1579/2324/3130 1578/2391/3129
s 0
f 1463/2390/3131 1461/1970/3132 1579/2324/3133
s 1
f 1461/2392/3134 1460/782/778 1579/2324/3135
s 0
f 1460/782/3136 1341/1970/3137 1579/2324/3138
f 1341/1970/3139 1340/1970/3139 1579/2324/3140
s 1
f 1970/2393/3141 1971/1970/3142 1972/2335/2943
f 1973/2334/2942 1828/1970/3143 1972/2335/2943
f 1828/1970/3143 1970/2393/3141 1972/2335/2943
s 0
f 1971/1970/3144 2114/1970/3144 2251/1970/3144
s 1
f 2114/1970/972 2252/1012/1008 2251/1011/1007
f 2389/2394/3145 2387/1065/1061 2256/1014/1010
f 2254/1013/1009 2389/2394/3145 2256/1014/1010
f 2389/2394/3145 2396/1067/1063 2387/1065/1061
f 2389/2394/3145 2390/1068/1064 2396/1067/1063
s 0
f 3531/1766/3146 3423/1970/3147 3426/1770/3148 3536/1769/3149
s 1
f 2395/2068/3150 2530/1970/3151 2394/1070/3152
s 0
f 2530/1970/3153 2652/1970/3153 2394/1070/3154
f 1698/1970/3155 1825/1970/3155 1699/1970/3155
f 1825/2336/3156 1822/2328/3157 1699/1970/3158
s 1
f 1822/2328/2914 1700/2327/2913 1699/2326/2912
s 0
f 1464/1970/3159 1585/1970/3159 1699/2326/3160
f 1585/1970/3161 1586/1970/3161 1699/2326/3162
f 1586/1970/3163 1698/1970/3163 1699/1970/3163
s 1
f 1466/2395/3164 1464/1970/3165 1467/1970/3166
f 1343/2332/3167 1466/2395/3164 1467/2396/3166
s 0
f 1341/1970/3168 1225/1970/3168 1340/1970/3168
f 1225/1970/3169 1343/1970/3169 1340/1970/3169
s 1
f 1343/2332/2935 1342/2331/2934 1340/1970/3170
s 0
f 1225/1970/3171 1097/1970/3171 1343/1970/3171
s 1
f 1097/598/594 1100/597/593 1343/1970/3172
s 0
f 1100/597/3173 1103/1970/3174 1343/1970/3174
f 1103/1970/3175 1227/1970/3175 1343/1970/3175
f 1227/1970/3176 1466/2395/3177 1343/2332/3178
f 1825/2336/3179 1697/1970/3180 1828/1970/3180
f 1697/1970/3181 1587/1970/3181 1828/1970/3181
f 1587/1970/3182 1703/1970/3182 1828/1970/3182
f 1703/1970/3183 1707/1970/3183 1828/1970/3183
f 1707/1970/3184 1970/2393/3185 1828/1970/3184
f 1698/1970/3186 1697/1970/3186 1825/2336/3187
s 1
f 2653/2340/2973 2651/1970/3188 2654/1277/1273
f 2488/1118/1114 2486/1115/1111 2613/1983/1987 2614/1984/1988
f 3033/2046/2124 3035/1970/3189 2917/1970/2125
f 3334/1650/1644 3224/1970/1647 3225/2397/3190 3226/2398/3191
s 0
f 3033/2046/3192 3034/1970/3193 3035/1970/3193
s 1
f 2657/2085/2205 2656/2399/3194 2658/2400/3195
f 2656/2399/3194 2788/1970/3196 2658/1970/3195
f 742/2401/3197 743/317/317 747/322/322 741/1970/3198
s 0
f 2656/2399/3199 2787/1970/3200 2788/1970/3200
s 1
f 2787/2402/3201 2789/2403/3202 2788/2404/3203
f 2789/2403/3202 2790/2405/3204 2788/2404/3203
s 0
f 2790/2405/3205 2916/1970/3206 2788/1970/3206
f 3818/1970/3207 3820/1970/3207 3901/2406/3208 3898/1970/3207
s 1
f 2865/1327/1323 2870/1332/1328 2871/1970/2814 2866/1328/1324
f 3156/2407/3209 3161/1970/1601 3155/2212/3210
f 3161/1607/1601 3157/1606/1600 3155/2212/3210
s 0
f 2906/1970/3211 2900/2027/3212 2777/2025/3213 2905/1980/3214
f 3490/1970/3215 3488/1970/3215 3385/1688/3216 3384/1686/3217
s 1
f 3272/1605/1599 3273/1612/1606 3268/1970/3218
s 0
f 3273/1612/3219 3373/1970/3220 3268/1970/3220
s 1
f 3269/1601/1595 3371/1970/3221 3271/1602/1596
f 3377/1677/1671 3378/1681/1675 3371/1970/2470
f 3393/1691/1685 3394/1693/1687 3389/2408/3222 3388/2409/3223
s 0
f 3269/1601/3224 3377/1677/3225 3371/1970/3226
f 2530/1970/3227 2536/1970/3227 2652/1970/3227
s 1
f 2536/1144/1140 2651/2410/3188 2652/1970/3228
f 2651/1970/3188 2653/2340/2973 2652/2411/3228
s 0
f 369/1970/3229 360/1970/3229 366/39/3230 361/38/3231
s 1
f 201/44/44 375/43/43 374/1970/2287 204/1970/3232
f 3476/2412/3233 3475/2341/2979 3478/2176/3234
f 3476/2412/3233 3474/2342/2980 3475/2341/2979
f 3472/1739/1733 3473/1742/1736 3474/2342/2980
f 3476/2412/3233 3477/2413/3235 3474/2342/2980
s 0
f 3477/2413/3236 3592/1970/3237 3474/2342/3238
f 3592/1970/3239 3472/1739/3240 3474/2342/3241
f 3592/1970/3242 3471/1970/3242 3472/1739/3243
s 1
f 3471/2414/3244 3470/2344/2985 3472/1739/1733
f 3468/2415/3245 3581/1970/3246 3467/2416/3247
s 0
f 3581/1970/3248 3580/1970/3248 3467/2416/3249
f 3471/2414/3250 3583/1970/3251 3467/2416/3252
s 1
f 3583/1970/1787 3468/2415/3245 3467/2416/3247
f 3702/2417/3253 3578/2418/3254 3581/2419/3255
f 3578/2418/3254 3577/1970/3256 3581/1970/3255
s 0
f 3895/1970/3257 3914/1970/3257 3928/2420/3258 3884/2308/3259
s 1
f 3579/2421/3260 3576/1790/1784 3577/1789/1783
s 0
f 3578/2418/3261 3579/2421/3262 3577/1789/3263
s 1
f 3535/2422/3264 3534/2423/3265 3540/1775/1769 3542/2424/3266
f 3571/2425/3267 3569/2426/3268 3570/2427/3016
f 3569/2426/3268 3451/1970/1727 3570/1970/3016
f 3569/2426/3268 3453/1736/1730 3451/1733/1727
f 3102/1491/1485 3101/1970/1488 3104/1498/1492 3105/1497/1491
f 3442/1723/1717 3441/2428/3269 3443/1724/1718
f 3441/2428/3269 3345/1970/1657 3443/1724/1718
f 3345/1663/1657 3346/1662/1656 3443/1970/1718
f 757/2429/3270 758/328/328 753/2430/3271 756/2431/3272
f 2867/1330/1326 2739/1970/1253 2865/1327/1323
f 2739/1257/1253 2742/1256/1252 2865/1327/1323
f 2740/1255/1251 2614/1970/3273 2741/1252/1248
s 0
f 2740/1255/3274 2488/1970/3275 2614/1970/3275
s 1
f 3173/2432/3276 3174/2433/3277 3291/2434/3278 3175/2435/3279
s 0
f 2453/1970/3280 2584/1173/3281 2710/2436/3282 2709/2437/3283
s 1
f 3105/1970/1491 3108/1569/1563 3227/1568/1562
f 3105/1497/1491 3107/1496/1490 3108/1569/1563
f 3341/2438/3042 3339/2439/3284 3230/1572/1566
f 3339/2439/3284 3229/1573/1567 3230/1572/1566
s 0
f 2222/1970/3285 2353/1970/3285 2496/1119/3286 2491/1970/3285
s 1
f 3477/2413/3235 3476/1970/3233 3478/2176/3234 3479/1970/3287
f 3340/2440/3288 3226/1970/3191 3341/2438/3042
f 3226/1970/3191 3339/2439/3284 3341/2438/3042
f 3342/2441/3289 3340/2440/3288 3341/2438/3042
f 3104/1498/1492 2990/2442/3290 3106/1495/1489
f 2990/2442/3290 2988/1970/3291 3106/1495/1489
f 2987/1404/1400 2989/1403/1399 2988/1970/3291
f 2990/2442/3290 2987/1404/1400 2988/2443/3291
f 2486/1115/1111 2484/1114/1110 2613/1983/1987
s 0
f 2484/1114/3292 2347/1970/3293 2613/1983/3294
s 1
f 2347/2444/3295 2348/2445/3296 2613/1983/3297
s 0
f 2348/2445/3298 2351/1970/3299 2613/1983/3300
s 1
f 2351/2371/3060 2352/2370/3059 2613/1983/1987
f 2352/2370/3059 2489/2369/3058 2613/1983/1987
s 0
f 2348/2445/3301 2075/1970/3302 2351/1970/3302
s 1
f 2074/2446/3303 2073/2447/3304 2080/2373/3067
f 2073/2447/3304 2072/961/957 2080/2373/3067
f 2072/961/957 2076/2374/3068 2080/2373/3067
f 2075/2448/3305 2074/2446/3303 2080/2373/3067
s 0
f 2072/961/3306 1936/1970/3307 2076/2374/3308
f 1936/1970/3309 1933/1970/3309 2076/2374/3310
f 1933/1970/3311 1934/1970/3311 2076/2374/3312
s 1
f 1933/2449/3313 1932/2450/3314 1934/2131/2336
f 1932/2450/3314 1797/1970/3315 1934/2131/2336
f 1797/1970/3315 1796/2451/3316 1934/2131/2336
f 1796/2451/3316 1935/2132/2337 1934/2131/2336
s 0
f 1796/2451/3317 1795/1970/3318 1935/2132/3319
f 1795/1970/3320 1673/1970/3320 1935/2132/3321
s 1
f 774/341/341 775/1970/3322 773/2452/3323 772/340/340
f 1938/910/906 1937/2453/3080 1935/2132/3324
f 1938/910/906 1943/909/905 1937/1970/3080
s 0
f 1674/2454/3325 1939/1970/3326 1938/1970/3326
s 1
f 1939/2377/3083 1940/911/907 1938/910/906
f 1674/1970/3327 1675/2379/3087 1676/2378/3086
s 0
f 1939/1970/3328 1674/2454/3329 1676/2378/3330
s 1
f 1674/2454/3327 1672/2455/3331 1675/2379/3087
s 0
f 1672/2455/3332 1559/1970/3333 1675/2379/3334
f 1559/1970/3335 1442/1970/3335 1675/2379/3336
f 1442/1970/3337 1441/1970/3337 1675/2379/3338
s 1
f 1441/769/765 1449/774/770 1675/2379/3339
s 0
f 1449/774/3340 1448/1970/3341 1675/2379/3342
f 1448/1970/3343 1563/1970/3343 1675/2379/3344
f 1563/1970/3345 1677/1970/3345 1675/2379/3346
s 1
f 1677/2456/3347 1678/2457/3348 1675/2379/3349
f 1679/2458/3350 1681/2459/3351 1678/2457/3348
s 0
f 1681/2459/3352 1800/2380/3353 1678/1970/3354
s 1
f 1677/2456/3347 1564/2460/3355 1678/2457/3348
f 1564/2460/3355 1679/2458/3350 1678/2457/3348
s 0
f 1681/2459/3356 1685/1970/3357 1800/2380/3358
s 1
f 1685/2461/3359 1802/857/853 1800/2380/3092
f 1802/857/853 1803/856/852 1800/2380/3092
f 1802/857/853 1685/2461/3359 1804/854/850
f 1685/2461/3359 1684/2462/3360 1804/854/850
f 1684/2462/3360 1682/2463/3361 1804/854/850
s 0
f 1682/2463/3362 1683/1970/3363 1804/854/3364
f 1683/1970/3365 1568/1970/3365 1804/854/3366
s 1
f 1683/2464/3367 1680/2465/3368 1568/1970/2691
f 1680/2465/3368 1565/2383/3103 1568/2243/2691
s 0
f 1453/1970/3369 1330/1970/3369 1565/1970/3369
s 1
f 2473/1109/1105 2475/1112/1108 2470/2466/3370 2469/2467/3371
s 0
f 1680/2465/3372 1453/1970/3373 1565/1970/3373
s 1
f 2924/1355/1351 2925/1360/1356 2918/2045/2123 2916/2048/2126
f 1457/2468/3374 1458/2385/3108 1566/2384/3104
f 1457/2468/3374 1456/2387/3115 1458/2385/3108
f 1457/2468/3374 1455/2388/3116 1456/2387/3115
f 1334/719/715 1339/2389/3375 1336/720/716
s 0
f 1457/2468/3376 1223/1970/3377 1455/2388/3378
s 1
f 1221/667/663 1222/671/667 1223/1970/668
f 1457/2469/3374 1224/2470/669 1223/672/668
f 1220/670/666 1331/2471/3379 1222/671/667
f 1331/2471/3379 1332/2472/3380 1222/671/667
f 1332/2472/3380 1333/718/714 1222/1970/667
f 1332/2472/3380 1334/719/715 1333/718/714
f 1332/2472/3380 1331/2471/3379 1334/719/715
f 1331/2471/3379 1220/670/666 1334/719/715
s 0
f 1220/670/3381 1217/1970/3382 1334/719/3383
f 1217/1970/3384 1094/1970/3384 1334/719/3385
f 1094/1970/3386 1338/1970/3386 1334/719/3387
s 1
f 1338/784/780 1339/2389/3375 1334/719/715
f 1338/784/780 1459/783/779 1339/2389/3375
f 1460/782/778 1461/2392/3134 1459/783/779
f 1461/2392/3134 1462/2473/3388 1459/783/779
f 1462/2473/3388 1463/2390/3128 1459/1970/779
f 1462/2473/3388 1461/2392/3134 1463/2390/3128
f 1337/785/781 1341/1970/3389 1460/782/778
s 0
f 1337/785/3390 1225/1970/3391 1341/1970/3391
s 1
f 1707/2474/3392 1827/2475/3393 1970/2393/3394
s 0
f 1827/2475/3395 1971/1970/3396 1970/2393/3397
s 1
f 1827/2475/3393 1978/2476/3398 1971/2477/3399
f 1978/2476/3398 2110/2478/3400 1971/2477/3399
f 2110/2478/3400 2111/977/973 1971/2477/3399
f 2111/977/973 2114/976/972 1971/1970/3399
s 0
f 2115/1970/3401 2389/1970/3401 2252/1970/3401
s 1
f 2389/2394/3145 2254/1013/1009 2252/1012/1008
f 2114/976/972 2115/2479/3402 2252/1970/1008
f 2113/979/975 2115/2479/3402 2114/976/972
s 0
f 2115/1970/3403 2390/1068/3404 2389/2394/3405
s 1
f 2391/1069/1065 2392/2067/3406 2393/1066/1062
s 0
f 2115/2479/3407 2113/979/3408 2390/1068/3409
f 1494/2119/3410 1737/1970/3411 1732/2480/3412 1495/2481/3413
s 1
f 2531/1141/1137 2530/2482/3151 2395/2068/3150
s 0
f 2392/2067/3414 2531/1141/3415 2395/2068/3416
s 1
f 2531/1141/1137 2535/1140/1136 2530/2482/3151
f 2535/1140/1136 2536/1144/1140 2530/1970/3151
f 1586/2483/3417 1697/2484/3418 1698/1970/3419
s 0
f 1466/2395/3420 1227/1970/3421 1464/1970/3421
s 1
f 1227/1970/3422 1465/2485/3423 1464/2486/3424
f 1465/2485/3423 1584/2487/3425 1464/2486/3424
f 1584/2487/3425 1585/2488/3426 1464/1970/3424
f 1587/2489/3427 1586/2483/3417 1585/1970/3426
f 1584/2487/3425 1587/2489/3427 1585/1970/3426
f 1587/1970/3427 1697/1970/3418 1586/2483/3417
f 1091/595/591 1099/594/590 1225/2490/3428
f 1099/594/590 1097/1970/3429 1225/1970/3428
s 0
f 1337/785/3430 1091/595/3431 1225/2490/3432
s 1
f 1096/2491/3433 902/464/460 1097/598/594
s 0
f 1099/594/3434 1095/1970/3435 1097/1970/3435
s 1
f 1095/1970/3436 1096/2491/3433 1097/598/594
f 1101/599/595 1103/1970/3437 1100/597/593
f 1101/599/595 1102/600/596 1103/2492/3437
f 1102/600/596 914/1970/3438 1103/2492/3437
s 0
f 914/1970/3439 1106/1970/3439 1103/2492/3440
f 1106/1970/3441 1232/1970/3441 1103/2492/3442
f 1232/1970/3443 1226/1970/3443 1103/2492/3444
s 1
f 1226/2493/3445 1227/2494/3446 1103/1970/3447
f 1226/1970/3445 1232/1970/3448 1227/2494/3446
f 1232/2495/3448 1233/2496/3449 1227/2494/3446
s 0
f 1233/2496/3450 1465/2485/3451 1227/1970/3452
s 1
f 1584/2487/3425 1465/2485/3423 1587/2489/3427
s 0
f 1465/2485/3453 1468/1970/3454 1587/2489/3455
f 1468/1970/3456 1703/1970/3456 1587/1970/3456
s 1
f 1704/2497/3457 1705/2498/3458 1703/2499/3459
f 1705/2498/3458 1706/2500/3460 1703/2499/3459
f 1706/2500/3460 1707/2474/3461 1703/1970/3459
f 1401/742/738 1636/817/813 1638/2501/3462 1403/745/741
f 1706/2500/3460 1829/1970/3463 1707/2474/3461
s 0
f 1829/1970/3464 1978/1970/3464 1707/2474/3465
s 1
f 1978/2476/3398 1827/2475/3393 1707/2474/3392
f 2536/1144/1140 2534/1143/1139 2651/1970/3188
f 2629/2094/2224 2625/1192/1188 2627/1193/1189 2630/1970/2225
s 0
f 2925/1360/3466 3036/1970/3467 2918/1970/3467
f 468/92/3468 713/1970/3469 707/2502/3470 467/93/3471
s 1
f 3874/1970/3472 3749/2503/3473 3748/1970/1851 3879/2504/3474
s 0
f 617/209/3475 627/221/3476 635/220/3477 636/2505/3478
f 2787/1970/3479 2656/2399/3480 2657/2085/3481
s 1
f 1443/2506/3482 1442/2507/3483 1559/2508/3484 1558/806/802
f 2661/1208/1204 2663/1209/1205 2787/1970/3201
f 2663/1209/1205 2789/2403/3202 2787/2402/3201
s 0
f 637/2144/3485 634/2143/3486 869/415/3487 867/2509/3488
s 1
f 2663/1209/1205 2664/1210/1206 2789/2403/3202
s 0
f 2664/1210/3489 2793/1970/3490 2789/2403/3491
f 2919/1970/3492 2920/1356/3493 2790/2405/3494
s 1
f 2919/2510/3495 2921/1357/1353 2920/1356/1352
s 0
f 3039/1970/3496 3159/1970/3496 3161/1970/3496
s 1
f 3159/2511/3497 3160/1608/1602 3161/1607/1601
f 3273/1612/1606 3274/2512/3498 3373/1970/3499
s 0
f 3274/2512/3500 3277/1970/3501 3373/1970/3501
s 1
f 3277/1970/1605 3374/1679/1673 3373/2513/3502
f 3374/1679/1673 3372/1678/1672 3373/1970/3502
f 3377/1677/1671 3269/1601/1595 3372/1970/1672
f 3277/1970/1605 3274/2512/3498 3273/1612/1606
f 3483/1745/1739 3484/2514/3503 3481/1746/1740
f 3484/2514/3503 3607/1970/3504 3481/1746/1740
f 3607/2515/3504 3485/2516/3505 3481/1746/1740
s 0
f 3485/2516/3506 3479/1970/3507 3481/1746/3508
s 1
f 1694/842/838 1692/2248/2878 1961/917/913 1963/918/914
f 93/2517/3509 92/2518/3510 3977/1970/3511 3976/1970/3511
f 3595/2519/3512 3592/1970/3513 3477/2413/3235
f 3591/2520/3514 3471/1970/3515 3592/1970/3513
s 0
f 3844/1970/3516 3691/1970/3516 3692/2521/3517 3693/1970/3516
s 1
f 3593/2522/3518 3591/2520/3514 3592/2523/3513
s 0
f 3591/2520/3519 3588/1970/3520 3471/1970/3520
f 3588/1970/3521 3583/1970/3521 3471/2414/3522
s 1
f 3583/1793/1787 3582/1792/1786 3468/2415/3245
f 2896/1350/1346 2767/1270/1266 2766/1268/1264 2773/1351/1347
s 0
f 2943/1970/3523 3053/1970/3523 2937/1368/3524 2808/1289/3525
s 1
f 3703/2524/3526 3701/1970/3527 3702/2417/3528
s 0
f 3701/1970/3529 3578/2418/3530 3702/2417/3531
f 3701/1970/3532 3579/2421/3533 3578/2418/3534
s 1
f 3701/2525/3535 3700/2526/3536 3579/2421/3537
s 0
f 3700/2526/3538 3696/1970/3539 3579/2421/3540
s 1
f 825/2527/3541 1041/2528/3542 1039/555/551 824/2529/3543
f 3573/2530/3544 3572/2531/3545 3576/1790/1784
f 3572/2531/3545 3571/2425/3267 3576/1790/1784
f 3572/2531/3545 3567/1970/3546 3571/2425/3267
s 0
f 3567/1970/3547 3569/2426/3548 3571/2425/3549
s 1
f 3452/1735/1729 3453/1736/1730 3569/2426/3268
s 0
f 3567/1970/3550 3452/1735/3551 3569/2426/3552
f 3441/2428/3553 3442/1723/3554 3345/1970/3555
f 3442/1723/3556 3342/2441/3557 3345/1663/3558
f 3565/1970/3559 3445/1970/3559 3452/1735/3560
f 3567/1970/3561 3565/1970/3561 3452/1735/3562
s 1
f 3565/1970/3563 3562/1783/1777 3445/1726/1720
f 3438/1722/1716 3342/2441/3564 3442/1723/1717
f 2528/2255/2710 2645/2194/2529 2527/2532/2530 2526/2252/2708
s 0
f 1365/2533/3565 1258/690/3566 1138/2035/3567 1363/2034/3568
f 301/2066/3569 298/1970/3570 297/2534/3571 302/2535/3572
s 1
f 1027/2346/2988 1026/540/536 1030/542/538 1032/547/543
f 2738/1253/1249 2739/1257/1253 2867/1330/1326
f 2612/1186/1182 2610/1185/1181 2738/1970/1249
f 2610/1185/1181 2737/1254/1250 2738/1253/1249
f 3046/1447/1441 3040/1441/1435 3038/1440/1434 3043/1446/1440
s 0
f 2109/1970/3573 2255/1970/3573 2385/1970/3573 2248/1970/3573
f 3224/1970/3574 3102/1970/3574 3225/2397/3575
f 3102/1970/3576 3105/1970/3576 3225/1970/3576
f 2241/1970/3577 2381/1970/3577 2511/1970/3577 2369/1997/3578
s 1
f 398/2536/3579 392/1970/3580 391/1970/3581 396/2537/3582
f 3338/1656/1650 3336/1655/1649 3340/2440/3288
s 0
f 3336/1655/3583 3226/1970/3584 3340/2440/3585
f 3336/1655/3586 3334/1970/3587 3226/1970/3587
f 3438/1722/3588 3437/1970/3589 3342/2441/3590
f 3437/1970/3591 3435/1970/3591 3342/2441/3592
f 3101/1970/3593 2984/1970/3593 3104/1498/3594
s 1
f 691/2538/3595 689/1970/267 692/467/463 677/466/462
f 2483/1113/1109 2344/2539/3596 2484/1114/1110
f 2344/2539/3596 2347/1970/3597 2484/1114/1110
s 0
f 2344/2539/3598 2210/1970/3599 2347/1970/3599
s 1
f 2210/1970/3600 2218/2540/3601 2347/2444/3295
f 2218/2540/3601 2348/2445/3296 2347/2444/3295
f 2218/2540/3601 2217/2541/3602 2348/2445/3296
s 0
f 2217/2541/3603 2216/1970/3604 2348/2445/3605
f 2216/1970/3606 2075/1970/3606 2348/2445/3607
s 1
f 2216/2542/3608 2215/2543/3609 2075/1970/3305
f 2215/2543/3609 2074/2446/3303 2075/2448/3305
f 2071/1970/954 2073/2447/3304 2074/2446/3303
s 0
f 2215/2543/3610 2071/1970/3611 2074/2446/3612
s 1
f 2071/958/954 2072/961/957 2073/2447/3304
f 1930/960/956 1936/2544/3613 2072/961/957
f 1930/960/956 1932/1970/3314 1936/2544/3613
f 1932/2450/3314 1933/2449/3313 1936/1970/3613
s 0
f 1930/960/3614 1797/1970/3615 1932/2450/3616
s 1
f 1789/2545/3617 1791/2319/3618 1797/1970/3619
f 1791/2319/3618 1793/852/848 1797/2546/3619
f 1793/852/848 1795/851/847 1797/2546/3619
s 0
f 1795/1970/3620 1796/2451/3621 1797/1970/3620
f 1930/960/3622 1789/2545/3623 1797/1970/3624
s 1
f 1794/850/846 1673/1970/3625 1795/1970/847
f 1794/850/846 1792/853/849 1673/1970/3625
f 1792/853/849 1671/2547/3626 1673/2548/3625
f 1671/2547/3626 1674/2454/3327 1673/2548/3625
f 1671/2547/3626 1562/2549/3627 1674/2454/3327
f 1562/2549/3627 1672/2455/3331 1674/2454/3327
f 1562/2549/3627 1561/2550/3628 1672/2455/3331
s 0
f 1561/2550/3629 1559/1970/3630 1672/2455/3631
s 1
f 2385/2195/2538 2526/2252/2708 2527/1970/2530 2524/2196/2402
f 1561/2550/3628 1560/807/803 1559/1970/3484
f 1560/807/803 1558/806/802 1559/2508/3484
s 0
f 2769/1970/3632 2762/1970/3632 2764/1269/3633 2768/1271/3634
s 1
f 1444/775/771 1447/773/769 1449/774/770
f 1447/773/769 1448/772/768 1449/774/770
f 1446/771/767 1563/2551/3635 1448/1970/768
f 1446/771/767 1564/1970/3636 1563/2551/3635
s 0
f 1564/2460/3637 1677/2456/3638 1563/1970/3639
s 1
f 1680/2465/3368 1682/2463/3361 1679/2458/3350
f 1682/2463/3361 1684/2462/3360 1679/2458/3350
f 1684/2462/3360 1685/2461/3359 1679/2458/3350
f 1685/1970/3359 1681/2459/3351 1679/2458/3350
s 0
f 1564/1970/3640 1446/771/3641 1679/2458/3642
f 1446/771/3643 1450/1970/3644 1679/2458/3645
f 3039/1442/3646 3034/1970/3647 3033/2046/3648 3037/1439/3649
s 1
f 1680/2465/3368 1683/2464/3367 1682/2463/3361
f 1450/777/773 1451/776/772 1453/1970/3650
f 1451/776/772 1452/781/777 1453/2552/3650
f 1452/781/777 1330/1970/3651 1453/1970/3650
f 1452/781/777 1327/780/776 1330/2553/3651
f 1327/780/776 1211/1970/3652 1330/2553/3651
s 0
f 2939/1970/3653 3050/1970/3653 3048/1452/3654 2932/1451/3655
s 1
f 1215/2351/3656 1216/674/670 1330/2553/3657
s 0
f 1216/674/3658 1329/1970/3659 1330/1970/3659
s 1
f 1216/674/670 1224/673/669 1329/2554/3660
f 1215/2351/3656 1213/675/671 1216/674/670
f 1215/2351/3656 1214/668/664 1213/675/671
f 1217/1970/3661 1218/669/665 1214/668/664
s 0
f 1215/2351/3662 1093/1970/3663 1214/668/3664
f 1093/1970/3665 1217/1970/3665 1214/668/3666
s 1
f 1219/666/662 1217/1970/3661 1220/670/666
f 1219/666/662 1218/669/665 1217/1970/3661
f 1093/2555/3667 1094/2556/3102 1217/1970/3668
f 1093/2555/3667 1092/2557/3669 1094/2556/3102
f 2666/1212/1208 2667/1279/1275 2791/1278/1274 2669/1213/1209
f 1805/855/851 1806/2310/3097 2086/965/961 2085/964/960
f 1977/2558/3670 2110/2478/3400 1978/2476/3398
s 0
f 1829/1970/3671 1833/1970/3671 1978/1970/3671
s 1
f 1833/1970/917 1977/2558/3670 1978/2476/3398
f 2112/978/974 2111/977/973 2110/2478/3400
s 0
f 1977/2558/3672 2112/978/3673 2110/2478/3674
f 1977/2558/3675 1976/1970/3676 2112/978/3677
f 1976/1970/3678 1975/1970/3678 2112/978/3679
s 1
f 239/1970/3680 245/5/5 247/8/8 249/2559/3681
s 0
f 96/1970/3682 3976/1970/3682 3931/1970/3682 29/1970/3682
s 1
f 2257/2560/3683 2392/2067/3406 2391/1069/1065
s 0
f 2257/2560/3684 2260/1970/3685 2392/2067/3686
s 1
f 2260/2561/3687 2259/2009/3688 2392/2067/3689
s 0
f 2259/2009/3690 2531/1141/3691 2392/2067/3692
s 1
f 403/1970/52 399/2562/3693 400/59/59 401/2563/3694
s 0
f 1233/2496/3695 1344/1970/3696 1465/2485/3697
f 1344/1970/3698 1468/1970/3698 1465/2485/3699
s 1
f 1089/2564/3700 1090/596/592 1091/595/591
f 1098/593/589 1095/1970/3701 1099/594/590
s 0
f 2362/1970/3702 2361/1970/3702 2367/1055/3703 2503/1970/3702
s 1
f 901/462/458 902/464/460 1096/2491/3433
s 0
f 1095/1970/3704 1088/1970/3704 1096/1970/3704
s 1
f 1098/593/589 1090/596/592 1095/1970/3701
s 0
f 1090/596/3705 1088/1970/3706 1095/1970/3706
s 1
f 913/459/455 912/1970/454 1102/600/596
f 912/458/454 914/2565/3438 1102/600/596
f 912/458/454 925/1970/468 914/2565/3438
s 0
f 261/1970/3707 259/2566/3708 257/1970/3707 270/1970/3707
s 1
f 931/1970/3709 1104/683/679 1106/682/678
f 1234/681/677 1229/1970/673 1106/682/678
f 1229/677/673 1228/676/672 1106/682/678
f 1228/676/672 1230/679/675 1106/682/678
f 1230/679/675 1232/2495/3448 1106/1970/678
f 1230/679/675 1231/678/674 1232/2495/3448
f 1231/678/674 1344/2567/3710 1232/2495/3448
f 1344/1970/3710 1233/2496/3449 1232/2495/3448
s 0
f 1344/1970/3711 1345/1970/3711 1468/1970/3711
s 1
f 1345/1970/3712 1469/2568/3713 1468/2569/3714
s 0
f 1469/2568/3715 1470/1970/3716 1704/2497/3717
f 1470/1970/3718 1588/1970/3718 1704/2497/3719
s 1
f 1588/1970/3720 1705/2498/3458 1704/2497/3457
f 1588/1970/3720 1706/2500/3460 1705/2498/3458
s 0
f 1588/1970/3721 1829/1970/3721 1706/2500/3722
f 1345/1970/3723 1229/1970/3723 1469/2568/3724
f 1229/1970/3725 1234/681/3726 1469/2568/3727
f 1234/681/3728 1470/1970/3729 1469/2568/3730
f 1588/1970/3731 1830/1970/3731 1829/1970/3731
s 1
f 1830/2570/3732 1832/2571/3733 1829/1970/3734
f 1832/2571/3733 1833/921/917 1829/1970/3734
f 3038/1440/1434 3037/1439/1433 3036/1970/3735
f 2925/1360/1356 3038/1440/1434 3036/2572/3735
f 2923/1359/1355 3038/1440/1434 2925/1360/1356
f 3040/1441/1435 3158/2573/3736 3039/1442/1436
f 3158/2573/3736 3159/1970/3737 3039/1970/1436
f 1347/2574/3738 1110/604/600 1111/603/599 1348/2575/3739
f 937/477/473 930/474/470 927/2576/3740 928/2577/3741
f 2532/1142/1138 2401/1970/3742 2533/1139/1135
f 2540/1149/3743 2659/1205/1201 2661/1208/1204
f 2794/1282/1278 2795/2578/3744 2793/1283/1279
f 2795/2578/3744 2919/1970/3495 2793/1970/1279
f 2664/1210/1206 2791/1278/1274 2793/1283/1279
f 2669/1213/1209 2791/1278/1274 2664/1210/1206
f 2795/2578/3744 2921/1357/1353 2919/2510/3495
f 3041/1970/1437 2922/1358/1354 2921/1357/1353
s 0
f 3973/2579/3745 85/1970/3746 83/1970/3746 3970/1970/3746
f 101/1970/3747 104/1970/3747 97/2580/3748 105/2581/3749
s 1
f 3163/1970/3750 3160/1608/1602 3159/2511/3497
s 0
f 3158/2573/3751 3163/1970/3752 3159/2511/3753
s 1
f 878/424/424 882/1970/3754 885/1970/430 879/1970/425
f 3281/1970/1679 3278/1610/1604 3276/1609/1603
f 3278/1610/1604 3379/1970/1677 3277/1611/1605
s 0
f 261/1970/3755 253/1970/3755 262/2582/3756 259/2566/3757
s 1
f 2012/2583/3758 2151/2584/3759 2152/1970/3760 2011/931/927
f 3554/2585/3761 3549/2586/3762 3548/1780/1774 3553/2078/2198
s 0
f 2295/2587/3763 2438/1970/3764 2436/2588/3765 2296/2589/3766
f 3486/1970/3767 3487/1970/3767 3482/1743/3768
s 1
f 3487/1970/3769 3483/1745/1739 3482/1743/1737
s 0
f 3487/1970/3770 3484/2514/3771 3483/1745/3772
f 413/1970/3773 884/1970/3773 646/230/3774 644/229/3775
s 1
f 3643/2590/3776 3644/2591/3777 3636/1803/1797 3634/1802/1796
f 3608/2592/3778 3606/2593/3779 3607/2515/3780
s 0
f 3606/2593/3781 3605/2594/3782 3607/2515/3783
f 3606/2593/3784 3602/1970/3785 3605/2594/3786
s 1
f 3602/2595/3787 3601/2596/3788 3605/2594/3789
s 0
f 3601/2596/3790 3596/1970/3791 3605/2594/3792
s 1
f 3596/2597/3793 3595/2519/3512 3605/2594/3794
s 0
f 3593/2522/3795 3588/1970/3796 3591/2520/3797
f 3601/2596/3798 3603/1970/3799 3596/1970/3799
f 3603/1970/3800 3598/1970/3800 3596/1970/3800
s 1
f 3598/2598/3801 3597/2224/3802 3596/2597/3803
f 815/379/379 821/543/539 1030/1970/538 1026/540/536
f 3584/1791/1785 3703/2524/3526 3702/2417/3528 3582/1792/1786
f 3589/1836/1830 3590/1835/1829 3585/1794/1788
f 3590/1835/1829 3587/1795/1789 3585/1794/1788
f 3586/1796/1790 3708/1970/1818 3584/1791/1785
s 0
f 3781/1970/3804 3785/1970/3804 3778/2599/3805 3777/2600/3806
f 3704/2601/3807 3703/2524/3808 3584/1791/3809
s 1
f 3704/2601/3810 3705/1949/1943 3703/2524/3526
f 3705/1949/1943 3706/2602/3811 3703/2524/3526
f 3706/2602/3811 3701/1970/3527 3703/2524/3526
f 3706/2602/3811 3707/1948/1942 3701/1970/3527
f 720/2603/3812 722/298/298 716/1970/292 719/1970/305
s 0
f 224/2604/3813 225/1970/3814 226/1970/3814 223/1970/3814
f 3856/1945/3815 3698/1970/3816 3701/1970/3816
f 3698/1970/3817 3697/1970/3817 3701/1970/3817
s 1
f 3697/2605/3818 3695/2606/3819 3701/1970/3535
f 3695/2606/3819 3696/2607/3820 3701/1970/3535
f 3696/1970/3820 3700/2526/3536 3701/2525/3535
f 3695/2606/3819 3573/2530/3544 3696/1970/3820
f 3695/2606/3819 3568/1970/3821 3573/2530/3544
f 1486/2608/3822 1487/2609/3823 1259/691/687 1258/690/686
f 3568/2610/3821 3566/2611/3824 3567/2612/3546
f 3566/2611/3824 3565/1970/3563 3567/1970/3546
f 3564/1784/1778 3562/1783/1777 3565/1970/3563
f 3566/2611/3824 3564/1784/1778 3565/2613/3563
f 3439/1721/1715 3437/1970/3825 3438/1722/1716
f 3440/1728/1722 3437/1970/3825 3439/1721/1715
f 2985/1399/1395 2864/2614/3826 2863/1970/3827
s 0
f 2864/2614/3828 2862/1970/3829 2863/1970/3829
s 1
f 2862/2615/3830 2861/1324/1320 2863/1323/1319
f 2982/1402/1398 2864/2614/3826 2985/1399/1395
f 2736/1325/1321 2731/1970/1247 2735/1326/1322
f 2731/1970/1247 2734/2616/3831 2735/1326/1322
f 2734/2616/3831 2612/1970/1182 2735/1326/1322
f 2734/2616/3831 2611/1183/1179 2612/1186/1182
f 2609/1184/1180 2737/1254/1250 2610/1185/1181
f 2609/1184/1180 2608/2617/3832 2737/1254/1250
s 0
f 2608/2617/3833 2487/1117/3834 2737/1254/3835
s 1
f 2345/1970/3836 2485/1116/1112 2487/1117/1113
f 2608/2617/3832 2606/2618/3837 2487/1117/3838
s 0
f 2606/2618/3839 2345/1970/3840 2487/1117/3841
s 1
f 3222/1652/1646 3223/2619/3842 3224/1653/1647
f 3223/2619/3842 3102/1970/1485 3224/1970/1647
f 3223/2619/3842 3103/1492/1486 3102/1491/1485
f 3099/1493/1487 3100/2620/3843 3101/1494/1488
f 3100/2620/3843 2984/1970/3844 3101/1970/1488
f 3435/2621/3845 3337/1657/1651 3338/1656/1650
f 3335/1654/1648 3334/1970/1644 3336/1655/1649
f 3335/1654/1648 3333/1651/1645 3334/1650/1644
f 3537/1772/1766 3427/1771/1765 3434/1719/1713 3545/2622/3846
s 0
f 3225/1970/3847 3105/1970/3847 3227/1568/3848 3229/1573/3849
s 1
f 3436/2623/3850 3435/2621/3851 3437/1970/3852
f 3436/1970/3850 3547/1970/3853 3435/2621/3851
s 0
f 3547/1970/3854 3432/1970/3854 3435/2621/3855
s 1
f 3432/1718/1712 3431/1717/1711 3435/2621/3856
s 0
f 3958/1970/3857 3955/1970/3857 3956/1970/3857 3957/1970/3857
s 1
f 2983/1401/1397 2986/1400/1396 2984/1970/3844
f 3100/2620/3843 2983/1401/1397 2984/2624/3844
f 2345/1970/3836 2483/1113/1109 2485/1116/1112
s 0
f 2345/1970/3858 2210/1970/3858 2483/1113/3859
f 2210/1970/3860 2344/2539/3861 2483/1113/3862
s 1
f 2213/2625/3863 2212/2626/3864 2210/1970/3600
f 2212/2626/3864 2208/2627/3865 2210/2628/3600
f 2208/2627/3865 2211/2629/3866 2210/2628/3600
f 197/2630/3867 3960/2631/3868 192/1970/3869 195/2632/3870
s 0
f 2345/1970/3871 2213/2625/3872 2210/1970/3871
s 1
f 2211/2629/3866 2214/2633/3873 2217/2541/3602
f 2214/2633/3873 2215/1970/3609 2217/2541/3602
f 2215/2543/3609 2216/2542/3608 2217/2541/3602
s 0
f 2214/2633/3874 2071/1970/3875 2215/2543/3876
s 1
f 1931/1970/3877 1929/959/955 2071/958/954
s 0
f 3920/1970/3878 3845/2634/3879 3847/1970/3878 3922/1970/3878
s 1
f 1931/2635/3877 1928/2636/3880 1929/959/955
s 0
f 1928/2636/3881 1788/1970/3882 1929/959/3883
s 1
f 1754/847/843 1755/2637/3884 1889/2638/3885 1890/2639/3886
f 1788/848/844 1667/832/828 1789/2545/3617
f 1667/832/828 1666/830/826 1789/2545/3617
f 1666/830/826 1668/2640/3887 1789/2545/3617
f 1668/2640/3887 1791/2319/3618 1789/2545/3617
s 0
f 1668/2640/3888 1664/1970/3889 1791/2319/3890
f 1664/1970/3891 1553/1970/3891 1791/2319/3892
f 3886/2641/3893 3774/1879/3894 3778/2599/3895 3887/2642/3896
s 1
f 1792/853/849 1793/852/848 1791/2319/3618
s 0
f 1556/1970/3897 1671/2547/3898 1792/853/3899
s 1
f 1556/2643/3900 1557/808/804 1671/2547/3626
f 1557/808/804 1562/2549/3627 1671/2547/3626
f 1557/808/804 1561/2550/3628 1562/2549/3627
f 1557/808/804 1560/807/803 1561/2550/3628
f 1555/809/805 1443/2506/3482 1558/806/802
s 0
f 1555/809/3901 1318/1970/3902 1443/2506/3903
f 1318/1970/3904 1436/1970/3904 1443/2506/3905
s 1
f 1436/762/758 1438/767/763 1443/2506/3482
f 1438/767/763 1440/768/764 1443/2506/3482
f 1437/765/761 1444/775/771 1439/766/762
f 1445/770/766 1447/773/769 1444/775/771
f 1437/765/761 1325/764/760 1444/775/771
s 0
f 1325/764/3906 1322/1970/3907 1444/775/3908
f 1322/1970/3909 1445/770/3910 1444/775/3911
s 1
f 1445/770/766 1450/1970/773 1446/771/767
f 1445/770/766 1328/778/774 1450/777/773
f 1326/779/775 1211/1970/3652 1327/780/776
f 1326/779/775 1212/2644/3912 1211/2645/3652
f 1212/2644/3912 1209/2646/3913 1211/2645/3652
s 0
f 2383/1970/3914 2641/1970/3914 2640/1970/3914 2519/1132/3915
s 1
f 1210/2647/3916 1086/1970/588 1211/2645/3652
s 0
f 1086/1970/3917 1085/1970/3917 1211/1970/3917
f 3200/1546/3918 3078/1970/3919 3081/1479/3920 3202/1553/3921
f 1083/1970/3922 1087/1970/3922 1093/1970/3922
f 1087/1970/3923 1088/1970/3923 1093/1970/3923
s 1
f 1088/2648/3924 1092/2557/3669 1093/2555/3667
f 1088/2648/3924 1089/2564/3700 1092/2557/3669
f 1833/921/917 1974/920/916 1977/2558/3670
f 1974/920/916 1976/2649/3925 1977/2558/3670
f 1832/2571/3733 1834/922/918 1833/921/917
f 1974/920/916 1975/923/919 1976/1970/3925
f 1979/2650/3926 1980/1970/3927 1975/923/919
f 1834/922/918 1979/2650/3926 1975/923/919
s 0
f 1980/1970/3928 1984/1970/3928 2118/1970/3928
s 1
f 1984/2651/3929 2116/2652/3930 2118/1970/3931
f 2116/2652/3930 2257/2560/3932 2118/2653/3931
f 2259/2009/3688 2260/2561/3687 2257/2560/3933
f 2917/1970/2125 2914/2337/2951 2786/1970/2950 2916/1970/2126
f 677/1970/462 907/452/448 904/448/444 678/447/443
s 0
f 2258/1970/3934 2399/1970/3934 2532/1142/3935
s 1
f 2399/2654/3936 2401/2655/3742 2532/1142/1138
f 2261/1970/3937 2263/2656/3938 2258/2657/3939
f 2263/2656/3938 2398/2658/3940 2258/2657/3939
f 2398/2658/3940 2399/2654/3941 2258/1970/3939
f 1231/678/674 1229/677/673 1344/2567/3710
s 0
f 1229/1970/3942 1345/1970/3942 1344/1970/3942
s 1
f 1088/1970/3924 1090/596/592 1089/2564/3700
f 1087/2659/3943 898/2660/3944 1088/1970/3945
f 898/2660/3944 897/2661/3946 1088/1970/3945
f 897/2661/3946 900/451/447 901/462/458
f 911/456/452 912/458/454 913/459/455
f 910/454/450 921/470/466 912/458/454
f 921/470/466 922/469/465 912/458/454
f 922/469/465 925/472/468 912/458/454
f 923/471/467 688/1970/270 925/472/468
f 688/270/270 924/2662/3947 925/472/468
s 0
f 190/2663/3948 342/1970/3949 352/1970/3949 187/1970/3949
s 1
f 929/473/469 931/476/472 925/1970/468
f 1108/601/597 1107/1970/3950 931/476/472
s 0
f 1107/1970/3951 1104/683/3952 931/1970/3951
s 1
f 1107/1970/3950 1105/684/680 1104/683/679
f 1236/685/681 1237/2664/3953 1235/680/676
s 0
f 1237/2664/3954 1589/1970/3955 1235/680/3956
f 1589/1970/3957 1472/1970/3957 1235/680/3958
s 1
f 1472/2665/3959 1471/2338/2968 1235/680/676
f 3165/1532/1526 3166/2666/3960 3163/2667/3961 3162/2668/3962
f 1471/2338/2968 1472/2665/3959 1470/2339/2969
s 0
f 1472/2665/3963 1588/1970/3964 1470/1970/3964
s 1
f 1472/1970/3965 1589/1970/3966 1588/2669/3967
f 3610/2670/3968 3609/1970/3969 3612/2671/3970 3613/2672/3971
f 1831/2673/3972 1834/1970/918 1830/2570/3732
f 1834/922/918 1832/2571/3733 1830/2570/3732
s 0
f 2923/1359/3973 3043/1446/3974 3038/1440/3975
f 2463/1106/3976 2183/1970/3977 2187/1970/3977 2464/1107/3978
s 1
f 618/207/207 619/210/210 637/2144/2372 621/401/401
s 0
f 3046/1447/3979 3162/2668/3980 3040/1970/3981
s 1
f 1148/628/624 1145/2674/3982 1143/623/619 1144/624/620
f 3346/1662/1656 3344/1661/1655 3347/1730/1724 3448/1729/1723
s 0
f 2543/2113/3983 2659/1205/3984 2540/1149/3985
s 1
f 2543/2113/2279 2542/2675/3986 2659/1205/1201
f 2542/2675/3986 2660/1206/1202 2659/1205/1201
s 0
f 2542/2675/3987 2545/1970/3988 2660/1206/3989
s 1
f 2545/2676/3990 2665/1211/1207 2660/1206/1202
f 2797/1286/1282 2926/1970/1357 2794/1282/1278
s 0
f 2926/1970/3991 2795/2578/3992 2794/1282/3993
f 2406/1970/3994 2541/2112/3995 2539/1145/3996 2408/1148/3997
s 1
f 2926/1361/1357 2928/2677/3998 3041/1970/1437
f 2928/2677/3998 3042/1444/1438 3041/1443/1437
f 2797/1286/1282 2798/1362/1358 2926/1361/1357
f 2927/1364/1360 2928/2677/3998 2926/1361/1357
f 3282/2678/3999 3283/2679/4000 3163/1970/4001
f 3283/2679/4000 3285/2680/4002 3163/1970/4001
f 3285/2680/4002 3280/2681/4003 3163/2667/4001
f 3280/2681/4003 3281/1970/1679 3163/1970/4001
f 352/1970/4004 358/2682/4005 194/1970/4006 187/1970/4004
s 0
f 3166/2666/4007 3282/2678/4008 3163/1970/4009
s 1
f 3281/1685/1679 3279/1684/1678 3278/1610/1604
f 3279/1684/1678 3379/1683/1677 3278/1610/1604
f 3280/2681/4003 3383/1682/1676 3281/1685/1679
f 3385/1688/1682 3382/2683/4010 3381/1689/1683
s 0
f 3385/1688/4011 3486/1970/4012 3382/2683/4013
f 3385/1688/4014 3488/1970/4015 3486/1970/4015
f 3488/1970/4016 3487/1970/4016 3486/1970/4016
f 3489/1970/4017 3493/1970/4017 3487/1970/4017
f 3493/1970/4018 3611/1970/4018 3487/1970/4018
s 1
f 3488/1749/1743 3489/1748/1742 3487/1970/4019
s 0
f 3493/1970/4020 3614/1970/4020 3611/1970/4020
s 1
f 127/2088/4021 118/2684/4022 116/1970/4023 124/2089/4024
s 0
f 3615/1799/4025 3770/1970/4026 3612/2671/4027
s 1
f 3770/1970/1868 3613/2672/3971 3612/2671/3970
f 896/1970/4028 899/444/440 900/451/447 897/2661/3946
f 3609/2685/3969 3608/2592/3778 3612/2671/3970
f 3609/2685/3969 3606/2593/3779 3608/2592/3778
f 3609/2685/3969 3610/2670/3968 3606/2593/3779
s 0
f 3610/2670/4029 3602/1970/4030 3606/2593/4031
f 17/2686/4032 14/1970/4033 15/1970/4033 16/2687/4034
s 1
f 3751/1863/1857 3603/1862/1856 3602/2595/3787
f 3603/1970/1856 3601/2596/3788 3602/2595/3787
f 3604/1861/1855 3598/1970/3801 3603/1970/1856
f 3604/1861/1855 3597/2224/3802 3598/2598/3801
f 3604/1861/1855 3600/1852/1846 3597/2224/3802
f 3600/1852/1846 3599/1851/1845 3597/2224/3802
s 0
f 2286/2688/4035 2285/1970/4036 2290/2689/4037 2291/2690/4038
s 1
f 3736/1970/1842 3734/2691/4039 3594/2692/4040
f 3630/2362/3046 3499/1752/1746 3498/1751/1745 3506/2010/4041
f 3712/1819/1813 3708/1824/1818 3586/1796/1790
f 3710/1823/1817 3709/1833/1827 3708/1824/1818
f 3709/1833/1827 3711/1832/1826 3708/1824/1818
s 0
f 3711/1832/4042 3864/1970/4043 3708/1824/4044
f 3864/1970/4045 3705/1970/4045 3708/1970/4045
s 1
f 3864/1953/1947 3861/1950/1944 3705/1949/1943
f 3707/1948/1942 3706/2602/3811 3705/1949/1943
f 3862/1952/1946 3858/1970/4046 3860/1947/1941
f 1269/1970/4047 1151/2693/4048 1149/1970/623 1155/1970/691
s 0
f 3862/1952/4049 3859/1970/4050 3858/1970/4050
f 3859/1970/4051 3928/1970/4051 3858/1970/4051
s 1
f 3830/2694/4052 3831/2695/4053 3911/1964/1956 3915/2365/4054
f 3854/1944/1938 3852/1938/1932 3857/1946/1940
f 3850/1937/1931 3699/2696/4055 3856/1945/1939
f 3699/2696/4055 3698/1970/4056 3856/1945/1939
f 3694/2697/4057 3695/1970/3819 3698/2698/4056
f 3695/2606/3819 3697/2605/3818 3698/1970/4056
f 3699/2696/4055 3694/2697/4057 3698/2698/4056
s 0
f 3694/2697/4058 3568/1970/4059 3695/2606/4060
s 1
f 3694/2697/4061 3692/2521/4062 3568/2610/4063
f 3692/2521/4062 3560/1970/4064 3568/2610/4063
s 0
f 3560/1970/4065 3566/2611/4066 3568/2610/4067
s 1
f 3560/2699/4068 3558/2700/4069 3566/2611/4070
s 0
f 3558/2700/4071 3564/1784/4072 3566/2611/4073
s 1
f 3558/2700/4074 3563/1785/1779 3564/1784/1778
f 3558/2700/4074 3557/1786/1780 3563/1785/1779
s 0
f 442/1970/4075 438/71/4075 437/70/4076 436/2701/4077
s 1
f 3558/2700/4074 3555/1970/4078 3557/1786/1780
f 2862/1970/3830 2864/2614/4079 2861/1324/1320
f 2864/2614/4079 2736/1325/1321 2861/1324/1320
s 0
f 2864/2614/4080 2731/1970/4081 2736/1325/4082
s 1
f 3357/2291/2616 3350/1666/1660 3349/1665/1659 3355/1671/1665
s 0
f 2732/1970/4083 2730/1970/4083 2864/1970/4083
s 1
f 2730/1248/1244 2731/1251/1247 2864/2614/4084
f 3435/2621/3845 3338/1970/1650 3340/2440/3288 3342/2441/3289
f 2860/2702/4085 2859/2703/4086 2982/1402/4087
f 2603/1250/1246 2734/2616/3831 2731/1970/1247
f 1481/2704/4088 1483/2705/4089 1359/2348/2990 1360/2347/2989
f 2607/2706/4090 2606/1970/3837 2611/1183/1179
f 2606/2618/3837 2608/2617/3832 2611/1183/1179
f 2608/2617/3832 2609/1184/1180 2611/1183/1179
f 2480/1970/4091 2607/2706/4090 2611/1183/1179
s 0
f 2606/2618/4092 2346/1970/4093 2345/1970/4093
s 1
f 2346/2707/4094 2343/2708/4095 2345/1970/4096
s 0
f 2343/2708/4097 2213/2625/4098 2345/1970/4099
f 2607/2706/4100 2346/1970/4101 2606/2618/4102
s 1
f 2403/2709/4103 2406/2710/4104 2408/1148/1144 2407/2711/4105
f 3220/2355/4106 3221/2712/4107 3222/1652/4108
f 3221/2712/4107 3099/1970/1487 3222/1652/4108
f 3099/1493/1487 3103/1492/1486 3222/1652/4108
s 0
f 3103/1492/4109 3223/2619/4110 3222/1652/4111
s 1
f 3612/2671/3970 3608/2592/3778 3607/1970/3780 3611/2713/4112
f 3096/2714/4113 3095/2715/4114 3099/1970/4115
s 0
f 3095/2715/4116 2978/1970/4117 3099/1970/4117
s 1
f 2978/1397/1393 2979/2716/4118 3099/1970/4119
s 0
f 2979/2716/4120 3100/2620/4121 3099/1493/4122
f 3221/2712/4123 3220/2355/4124 3099/1970/4125
f 3220/2355/4126 3098/1970/4127 3099/1970/4127
f 3098/1970/4128 3096/2714/4129 3099/1970/4128
f 2979/2716/4130 2977/1970/4131 3100/2620/4132
f 2977/1970/4133 2983/1401/4134 3100/2620/4135
s 1
f 3430/1716/1710 3428/2717/4136 3337/1657/1651
f 2454/1103/1099 2453/1970/1098 2709/2437/4137 2582/1970/4138
s 0
f 3428/2717/4139 3329/1970/4140 3333/1970/4140
s 1
f 3329/1647/1641 3328/1646/1640 3333/1970/1645
f 3555/1970/4141 3552/2079/2199 3551/2718/4142
f 3552/2079/2199 3547/1970/1773 3551/2718/4142
f 3546/1778/1772 3432/1970/4143 3547/1970/1773
s 0
f 2685/1970/4144 2689/1970/4144 2810/1372/4145 2808/1970/4144
s 1
f 3545/2622/3846 3434/1719/1713 3432/1718/1712
s 0
f 946/1970/4146 948/1970/4146 1115/607/4147 1113/606/4148
s 1
f 3429/1715/1709 3428/2717/4136 3430/1716/1710
s 0
f 2343/2708/4149 2339/1970/4150 2213/2625/4151
s 1
f 2339/1970/1047 2212/2626/3864 2213/2625/3863
f 2209/2719/4152 2208/2627/3865 2212/2626/3864
f 2339/1051/1047 2207/1050/1046 2212/2626/3864
f 2207/1050/1046 2209/2719/4152 2212/2626/3864
s 0
f 2209/2719/4153 2070/1970/4154 2208/2627/4155
s 1
f 2070/2720/4156 2069/954/950 2208/2627/3865
f 2069/954/950 2068/2721/4157 2208/2627/3865
f 2068/2721/4157 2211/2629/3866 2208/2627/3865
f 2068/2721/4157 2067/957/953 2211/2629/3866
f 2067/957/953 2066/956/952 2211/2629/3866
s 0
f 2066/956/4158 1931/1970/4159 2211/2629/4160
s 1
f 2066/956/4161 1927/2722/4162 1931/2635/3877
f 1927/2722/4162 1926/1970/4163 1931/2635/3877
f 1926/1970/4163 1928/2636/3880 1931/2635/3877
s 0
f 1926/1970/4164 1790/1970/4164 1928/2636/4165
f 1790/1970/4166 1788/1970/4166 1928/2636/4167
s 1
f 1790/1970/4168 1787/849/845 1788/848/844
f 1665/828/824 1668/2640/3887 1666/830/826
f 1665/828/824 1664/826/822 1668/2640/3887
f 1548/827/823 1553/1970/4169 1664/1970/822
f 1548/827/823 1551/2723/4170 1553/2724/4169
f 1551/2723/4170 1552/2725/4171 1553/2724/4169
s 0
f 1552/2725/4172 1556/1970/4173 1553/1970/4173
s 1
f 1552/2725/4171 1557/808/804 1556/2643/3900
f 1552/2725/4171 1554/2726/4174 1557/808/804
f 1554/2726/4174 1555/809/805 1557/808/804
f 2040/2727/4175 2041/2728/4176 2318/2729/4177 2316/1038/1034
f 1315/2730/4178 1316/2731/4179 1318/1970/712
f 1316/2731/4179 1317/717/713 1318/716/712
f 1321/715/711 1323/2732/4180 1318/716/712
f 1323/2732/4180 1324/763/759 1318/716/712
f 1324/763/759 1436/762/758 1318/1970/712
s 0
f 1322/1970/4181 1328/778/4182 1445/770/4183
s 1
f 1324/763/759 1323/2732/4180 1325/764/760
f 1323/2732/4180 1321/715/711 1325/764/760
f 1321/715/711 1322/714/710 1325/764/760
f 1320/713/709 1209/1970/3913 1322/714/710
s 0
f 1209/2646/4184 1212/2644/4185 1322/714/4186
f 1212/2644/4187 1328/778/4188 1322/1970/4189
s 1
f 1212/2644/3912 1326/779/775 1328/778/774
f 1086/592/588 1084/591/587 1085/2733/4190
f 1084/591/587 1083/590/586 1085/1970/4190
f 1208/2734/4191 1207/2735/4192 1209/2646/3913
f 1320/713/709 1208/2734/4191 1209/2646/3913
f 1208/2734/4191 1320/713/709 1207/2735/4192
s 0
f 3066/1463/4193 3194/2736/4194 3191/1542/4195 3067/1464/4196
s 1
f 1203/2737/4197 1202/2738/4198 1207/2735/4199
f 1202/2738/4198 1074/581/577 1207/2735/4199
f 1074/581/577 1072/580/576 1207/2735/4199
f 1072/580/576 1070/576/572 1207/2735/4199
f 855/400/400 856/402/402 868/422/422 858/406/406
s 0
f 1076/1970/4200 1210/2647/4201 1207/1970/4200
s 1
f 1076/2739/4202 1086/592/588 1210/2647/3916
f 1076/2739/4202 1079/586/582 1086/592/588
f 898/2660/3944 1087/2659/3943 1083/1970/4203
f 3125/2038/2108 3003/1970/2058 3005/1411/1407 3128/1970/2098
s 0
f 1831/2673/4204 1710/1970/4205 1834/1970/4205
f 1710/1970/4206 1979/2650/4207 1834/922/4208
f 1710/1970/4209 1980/1970/4209 1979/2650/4210
s 1
f 1982/2740/4211 1984/2651/3929 1980/1970/4212
s 0
f 1710/1970/4213 1982/2740/4214 1980/1970/4213
s 1
f 1982/2740/4211 2117/1970/4215 1984/2651/3929
f 2117/2008/4215 2116/2652/3930 1984/2651/3929
f 2119/982/978 2123/981/977 2117/1970/4215
s 0
f 2123/981/4216 2261/1970/4217 2117/2008/4218
s 1
f 1982/2740/4211 1985/2741/4219 2117/2008/4215
f 1985/2741/4219 2119/982/978 2117/1970/4215
f 2398/2658/3940 2262/1970/4220 2399/2654/3941
s 0
f 2262/1970/4221 2400/1970/4221 2399/2654/4222
s 1
f 2400/1147/1143 2537/1146/1142 2399/2654/3936
f 2122/2742/4223 2262/2743/4220 2261/2744/3937
f 2262/1970/4220 2398/2658/3940 2261/2744/3937
f 2398/2658/3940 2263/2656/3938 2261/1970/3937
s 0
f 2123/981/4224 2122/2742/4225 2261/2744/4226
s 1
f 896/1970/4028 897/2661/3946 898/2660/3944
s 0
f 2570/1165/4227 2693/1970/4228 2817/1970/4228 2688/1293/4229
s 1
f 687/271/271 688/270/270 923/471/467
f 686/269/269 700/2745/4230 688/270/270
s 0
f 700/2745/4231 698/1970/4232 688/270/4233
f 698/1970/4234 705/1970/4234 688/270/4235
s 1
f 705/2746/4236 706/2747/4237 688/270/270
s 0
f 3481/1746/4238 3479/1970/4239 3478/2176/4240 3480/1744/4241
s 1
f 706/2747/4237 926/2748/4242 927/2576/3740
f 926/2748/4242 928/2577/3741 927/2576/3740
f 3216/1563/1557 3215/1562/1556 3325/1644/1638 3321/1970/4243
f 930/474/470 929/473/469 927/2576/3740
f 1110/604/600 1107/2749/3950 1108/601/597
f 1110/604/600 1105/684/680 1107/1970/3950
f 1110/604/600 1236/685/681 1105/684/680
s 0
f 1110/604/4244 1349/1970/4245 1236/685/4246
f 1349/1970/4247 1346/1970/4247 1236/685/4248
s 1
f 1346/2750/4249 1350/2751/4250 1236/685/681
f 1350/2751/4250 1237/2664/3953 1236/685/681
s 0
f 1350/2751/4251 1589/1970/4252 1237/2664/4253
f 1591/1970/4254 1831/2673/4255 1589/2752/4256
f 1350/2751/4257 1591/1970/4258 1589/2752/4259
f 1591/1970/4260 1710/1970/4260 1831/2673/4261
s 1
f 3045/1448/1442 3162/2668/4262 3046/1447/1441
s 0
f 3045/1448/4263 3165/1970/4264 3162/2668/4265
s 1
f 2399/2654/3936 2537/1146/1142 2538/1970/1146 2401/2655/3742
s 0
f 2406/1970/4266 2542/1970/4266 2541/2112/4267
s 1
f 2542/2675/3986 2543/2113/2279 2541/2112/2278
f 2668/1280/1276 2667/1279/1275 2666/1212/1208
f 2665/1211/1207 2668/1280/1276 2666/1212/1208
s 0
f 2406/1970/4268 2404/1970/4268 2542/1970/4268
s 1
f 316/2222/2610 323/2753/4269 327/2754/4270 318/2755/2611
s 0
f 2411/1970/4271 2410/1970/4271 2545/1970/4271
s 1
f 2410/2756/4272 2544/2757/4273 2545/1970/3990
f 2544/2757/4273 2665/1211/1207 2545/2676/3990
f 3407/1701/1695 3406/2758/4274 3410/1705/1699 3411/1709/1703
f 2796/1284/1280 2798/1362/1358 2797/1286/1282
f 3364/2280/2782 3361/2283/2784 3360/2219/4275 3363/1970/2599
f 2799/1363/1359 2798/1362/1358 2796/1284/1280
s 0
f 2670/1970/4276 2671/1970/4276 2668/1280/4277
s 1
f 2671/2759/4278 2672/1285/1281 2668/1280/1276
f 2671/1970/4278 2670/1970/4279 2672/1285/1281
f 606/1970/198 603/1971/4280 846/2760/4281 843/2761/4282
f 3175/2435/3279 3291/2434/3278 3290/1614/1608 3289/1613/1607
s 0
f 2928/2677/4283 2927/1364/4284 3042/1444/4285
f 2927/1364/4286 2931/1970/4287 3042/1444/4288
s 1
f 2799/1363/1359 2929/2762/4289 2927/1364/1360
f 2929/2762/4289 2931/1970/4290 2927/1364/1360
s 0
f 3047/1970/4291 3167/1970/4291 3044/1445/4292
s 1
f 3167/1528/1522 3164/1533/1527 3044/1445/1439
f 3164/1533/1527 3045/1448/1442 3044/1445/1439
f 3164/1533/1527 3165/1532/1526 3045/1448/1442
f 3166/2666/4293 3283/2679/4000 3282/2678/3999
f 3284/2763/4294 3285/2680/4002 3283/2679/4000
s 0
f 3166/2666/4295 3287/1970/4296 3283/2679/4297
s 1
f 3287/1970/4298 3284/2763/4294 3283/2679/4000
s 0
f 3284/2763/4299 3383/1970/4300 3285/2680/4301
f 3383/1682/4302 3280/2681/4303 3285/2680/4304
s 1
f 3169/1531/1525 3166/2666/3960 3165/1532/1526
s 0
f 3169/1531/4305 3287/1970/4306 3166/2666/4307
s 1
f 740/315/315 952/1970/484 950/2764/4308 731/309/309
s 0
f 3386/1970/4309 3490/1970/4309 3384/1686/4310
s 1
f 969/502/498 968/2765/4311 967/501/497 966/500/496
f 3490/2766/2959 3491/1750/1744 3488/1749/1743
f 3492/1747/1741 3493/2767/4312 3489/1970/1742
f 3492/1747/1741 3617/1970/4313 3493/2767/4312
f 3617/2768/4313 3616/1797/1791 3493/2767/4312
f 3616/1797/1791 3614/1800/1794 3493/1970/4312
f 3618/1798/1792 3771/1970/1869 3615/1799/1793
f 3771/1875/1869 3770/1874/1868 3615/1799/1793
f 3764/1869/1863 3613/2672/3971 3770/1970/1868
f 3764/1869/1863 3763/1868/1862 3613/2672/3971
s 0
f 97/1970/4314 235/2769/4315 409/2770/4316 241/2771/4317
s 1
f 3412/1704/1698 3308/1707/1701 3311/1632/1626 3312/1636/1630
s 0
f 3956/1970/4318 188/2772/4319 193/2773/4320 3959/2774/4321
s 1
f 3760/1970/4322 3757/2775/4323 3756/2236/4324
f 3742/1850/1844 3741/1970/1852 3599/1851/1845
s 0
f 3741/1970/4325 3736/1970/4325 3599/1851/4326
f 3741/1970/4327 3738/1970/4327 3736/1970/4327
s 1
f 3738/2776/4328 3737/2777/4329 3736/1970/1842
f 3737/2777/4329 3739/1849/1843 3736/1848/1842
f 3735/1847/1841 3734/2691/4039 3736/1970/1842
f 3735/1847/1841 3727/1970/4330 3734/2691/4039
s 0
f 3727/1970/4331 3726/1970/4331 3734/2691/4332
s 1
f 3726/1838/1832 3724/1837/1831 3734/2691/4039
f 3865/1954/1948 3864/1953/1947 3711/1832/1826
f 3868/1959/1951 3928/1970/4333 3862/1952/1946
s 0
f 3928/1970/4334 3859/1970/4334 3862/1952/4335
s 1
f 3929/2778/4336 3870/1970/4337 3928/2420/4333
s 0
f 3870/1970/4338 3871/1970/4338 3928/2420/4339
f 3871/1970/4340 3875/1970/4340 3928/2420/4341
f 3875/1970/4342 3879/1970/4342 3928/2420/4343
s 1
f 3879/2504/3474 3877/2779/4344 3928/2420/4345
s 0
f 3877/2779/4346 3883/1970/4347 3928/2420/4348
s 1
f 3883/2309/2856 3884/2308/2855 3928/2420/4349
s 0
f 40/1970/4350 17/1970/4350 36/1970/4350 38/1970/4350
f 3914/1970/4351 3927/1970/4351 3928/2420/4352
s 1
f 3927/2014/4353 3926/2780/4354 3928/1970/4355
f 3868/1959/1951 3867/1956/1950 3928/1970/4333
f 3867/1956/1950 3866/1955/1949 3928/1970/4333
f 3866/1955/1949 3722/1958/1825 3928/1970/4333
f 3722/1831/1825 3721/1830/1824 3928/1970/4333
f 3721/1830/1824 3929/2778/4336 3928/2420/4333
s 0
f 3914/1970/4356 3925/1970/4356 3927/1970/4356
f 3925/1970/4357 3923/1970/4357 3927/1970/4357
f 221/2781/4358 213/1970/4359 210/1970/4359 220/1970/4359
s 1
f 3849/1936/1930 3693/1970/4360 3850/1937/1931
s 0
f 3693/1970/4361 3699/2696/4362 3850/1937/4363
s 1
f 3175/1970/3279 3172/2782/4364 3050/1970/4365 3173/1970/3276
s 0
f 3690/1970/4366 3560/1970/4366 3692/2521/4367
s 1
f 1049/1970/4368 1052/562/558 1054/565/561 1183/1970/4369
f 3691/2783/4370 3690/2784/4371 3692/2521/4372
f 3690/2784/4371 3559/2785/4373 3560/2699/4068
f 3559/2785/4373 3558/2700/4069 3560/2699/4068
s 0
f 3559/2785/4374 3555/1970/4375 3558/2700/4376
f 3559/2785/4377 3689/1970/4378 3555/1970/4378
f 3689/1970/4379 3685/1970/4379 3555/1970/4379
s 1
f 3685/2786/4380 3554/2585/3761 3555/2787/4141
f 3554/2585/3761 3553/2078/2198 3555/2787/4141
f 3553/2078/2198 3552/2079/2199 3555/1970/4141
f 2860/2702/4085 2728/1970/4381 2859/2703/4086
f 2728/1970/4381 2733/2788/4382 2859/2703/4086
f 2733/2788/4382 2732/1970/4383 2859/1970/4086
s 0
f 2733/2788/4384 2730/1970/4385 2732/1970/4385
f 2733/2788/4386 2729/1970/4387 2730/1970/4387
f 2908/1970/4388 2905/1970/4388 2777/2025/4389 2643/1201/4390
s 1
f 2976/1396/1392 2860/1970/4391 2977/1970/1389
f 2979/2716/4118 2978/1397/1393 2977/1393/1389
f 2858/1321/1317 2856/1320/1316 2860/1970/4392
s 0
f 2856/1320/4393 2728/1970/4394 2860/2702/4395
f 2976/1396/4396 2858/1321/4397 2860/1970/4398
s 1
f 2602/1249/1245 2601/2789/4399 2603/1250/1246
f 2601/2789/4399 2605/1970/4400 2603/1250/1246
s 0
f 2605/1970/4401 2480/1970/4401 2603/1250/4402
s 1
f 2605/2790/4400 2482/2791/4403 2480/2792/4404
f 2482/2791/4403 2481/2793/4405 2480/2792/4404
f 2481/2793/4405 2478/2072/4406 2480/2792/4404
f 2478/2072/4406 2479/2794/4407 2480/2792/4404
s 0
f 2479/2794/4408 2342/1970/4409 2480/2792/4410
f 1248/1970/4411 1118/1970/4411 947/1970/4411 1119/611/4412
s 1
f 2342/2795/4413 2340/2796/4414 2346/2707/4094
f 2340/2796/4414 2339/1051/1047 2346/2707/4094
f 2339/1970/1047 2343/2708/4095 2346/2707/4094
f 3098/1970/1561 3220/2355/4415 3219/1564/1558
f 3327/1645/1639 3218/2797/4416 3219/1564/1558
f 3218/2797/4416 3217/1565/1559 3219/1564/1558
f 3324/1642/1636 3218/2797/4416 3327/1645/1639
f 3098/1970/1561 3095/2715/4114 3096/2714/4113
f 2981/1398/1394 2978/1397/1393 3095/2715/4114
f 3098/1567/1561 3097/2798/4417 3095/2715/4114
f 3097/2798/4417 2981/1398/1394 3095/2715/4114
f 3094/1566/1560 3097/2798/4417 3098/1567/1561
s 0
f 3429/1715/4418 3329/1970/4419 3428/2717/4420
s 1
f 3429/1715/4421 3330/1648/1642 3329/1647/1641
f 3195/1543/1537 3198/1547/1541 3199/1970/1545 3196/1540/1534
f 3549/2586/3762 3550/1777/1771 3548/1780/1774
f 3549/2586/3762 3675/2799/4422 3550/1777/1771
s 0
f 3675/2799/4423 3544/1970/4424 3550/1777/4425
f 3544/1970/4426 3545/2622/4427 3550/1777/4428
s 1
f 3539/1773/1767 3537/1772/1766 3545/1970/3846
f 3843/1935/1929 3912/1965/1957 3911/1964/1956 3841/1932/1926
f 3544/2800/4429 3543/2801/4430 3545/2622/4431
s 0
f 3543/2801/4432 3539/1773/4433 3545/1970/4434
s 1
f 3427/1771/1765 3433/1714/1708 3434/1719/1713
f 1623/2802/4435 1391/732/728 1392/737/733 1624/1970/806
s 0
f 3425/2803/4436 3332/1970/4437 3429/1715/4438
f 3332/1970/4439 3330/1648/4440 3429/1715/4441
s 1
f 2340/2796/4414 2338/1048/1044 2339/1051/1047
s 0
f 2207/1050/4442 2070/1970/4443 2209/2719/4444
s 1
f 2206/1049/1045 2064/1970/4445 2207/1050/1046
s 0
f 2064/1970/4446 2069/1970/4446 2207/1050/4447
s 1
f 2069/954/950 2070/2720/4156 2207/1050/4448
f 2067/957/953 2068/2721/4157 2069/954/950
f 2064/1970/4449 2065/955/951 2069/954/950
s 0
f 507/122/4450 751/1970/4451 734/2210/4452 497/1970/4451
f 1926/1970/4453 1927/2722/4454 2066/956/4455
s 1
f 1786/2804/4456 1785/2805/4457 1926/1970/4458
f 1785/2805/4457 1784/2806/4459 1926/2807/4458
f 1784/2806/4459 1790/1970/4168 1926/1970/4458
f 1784/2806/4459 1783/2808/4460 1790/2809/4168
f 1783/2808/4460 1787/849/845 1790/1970/4168
f 1783/2808/4460 1670/833/829 1787/849/845
s 0
f 1783/2808/4461 1661/1970/4462 1670/833/4463
s 1
f 1661/1970/818 1669/831/827 1670/833/829
f 1661/1970/818 1663/829/825 1669/831/827
f 1661/822/818 1662/825/821 1663/829/825
f 1549/824/820 1547/1970/4464 1548/827/823
s 0
f 1547/1970/4465 1551/2723/4466 1548/827/4467
s 1
f 1434/1970/4468 1435/2810/4469 1551/2723/4170
f 1435/2810/4469 1552/2725/4171 1551/2723/4170
s 0
f 1547/1970/4470 1434/1970/4470 1551/2723/4471
s 1
f 1435/2810/4469 1554/2726/4174 1552/2725/4171
s 0
f 1435/2810/4472 1309/1970/4473 1554/2726/4474
f 1309/1970/4475 1315/1970/4475 1554/2726/4476
s 1
f 1309/1970/702 1314/2811/4477 1315/2730/4178
f 1314/2811/4477 1205/2812/4478 1315/2730/4178
f 1205/2812/4478 1316/2731/4179 1315/2730/4178
f 1205/2812/4478 1204/2813/4479 1316/2731/4179
f 1204/2813/4479 1206/2814/4480 1316/2731/4179
f 1206/2814/4480 1317/717/713 1316/2731/4179
s 0
f 1206/2814/4481 1204/2813/4482 1317/717/4483
s 1
f 1204/2813/4484 1319/712/708 1317/717/713
f 1204/2813/4484 1203/2737/4197 1319/712/708
f 1204/2813/4484 1073/1970/578 1203/2737/4197
f 1073/1970/578 1202/2738/4198 1203/2737/4197
f 1073/582/578 1074/581/577 1202/2738/4198
f 1068/575/571 881/1970/4485 1070/576/572
s 0
f 1068/575/4486 877/1970/4487 881/1970/4487
f 877/1970/4488 874/1970/4488 881/1970/4488
s 1
f 874/420/420 880/426/426 881/2815/4489
s 0
f 3066/1463/4490 2956/1970/4491 3069/1471/4492 3194/2736/4493
s 1
f 894/442/438 1077/583/579 881/2815/4489
f 1077/583/579 1079/586/582 881/2815/4489
s 0
f 1079/586/4494 1076/2739/4495 881/1970/4496
s 1
f 1081/587/583 895/588/584 1082/589/585
s 0
f 895/588/4497 896/1970/4498 1082/589/4499
s 1
f 1708/2816/4500 1709/2817/4501 1710/2818/4502
f 3668/2819/4503 3535/2422/3264 3542/1970/3266 3671/1970/4504
f 1591/1970/4505 1708/2816/4500 1710/2818/4502
f 1981/2820/4506 1983/2821/4507 1982/2740/4211
f 1983/2821/4507 1985/2741/4219 1982/2740/4211
f 1985/2741/4219 1983/2821/4507 2119/982/978
s 0
f 1983/2821/4508 1837/1970/4509 2119/982/4510
s 1
f 1636/817/813 1401/742/738 1398/741/737 1634/814/810
f 2121/980/976 2122/2742/4223 2123/981/977
f 2122/2742/4223 2268/1970/1015 2262/2743/4220
f 2268/1019/1015 2269/1018/1014 2262/2743/4220
s 0
f 2269/1018/4511 2407/1970/4512 2262/2743/4513
f 2407/1970/4514 2400/1970/4514 2262/1970/4514
s 1
f 2407/2711/4105 2408/1148/1144 2400/1147/1143
f 2121/980/976 2268/1970/1015 2122/2742/4223
s 0
f 895/588/4515 666/1970/4516 896/1970/4516
s 1
f 666/251/251 663/250/250 896/1970/4028
f 663/250/250 664/249/249 896/2822/4028
f 664/249/249 899/444/440 896/1970/4028
f 100/2823/4517 236/1970/4518 234/2824/4519 99/2825/4520
s 0
f 3009/1415/4521 3128/1970/4522 2895/1346/4523 3007/1416/4524
s 1
f 677/466/462 908/453/449 907/452/448
s 0
f 120/1970/4525 112/1970/4525 111/2826/4526 121/2827/4527
s 1
f 689/267/267 690/272/272 692/467/463
s 0
f 1272/2828/4528 1156/1970/4529 1157/2829/4530 1273/2830/4531
s 1
f 695/280/280 698/279/279 700/2745/4230
f 699/278/278 705/1970/4532 698/1970/279
f 699/278/278 703/285/285 705/1970/4532
f 703/285/285 704/284/284 705/2746/4532
f 707/2502/4533 708/2831/4534 704/284/284 702/283/283
s 0
f 2521/1137/4535 2644/1970/4536 2775/1970/4536 2638/1197/4537
s 1
f 926/2748/4242 706/2747/4237 705/2746/4236
s 0
f 711/289/4538 939/1970/4539 926/1970/4539
f 1319/712/4540 1203/1970/4541 1207/2735/4542 1320/713/4543
f 940/1970/4544 935/1970/4544 928/2577/4545
s 1
f 935/478/474 937/477/473 928/2577/3741
f 1114/608/604 1117/609/605 1111/603/599
s 0
f 1117/609/4546 1348/1970/4547 1111/603/4548
s 1
f 3209/1554/1548 3208/2277/2766 3212/1560/1554 3216/1563/1557
f 1347/2574/3738 1349/2832/4549 1110/604/600
f 1350/2751/4250 1346/2750/4249 1349/1970/4549
f 1347/2574/3738 1590/1970/4550 1349/2832/4549
f 1515/2833/4551 1757/2834/4552 1756/2835/4553 1513/2836/4554
f 1590/2837/4550 1708/2816/4500 1591/1970/4505
f 3247/1589/1583 3123/2087/2207 3126/2077/2109 3127/2050/2196
f 2403/2709/4103 2404/1970/1068 2406/1970/4104
f 2403/2709/4103 2402/1073/1069 2404/1072/1068
f 2267/1017/1013 2405/2838/4555 2404/1072/1068
f 2405/2838/4555 2411/1970/4556 2404/1970/1068
f 2405/2838/4555 2409/2839/4557 2411/2840/4556
f 2409/2839/4557 2410/2756/4558 2411/1970/4556
f 2373/1056/1052 2243/2108/2255 2244/1970/2257 2374/2062/2149
f 2409/2839/4557 2275/1970/4559 2410/2756/4558
f 3719/1828/1822 3732/1845/1839 3870/2076/4337 3869/2841/4560
f 2547/2842/4561 2670/2843/4279 2544/2757/4273
f 2547/2842/4561 2677/1970/1213 2670/2843/4279
f 2676/1215/1211 2800/2844/4562 2678/1216/1212
f 2800/2844/4562 2799/1970/4563 2678/1970/1212
s 0
f 2800/2844/4564 2929/2762/4565 2799/1363/4566
s 1
f 3048/1452/1446 3049/1970/4567 3047/1449/1443
s 0
f 3049/1970/4568 3167/1970/4568 3047/1970/4568
s 1
f 2930/2845/4569 2932/1451/1445 2931/1450/1444
s 0
f 2929/2762/4570 2930/2845/4571 2931/1450/4572
f 2800/2844/4573 2804/1970/4574 2929/2762/4575
f 2804/1970/4574 2803/1970/4574 2929/2762/4576
f 2803/1970/4577 2930/2845/4578 2929/2762/4579
s 1
f 3049/2846/4580 3168/1529/1523 3167/1528/1522
f 3287/1970/4298 3386/2847/4581 3284/2763/4294
s 0
f 3169/1531/4582 3171/1970/4583 3287/1970/4583
s 1
f 3171/1970/4584 3286/1616/1610 3287/1615/1609
f 3290/1614/1608 3388/1970/3223 3287/1615/1609
s 0
f 3270/1970/4585 3267/1970/4585 3153/1526/4586 3154/1527/4587
s 1
f 3288/2848/4588 3387/1970/4589 3287/1615/1609
s 0
f 3387/1970/4590 3386/2847/4591 3287/1970/4590
s 1
f 3170/1530/1524 3171/2849/4584 3169/1531/1525
s 0
f 3387/1970/4592 3490/1970/4592 3386/1970/4592
s 1
f 763/332/332 765/1970/4593 762/2850/4594 761/331/331
f 3419/1712/1706 3417/1970/1705 3421/2042/2115 3422/2096/2227
s 0
f 3495/2851/4595 3617/1970/4596 3492/1747/4597
f 3623/1970/4598 3620/1970/4598 3617/1970/4598
s 1
f 3620/1970/4599 3616/1797/1791 3617/2768/4313
s 0
f 3495/2851/4600 3623/1970/4601 3617/1970/4601
s 1
f 3620/2852/4599 3619/2853/4602 3616/1797/1791
f 3619/2853/4602 3618/1798/1792 3616/1797/1791
f 3619/2853/4602 3621/1970/4603 3618/1798/1792
s 0
f 3621/1970/4604 3771/1970/4604 3618/1798/4605
s 1
f 3469/2343/2981 3364/1970/2782 3366/2278/2776 3367/1740/1734
f 3621/2854/4606 3622/2855/4607 3771/1875/4608
f 2737/1254/1250 2487/1117/1113 2488/1970/1114 2740/1255/1251
f 3765/1871/1865 3769/1970/2854 3763/1868/1862
f 3760/2856/4322 3761/2857/4609 3757/2775/4323
s 0
f 2973/1489/4610 2972/1970/4611 2852/1970/4611 2857/1970/4611
f 3758/1970/4612 3883/1970/4612 3760/1970/4612
s 1
f 844/395/395 843/2761/4282 846/2760/4281 845/2858/4613
f 3762/2859/4614 3761/2857/4609 3760/2856/4322
s 0
f 3769/1970/4615 3758/1970/4615 3760/1970/4615
s 1
f 3744/1855/1849 3741/1858/1852 3742/1850/1844
f 3748/1857/1851 3749/2503/3473 3741/1858/1852
f 3749/2503/3473 3738/2776/4328 3741/1970/1852
f 3749/2503/3473 3874/1970/3472 3738/2776/4328
f 3060/2860/4616 3054/1453/1447 3053/1970/1450 3056/1462/1456
f 3873/2861/4617 3739/1849/1843 3737/2777/4329
f 3873/2861/4617 3740/1846/1840 3739/1849/1843
s 0
f 3733/1970/4618 3727/1970/4618 3740/1970/4618
s 1
f 3727/1970/4330 3735/1847/1841 3740/1846/1840
s 0
f 3873/2861/4619 3733/1970/4620 3740/1970/4620
s 1
f 3733/1970/4621 3728/1841/1835 3727/1840/1834
f 3729/1843/1837 3726/1838/1832 3727/1970/1834
f 3718/1829/1823 3929/1970/4336 3716/1825/1819
f 3929/1970/4336 3720/1826/1820 3716/1825/1819
f 3929/2778/4336 3721/1830/1824 3720/1826/1820
s 0
f 3930/1970/4622 3869/1970/4622 3929/1970/4622
s 1
f 3869/2841/4560 3870/2076/4337 3929/2778/4336
s 0
f 3718/1829/4623 3930/1970/4623 3929/1970/4623
s 1
f 3480/1744/1738 3478/2176/2471 3371/1970/2470 3378/1681/1675
f 3732/1845/1839 3730/1842/1836 3870/2076/4337
s 0
f 2627/1970/4624 2758/1995/4625 2886/1993/4626 2755/2013/4627
s 1
f 3872/2862/4628 3875/1970/4629 3871/1970/4630
f 302/2535/4631 297/2534/4632 295/2083/2203 299/2863/4633
f 3872/2862/4628 3876/2864/4634 3875/1970/4629
f 3876/2864/4634 3873/2861/4635 3875/2865/4629
s 0
f 2589/1970/4636 2721/2866/4637 2843/1311/4638 2716/1237/4639
s 1
f 3880/2867/4640 3879/2504/3474 3875/1970/4641
f 3880/1970/4640 3874/2868/3472 3879/2504/3474
s 0
f 1285/1970/4642 1282/1970/4642 1024/1970/4642 1169/649/4643
f 2776/1970/4644 2903/1423/4645 2898/1349/4646 2774/1272/4647
s 1
f 3878/2869/4648 3883/1970/4649 3877/2779/4344
f 3746/1856/1850 3747/1859/1853 3877/2779/4344
f 3747/1859/1853 3755/1866/1860 3877/2779/4344
f 1200/2870/4650 1199/664/660 1204/1970/4479 1314/1970/4477
f 3878/2869/4648 3882/2871/4651 3883/1970/4649
s 0
f 3882/2871/4652 3885/1970/4653 3883/1970/4653
s 1
f 3758/2872/4654 3759/2873/4655 3883/1970/4656
s 0
f 3759/2873/4657 3769/1970/4658 3883/1970/4658
s 1
f 1732/2480/4659 2013/935/931 2012/2583/4660 1731/2874/4661
f 3886/2641/4662 3895/1970/4663 3884/2308/2855
f 3767/1872/1866 3768/1873/1867 3884/2308/2855
f 3768/1873/1867 3775/1878/1872 3884/2308/2855
f 3083/1478/1472 3082/1970/1471 3085/1483/1477 3089/1486/1480
f 3897/2875/4664 3893/1970/4665 3895/2876/4666
f 3893/1970/4665 3894/2877/4667 3895/2876/4666
f 3894/2877/4667 3896/2878/4668 3895/2876/4666
f 3896/2878/4668 3914/1970/1958 3895/1970/4666
s 0
f 3886/2641/4669 3888/1970/4670 3895/1970/4670
s 1
f 3888/1970/4671 3897/2875/4664 3895/2876/4666
f 3912/1965/1957 3919/1970/4672 3914/1966/1958
f 3919/2879/4672 3917/2880/4673 3914/1966/1958
s 0
f 3917/2880/4674 3922/1970/4675 3914/1966/4676
s 1
f 3922/2881/4677 3925/2882/4678 3914/1970/4679
f 3896/2878/4668 3913/1967/1959 3914/1966/1958
s 0
f 61/1970/4680 68/2883/4681 66/2884/4682 10/1970/4680
s 1
f 3924/2885/4683 3847/1970/4684 3923/2886/4685
s 0
f 3847/1970/4686 3855/1970/4686 3923/2886/4687
s 1
f 3855/1943/1937 3853/1942/1936 3923/1970/2056
f 3846/1941/1935 3693/2887/4360 3849/1936/1930
f 3846/1941/1935 3847/1970/4688 3693/2887/4360
s 0
f 3847/1970/4689 3844/1970/4689 3693/2887/4690
s 1
f 3689/1970/4691 3559/2785/4373 3690/2784/4371
f 3691/2783/4370 3689/2888/4691 3690/2784/4371
f 118/2684/4022 120/1970/4692 121/2827/4693 116/1970/4023
s 0
f 3688/1818/4694 3686/1970/4695 3691/1970/4695
f 3686/1970/4696 3685/1970/4696 3691/1970/4696
f 3685/1970/4697 3689/1970/4697 3691/2783/4698
s 1
f 3556/1782/1776 3551/2718/4699 3437/1970/3825 3440/1728/1722
f 3686/2889/4700 3687/1817/1811 3685/1970/4701
s 0
f 3687/1817/4702 3675/2799/4703 3685/1970/4704
s 1
f 2856/1320/1316 2854/1319/1315 2728/1970/4705
s 0
f 2854/1319/4706 2727/1970/4707 2728/1970/4707
f 2727/1970/4708 2599/1970/4708 2728/1970/4708
s 1
f 518/131/131 517/130/130 337/2890/4709 330/2891/4710
s 0
f 2604/1970/4711 2729/1970/4711 2733/2788/4712
f 2600/1182/4713 2604/1970/4714 2733/2788/4715
s 1
f 2600/1182/1178 2602/1249/1245 2604/2892/4716
f 2600/1182/1178 2476/1111/1107 2602/1249/1245
s 0
f 2476/1111/4717 2477/1970/4718 2602/1249/4719
s 1
f 547/2893/4720 556/1970/161 788/1970/351 785/346/346
f 2981/1398/1394 2858/1970/1317 2980/1394/1390
f 2858/1970/1317 2975/1395/1391 2980/1394/1390
f 2975/1395/1391 2858/1970/1317 2976/1396/1392
s 0
f 318/1970/4721 332/2367/4722 321/2894/4723 320/2223/4724
f 3188/1970/4725 3190/1970/4725 3186/2895/4726 3185/2896/4727
f 2335/1970/4728 2481/1970/4728 2601/2789/4729
s 1
f 2481/2793/4405 2482/2791/4403 2601/2789/4399
f 2482/2791/4403 2605/2790/4400 2601/2789/4399
f 2335/1970/1042 2478/2072/4406 2481/2793/4405
f 2335/1046/1042 2334/1045/1041 2478/2072/4406
s 0
f 347/2897/4730 345/30/4731 355/36/4732 357/2898/4733
f 2338/1970/4734 2341/1970/4734 2478/2072/4735
s 1
f 1440/768/764 1441/769/765 1442/2507/3483 1443/2506/3482
f 2341/1970/4736 2338/1970/1044 2342/2795/4413
f 2338/1048/1044 2340/2796/4414 2342/2795/4413
f 3284/2763/4294 3386/1970/4581 3384/1686/1680 3383/1682/1676
s 0
f 3218/2797/4737 3324/1642/4738 3217/1565/4739
f 3324/1642/4740 3214/1559/4741 3217/1970/4742
s 1
f 3323/1641/1635 3215/1970/1556 3324/1642/1636
f 3215/1562/1556 3214/1559/1553 3324/1642/1636
f 3199/1551/1545 3201/1970/1544 3313/1634/1628 3310/1633/1627
s 0
f 3213/1558/4743 3091/1970/4744 3094/1566/4745
s 1
f 3332/2899/4746 3331/1649/1643 3330/1648/1642
f 3805/1903/1897 3803/1902/1896 3893/1970/4747 3889/1970/4748
s 0
f 3687/1817/4749 3677/1970/4750 3675/2799/4751
f 3677/1970/4752 3679/1970/4752 3675/2799/4753
s 1
f 3679/1970/1806 3676/2900/4754 3675/2799/4755
f 3672/2901/4756 3543/2801/4430 3544/2800/4429
f 3543/2801/4757 3541/1776/1770 3539/1773/1767
s 0
f 3671/1970/4758 3542/1970/4758 3672/1970/4758 3674/2902/4759
s 1
f 3426/1770/1764 3425/2803/4760 3427/1771/1765
s 0
f 3423/1970/4761 3332/1970/4761 3425/2803/4762
f 3426/1770/4763 3423/1970/4764 3425/2803/4765
f 2612/1970/4766 2738/1970/4766 2867/1330/4767 2735/1326/4768
s 1
f 802/360/360 818/2903/4769 1025/1970/537 1022/1970/4770
f 2204/2904/4771 2203/2905/4772 2206/1049/1045
s 0
f 2203/2905/4773 2064/1970/4774 2206/1049/4775
f 2061/1970/4776 1923/1970/4776 2064/1970/4776
s 1
f 1923/1970/4777 1925/2906/4778 2064/2907/4449
f 1925/2906/4778 2065/955/951 2064/1970/4449
f 2203/2905/4772 2061/2908/4779 2064/1970/4780
s 0
f 1925/2906/4781 1786/1970/4782 2065/955/4783
s 1
f 1782/2909/4784 1785/2805/4457 1786/2804/4456
s 0
f 1925/2906/4785 1924/1970/4786 1786/1970/4786
f 1924/1970/4787 1660/1970/4787 1786/1970/4787
s 1
f 1660/2910/4788 1659/2911/4789 1786/1970/4456
f 1659/2911/4789 1782/2909/4784 1786/2804/4456
f 1783/2808/4460 1784/2806/4459 1785/2805/4457
s 0
f 1782/2909/4790 1545/1970/4791 1785/2805/4792
f 407/2912/4793 402/1970/4794 403/52/4794 405/55/4795
s 1
f 1545/2913/4796 1546/2914/4797 1661/1970/818
f 1546/2914/4797 1550/823/819 1661/822/818
s 0
f 303/2915/4798 571/2916/4799 563/175/4800 553/2032/4801
f 1311/708/4802 1432/1970/4803 1549/824/4804
f 1432/1970/4805 1434/1970/4805 1549/824/4806
f 1434/1970/4807 1547/1970/4807 1549/824/4808
s 1
f 1432/2917/4809 1308/707/703 1434/1970/4468
f 1308/707/703 1433/2918/4810 1434/2919/4468
f 1433/2918/4810 1435/2810/4469 1434/1970/4468
f 1433/2918/4810 1309/706/702 1435/2810/4469
f 1433/2918/4810 1308/707/703 1309/706/702
f 1307/705/701 1314/2811/4477 1309/1970/702
s 0
f 2982/1402/4811 2859/1970/4812 2732/1970/4812 2864/1970/4812
s 1
f 1204/2813/4479 1205/2812/4478 1314/2811/4477
s 0
f 1307/705/4813 1200/1970/4814 1314/1970/4814
f 1467/1970/4815 1464/1970/4815 1699/2326/4816 1701/2261/4817
s 1
f 1075/579/575 1071/578/574 1073/582/578
f 991/524/520 980/1970/504 989/2920/4818 990/517/513
f 862/408/408 877/423/423 1068/575/571
f 876/421/421 875/2921/4819 877/423/423
f 875/2921/4819 873/419/419 877/423/423
f 873/419/419 874/420/420 877/1970/423
s 0
f 2906/1970/4820 3018/1970/4820 3016/1425/4821 2900/2027/4822
s 1
f 670/255/255 668/254/254 895/2922/584
f 668/254/254 666/251/251 895/588/584
s 0
f 1590/2837/4823 1709/2817/4824 1708/2816/4825
f 1476/1970/4826 1714/1970/4826 1709/1970/4826
f 1714/1970/4827 1981/2820/4828 1709/2817/4829
f 1590/1970/4830 1347/2574/4831 1709/2817/4832
f 1347/2574/4833 1473/1970/4834 1709/2817/4835
f 1473/1970/4836 1476/1970/4836 1709/1970/4836
s 1
f 1714/1970/4837 1983/2821/4507 1981/2820/4506
s 0
f 1714/1970/4838 1837/1970/4838 1983/2821/4839
f 1836/2923/4840 1986/1970/4841 2120/983/4842
f 1986/1970/4843 1988/1970/4843 2120/983/4844
s 1
f 1988/1970/4845 2121/980/976 2120/983/979
s 0
f 1988/1970/4846 2268/1970/4846 2121/980/4847
s 1
f 1714/1970/4848 1835/2924/4849 1837/2925/4850
f 1835/2924/4849 1836/2923/4851 1837/2925/4850
s 0
f 1988/1970/4852 2265/1970/4852 2268/1970/4852
s 1
f 2265/2926/4853 2266/1016/1012 2268/1019/1015
f 2402/1073/1069 2407/1970/4105 2269/1018/1014
f 2402/1073/1069 2403/2709/4103 2407/2711/4105
f 662/248/248 674/261/261 664/249/249
f 673/260/260 676/445/441 674/1970/261
s 0
f 673/260/4854 675/1970/4855 676/445/4856
s 1
f 675/1970/4857 679/446/442 676/445/441
f 675/2927/4857 434/68/68 679/446/442
s 0
f 434/68/4858 680/1970/4859 679/446/4860
f 680/1970/4861 691/1970/4861 679/446/4862
s 1
f 691/1970/4863 678/447/443 679/446/442
s 0
f 691/1970/4864 677/1970/4864 678/447/4865
s 1
f 691/1970/3595 680/1970/268 689/267/267
f 680/268/268 681/262/262 683/265/265
s 0
f 38/1970/4866 36/1970/4866 34/1970/4866 37/1970/4866
s 1
f 693/273/273 694/281/281 695/280/280
f 694/281/281 448/78/78 696/275/275
f 3231/1574/1568 3110/1575/1569 3111/2226/2811 3112/2294/2810
f 535/148/148 550/157/157 782/1970/4867 774/341/341
f 710/287/287 709/286/286 708/2831/4534
f 1590/2837/4550 1591/2928/4505 1350/2751/4250 1349/2832/4549
f 942/481/477 939/486/482 711/289/289
f 941/485/481 940/2929/4868 939/1970/482
f 941/485/481 933/1970/4869 940/2929/4868
f 933/2930/4869 935/478/474 940/1970/4868
f 933/2930/4869 936/479/475 935/478/474
f 933/2930/4869 1113/606/602 936/479/475
f 933/2930/4869 934/2931/4870 1113/606/602
s 0
f 934/2931/4871 946/1970/4872 1113/606/4873
f 2977/1970/4874 2860/1970/4874 2982/1402/4875 2983/1401/4876
s 1
f 1116/610/606 1348/1970/4877 1117/609/605
f 1473/1970/4878 1347/2574/3738 1348/2575/3739
s 0
f 1116/610/4879 1475/1970/4880 1348/1970/4880
s 1
f 1475/2932/4881 1476/2933/4882 1348/1970/4883
s 0
f 1476/1970/4884 1473/1970/4884 1348/2575/4885
s 1
f 2266/1016/1012 2405/2838/4555 2267/1017/1013
s 0
f 2266/1016/4886 2264/1970/4887 2405/2838/4888
f 2264/1970/4889 2129/1970/4889 2405/2838/4890
s 1
f 3050/2934/4365 3172/2782/4364 3170/1530/1524 3168/1529/1523
s 0
f 2270/1970/4891 2274/1970/4891 2409/2839/4892
s 1
f 2274/2935/4893 2275/2936/4559 2409/2839/4557
f 2413/2937/2594 2414/2216/2593 2546/1970/4894
f 2414/2216/2593 2415/2938/4895 2546/1970/4894
f 2415/2938/4895 2547/2842/4561 2546/2939/4894
f 2274/2935/4893 2273/2940/4896 2275/2936/4559
f 2273/2940/4896 2413/1970/4897 2275/1970/4559
s 0
f 107/1970/4898 102/1970/4898 253/1970/4898 261/1970/4898
f 2417/2215/4899 2549/1970/4900 2677/1970/4900
f 2549/1970/4901 2673/1970/4901 2677/1970/4901
s 1
f 2673/2941/4902 2674/2942/4903 2677/1970/1213
f 2674/2942/4903 2675/1214/1210 2677/1217/1213
f 2801/2943/4904 2802/2944/4905 2676/1970/4906
f 2802/2944/4905 2804/2945/4907 2676/1970/4906
s 0
f 2804/1970/4908 2800/2844/4909 2676/1215/4910
s 1
f 2675/1214/1210 2554/1970/1151 2676/1215/1211
s 0
f 3784/1883/4911 3892/2946/4912 3888/1970/4913 3783/1880/4914
s 1
f 2930/2845/4569 2934/1970/4915 2932/1451/1445
s 0
f 2934/1970/4916 2933/1970/4916 2932/1451/4917
f 2933/1970/4918 2939/1970/4918 2932/1451/4919
s 1
f 674/1970/261 676/445/441 899/444/440 664/249/249
s 0
f 3050/1970/4920 3049/1970/4920 3048/1452/4921
s 1
f 3050/1970/4365 3168/1529/1523 3049/2846/4580
s 0
f 2803/1970/4922 2934/1970/4922 2930/2845/4923
s 1
f 2802/2944/4905 2803/2947/4924 2804/1970/4907
f 2933/1970/4925 2934/1970/4926 2803/1970/4924
f 2802/2944/4905 2935/1970/1362 2803/2947/4924
s 0
f 1000/527/4927 787/1970/4928 1007/2214/4929 1002/2948/4930
f 2470/1970/4931 2475/1970/4931 2727/1970/4931 2597/1179/4932
f 3172/2782/4933 3286/1970/4934 3170/1530/4935
s 1
f 3286/1616/1610 3171/1970/4584 3170/1530/1524
f 3172/2782/4936 3289/1613/1607 3286/1616/1610
f 3665/1917/1911 3660/2949/4937 3659/2950/4938 3664/1970/4939
s 0
f 3291/2434/4940 3388/1970/4941 3290/1614/4942
s 1
f 420/2951/4943 419/56/56 422/58/58 421/2952/4944
s 0
f 711/289/4945 926/1970/4946 705/2746/4947 709/286/4948
f 950/1970/4949 949/2953/4950 723/1970/4949 733/1970/4949
s 1
f 3392/1970/4951 3390/2954/4952 3389/2408/4953
s 0
f 3185/2896/4954 3061/2020/4955 3058/1461/4956 3063/2955/4957
f 717/294/4958 719/1970/4959 716/292/4960 714/291/4961
f 3497/1970/4962 3500/1970/4962 3494/1970/4962
f 3940/1970/4963 128/1970/4963 136/1970/4963 135/1970/4963
f 3391/2956/4964 3497/1970/4965 3494/1970/4965
s 1
f 1620/2957/4966 1622/2958/4967 1385/2959/4968 1507/2960/4969
f 3753/1864/1858 3751/1863/1857 3756/2236/4324 3757/2775/4323
f 3624/2961/4970 3621/2854/4606 3623/2962/4971
s 0
f 3621/2854/4972 3620/1970/4973 3623/1970/4973
s 1
f 3621/1970/4603 3619/2853/4602 3620/2852/4599
f 3624/2961/4970 3776/1970/4974 3621/2854/4606
f 3776/2963/4974 3777/2600/4975 3621/2854/4606
f 3777/2600/4975 3622/1970/4607 3621/2854/4606
s 0
f 3071/1468/4976 2964/1474/4977 3076/1549/4978 3073/1469/4979
f 3779/1970/4980 3776/2963/4981 3624/2961/4982 3628/2964/4983
s 1
f 458/81/81 459/84/84 448/78/78 447/77/77
f 3192/1541/1535 3193/1545/1539 3189/1628/1622 3188/2965/4984
f 3769/1970/2854 3765/1871/1865 3767/1872/1866
f 3759/2873/4655 3758/2872/4654 3769/1970/4985
f 3762/2859/4614 3754/1970/1861 3761/2857/4609
s 0
f 3762/2859/4986 3882/1970/4987 3754/1970/4987
s 1
f 3882/2871/4651 3878/2869/4648 3754/1867/1861
s 0
f 3885/1970/4988 3881/1970/4988 3762/1970/4988
s 1
f 3881/2966/4989 3882/2871/4990 3762/2859/4991
f 3876/2864/4634 3872/2862/4628 3873/2861/4635
s 0
f 3872/2862/4992 3733/1970/4993 3873/2861/4994
s 1
f 3390/2954/4952 3391/2956/4995 3494/1970/2958 3387/1970/2960
f 3881/1970/4989 3885/1970/4996 3882/2871/4990
f 3887/2642/4997 3888/2967/4998 3886/2641/4999
s 0
f 3888/1970/5000 3891/1970/5000 3897/2875/5001
s 1
f 3891/2968/5002 3890/2969/5003 3897/2875/5004
s 0
f 3890/2969/5005 3893/1970/5006 3897/2875/5007
f 3890/2969/5008 3889/1970/5009 3893/1970/5009
f 3826/1924/5010 3905/1970/5011 3901/2406/5012 3824/1920/5013
s 1
f 3803/1902/1896 3804/1904/1898 3893/1970/4747
f 3804/1904/1898 3802/1900/1894 3893/1970/4747
s 0
f 189/1970/5014 185/1970/5014 191/1970/5014 186/1970/5014
f 3812/1970/5015 3814/1970/5015 3894/1970/5015
f 3814/1970/5016 3900/1970/5016 3894/1970/5016
s 1
f 3900/2970/5017 3896/2878/4668 3894/2877/4667
s 0
f 3808/1970/5018 3807/1970/5018 3894/2877/5019
f 3807/1970/5020 3813/1970/5020 3894/2877/5021
f 3813/1970/5022 3811/1970/5022 3894/2877/5023
s 1
f 3811/1909/1903 3812/1908/1902 3894/1970/5024
f 3900/2970/5017 3902/1970/5025 3896/2878/4668
f 3902/2971/5025 3903/2972/5026 3896/2878/4668
s 0
f 3903/2972/5027 3913/1967/5028 3896/2878/5029
s 1
f 3892/2946/5030 3891/2968/5002 3888/1970/5031
s 0
f 3785/1970/5032 3783/1970/5032 3888/1970/5032
f 3114/1970/5033 3000/1970/5033 2879/1340/5034 2885/1970/5033
f 3908/1970/5035 3916/1970/5035 3913/1970/5035
s 1
f 3003/1970/5036 3002/1409/1405 2883/1970/1338 2888/1989/5037
s 0
f 3903/2972/5038 3908/1970/5039 3913/1970/5039
f 2293/1970/5040 2294/1970/5040 2564/1163/5041 2434/1082/5042
s 1
f 3831/2695/4053 3832/2973/5043 3911/1964/1956
f 3832/2973/5043 3833/2974/5044 3911/1964/1956
f 3833/2974/5044 3836/1929/1923 3911/1964/1956
f 3836/1929/1923 3837/1928/1922 3911/1964/1956
f 3837/1928/1922 3840/1933/1927 3911/1964/1956
f 3840/1933/1927 3841/1932/1926 3911/1964/1956
f 3381/1689/1683 3382/2683/4010 3376/1680/1674 3375/1676/1670
f 3917/2880/4673 3919/2879/4672 3912/1965/1957
s 0
f 3843/1935/5045 3844/1970/5046 3912/1965/5047
s 1
f 3844/2975/5048 3845/2634/5049 3912/1965/5050
s 0
f 3845/2634/5051 3917/2880/5052 3912/1965/5053
s 1
f 3918/2976/5054 3922/1970/5055 3917/2880/5056
f 3845/2634/5057 3918/2976/5054 3917/2880/5056
s 0
f 3918/2976/5058 3921/1970/5059 3922/1970/5059
f 3921/1970/5060 3920/1970/5060 3922/1970/5060
s 1
f 313/17/17 299/2863/4633 300/2977/5061 314/1970/18
s 0
f 3847/1970/5062 3924/2885/5063 3922/2881/5064
s 1
f 3845/2634/5049 3844/2975/5048 3847/1970/5065
f 3846/1941/1935 3848/1940/1934 3847/2978/4688
f 3848/1940/1934 3855/1943/1937 3847/1970/4688
f 3843/1935/1929 3842/1934/1928 3844/1970/5066
f 3687/1817/1811 3686/2889/4700 3688/1818/1812
f 3679/1970/1806 3677/1970/5067 3687/1817/1811
f 221/2781/5068 222/2279/5069 3966/1970/5070 213/1970/5071
f 2598/2979/5072 2597/1179/1175 2727/1970/5073
f 2617/1187/1183 2618/1188/1184 2750/1336/1332 2752/2174/2459
f 2475/1112/1108 2599/1181/1177 2727/1970/5074
f 2474/1110/1106 2477/1970/5075 2476/1111/1107
f 2474/1110/1106 2337/1047/1043 2477/2980/5075
f 2337/1047/1043 2335/1046/1042 2477/1970/5075
f 3091/2981/5076 3090/1488/1482 3093/1487/1481
f 2973/1489/1483 2857/1970/1318 2974/1490/1484
f 3589/1836/1830 3588/2982/5077 3593/2522/5078 3594/1970/4040
f 2852/1970/5079 2855/1317/1313 2857/1322/1318
f 2852/2983/5079 2853/1318/1314 2855/1317/1313
f 2333/1044/1040 2205/1970/5080 2334/1045/1041
f 2333/1044/1040 2204/2904/4771 2205/2984/5080
f 3211/1561/1555 3092/2985/5081 3213/1558/1552
f 3092/2985/5081 3091/1970/5076 3213/1558/1552
f 3779/2986/5082 3781/1881/1875 3777/2600/4975 3776/2963/4974
s 0
f 1003/1970/5083 997/525/5084 995/521/5085 996/520/5086
s 1
f 3215/1970/1556 3323/1641/1635 3325/1644/1638
f 3092/2985/5081 3090/1488/1482 3091/2981/5076
s 0
f 3676/2900/5087 3673/1970/5088 3672/1970/5088
s 1
f 3673/2987/5089 3674/2902/5090 3672/1970/5091
s 0
f 3927/2014/5092 3854/1970/5093 3857/1970/5093 3926/2780/5094
s 1
f 3678/1811/1805 3676/2900/4754 3679/1970/1806
f 3678/1811/1805 3682/1816/1810 3676/2900/4754
f 3682/1816/1810 3684/1970/1920 3676/2900/4754
s 0
f 3684/1970/5095 3674/1970/5095 3676/2900/5096
s 1
f 3674/2902/5090 3673/2987/5089 3676/2900/5097
f 3542/2424/3266 3540/1775/1769 3541/1776/1770
f 3533/1767/1761 3531/1766/1760 3536/1769/1763 3538/1774/1768
s 0
f 3582/1792/5098 3702/2417/5099 3581/2419/5100 3468/2415/5101
f 2680/1970/5102 2801/2943/5103 2676/1215/5104 2554/1970/5102
s 1
f 146/2988/5105 145/2989/5106 144/2990/5107 147/2991/5108
s 0
f 3531/1766/5109 3424/1970/5110 3423/1970/5110
f 3424/1970/5111 3421/1970/5111 3423/1970/5111
s 1
f 3568/2610/3821 3567/2612/3546 3572/2531/3545 3573/2530/3544
s 0
f 2333/1044/5112 2062/1970/5113 2204/2904/5114
s 1
f 2062/1970/5115 2203/2905/4772 2204/2904/4771
f 2062/1970/5115 2061/2908/4779 2203/2905/4772
f 3508/1970/5116 3504/2992/5117 3503/1970/5118 3402/1696/1690
s 0
f 1919/2993/5119 1923/1970/5120 2061/1970/5120
f 1924/1970/5121 1925/2906/5122 1923/1970/5121
s 1
f 1919/2993/5123 1922/2994/5124 1923/1970/5125
s 0
f 1922/2994/5126 1657/1970/5127 1923/1970/5127
f 1657/1970/5128 1924/1970/5128 1923/1970/5128
f 1659/2911/5129 1545/1970/5130 1782/2909/5131
s 1
f 1659/2911/4789 1660/2910/4788 1924/1970/5132
s 0
f 1657/1970/5133 1659/2911/5134 1924/1970/5133
s 1
f 1657/2995/5135 1658/2996/5136 1659/2911/5137
s 0
f 1658/2996/5138 1424/1970/5139 1659/2911/5140
s 1
f 1424/757/753 1431/758/754 1659/2911/5141
s 0
f 1431/758/5142 1544/1970/5143 1659/2911/5144
s 1
f 1544/2997/5145 1545/2913/4796 1659/2911/5146
f 1544/2997/5145 1546/2914/4797 1545/2913/4796
s 0
f 1544/2997/5147 1313/1970/5148 1546/2914/5149
s 1
f 1313/1970/707 1550/823/819 1546/2914/4797
f 1428/2998/5150 1427/760/756 1313/1970/5151
s 0
f 1427/760/5152 1305/1970/5153 1313/1970/5153
s 1
f 1305/2999/5154 1312/710/706 1313/711/707
s 0
f 1544/2997/5155 1428/2998/5156 1313/1970/5157
s 1
f 1308/707/703 1432/2917/4809 1311/708/704
f 1310/709/705 1201/1970/5158 1306/704/700
f 1201/3000/5158 1200/2870/4650 1306/704/700
f 1200/1970/4650 1307/705/701 1306/704/700
f 1197/665/661 1199/664/660 1200/2870/4650
f 1201/3000/5158 1197/665/661 1200/2870/4650
f 1062/567/563 1060/1970/5159 1198/663/659
s 0
f 1060/1970/5160 1059/1970/5160 1075/579/5161
s 1
f 1059/573/569 1065/572/568 1075/579/575
f 1065/572/568 1066/571/567 1075/579/575
f 1061/566/562 1058/1970/5162 1060/3001/5159
f 1058/3002/5162 1059/573/569 1060/1970/5159
f 1062/567/563 1061/566/562 1060/3001/5159
f 868/422/422 875/2921/4819 876/421/421
s 0
f 275/3003/5163 281/1970/5164 271/13/5165 274/3004/5166
f 128/1970/5167 3939/1970/5167 3937/1970/5167 119/1970/5167
s 1
f 1475/2932/4881 1238/1970/5168 1476/2933/4882
f 1238/1970/5168 1474/3005/5169 1476/2933/4882
f 3815/1914/1908 3899/3006/5170 3900/1970/5017 3814/1970/1904
f 1713/3007/5171 1835/2924/4849 1714/1970/4848
s 0
f 1835/2924/5172 1712/1970/5173 1836/2923/5174
f 1712/1970/5175 1711/1970/5175 1836/2923/5176
f 1711/1970/5177 1986/1970/5177 1836/2923/5178
f 2124/1970/5179 1987/1970/5179 1986/1970/5179
s 1
f 1987/3008/5180 1988/3009/5181 1986/1970/5182
f 1711/3010/5183 1715/2359/3026 1986/1970/5184
f 1715/2359/3026 1716/2358/3025 1986/1970/5184
s 0
f 1716/2358/5185 1838/1970/5186 1986/1970/5186
f 1838/1970/5187 2124/1970/5187 1986/1970/5187
s 1
f 1987/1970/5180 2124/1970/5188 1988/3009/5181
s 0
f 2124/1970/5189 2265/1970/5189 1988/1970/5189
f 1713/3007/5190 1712/1970/5191 1835/2924/5192
s 1
f 2264/1970/5193 2266/1016/1012 2265/2926/4853
s 0
f 2124/1970/5194 2264/1970/5194 2265/2926/5195
s 1
f 671/256/256 672/259/259 673/260/260
s 0
f 672/259/5196 675/1970/5197 673/260/5198
s 1
f 825/2527/3541 841/393/393 1043/1970/554 1041/2528/3542
f 428/69/69 434/68/68 675/2927/4857
f 454/2188/5199 456/82/82 458/81/81 445/76/76
f 439/73/73 681/262/262 434/68/68
s 0
f 681/262/5200 680/268/5201 434/68/5202
s 1
f 452/274/274 451/79/79 693/273/273
s 0
f 1060/1970/5203 1075/579/5204 1073/1970/5203 1198/663/5205
s 1
f 459/84/84 449/276/276 448/78/78
f 446/74/74 447/77/77 448/78/78
s 0
f 386/50/5206 441/3011/5207 435/3012/5208 390/51/5209
f 2527/1970/5210 2646/1970/5210 2779/1970/5210 2642/1204/5211
s 1
f 3500/1754/1748 3501/1753/1747 3495/2851/5212 3494/3013/2958
f 468/92/92 480/99/99 713/290/290
f 725/300/300 943/482/478 712/288/288
s 0
f 2986/1970/5213 2990/2442/5214 3104/1498/5215 2984/1970/5213
s 1
f 949/2953/5216 945/483/479 943/482/478
f 2652/2411/3228 2653/2340/2973 2650/1276/1272 2649/2320/2894
s 0
f 946/1970/5217 934/2931/5218 941/485/5219
s 1
f 934/2931/4870 933/2930/4869 941/485/481
s 0
f 948/1970/5220 1242/1970/5220 1115/607/5221
s 1
f 1242/1970/3024 1116/610/606 1115/607/603
f 947/2330/5222 948/3014/5223 946/1970/5224
f 1242/2357/3024 1243/2360/3027 1116/610/606
s 0
f 1243/2360/5225 1239/1970/5226 1116/610/5227
s 1
f 1239/3015/5228 1238/3016/5229 1116/610/5230
s 0
f 1238/1970/5231 1475/2932/5232 1116/610/5233
f 2124/1970/5234 2128/1970/5234 2264/1970/5234
s 1
f 2128/3017/5235 2129/3018/5236 2264/1970/5237
f 2128/3017/5235 2127/3019/5238 2129/3018/5236
s 0
f 2127/3019/5239 2270/1970/5240 2129/1970/5240
s 1
f 2271/3020/5241 2272/3021/5242 2270/3022/5243
f 2272/3021/5242 2274/2935/4893 2270/1970/5243
s 0
f 2127/3019/5244 1991/1970/5245 2270/1970/5245
f 3547/1970/5246 3436/1970/5246 3437/3023/5247 3551/2718/5248
s 1
f 2272/3021/5242 2273/2940/4896 2274/2935/4893
f 2546/2939/4894 2547/2842/4561 2544/2757/4273 2410/2756/4272
f 2273/2940/4896 2412/3024/5249 2413/2937/4897
f 2412/3024/5249 2278/1970/5250 2413/2937/4897
s 0
f 2278/1970/5251 2416/2217/5252 2413/1970/5251
s 1
f 2417/2215/2592 2415/2938/4895 2414/2216/2593
s 0
f 2272/3021/5253 2412/3024/5254 2273/2940/5255
s 1
f 2674/2942/4903 2554/1970/1151 2675/1214/1210
s 0
f 2548/1970/5256 2549/1970/5256 2417/2215/5257
s 1
f 2416/2217/2595 2278/1970/5258 2417/2215/2592
f 3509/3025/5259 3505/3026/5260 3504/2992/5117 3508/3027/5116
f 2548/1154/1150 2550/1153/1149 2549/3028/5261
f 2550/1153/1149 2551/1156/1152 2549/3028/5261
s 0
f 2551/1156/5262 2673/1970/5263 2549/1970/5263
s 1
f 2551/1156/1152 2674/2942/4903 2673/2941/4902
f 2551/1156/1152 2554/1155/1151 2674/2942/4903
f 2680/1220/1216 2681/1223/1219 2801/2943/4904
f 2681/1223/1219 2802/2944/4905 2801/2943/4904
f 1123/615/611 1124/616/612 1353/3029/5264 1352/3030/5265
f 947/2330/5222 946/3031/5224 941/485/481 944/484/480
f 2940/1370/1366 3050/1970/5266 2939/1970/1361
f 2940/1370/1366 2938/1369/1365 3050/1970/5266
s 0
f 2938/1369/5267 3051/1970/5268 3050/1970/5268
s 1
f 3051/1455/1449 3052/1454/1448 3050/1970/5269
s 0
f 3052/1454/5270 3173/1970/5271 3050/1970/5271
s 1
f 811/2230/5272 819/3032/5273 813/3033/5274 812/378/378
f 2807/1290/1286 2809/3034/5275 2935/1970/1362
f 2809/3034/5275 2936/1367/1363 2935/1366/1362
s 0
f 3175/1970/5276 3289/1613/5277 3172/2782/5278
s 1
f 2511/1130/1126 2512/1129/1125 2510/1998/2016 2369/1997/2021
f 315/2221/2609 317/1970/5279 324/141/141 316/2222/2610
f 3396/1692/1686 3397/3035/5280 3394/1693/1687
f 3397/3035/5280 3503/1970/5281 3394/1693/1687
f 3503/3036/5281 3398/3037/5282 3394/1693/1687
f 3503/3036/5281 3392/1970/5283 3398/1970/5282
s 0
f 3503/3036/5284 3502/1970/5285 3392/1970/5285
s 1
f 3502/1970/5286 3391/2956/4995 3392/3038/4951
f 3391/2956/4995 3390/2954/4952 3392/1970/4951
f 3391/2956/4995 3496/3039/5287 3497/1970/5288
s 0
f 3496/3039/5289 3502/1970/5290 3497/1970/5290
s 1
f 191/1970/5291 493/112/112 492/1970/111 192/1970/5291
f 3498/1751/1745 3500/1754/1748 3497/1970/5292
f 3502/1970/5286 3496/3039/5287 3391/2956/4995
f 3499/1752/1746 3625/3040/5293 3501/1753/1747
f 3625/3040/5293 3626/2364/3048 3501/1753/1747
f 3626/2364/3048 3627/2363/3047 3501/1753/1747
f 3665/1917/1911 3819/1916/1910 3818/3041/5294 3817/3042/5295
s 0
f 3631/1808/5296 3629/1970/5297 3627/2363/5298
f 3629/1970/5299 3780/1970/5299 3627/2363/5300
s 1
f 3780/1970/5301 3628/2964/5302 3627/2363/5303
f 3780/3043/5301 3779/2986/5082 3628/2964/5302
s 0
f 2386/1970/5304 2397/1970/5304 2528/1970/5304 2388/2251/5305
s 1
f 3783/1970/1874 3785/1970/5306 3781/1970/1875
f 3779/2986/5082 3782/1882/1876 3781/1881/1875
f 3780/3043/5301 3786/1970/1885 3779/2986/5082
f 3786/1891/1885 3782/1882/1876 3779/2986/5082
f 1575/2315/2875 1573/2245/2696 1812/863/859 1814/862/858
f 3793/1885/1879 3791/1884/1878 3891/2968/5002
f 1313/711/707 1311/708/704 1549/824/820 1550/823/819
f 3792/1889/1883 3806/1905/1899 3890/2969/5003
s 0
f 3806/1905/5307 3889/1970/5307 3890/2969/5308
s 1
f 3806/1905/1899 3805/1903/1897 3889/1970/4748
f 3800/1899/1893 3808/1970/5309 3802/1900/1894
f 3810/1907/1901 3814/1910/1904 3812/1970/1902
f 3748/1857/1851 3746/1856/1850 3877/2779/4344 3879/2504/3474
f 3899/3006/5170 3902/1970/5025 3900/2970/5017
s 0
f 3800/1899/5310 3807/1970/5311 3808/1970/5311
f 3647/1970/5312 3809/1970/5312 3807/1970/5312
s 1
f 3809/1906/1900 3811/1909/1903 3807/1970/5313
s 0
f 3811/1970/5314 3813/1970/5314 3807/1970/5314
s 1
f 3754/1867/1861 3878/2869/4648 3877/2779/4344 3755/1866/1860
f 3644/2591/3777 3643/2590/3776 3807/1970/5315
s 0
f 1786/1970/5316 1926/1970/5316 2066/956/5317 2065/955/5318
s 1
f 3899/3006/5170 3901/2406/5319 3902/2971/5025
f 3901/2406/5319 3903/2972/5026 3902/2971/5025
f 3901/2406/5319 3904/3044/5320 3903/2972/5026
f 3904/3044/5320 3907/1970/1955 3903/2972/5026
f 3907/1963/1955 3908/1962/1954 3903/2972/5026
f 3784/1883/1877 3794/1890/1884 3892/2946/5030
s 0
f 34/1970/5321 31/1970/5321 32/1970/5321 33/1970/5321
f 3909/1970/5322 3916/1970/5322 3908/1970/5322
f 3398/1970/5323 3392/1970/5323 3389/2408/5324 3394/1693/5325
f 3910/1970/5326 3830/1970/5326 3915/2365/5327
s 1
f 3829/3045/5328 3828/3046/5329 3830/2694/4052
f 3828/3046/5329 3831/2695/4053 3830/2694/4052
f 118/2684/4022 127/2088/4021 128/1970/5330 119/1970/5331
f 3828/3046/5329 3832/2973/5043 3831/2695/4053
s 0
f 3828/3046/5332 3684/1970/5333 3832/2973/5334
s 1
f 3684/1926/1920 3834/1925/1919 3832/2973/5043
f 3834/1925/1919 3833/2974/5044 3832/2973/5043
f 3834/1925/1919 3836/1929/1923 3833/2974/5044
s 0
f 3920/1970/5335 3918/2976/5336 3845/2634/5337
f 3920/1970/5338 3921/1970/5338 3918/2976/5339
s 1
f 2852/2983/5079 2726/1970/5340 2853/1318/1314
s 0
f 2726/1970/5341 2598/1970/5341 2853/1318/5342
s 1
f 2604/2892/4716 2602/1249/1245 2730/1970/1244 2729/1970/5343
f 2596/1180/1176 2597/1179/1175 2598/2979/5072
s 0
f 2726/1970/5344 2723/1970/5344 2598/1970/5344
s 1
f 2595/1178/1174 2470/1970/5345 2597/1179/1175
s 0
f 2595/1178/5346 2471/1970/5347 2470/1970/5347
f 2471/1970/5348 2330/1970/5348 2470/1970/5348
s 1
f 2330/1970/5349 2469/2467/3371 2470/2466/3370
s 0
f 3091/1970/5350 3093/1970/5350 3097/2798/5351 3094/1566/5352
s 1
f 2473/1109/1105 2472/3047/5353 2474/1110/1106
f 2472/3047/5353 2337/1047/1043 2474/1110/1106
f 2472/3047/5353 2336/1042/1038 2337/1047/1043
s 0
f 3092/2985/5354 3087/1970/5355 3090/1488/5356
s 1
f 3322/2041/2113 3321/1970/4243 3325/1644/1638 3331/1649/1643
s 0
f 3086/1481/5357 2970/1970/5358 2973/1489/5359
f 2970/1970/5360 2971/1970/5360 2973/1489/5361
s 1
f 2971/1387/1383 2972/1392/1388 2973/1489/5362
f 2850/1391/1387 2725/1970/5363 2972/1392/1388
s 0
f 2725/1970/5364 2852/1970/5364 2972/1970/5364
s 1
f 2725/1246/1242 2726/3048/5340 2852/2983/5079
s 0
f 2472/3047/5365 2200/1970/5366 2336/1042/5367
s 1
f 2200/3049/5368 2198/3050/5369 2336/1042/1038
f 2198/3050/5369 2332/1043/1039 2336/1042/1038
s 0
f 2198/3050/5370 2063/1970/5371 2332/1043/5372
s 1
f 1713/3007/5171 1714/3051/4848 1476/2933/4882 1474/3005/5169
f 3792/1889/1883 3890/2969/5003 3891/2968/5002 3791/1884/1878
s 0
f 3961/1970/5373 3962/1970/5373 208/1970/5373 77/1970/5373
f 939/1970/5374 940/1970/5374 928/2577/5375 926/2748/5376
s 1
f 3322/2041/2113 3320/3052/5377 3321/3053/4243
f 3320/3052/5377 3210/1970/5378 3321/3053/4243
s 0
f 3210/1970/5379 3216/1970/5379 3321/1970/5379
s 1
f 3210/1555/1549 3209/1554/1548 3216/1563/1557
s 0
f 3420/2040/5380 3320/3052/5381 3322/2041/5382
f 1949/2190/5383 2093/2145/5384 2233/1970/5385 1948/2241/5386
s 1
f 3684/1970/5387 3828/3046/5388 3674/2902/5389
f 426/64/64 427/65/65 428/1970/69 429/258/258
s 0
f 3827/1970/5390 3905/1970/5390 3671/1970/5390
f 3905/1970/5391 3825/1970/5391 3671/1970/5391
f 3825/1970/5392 3666/1970/5392 3671/1970/5392
f 3666/1970/5393 3669/1970/5393 3671/1970/5393
s 1
f 3669/3054/5394 3670/3055/5395 3671/1970/5396
s 0
f 3670/3055/5397 3668/1970/5398 3671/1970/5398
s 1
f 3683/1815/1809 3684/1926/1920 3682/1816/1810
f 3532/1768/1762 3533/1767/1761 3534/2423/3265
f 3535/2422/3264 3532/1768/1762 3534/2423/3265
f 3471/2414/3244 3467/2416/5399 3466/3056/2986 3470/2344/2985
f 305/1970/5400 309/19/19 552/2031/2099 551/3057/5401
f 3530/1765/1759 3421/1970/2115 3531/1766/1760
s 0
f 3421/1970/5402 3424/1970/5402 3531/1766/5403
s 1
f 3530/1765/1759 3422/2096/2227 3421/2042/2115
s 0
f 2844/1970/5404 2720/1970/5404 2724/1970/5404 2851/1390/5405
s 1
f 1123/615/611 1352/3030/5265 1354/1970/5406 1248/1970/5407
f 3317/1639/1633 3319/1638/1632 3420/2040/2112
f 3319/1638/1632 3318/1637/1631 3420/2040/2112
s 0
f 3318/1637/5408 3207/1970/5409 3420/2040/5410
s 1
f 3207/1556/1550 3210/1555/1549 3420/2040/5411
s 0
f 3210/1970/5412 3320/3052/5413 3420/2040/5414
s 1
f 2063/3058/5415 2060/3059/5416 2062/3060/5417
f 2060/3059/5416 2059/3061/5418 2062/3060/5417
f 2059/3061/5418 1921/905/901 2062/3060/5417
s 0
f 1921/905/5419 1918/1970/5420 2062/1970/5420
s 1
f 1781/3062/5421 1919/2993/5123 1918/3063/5422
f 1921/905/901 1920/904/900 1918/1970/5422
f 1920/904/900 1781/3062/5421 1918/3063/5422
f 1781/3062/5421 1780/3064/5423 1919/2993/5123
f 1780/3064/5423 1922/2994/5124 1919/2993/5123
f 1780/3064/5423 1779/3065/5424 1922/2994/5124
s 0
f 1779/3065/5425 1656/1970/5426 1922/2994/5427
s 1
f 1656/3066/5428 1657/2995/5429 1922/2994/5430
f 1656/3066/5428 1655/3067/5431 1657/2995/5429
f 1655/3067/5431 1543/3068/5432 1657/2995/5429
f 1543/3068/5432 1542/3069/5433 1657/2995/5429
f 1542/3069/5433 1541/804/800 1657/2995/5429
s 0
f 1541/804/5434 1424/1970/5435 1657/2995/5436
s 1
f 1424/1970/5437 1658/2996/5136 1657/2995/5135
f 1541/804/800 1423/754/750 1424/757/753
f 1429/761/757 1430/3070/5438 1431/758/754
s 0
f 1430/3070/5439 1544/1970/5440 1431/758/5441
s 1
f 1430/3070/5438 1429/761/757 1544/1970/5442
s 0
f 1429/761/5443 1428/2998/5444 1544/2997/5445
s 1
f 1429/761/757 1427/760/756 1428/2998/5150
s 0
f 2136/1970/5446 2277/3071/5447 2278/3072/5448 2276/3073/5449
s 1
f 1190/1970/5450 1304/3074/5451 1305/2999/5154
f 1304/3074/5451 1310/1970/705 1305/2999/5154
f 1310/709/705 1312/710/706 1305/2999/5154
f 1304/3074/5451 1201/3000/5158 1310/709/705
f 1304/3074/5451 1197/665/661 1201/3000/5158
s 0
f 1304/3074/5452 1190/1970/5453 1197/665/5454
s 1
f 3451/1733/1727 3449/1732/1726 3454/1737/1731 3570/1970/3016
f 1195/661/657 1196/662/658 1197/665/661
f 1058/3002/5162 1057/569/565 1059/573/569
f 1053/563/559 1058/1970/5162 1061/566/562
f 1053/563/559 1056/3075/5455 1058/3002/5162
f 1056/3075/5455 850/1970/413 1058/3002/5162
f 850/413/413 1057/569/565 1058/3002/5162
f 855/400/400 858/406/406 857/403/403
f 2534/1970/1139 2657/2085/2205 2658/1970/3195 2651/1970/3188
s 0
f 856/402/5456 867/1970/5457 868/422/5457
s 1
f 536/1970/145 522/135/135 520/132/132 527/3076/5458
s 0
f 171/1970/5459 167/1970/5459 179/3077/5460 178/3078/5461
s 1
f 634/2143/5462 870/416/416 869/415/415
s 0
f 581/177/5463 573/1970/5464 576/171/5465 578/172/5466
s 1
f 650/233/233 648/232/232 878/424/424
s 0
f 648/232/5467 882/1970/5468 878/424/5469
f 648/232/5470 646/1970/5471 882/1970/5471
s 1
f 646/1970/5472 883/427/427 882/3079/3754
f 883/427/427 885/430/430 882/1970/3754
f 1239/3015/5228 1240/3080/5473 1238/3016/5229
s 0
f 1240/3080/5474 1593/1970/5475 1238/3016/5476
f 1593/1970/5477 1592/1970/5477 1238/3016/5478
f 1592/1970/5479 1713/1970/5479 1238/3016/5480
f 1713/1970/5481 1474/3005/5482 1238/1970/5481
f 1592/1970/5483 1593/1970/5483 1713/1970/5483
f 1593/1970/5484 1712/1970/5484 1713/3007/5485
s 1
f 1593/3081/5486 1711/3010/5183 1712/1970/5487
f 1593/3081/5486 1715/2359/3026 1711/3010/5183
f 2125/3082/5488 2126/3083/5489 2124/3084/5490
f 2126/3083/5489 2128/3017/5235 2124/1970/5490
f 1188/659/655 1194/658/654 1425/803/799 1417/800/796
s 0
f 1593/3081/5491 1243/1970/5492 1715/2359/5493
s 1
f 794/354/354 797/369/369 798/375/375 796/1970/355
f 1717/3085/5494 1718/3086/5495 1716/1970/5496
s 0
f 1718/3086/5497 1838/1970/5498 1716/2358/5499
f 1242/2357/5500 1717/3085/5501 1716/1970/5502
s 1
f 1718/3086/5495 1839/3087/5503 1838/3088/5504
s 0
f 258/3089/5505 251/1970/5506 250/2353/5507 260/2352/5508
s 1
f 659/244/244 654/247/247 653/235/235
f 652/239/239 657/238/238 659/244/244
s 0
f 327/1970/5509 329/3090/5510 336/25/5511 339/1970/5509
f 1082/589/5512 896/1970/5513 898/2660/5514 1083/1970/5513
f 3410/1705/5515 3406/1970/5516 3302/1630/5517 3309/1706/5518
f 2435/1086/5519 2563/1970/5520 2689/1970/5520 2686/3091/5521
f 1450/1970/5522 1453/1970/5522 1680/2465/5523 1679/2458/5524
s 1
f 450/80/80 451/79/79 452/274/274
s 0
f 438/71/5525 442/1970/5525 450/1970/5525
f 977/1970/5526 975/1970/5526 973/505/5527 759/329/5528
s 1
f 445/76/76 458/81/81 447/77/77
f 157/3092/5529 322/3093/5530 321/1970/5531 160/3094/5532
f 521/1970/134 512/127/127 511/126/126 519/133/133
s 0
f 604/191/5533 603/1971/5534 606/198/5535 605/196/5536
s 1
f 927/1970/3740 924/2662/3947 688/270/270 706/2747/4237
f 1503/3095/5537 1501/3096/5538 1502/3097/5539 1504/1970/5540
f 722/298/298 720/2603/3812 723/299/299
s 0
f 119/1970/5541 3937/1970/5541 112/1970/5541 120/1970/5541
f 950/1970/5542 945/483/5543 949/2953/5544
f 441/3011/5545 443/1970/5545 444/75/5546 442/1970/5545
s 1
f 947/1970/5222 944/484/480 945/483/479
f 951/2329/5547 1119/611/607 947/1970/5548
f 240/3098/5549 405/55/55 406/54/54 242/3099/5550
f 1118/1970/5551 948/3014/5223 947/2330/5222
s 0
f 1118/1970/5552 1242/1970/5552 948/1970/5552
f 1118/1970/5553 1241/1970/5553 1242/1970/5553
f 1241/1970/5554 1717/3085/5555 1242/2357/5556
s 1
f 1240/3080/5473 1239/3015/5228 1243/2360/5557
f 1593/1970/5558 1240/3080/5473 1243/2360/5557
f 2126/3083/5489 2127/3019/5238 2128/3017/5235
f 2126/3083/5489 2125/3082/5488 2127/3019/5238
s 0
f 2125/3082/5559 1989/1970/5560 2127/3019/5561
s 1
f 1989/3100/5562 1991/3101/5563 2127/3019/5564
f 2412/3024/5565 2272/3021/5242 2271/3020/5241
s 0
f 1990/1970/5566 1995/1970/5566 2271/3020/5567
f 1995/1970/5568 2130/1970/5568 2271/3020/5569
s 1
f 2130/3102/5570 2132/3103/5571 2271/3020/5572
s 0
f 2132/3103/5573 2412/3024/5574 2271/3020/5575
s 1
f 1989/3100/5562 1990/3104/5576 1991/1970/5563
f 1989/3100/5562 1842/3105/5577 1990/3104/5576
s 0
f 1842/3105/5578 1841/1970/5579 1990/3104/5580
f 1841/1970/5581 1720/1970/5581 1990/3104/5582
f 1720/1970/5583 1995/1970/5583 1990/1970/5583
s 1
f 2276/3073/5584 2278/3072/5250 2412/3024/5249
f 2132/3103/5571 2130/3102/5570 2412/3024/5585
s 0
f 2130/3102/5586 2136/1970/5587 2412/3024/5588
f 2136/1970/5589 2276/3073/5590 2412/3024/5591
f 1954/1970/5592 2236/2101/5593 2237/1970/5592 1956/1970/5592
s 1
f 2277/3071/5594 2284/1970/5595 2278/3072/5596
s 0
f 2284/1970/5597 2423/1970/5597 2548/1970/5597
s 1
f 2423/3106/5598 2552/1151/1147 2548/1154/1150
f 2684/1222/1218 2807/1970/1286 2681/1223/1219
f 2684/1222/1218 2805/1287/1283 2807/1290/1286
f 2808/1289/1285 2809/3034/5275 2807/1290/1286
f 2552/1151/1147 2421/1970/1072 2553/1152/1148
f 542/153/153 540/152/152 543/3107/5599 544/3108/5600
f 2555/1158/1154 2556/1160/1156 2679/1970/1217
f 2556/1160/1156 2682/1218/1214 2679/1221/1217
f 2556/1160/1156 2683/1219/1215 2682/1218/1214
f 2556/1160/1156 2558/1159/1155 2683/1219/1215
f 287/3109/5601 290/3110/5602 598/1970/5603 595/2037/5604
f 2805/1287/1283 2684/1222/1218 2683/1219/1215
f 2936/1367/1363 2809/3034/5275 2937/1368/1364
s 0
f 2809/3034/5605 2808/1289/5606 2937/1368/5607
f 2129/1970/5608 2270/1970/5608 2409/2839/5609 2405/2838/5610
s 1
f 3053/1456/1450 3051/1455/1449 2937/1368/1364
f 3051/1970/1449 2938/1369/1365 2937/1368/1364
f 3054/1453/1447 3173/1970/5611 3052/1454/1448
f 3423/3111/2114 3322/2041/2113 3331/1649/1643 3332/2899/4746
s 0
f 3054/1453/5612 3176/1970/5613 3173/2432/5614
f 3177/1535/5615 3294/1970/5616 3174/2433/5617
s 1
f 3177/1535/1529 3178/3112/5618 3294/1970/1614
f 3178/3112/5618 3292/1617/1611 3294/1620/1614
f 3129/2052/5619 3128/2051/5620 3009/1415/1409 3011/1420/1414
s 0
f 3178/3112/5621 3184/1970/5622 3292/1617/5623
f 210/1970/5624 209/1970/5624 218/3113/5625 220/1970/5624
s 1
f 245/5/5 238/1970/5626 242/1970/5550 246/6/6
f 3399/1694/1688 3401/1697/1691 3395/1690/1684
f 3401/1697/1691 3396/1692/1686 3395/1690/1684
s 0
f 388/1970/5627 383/1970/5627 391/3114/5628 387/3115/5629
f 3402/1696/5630 3503/1970/5631 3397/3035/5632
s 1
f 3504/2992/5117 3502/3116/5633 3503/3036/5118
s 0
f 1545/1970/5634 1661/1970/5634 1783/2808/5635 1785/2805/5636
s 1
f 3504/2992/5117 3505/3026/5260 3502/3116/5633
f 3505/3026/5260 3506/2010/4041 3502/3116/5633
f 3754/1867/1861 3753/1864/1858 3757/2775/4323 3761/2857/4609
f 3630/2362/3046 3625/3040/5293 3499/1752/1746
f 3630/1970/3046 3626/2364/3048 3625/3040/5293
f 3632/1809/1803 3631/1808/1802 3630/2362/3046
f 3506/2010/4041 3509/1970/5259 3630/2362/3046
s 0
f 3509/1970/5637 3632/1809/5638 3630/2362/5639
s 1
f 3639/1807/1801 3629/1970/1888 3631/1808/1802
f 3788/1893/1887 3787/1970/1880 3629/1894/1888
f 3787/1886/1880 3786/1891/1885 3629/1894/1888
s 0
f 3786/1970/5640 3780/3043/5641 3629/1970/5640
s 1
f 3639/1807/1801 3640/1810/1804 3629/1894/1888
f 3809/1906/1900 3648/1911/1905 3810/1907/1901
f 3809/1970/1900 3647/1970/5642 3648/1911/1905
f 3647/3117/5642 3652/1912/1906 3648/1911/1905
f 3647/3117/5642 3650/1913/1907 3652/1912/1906
s 0
f 3651/1970/5643 3653/1970/5643 3650/1970/5643
s 1
f 3653/1970/5644 3649/3118/5645 3650/1913/1907
f 3649/3118/5645 3815/1914/1908 3650/1913/1907
f 3647/3117/5642 3651/3119/5646 3650/1970/1907
s 0
f 3649/3118/5647 3898/1970/5648 3815/1914/5649
f 3898/1970/5650 3899/3006/5651 3815/1914/5652
f 3898/1970/5653 3901/2406/5654 3899/3006/5655
s 1
f 3646/3120/5656 3651/3119/5646 3647/3117/5642
f 3427/1771/1765 3425/2803/4760 3429/1715/1709 3433/1714/1708
s 0
f 3634/1802/5657 3641/1970/5658 3643/1970/5658
s 1
f 3641/3121/5659 3642/3122/5660 3643/2590/3776
f 3628/2964/5302 3624/2961/4970 3623/1970/4971 3627/2363/5303
s 0
f 3905/1970/5661 3904/3044/5662 3901/2406/5663
s 1
f 166/2368/3057 168/3123/5664 167/1970/1971 159/1970/5665
f 3820/1922/1916 3823/1921/1915 3901/2406/5666
f 3823/1921/1915 3824/1920/1914 3901/2406/5666
f 1371/3124/5667 1370/3125/5668 1141/1970/5669 1145/2674/5670
f 3905/1960/1952 3907/1963/1955 3904/3044/5320
f 3826/1924/1918 3825/1923/1917 3905/1970/5671
f 141/3126/5672 291/3127/5673 298/1970/5674 144/2990/5107
f 3827/1970/5675 3828/3046/5329 3829/3045/5328
f 2725/1246/1242 2723/1245/1241 2726/1970/5340
s 0
f 3597/2224/5676 3594/1970/5677 3593/2522/5678 3596/2597/5679
s 1
f 2467/3128/5680 2465/3129/5681 2596/1970/1176
f 2465/3129/5681 2594/1177/1173 2596/1180/1176
f 2594/1177/1173 2465/3129/5681 2595/1178/1174
f 572/3130/5682 300/2977/5061 296/2082/2202 574/168/168
s 0
f 2330/1970/5683 2471/1970/5683 2595/1178/5684
s 1
f 2331/3131/5685 2469/2467/3371 2330/1970/5349
f 2329/3132/5686 2328/3133/5687 2330/1970/5688
f 2157/3134/5689 2158/1970/5690 2156/3135/5691 2155/3136/5692
s 0
f 2193/1970/5693 2201/1970/5693 2330/1970/5693
s 1
f 2201/3137/5694 2202/3138/5695 2330/1970/5349
s 0
f 1280/1970/5696 1167/1970/5696 1282/3139/5697 1283/3140/5698
s 1
f 2331/3131/5685 2200/1970/5368 2469/2467/3371
s 0
f 2200/1970/5699 2473/1970/5699 2469/2467/5700
f 2200/1970/5701 2472/3047/5702 2473/1109/5703
s 1
f 3084/1484/1478 2967/1970/5704 3086/1481/1475
f 3132/2122/2305 3131/2073/5705 3135/1509/1503 3137/1508/1502
f 2969/1388/1384 2970/3141/5706 3086/1481/5707
f 2969/1388/1384 2971/1387/1383 2970/1970/5706
f 2849/3142/5708 2850/1391/1387 2851/1390/1386
f 2847/1389/1385 2844/1970/1308 2851/1390/1386
f 3596/2597/3793 3593/2522/3518 3592/1970/3513 3595/2519/3512
s 0
f 2724/1970/5709 2849/3142/5710 2851/1390/5711
s 1
f 2849/3142/5708 2848/1970/5712 2850/1391/1387
s 0
f 2848/1970/5713 2725/1970/5713 2850/1391/5714
s 1
f 2848/3143/5712 2724/1247/1243 2725/1246/1242
f 2202/3138/5695 2201/3137/5694 2200/3049/5368
f 2201/3137/5694 2194/3144/5715 2200/3049/5368
f 2194/3144/5715 2199/3145/5716 2200/3049/5368
f 2199/3145/5716 2198/3050/5369 2200/3049/5368
f 2199/3145/5716 2195/3146/5717 2198/3050/5369
f 2195/3146/5717 2197/3147/5718 2198/3050/5369
f 2197/3147/5718 2063/1970/5415 2198/3050/5369
f 2197/3147/5718 2196/3148/5719 2063/1970/5415
f 2196/3148/5719 2060/3059/5416 2063/3058/5415
f 3206/1557/1551 3208/2277/2766 3209/1554/1548
f 2316/1038/1034 2318/2729/4177 2319/3149/5720 2317/1039/1035
s 0
f 3083/1970/5721 3089/1970/5721 3208/2277/5722
s 1
f 3089/1486/1480 3088/1485/1479 3208/2277/2766
f 3670/3055/5395 3669/3054/5394 3668/2819/4503
f 1589/2752/3966 1831/2673/3972 1830/1970/3732 1588/1970/3967
f 3822/1919/1913 3667/1970/1912 3825/1923/1917
s 0
f 3667/1970/5723 3666/1970/5723 3825/1970/5723
f 3667/1970/5724 3664/1970/5724 3666/1970/5724
s 1
f 3664/3150/5725 3663/2007/5726 3666/1970/5727
s 0
f 3663/1970/5728 3669/3054/5729 3666/1970/5728
f 3521/1970/5730 3517/3151/5731 3516/1970/5730 3519/1757/5732
s 1
f 3662/3152/5733 3528/1764/1758 3529/1763/1757
f 3526/1761/1755 3422/1970/2227 3527/1762/1756
s 0
f 3526/1761/5734 3525/1970/5735 3422/1970/5735
f 3525/1970/5736 3419/1712/5737 3422/2096/5738
s 1
f 3416/1710/1704 3315/1970/1629 3417/1711/1705
f 3315/1970/1629 3415/3153/5739 3417/1711/1705
f 3415/3153/5739 3317/1970/1633 3417/1970/1705
s 0
f 3415/3153/5740 3315/1970/5741 3317/1970/5741
s 1
f 3315/1635/1629 3314/1631/1625 3317/1970/1633
s 0
f 642/3154/5742 406/54/5743 413/1970/5744 644/229/5745
s 1
f 3316/1640/1634 3204/3155/5746 3318/1637/1631
f 3204/3155/5746 3203/1970/5747 3318/1637/1631
s 0
f 2092/1970/5748 2363/2099/5749 2366/1052/5750 2229/1970/5748
s 1
f 1915/1970/902 2059/3061/5418 2060/3059/5416
f 2196/3148/5719 2195/3146/5717 2060/3059/5416
s 0
f 2195/3146/5751 1915/1970/5752 2060/3059/5753
s 1
f 1915/906/902 1921/905/901 2059/3061/5418
f 1777/1970/5754 1780/3064/5423 1781/3062/5421
s 0
f 1920/904/5755 1777/1970/5756 1781/3062/5757
s 1
f 802/360/360 800/359/359 816/377/377 818/2903/4769
f 1777/1970/5754 1779/3065/5424 1780/3064/5423
f 1777/3156/5754 1778/3157/5758 1779/3065/5424
f 1778/3157/5758 1656/1970/5759 1779/3065/5424
s 0
f 1778/3157/5760 1652/1970/5761 1656/1970/5761
s 1
f 1652/1970/5762 1655/3067/5431 1656/3066/5428
f 1539/1970/801 1543/3068/5432 1655/3067/5431
s 0
f 1652/1970/5763 1653/1970/5763 1655/3067/5764
f 1653/1970/5765 1539/1970/5765 1655/3067/5766
s 1
f 1539/1970/801 1542/3069/5433 1543/3068/5432
f 1539/805/801 1541/804/800 1542/3069/5433
f 1540/802/798 1423/754/750 1541/804/800
f 1540/802/798 1425/803/799 1423/754/750
f 1425/803/799 1421/755/751 1423/754/750
f 1421/755/751 1302/1970/5767 1422/756/752
f 1302/3158/5767 1192/655/651 1422/756/752
f 1192/655/651 1420/3159/5768 1422/756/752
f 1420/3159/5768 1426/759/755 1422/756/752
s 0
f 1420/3159/5769 1190/1970/5770 1426/759/5771
s 1
f 1420/3159/5772 1303/3160/5773 1190/654/650
f 1303/3160/5773 1192/655/651 1190/654/650
f 3271/1602/1596 3369/2178/5774 3267/1970/5775 3270/1970/1597
f 1189/653/649 1191/656/652 1195/1970/657
f 1191/656/652 1193/657/653 1195/1970/657
f 3763/1868/1862 3756/2236/4324 3610/1970/3968 3613/2672/3971
f 1052/562/558 1056/3075/5455 1053/563/559
f 1052/562/558 1051/3161/5776 1056/3075/5455
s 0
f 1051/3161/5777 850/1970/5778 1056/3075/5779
f 848/1970/5780 846/1970/5780 850/1970/5780
s 1
f 846/1970/5781 849/414/414 850/413/413
s 0
f 1051/3161/5782 848/1970/5783 850/1970/5783
s 1
f 849/414/414 853/399/399 865/411/411
f 585/1970/5784 828/3162/5785 829/1970/387 820/3163/5786
s 0
f 633/222/5787 650/1970/5788 634/2143/5789 632/219/5790
s 1
f 529/1970/138 324/141/141 317/1970/5279 539/151/151
f 633/222/222 649/231/231 650/233/233
f 647/226/226 645/225/225 648/232/232
f 645/225/225 646/230/230 648/232/232
s 0
f 125/1970/5791 130/1970/5791 126/1970/5791 123/1970/5791
s 1
f 884/428/428 883/427/427 646/1970/5472
s 0
f 413/1970/5792 417/1970/5792 884/1970/5792
s 1
f 417/3164/5793 415/2375/5794 884/1970/5795
s 0
f 415/2375/5796 418/1970/5797 884/1970/5797
s 1
f 418/1970/240 887/431/431 884/428/428
f 418/1970/240 655/432/237 887/431/431
s 0
f 1839/3087/5798 1840/1970/5799 2125/3082/5800
f 1840/1970/5801 1989/1970/5801 2125/3082/5802
f 1477/1970/5803 1840/1970/5803 1839/3087/5804
s 1
f 1718/3086/5495 1717/3085/5494 1839/3087/5503
s 0
f 1717/3085/5805 1246/1970/5806 1839/3087/5807
f 1246/1970/5808 1477/1970/5808 1839/3087/5809
s 1
f 1241/3165/5810 1246/689/685 1717/3085/5811
f 655/432/237 418/1970/240 651/234/234
f 418/240/240 652/239/239 651/234/234
f 416/241/241 658/242/242 657/238/238
f 1853/3166/5812 1855/3167/5813 1604/3168/5814 1603/3169/5815
f 798/375/375 809/374/374 816/1970/377 800/359/359
f 724/297/297 710/1970/287 708/1970/4534 715/1970/293
f 421/2952/4944 424/63/63 426/64/64
f 421/2952/4944 422/58/58 424/63/63
f 423/61/61 432/67/67 425/62/62
f 372/1970/2289 377/2116/2288 378/1970/46 370/1970/5816
s 0
f 423/61/5817 397/1970/5818 432/67/5819
s 1
f 376/42/42 367/3170/5820 364/1970/5821 377/2116/2288
f 526/139/139 527/3076/5458 520/132/132 525/3171/5822
s 0
f 3298/1623/5823 3399/1970/5824 3395/1690/5825 3293/1618/5826
s 1
f 443/3172/5827 445/76/76 444/75/75
s 0
f 1198/663/5828 1073/1970/5829 1204/1970/5829 1199/664/5830
f 453/3173/5831 455/1970/5831 454/1970/5831
s 1
f 3610/2670/3968 3756/1970/4324 3751/1970/1857 3602/1970/3787
f 461/87/87 463/86/86 465/89/89
f 721/307/307 720/2603/3812 719/1970/305
f 717/294/294 718/296/296 719/305/305
s 0
f 3928/1970/5832 3926/1970/5832 3857/1970/5832 3858/1970/5832
f 2042/1970/5833 2045/1970/5833 2323/3174/5834 2178/3175/5835
s 1
f 474/110/110 476/109/109 475/295/295
f 721/307/307 732/306/306 733/310/310
f 731/309/309 950/2764/4308 733/1970/310
f 2931/1450/1444 3047/1970/1443 3044/1445/1439 3042/1444/1438
f 952/488/484 953/492/488 950/2764/4308
s 0
f 3622/1970/5836 3777/2600/5837 3773/1876/5838 3771/1875/5839
f 964/1970/5840 1125/1970/5840 951/2329/5841
s 1
f 1125/3176/5842 1120/612/608 951/2329/5547
f 1120/612/608 1119/611/607 951/2329/5547
f 1121/614/610 1248/1970/5407 1119/611/607
s 0
f 1248/1970/5843 1245/1970/5843 1118/1970/5843
s 1
f 1245/687/683 1244/686/682 1118/3177/5844
f 1244/686/682 1241/1970/5810 1118/1970/5844
f 1244/686/682 1246/689/685 1241/3165/5810
f 1840/1970/5845 1842/3105/5577 1989/3100/5562
f 244/3178/5846 243/3179/5847 241/2771/5848 239/3180/3680
f 1993/3181/5849 1994/3182/5850 1995/3183/5851
f 1994/3182/5850 2130/3102/5852 1995/1970/5851
f 1994/3182/5850 2131/3184/5853 2130/3102/5852
f 2131/3184/5853 2136/1970/982 2130/3102/5852
f 1840/3185/5845 1841/3186/5854 1842/3105/5577
s 0
f 1594/1970/5855 1720/1970/5855 1841/1970/5855
s 1
f 1840/1970/5845 1477/1970/5856 1841/3186/5854
s 0
f 1477/1970/5857 1249/1970/5857 1841/3186/5858
f 1249/1970/5859 1594/1970/5859 1841/1970/5859
f 1479/1970/5860 1719/1970/5860 1720/1970/5860
f 1594/1970/5861 1351/1970/5861 1720/1970/5861
f 1351/1970/5862 1355/1970/5862 1720/1970/5862
f 1355/1970/5863 1354/1970/5863 1720/1970/5863
s 1
f 1354/3187/5406 1352/3030/5265 1720/1970/5864
s 0
f 1352/3030/5865 1479/1970/5866 1720/1970/5866
s 1
f 2131/3184/5853 2135/987/983 2136/986/982
f 2134/985/981 2277/3071/5594 2136/1970/982
f 2134/985/981 2284/1970/5595 2277/3071/5594
s 0
f 2134/985/5867 2001/1970/5868 2284/1970/5868
s 1
f 3794/1890/1884 3793/1885/1879 3891/2968/5002 3892/2946/5030
f 2282/1023/1019 2283/1022/1018 2284/3188/5869
f 2283/1022/1018 2418/1075/1071 2284/3188/5869
f 2418/1075/1071 2419/1077/1073 2284/3188/5869
s 0
f 2419/1077/5870 2423/1970/5871 2284/1970/5871
s 1
f 2419/1077/1073 2552/1151/1147 2423/3106/5598
f 2419/1077/1073 2421/1076/1072 2552/1151/1147
f 429/258/258 428/1970/69 675/1970/4857 672/259/259
f 2810/1372/1368 2941/1371/1367 2808/1970/5872
f 2941/1371/1367 2943/1376/1372 2808/1289/5872
f 2806/1288/1284 2685/1970/5873 2808/1289/1285
f 3549/2586/3762 3554/2585/3761 3685/1970/4380 3675/2799/4422
f 2420/1074/1070 2422/3189/5874 2421/1076/1072
f 2422/3189/5874 2428/1970/5875 2421/1076/1072
s 0
f 2428/1970/5876 2555/1970/5876 2421/1970/5876
s 1
f 2428/1970/5875 2427/1080/1076 2555/1158/1154
f 2557/1157/1153 2562/1970/2757 2558/1159/1155
f 2944/1375/1371 3053/1970/5877 2943/1970/1372
f 2062/1970/5417 2333/1044/1040 2332/1043/1039 2063/3058/5415
s 0
f 2944/1375/5878 3055/1970/5879 3053/1970/5879
s 1
f 3055/1458/1452 3056/1462/1456 3053/1970/1450
s 0
f 3060/2860/5880 3179/1970/5881 3054/1453/5882
f 3179/1970/5883 3176/1970/5883 3054/1453/5884
s 1
f 3179/2022/2082 3181/1537/1531 3176/1536/1530
f 3184/1970/1528 3178/3112/5618 3177/1535/1529
f 3296/3190/5885 3299/1621/1615 3297/1624/1618
f 3183/1539/1533 3296/1970/5885 3184/1970/1528
f 3183/1539/1533 3182/1538/1532 3296/1970/5885
s 0
f 3182/1538/5886 3186/1970/5887 3296/1970/5887
f 3186/1970/5888 3301/1970/5888 3296/1970/5888
s 1
f 3301/1626/1620 3302/1630/1624 3296/1970/5889
s 0
f 3302/1630/5890 3299/1621/5891 3296/3190/5892
s 1
f 3300/1622/1616 3403/1970/1694 3298/1623/1617
s 0
f 3636/1803/5893 3644/1970/5894 3807/1970/5894 3800/1899/5895
s 1
f 3534/2423/3265 3533/1767/1761 3538/1774/1768 3540/1775/1769
f 3400/1695/1689 3507/2247/2698 3402/1696/1690
f 3507/2247/2698 3508/3027/5116 3402/1696/1690
f 3495/2851/5212 3492/1747/1741 3491/1750/1744 3494/3013/2958
f 3507/2247/2698 3511/1970/1750 3508/3027/5116
f 3511/1970/1750 3509/3025/5259 3508/3027/5116
f 3509/1970/5259 3506/2010/4041 3505/3026/5260
s 0
f 3509/1970/5896 3634/1970/5896 3632/1809/5897
s 1
f 3634/1802/1796 3633/1801/1795 3632/1809/1803
f 3633/1801/1795 3637/1806/1800 3632/1809/1803
f 3642/3122/5660 3641/3121/5659 3509/1970/5898
f 3641/3121/5659 3510/3191/5899 3509/3025/5898
f 3510/3191/5899 3634/1970/5900 3509/1970/5898
s 0
f 3511/1970/5901 3642/3122/5902 3509/1970/5901
s 1
f 3790/1888/1882 3789/1887/1881 3788/1893/1887
f 3789/1887/1881 3787/1886/1880 3788/1893/1887
s 0
f 3646/3120/5903 3653/1970/5904 3651/1970/5904
s 1
f 3654/3192/5905 3649/3118/5645 3653/1970/5644
f 3646/3120/5656 3645/3193/5906 3653/1970/5907
f 3645/3193/5906 3515/3194/5908 3653/1970/5907
s 0
f 3515/3194/5909 3518/1970/5910 3653/1970/5910
s 1
f 3518/3195/5911 3654/3192/5905 3653/3196/5644
s 0
f 3656/1970/5912 3660/1970/5912 3649/1970/5912
s 1
f 3660/2949/5913 3661/3197/5914 3649/1970/5915
f 3661/3197/5914 3816/3198/5916 3649/1970/5915
s 0
f 3816/3198/5917 3898/1970/5918 3649/3118/5919
f 3654/3192/5920 3656/1970/5921 3649/1970/5921
f 3816/3198/5922 3818/1970/5923 3898/1970/5923
f 3510/3191/5924 3641/3121/5925 3634/1802/5926
s 1
f 3511/1756/1750 3512/1755/1749 3642/3122/5927
s 0
f 3512/1755/5928 3513/1970/5929 3642/3122/5930
f 3513/1970/5931 3645/3193/5932 3642/3122/5933
s 1
f 3816/3198/5916 3661/3197/5914 3818/1970/5294
f 3661/3197/5914 3660/2949/5913 3818/1970/5294
f 3660/2949/5913 3817/3042/5295 3818/3041/5294
s 0
f 3910/1970/5934 3906/1961/5935 3829/3045/5936 3830/2694/5937
s 1
f 3819/1916/1910 3820/1922/1916 3818/1970/5294
f 2724/1247/1243 2592/1970/1238 2722/1244/1240
f 2848/1970/5712 2849/3142/5708 2724/1970/1243
f 2720/1243/1239 2592/1242/1238 2724/1247/1243
f 2722/1244/1240 2596/1970/1176 2598/1970/5072 2723/1970/1241
f 2466/1108/1104 2465/3129/5681 2467/3128/5680
s 0
f 2592/1970/5938 2593/1970/5938 2467/3128/5939
s 1
f 2466/1108/1104 2464/1107/1103 2465/3129/5681
s 0
f 2464/1107/5940 2329/1970/5941 2465/3129/5942
s 1
f 2187/1970/5943 2328/3133/5687 2329/3132/5686
s 0
f 2464/1107/5944 2187/1970/5945 2329/3132/5946
s 1
f 2187/1970/5943 2189/3199/5947 2328/3133/5687
f 2189/3199/5947 2191/1970/5948 2328/3133/5687
s 0
f 2189/3199/5949 2192/1970/5950 2191/1970/5950
s 1
f 2192/3200/5951 2190/3201/5952 2191/3202/5953
f 2190/3201/5952 2057/953/949 2191/3202/5953
f 2057/953/949 2054/952/948 2191/3202/5953
s 0
f 2054/952/5954 2193/1970/5955 2191/1970/5955
s 1
f 2195/3146/5717 2194/3144/5715 2193/1970/5956
f 2194/3144/5715 2201/3137/5694 2193/1970/5956
f 2054/952/948 2053/950/946 2193/1970/5956
f 2053/950/946 2052/947/943 2193/1970/5956
f 2052/947/943 2055/3203/5957 2193/3204/5956
f 2055/3203/5957 2195/3146/5717 2193/1970/5956
s 0
f 3121/1970/5958 3002/1409/5959 3003/2039/5960 3123/1970/5958
f 2335/1970/5961 2601/2789/5962 2602/1249/5963 2477/1970/5961
s 1
f 2968/3205/5964 2967/3206/5704 3084/1484/1478
f 2968/3205/5964 2965/3207/5965 2967/3206/5704
f 2965/3207/5965 2840/1970/5966 2967/3206/5704
f 3309/1970/1700 3304/1629/1623 3303/1625/1619 3307/1970/5967
f 2966/3208/5968 2845/1970/1310 2967/3206/5704
f 2845/1314/1310 2846/1313/1309 2969/1970/1384
f 2846/1313/1309 2847/1389/1385 2969/1388/1384
f 2846/1313/1309 2844/1312/1308 2847/1389/1385
f 2843/1311/1307 2721/2866/5969 2844/1312/1308
f 2721/2866/5969 2719/1970/1236 2844/1312/1308
f 2719/1240/1236 2720/1243/1239 2844/1970/1308
f 2195/3146/5717 2199/3145/5716 2194/3144/5715
f 2196/3148/5719 2197/3147/5718 2195/3146/5717
s 0
f 2055/3203/5970 1917/1970/5971 2195/3146/5972
s 1
f 1917/900/896 1916/903/899 2195/3146/5973
f 1916/903/899 1913/3209/5974 2195/3146/5973
s 0
f 1913/3209/5975 1915/1970/5976 2195/3146/5977
f 3203/1970/5978 3205/1970/5978 3206/1970/5978
f 2746/1970/5979 2876/1970/5979 2999/2128/5980 2874/1970/5979
f 3570/1970/5981 3456/1970/5981 3461/2350/5982 3574/1787/5983
s 1
f 3528/1764/1758 3662/3152/5733 3663/2007/2039
f 3821/1915/1909 3667/1918/1912 3822/1919/1913
f 3665/1917/1911 3664/3150/4939 3667/1970/1912
f 893/441/437 894/1970/438 881/2815/4489 880/426/426
s 0
f 3524/2006/5984 3523/1970/5985 3528/1970/5985
f 109/1970/5986 107/1970/5986 261/1970/5986 270/1970/5986
s 1
f 3522/1759/1753 3525/3210/5987 3526/1761/1755
f 3525/1970/5987 3520/1758/1752 3419/1712/1706
f 3522/1759/1753 3520/1758/1752 3525/1970/5987
f 3312/1636/1630 3315/1635/1629 3416/1710/1704
f 3418/1713/1707 3516/1970/5988 3416/1710/1704
s 0
f 3516/1970/5989 3312/1636/5990 3416/1710/5991
s 1
f 2205/2984/5080 2204/2904/4771 2206/1049/1045 2338/1048/1044
s 0
f 3201/1970/5992 3316/1640/5993 3313/1634/5994
f 3201/1970/5995 3204/3155/5996 3316/1640/5997
s 1
f 3206/1557/1551 3207/1556/1550 3318/1637/1631 3203/1970/5747
f 3202/1553/1547 3203/3211/5747 3204/3155/5746
f 3202/1553/1547 3205/1552/1546 3203/1970/5747
f 1913/3209/5974 1914/907/903 1915/906/902
f 1913/3209/5974 1912/1970/898 1914/907/903
f 364/3212/5821 365/3213/5998 369/1970/5999 361/38/38
f 1651/3214/6000 1654/3215/6001 1777/1970/6002
s 0
f 1654/3215/6003 1536/1970/6004 1777/1970/6004
f 1536/1970/6005 1653/1970/6005 1777/1970/6005
s 1
f 1653/3216/6006 1778/3157/5758 1777/3156/5754
f 1650/3217/6007 1649/3218/6008 1651/3214/6009
f 1649/3218/6008 1648/3219/6010 1651/3214/6009
f 1648/3219/6010 1647/3220/6011 1651/3214/6009
s 0
f 1647/3220/6012 1536/1970/6013 1651/3214/6014
s 1
f 1536/1970/6015 1654/3215/6001 1651/3214/6000
f 1653/1970/6006 1652/1970/6016 1778/3157/5758
f 1536/797/793 1537/796/792 1539/1970/801
f 1537/796/792 1538/801/797 1539/805/801
s 0
f 1653/1970/6017 1536/1970/6017 1539/1970/6017
s 1
f 1336/720/716 1339/2389/3375 1580/837/833 1572/836/832
s 0
f 1194/658/6018 1421/755/6019 1425/803/6020
f 1194/658/6021 1302/1970/6022 1421/755/6023
s 1
f 1194/658/654 1192/655/651 1302/3158/5767
s 0
f 1303/3160/6024 1420/3159/6025 1192/655/6026
s 1
f 1193/657/653 1184/3221/6027 1183/3222/4369
f 1184/3221/6027 1050/1970/6028 1183/3222/4369
f 1050/3223/6028 1049/3224/4368 1183/1970/4369
f 1186/660/656 1184/3221/6027 1193/657/653
s 0
f 1037/1970/6029 1042/1970/6029 1049/1970/6029
s 1
f 2153/3225/6030 2154/3226/6031 2296/1970/6032 2292/3227/6033
f 1045/3228/6034 1048/3229/6035 1049/3224/4368
f 1048/3229/6035 1052/562/558 1049/1970/4368
f 1050/3223/6028 1037/1970/6036 1049/1970/4368
s 0
f 1048/3229/6037 1047/1970/6038 1052/562/6039
s 1
f 1047/561/557 837/389/389 1052/562/6040
s 0
f 837/389/6041 847/1970/6042 1052/562/6043
s 1
f 847/1970/6044 1051/3161/5776 1052/562/558
f 847/3230/6044 848/3231/6045 1051/3161/5776
f 847/3230/6044 846/2760/4281 848/1970/6045
s 0
f 43/1970/6046 41/1970/6046 3939/1970/6046 3941/1970/6046
s 1
f 3403/1700/1694 3404/1699/1693 3399/1970/1688 3298/1623/1617
f 851/396/396 853/399/399 846/2760/4281
s 0
f 853/399/6047 849/414/6048 846/1970/6049
s 1
f 847/3230/6044 845/2858/4613 846/2760/4281
f 580/3232/6050 578/172/172 579/173/173 585/1970/5784
f 618/207/207 621/401/401 620/211/211
s 0
f 198/1970/6051 192/1970/6051 492/1970/6051 368/1970/6051
s 1
f 619/210/210 636/2505/6052 637/2144/2372
f 636/2505/6052 635/220/220 637/2144/2372
s 0
f 1980/1970/6053 2118/1970/6053 2112/978/6054 1975/1970/6053
s 1
f 3043/1446/1440 2923/1359/1355 2922/1358/1354 3041/1443/1437
f 3931/1970/6055 3975/3233/6056 236/1970/4518 100/1970/4517
s 0
f 2300/1029/6057 2442/2157/6058 2438/1970/6059 2297/1970/6059
s 1
f 406/54/54 412/57/57 413/1970/2747
f 3257/1970/1584 3138/1511/1505 3136/1970/1504 3139/1970/2434
f 1694/842/838 1963/1970/914 1952/2150/2514 1689/1970/839
f 415/2375/5794 417/3164/5793 413/1970/6060
f 416/241/241 418/240/240 415/2375/3072
f 1246/689/685 1247/688/684 1477/1970/6061
f 1247/688/684 1249/3234/6062 1477/1970/6061
f 414/2271/2746 420/2951/4943 430/2376/6063
s 0
f 2257/2560/6064 2391/1069/6065 2390/1068/6066 2113/979/6067
f 371/2029/6068 373/1970/6069 453/3173/6069 443/3172/6070
s 1
f 395/60/60 397/3235/6071 423/61/61
f 397/1970/6072 390/51/51 435/3012/6073
f 764/333/333 773/1970/3323 765/3236/4593 763/332/332
s 0
f 536/1970/6074 538/339/6075 524/136/6076 522/135/6077
s 1
f 257/1970/6078 259/2566/6079 258/3089/6080 254/3237/6081
s 0
f 386/50/6082 382/1970/6083 441/3011/6083
f 2701/1970/6084 2827/1970/6084 2954/2361/6085 2702/1970/6084
f 1721/1970/6086 1723/1970/6086 1997/3238/6087 1844/3239/6088
f 598/3240/6089 264/1970/6090 608/203/6091 600/194/6092
s 1
f 379/47/47 363/40/40 455/3241/6093
f 363/40/40 366/39/39 455/3241/6093
s 0
f 366/39/6094 360/1970/6095 455/3241/6096
f 360/1970/6097 460/88/6098 455/1970/6097
s 1
f 462/85/85 464/90/90 463/86/86
f 462/85/85 471/95/95 464/90/90
f 462/85/85 472/96/96 471/95/95
f 1912/1970/898 1650/3217/6007 1651/1970/6009 1914/907/903
f 462/85/85 473/2242/6099 472/96/96
s 0
f 462/85/6100 469/1970/6101 473/2242/6102
s 1
f 469/3242/6103 470/3243/6104 473/2242/6105
s 0
f 470/3243/6106 481/1970/6107 473/2242/6108
s 1
f 3470/2344/2985 3469/2343/2981 3367/1740/1734 3472/1739/1733
f 962/494/490 964/1970/2991 953/492/488
f 1130/620/616 1128/619/615 964/1970/6109
s 0
f 1128/619/6110 1129/1970/6111 964/1970/6111
s 1
f 1129/3244/6112 1126/3245/6113 964/1970/6114
f 1126/3245/6113 1125/3176/5842 964/1970/6114
f 962/494/490 963/498/494 964/2349/2991
f 963/498/494 1134/1970/2992 964/2349/2991
f 2258/1970/6115 2532/1142/1138 2531/1141/1137 2259/2009/6116
s 0
f 1359/2348/6117 1130/620/6118 964/1970/6119
s 1
f 1126/3245/6113 1128/619/615 1125/3176/5842
f 1128/619/615 1120/612/608 1125/3176/5842
f 1128/619/615 1127/618/614 1120/612/608
f 1127/618/614 1122/613/609 1120/612/608
f 1123/615/611 1248/1970/5407 1121/614/610
s 0
f 1354/1970/6120 1355/1970/6120 1248/1970/6120
f 1355/1970/6121 1249/1970/6121 1248/1970/6121
f 1249/1970/6122 1245/1970/6122 1248/1970/6122
s 1
f 1528/788/784 1529/791/787 1774/3246/6123 1646/3247/6124
f 1249/3234/6062 1247/688/684 1245/687/683
f 1992/1970/6125 1994/3182/5850 1993/3181/5849
s 0
f 1719/1970/6126 1848/1970/6126 1993/3181/6127
f 1848/1970/6128 1992/1970/6128 1993/3181/6129
f 1992/1970/6130 2131/3184/6131 1994/3182/6132
f 1992/1970/6133 1848/1970/6133 2131/3184/6134
f 1848/1970/6135 2135/987/6136 2131/3184/6137
f 1249/1970/6138 1351/1970/6138 1594/1970/6138
f 1355/1970/6139 1351/1970/6139 1249/1970/6139
s 1
f 1478/3248/6140 1480/3249/6141 1479/3250/6142
f 1480/3249/6141 1843/1970/6143 1479/3250/6142
s 0
f 1843/1970/6144 1719/1970/6144 1479/1970/6144
s 1
f 1352/3030/5265 1478/3248/6140 1479/3250/6142
s 0
f 1843/1970/6145 1847/1970/6145 1719/1970/6145
s 1
f 1847/866/862 1848/869/865 1719/1970/6146
f 1764/1970/6147 2044/943/939 2043/942/938 1763/3251/6148
f 1353/3029/5264 1478/3248/6140 1352/3030/5265
f 1848/869/865 1846/868/864 2135/987/983
f 1999/3252/6149 2282/1023/1019 2284/3188/5869 2001/1970/6150
f 2133/984/980 2001/1970/6151 2134/985/981
s 0
f 2133/984/6152 1996/1970/6153 2001/1970/6153
s 1
f 1996/1970/6154 2000/3253/6155 2001/3254/6150
f 2000/3253/6155 1999/3252/6149 2001/3254/6150
s 0
f 1999/3252/6156 2138/1970/6157 2282/1023/6158
s 1
f 2138/990/986 2139/993/989 2282/1023/1019
f 2139/993/989 2280/1020/1016 2282/1023/1019
f 2561/3255/2756 2685/3256/5873 2806/1288/1284
f 2557/1157/1153 2560/2286/6159 2562/3257/2757
f 2560/2286/6159 2561/3255/2756 2562/1970/2757
s 0
f 2559/1970/6160 2686/1970/6160 2561/1970/6160
s 1
f 2686/3091/6161 2685/3256/5873 2561/3255/2756
f 2560/2286/6159 2431/1970/1083 2561/3255/2756
f 2431/1087/1083 2559/3258/6162 2561/1970/2756
f 2689/1292/1288 2812/1291/1287 2810/1372/1368
f 2812/1291/1287 2811/1373/1369 2810/1372/1368
f 2686/3091/6161 2689/1970/6163 2685/1970/5873
f 2281/1021/1017 2422/3189/5874 2420/1074/1070
f 2426/1081/1077 2428/3259/5875 2422/3189/5874
s 0
f 2281/1021/6164 2145/1970/6165 2422/3189/6166
s 1
f 3663/2007/2039 3662/3152/5733 3668/2819/4503 3669/3054/5394
f 2426/1081/1077 2427/1080/1076 2428/1970/5875
f 2425/1079/1075 2424/1078/1074 2557/1157/1153
s 0
f 2424/1078/6167 2291/1970/6168 2557/1157/6169
s 1
f 3774/1879/1873 3886/2641/4662 3884/2308/2855 3775/1878/1872
f 2946/1459/1453 3055/1458/1452 2944/1375/1371
f 2942/1374/1370 2946/1459/1453 2944/1375/1371
f 2811/1373/1369 2814/1970/6170 2942/1374/1370
s 0
f 2814/1970/6171 2946/1459/6172 2942/1374/6173
s 1
f 3058/1461/1455 3060/2860/4616 3056/1462/1456
f 3061/2020/2080 3179/1970/2082 3060/2860/4616
f 3058/1461/1455 3061/2020/2080 3060/2860/4616
f 2580/1169/1165 2704/3260/6174 2705/3261/6175 2703/3262/6176
f 3180/2021/2081 3182/1538/1532 3181/1537/1531
s 0
f 80/1970/6177 82/1970/6177 3967/1970/6177 3968/1970/6177
f 3302/1630/6178 3305/1970/6179 3299/1970/6179
f 2824/1970/6180 2952/1970/6180 2816/1297/6181 2696/1970/6180
s 1
f 2838/3263/6182 2966/3208/5968 2967/3206/5704 2840/1970/5966
f 3190/1627/1621 3301/1626/1620 3186/1970/6183
f 3304/1629/1623 3309/1970/1700 3302/1630/1624
s 0
f 326/1970/6184 525/3171/6185 518/131/6186 330/2891/6187
s 1
f 3406/2758/4274 3305/3264/6188 3302/1630/6189
f 3305/3264/6188 3406/2758/4274 3403/1970/1694
f 3406/2758/4274 3407/1701/1695 3403/1700/1694
f 3405/1703/1697 3400/1695/1689 3399/1694/1688 3404/1970/1693
f 3518/3195/5911 3655/3265/6190 3654/3192/5905
f 3655/3265/6190 3656/1970/6191 3654/3192/5905
f 3513/1970/6192 3515/3194/5908 3645/3193/5906
f 3513/3266/6192 3514/3267/6193 3515/3194/5908
f 153/1970/6194 151/3268/6195 152/2065/6196 311/2064/6197
f 3516/1970/6198 3517/3151/6199 3518/3195/6200
f 3517/3151/6199 3521/1970/6201 3518/3195/6200
s 0
f 3521/1970/6202 3524/1970/6202 3518/3195/6203
f 3524/1970/6204 3657/1970/6204 3518/3195/6205
f 3657/1970/6206 3655/3265/6207 3518/3195/6208
s 1
f 3659/2950/4938 3660/2949/4937 3656/1970/6191
f 3655/3265/6190 3659/2950/4938 3656/3269/6191
s 0
f 3665/1970/6209 3817/3042/6210 3660/2949/6211
s 1
f 3409/1702/1696 3514/1970/6193 3512/1755/1749
f 3514/3267/6193 3513/3266/6192 3512/1755/1749
f 2591/1241/1237 2590/3270/6212 2592/1242/1238
f 2590/3270/6212 2593/1970/6213 2592/1970/1238
s 0
f 2590/3270/6214 2468/1105/6215 2593/1970/6216
f 3106/1495/6217 2988/1970/6218 2997/1970/6218 3109/1570/6219
f 2183/1970/6220 2185/1970/6220 2187/1970/6220
f 1872/3271/6221 1619/1970/6222 1622/1970/6222 1873/873/6223
s 1
f 1905/898/894 1906/3272/6224 2187/1970/2603
s 0
f 1906/3272/6225 2186/1970/6226 2187/1970/6226
s 1
f 2186/3273/6227 2188/3274/6228 2187/3275/5943
f 2188/3274/6228 2189/3199/5947 2187/1970/5943
f 2188/3274/6228 2190/1970/5952 2189/3199/5947
f 2190/3201/5952 2192/3200/5951 2189/3199/5947
f 2188/3274/6228 2186/3273/6227 2190/1970/5952
s 0
f 2186/3273/6229 2058/1970/6230 2190/1970/6230
s 1
f 2058/3276/6231 2056/951/947 2190/1970/5952
f 2056/951/947 2057/953/949 2190/3201/5952
f 2051/946/942 1909/1970/6232 2052/947/943
s 0
f 1909/1970/6233 2055/3203/6234 2052/947/6235
f 1909/1970/6236 1917/1970/6236 2055/3203/6237
s 1
f 3080/1480/1474 2962/1970/1469 3082/1477/1471
s 0
f 3874/2868/6238 3880/1970/6239 3875/2865/6240 3873/2861/6241
f 2962/1970/6242 2839/1970/6242 2965/3207/6243
s 1
f 2839/3277/6244 2840/3278/5966 2965/3207/5965
f 2839/3277/6244 2837/3279/6245 2840/3278/5966
f 2837/3279/6245 2836/3280/6246 2840/3278/5966
f 2836/3280/6246 2838/3263/6182 2840/3278/5966
s 0
f 2838/3263/6247 2717/1970/6248 2966/3208/6249
s 1
f 2717/1239/1235 2718/1238/1234 2966/3208/6250
s 0
f 2718/1238/6251 2841/1970/6252 2966/3208/6253
s 1
f 2841/1316/1312 2842/1315/1311 2966/3208/5968
f 2842/1315/1311 2845/1314/1310 2966/3208/5968
f 2841/1970/1312 2718/1238/1234 2843/1311/1307
f 2718/1238/1234 2716/1237/1233 2843/1311/1307
f 298/1970/5674 292/3281/6254 293/1970/2201 295/2083/2203
s 0
f 2589/1970/6255 2591/1970/6255 2721/2866/6256
s 1
f 2591/1241/1237 2719/1240/1236 2721/2866/5969
f 1909/1970/6257 1911/901/897 1917/900/896
f 1912/1970/898 1913/3209/5974 1916/903/899
f 3403/1970/1694 3300/1622/1616 3299/1970/1615 3305/1970/6188
f 3078/1970/1467 3080/1480/1474 3081/1479/1473
f 3078/1473/1467 3079/1476/1470 3080/1480/1474
f 3079/1476/1470 2962/1475/1469 3080/1480/1474
f 3657/1970/6258 3524/1970/2038 3658/2005/2037
f 3659/2950/4938 3657/3282/6258 3658/2005/2037
f 3655/3265/6190 3657/1970/6258 3659/2950/4938
f 3521/1760/1754 3523/3283/6259 3524/2006/6260
f 3521/1760/1754 3522/1759/1753 3523/1970/6259
f 3519/1757/1751 3516/1970/5988 3418/1713/1707
f 3724/1837/1831 3589/1836/1830 3594/2692/4040 3734/2691/4039
f 3516/3284/6261 3414/3285/6262 3312/1636/6263
s 0
f 3414/3285/6264 3413/1970/6265 3312/1636/6266
s 1
f 3413/1708/1702 3412/1704/1698 3312/1636/1630
s 0
f 3487/1970/6267 3611/1970/6267 3607/1970/6267 3484/2514/6268
f 3514/3267/6269 3411/1970/6270 3516/1970/6270
s 1
f 3411/1709/1703 3413/1708/1702 3516/1970/6261
f 3413/1970/1702 3414/3285/6262 3516/3284/6261
s 0
f 3308/1707/6271 3306/1970/6272 3311/1632/6273
f 2779/1970/6274 2778/1970/6274 2643/1201/6275 2642/1204/6276
s 1
f 3197/1544/1538 3196/1540/1534 3310/1633/1627
s 0
f 3196/1540/6277 3199/1970/6278 3310/1633/6279
s 1
f 3076/1549/1543 3078/1970/1467 3200/1546/1540
f 1911/901/897 1910/3286/6280 1912/902/898
f 1910/3286/6280 1776/3287/6281 1912/902/898
f 1776/3287/6281 1775/3288/6282 1912/902/898
s 0
f 1775/3288/6283 1773/1970/6284 1912/902/6285
f 1773/1970/6286 1650/3217/6287 1912/1970/6286
s 1
f 1647/3220/6011 1532/793/789 1536/1970/793
f 1532/793/789 1531/792/788 1536/1970/793
f 1531/792/788 1419/798/794 1536/797/793
f 1773/1970/6288 1649/3218/6008 1650/3217/6007
s 0
f 1773/1970/6289 1534/1970/6289 1649/3218/6290
s 1
f 1534/1970/790 1648/3219/6010 1649/3218/6008
f 1534/1970/790 1647/3220/6011 1648/3219/6010
f 1534/794/790 1532/793/789 1647/3220/6011
f 1416/799/795 1188/1970/655 1417/800/796
f 1301/3289/6291 1300/702/698 1188/1970/655
f 1300/702/698 1187/3290/6292 1188/659/655
f 1187/3290/6292 1186/660/656 1188/659/655
s 0
f 1416/799/6293 1301/3289/6294 1188/1970/6295
s 1
f 1182/3291/6296 1050/3223/6028 1184/3221/6027
f 1186/660/656 1187/3290/6292 1184/3221/6027
f 1187/3290/6292 1185/3292/6297 1184/3221/6027
s 0
f 1185/3292/6298 1182/3291/6299 1184/3221/6300
s 1
f 1182/3291/6296 1037/1970/6036 1050/3223/6028
f 1180/1970/6301 1036/551/547 1037/550/546
f 1035/549/545 1042/557/553 1037/1970/546
s 0
f 1182/3291/6302 1185/3292/6303 1037/1970/6304
f 1185/3292/6305 1296/1970/6306 1037/1970/6306
s 1
f 1142/2036/2104 1138/2035/2103 1137/3293/6307 1140/1970/6308
f 1038/552/548 1039/555/551 1040/556/552
f 1039/555/551 1041/2528/3542 1040/556/552
s 0
f 1041/2528/6309 1043/1970/6310 1040/556/6311
f 1043/1970/6312 1045/1970/6312 1040/556/6313
s 1
f 723/299/299 949/2953/5216 943/482/478 725/300/300
f 1044/559/555 1046/560/556 1048/3229/6035
f 1046/560/556 1047/561/557 1048/3229/6035
f 835/388/388 847/1970/6044 837/389/389
f 835/388/388 845/2858/4613 847/3230/6044
f 842/394/394 606/198/198 843/2761/4282
f 844/395/395 842/394/394 843/2761/4282
f 581/177/177 578/172/172 580/1970/6050 582/178/178
f 604/191/191 601/190/190 603/1971/6314
f 601/190/190 602/195/195 603/1971/6314
f 2679/1221/1217 2680/1220/1216 2554/1155/1151 2553/1152/1148
f 835/388/388 844/395/395 845/2858/4613
f 835/388/388 833/383/383 844/395/395
f 609/3294/6315 624/213/213 625/214/214
s 0
f 374/1970/6316 372/1970/6316 383/3295/6317 388/1970/6316
s 1
f 612/202/202 613/201/201 622/208/208
f 617/209/209 636/2505/6052 619/210/210
s 0
f 617/209/6318 626/1970/6319 627/221/6320
s 1
f 577/170/170 588/185/185 590/1970/186 579/173/173
f 638/1970/223 641/227/227 640/224/224
s 0
f 925/1970/6321 931/1970/6321 1106/1970/6321 914/1970/6321
s 1
f 242/3099/6322 639/1973/1968 638/223/223
f 242/3099/6322 642/3154/6323 639/1973/1968
s 0
f 242/3099/6324 406/54/6325 642/3154/6326
f 3828/3046/6327 3827/1970/6328 3671/1970/6328 3674/2902/6329
s 1
f 420/2951/4943 414/2271/2746 419/56/56
f 404/53/53 401/2563/3694 419/56/56
f 3250/1587/1581 3249/1586/1580 3129/2052/2197 3252/2106/2252
f 399/2562/3693 395/60/60 400/59/59
f 385/49/49 384/3296/6330 386/50/50
f 482/3297/6331 485/100/100 490/107/107 481/3298/6332
f 3151/1525/1519 3153/1970/1520 3146/1520/1514 3145/1519/1513
f 501/118/118 500/117/117 499/3299/6333 508/3300/6334
f 391/3114/3581 385/49/49 389/48/48
f 360/1970/6335 462/85/85 460/88/88
f 373/3301/6336 379/47/47 455/1970/6093 453/3173/6337
f 213/3302/5071 3966/1970/5070 207/1970/6338 214/3303/6339
f 437/70/70 439/73/73 434/68/68 433/66/66
s 0
f 116/1970/6340 117/1970/6340 115/1970/6340 123/1970/6340
s 1
f 359/3304/6341 462/85/85 360/1970/6335
f 369/1970/5999 359/3304/6341 360/3305/6335
s 0
f 359/3304/6342 470/1970/6343 462/85/6344
s 1
f 470/3243/6104 469/3242/6103 462/85/6345
f 3445/1726/1720 3444/1725/1719 3450/1734/1728 3452/1735/1729
f 727/302/302 487/1970/104 729/303/303
s 0
f 487/1970/6346 734/2210/6347 729/1970/6346
s 1
f 487/1970/104 727/302/302 489/105/105
f 485/100/100 488/106/106 490/107/107
f 569/166/166 566/165/165 811/2230/6348 808/372/372
s 0
f 470/3243/6349 492/1970/6350 481/1970/6350
f 492/1970/6351 483/1970/6351 481/1970/6351
s 1
f 483/101/101 482/3297/6331 481/3298/6332
s 0
f 359/3304/6352 368/1970/6353 470/1970/6353
f 368/1970/6354 492/1970/6354 470/3243/6355
s 1
f 734/2210/2572 735/311/311 739/316/316
f 1359/2348/6356 1131/621/617 1130/620/616
f 1126/3245/6113 1129/3244/6112 1128/619/615
f 960/497/493 1134/1970/2992 963/498/494
f 960/497/493 961/496/492 1134/3306/2992
f 961/496/492 971/1970/500 1134/3306/2992
f 971/504/500 972/3307/6357 1134/3306/2992
s 0
f 972/3307/6358 1135/1970/6359 1134/3306/6360
s 1
f 1135/3308/6361 1254/3309/6362 1134/3306/6363
s 0
f 1254/3309/6364 1360/1970/6365 1134/1970/6365
s 1
f 1254/3309/6362 1255/3310/6366 1360/1970/6367
s 0
f 1255/3310/6368 1482/1970/6369 1360/1970/6369
s 1
f 1482/3311/6370 1481/2704/4088 1360/1970/2989
f 600/194/194 608/203/203 609/1970/6315 602/195/195
f 1358/3312/6371 1131/621/617 1359/2348/6356
s 0
f 1483/2705/6372 1597/1970/6373 1359/2348/6374
s 1
f 1597/1970/6375 1358/3312/6371 1359/2348/6356
f 1132/617/613 1133/622/618 1124/616/612
s 0
f 1133/622/6376 1353/1970/6377 1124/616/6378
f 1353/3029/6379 1480/3249/6380 1478/3248/6381
s 1
f 1596/3313/6382 1595/3314/6383 1480/3249/6141
f 1595/3314/6383 1843/1970/6143 1480/3249/6141
s 0
f 1353/3029/6384 1356/1970/6385 1480/3249/6386
f 1356/1970/6387 1596/3313/6388 1480/3249/6389
s 1
f 1845/867/863 1847/866/862 1843/1970/6390
f 1595/3314/6383 1596/3313/6382 1843/1970/6143
s 0
f 1596/3313/6391 1598/1970/6392 1843/1970/6392
f 1598/1970/6393 1845/867/6394 1843/1970/6393
f 1133/622/6395 1251/1970/6396 1353/1970/6396
s 1
f 1251/3315/6397 1253/3316/6398 1353/1970/6399
s 0
f 1253/3316/6400 1356/1970/6401 1353/3029/6402
f 1844/3239/6403 1996/1970/6404 2133/984/6405
s 1
f 1845/867/863 1844/3239/6406 1846/868/864
f 1844/3239/6407 1997/3238/6408 1996/3317/6154
f 1997/3238/6408 1998/3318/6409 1996/3317/6154
f 1998/3318/6409 2000/3253/6155 1996/1970/6154
f 1998/3318/6409 1999/3252/6149 2000/3253/6155
f 1998/3318/6409 1997/3238/6408 1999/3252/6149
s 0
f 1997/3238/6410 1850/1970/6411 1999/3252/6412
s 1
f 3093/1487/1481 2974/1490/1484 2981/1398/1394 3097/2798/4417
f 2137/991/987 2138/990/986 1999/3252/6413
f 2139/993/989 2140/995/991 2280/1020/1016
f 2140/995/991 2279/3319/6414 2280/1020/1016
s 0
f 2279/3319/6415 2145/1970/6416 2280/1020/6417
s 1
f 2145/1970/6418 2281/1021/1017 2280/1020/1016
f 2430/1083/1079 2431/1087/1083 2560/2286/6159
f 2431/1087/1083 2435/1086/1082 2559/3258/6162
s 0
f 2435/1086/6419 2686/1970/6420 2559/1970/6420
s 1
f 2342/2795/4413 2346/2707/4094 2607/2706/4090 2480/1970/4091
f 2812/1291/1287 2814/3320/6170 2811/1373/1369
s 0
f 2563/1970/6421 2687/1970/6421 2689/1970/6421
s 1
f 2687/3321/6422 2688/1293/1289 2689/1292/1288
f 2813/1294/1290 2814/3320/6170 2812/1291/1287
s 0
f 2285/1970/6423 2286/1970/6423 2426/1970/6423
s 1
f 2286/1970/6424 2424/1078/1074 2426/1081/1077
f 2144/992/988 2143/3322/6425 2145/994/990
f 2143/3322/6425 2285/1970/6426 2145/1970/990
f 2279/3319/6414 2140/995/991 2145/994/990
f 2286/2688/6424 2291/2690/6427 2424/1078/1074
s 0
f 26/1970/6428 27/1970/6428 28/1970/6428 25/1970/6428
s 1
f 2290/2689/6429 2289/2321/6430 2291/2690/6431
f 2289/2321/6430 2429/1970/1080 2291/2690/6431
f 2429/1084/1080 2430/1083/1079 2291/1970/6431
s 0
f 2814/3320/6432 2813/1294/6433 2946/1459/6434
s 1
f 2644/1202/1198 2643/1201/1197 2777/2025/2087 2775/2024/2075
f 3059/3323/6435 3063/1970/6436 3058/1461/1455
f 3888/2967/4998 3887/2642/4997 3778/2599/6437 3785/1970/6438
f 3057/1457/1451 3059/3323/6435 3058/1461/1455
f 2945/1460/1454 2818/1970/1294 3057/1457/1451
f 2818/1298/1294 2816/1297/1293 3057/1457/1451
f 546/3324/6439 544/3108/5600 554/158/158 556/161/161
f 3185/1970/6440 3180/2021/2081 3061/2020/2080
f 364/1970/5821 362/41/41 378/46/46 377/2116/2288
f 3188/2965/4984 3189/1628/1622 3190/1627/1621
s 0
f 3291/2434/6441 3295/1619/6442 3393/1691/6443 3388/1970/6444
f 1330/1970/6445 1329/1970/6445 1566/2384/6446 1565/2383/6447
s 1
f 3307/3325/5967 3308/1707/1701 3309/1706/1700
s 0
f 2572/1970/6448 2698/1970/6448 2820/1299/6449 2692/1226/6450
s 1
f 3411/1709/1703 3408/1698/1692 3407/1701/1695
f 3411/1709/1703 3409/1702/1696 3408/1698/1692
s 0
f 3411/1970/6451 3514/3267/6452 3409/1702/6453
s 1
f 2589/3326/6454 2462/3327/6455 2591/1970/6456
s 0
f 2462/3327/6457 2327/1970/6458 2591/1970/6458
f 2598/1970/6459 2727/1970/6459 2854/1319/6460 2853/1318/6461
f 2326/3328/6462 2463/1970/6463 2590/3270/6464
s 1
f 2463/1106/1102 2468/1105/1101 2590/3270/6465
s 0
f 2326/3328/6466 2183/1970/6467 2463/1106/6468
s 1
f 2325/3329/6469 2184/3330/6470 2183/1970/6471
f 2184/3330/6470 2182/3331/6472 2183/3332/6471
f 2182/3331/6472 2185/3333/6473 2183/1970/6471
s 0
f 2326/3328/6474 2325/3329/6475 2183/1970/6476
s 1
f 2182/3331/6472 2181/3334/6477 2185/3333/6473
f 2181/3334/6477 2046/944/940 2185/3333/6473
s 0
f 2046/944/6478 1908/1970/6479 2185/1970/6479
s 1
f 2046/944/940 1907/897/893 1908/899/895
f 1904/896/892 1906/3272/6224 1905/898/894
f 1904/896/892 1903/894/890 1906/3272/6224
f 1903/894/890 1902/892/888 1906/3272/6224
s 0
f 1902/892/6480 1765/1970/6481 1906/3272/6482
f 1765/1970/6483 2047/1970/6483 1906/3272/6484
s 1
f 2047/3335/6485 2049/3336/6486 1906/3272/6487
f 2049/3336/6486 2058/3276/6231 1906/3272/6487
s 0
f 2058/1970/6488 2186/3273/6489 1906/3272/6490
s 1
f 2049/3336/6486 2056/951/947 2058/3276/6231
f 2049/3336/6486 2047/3335/6485 2056/951/947
f 2047/3335/6485 2050/948/944 2056/951/947
f 2047/3335/6485 2048/949/945 2050/948/944
f 355/36/36 356/37/37 496/1970/6491 493/1970/112
f 3339/2439/3284 3226/1970/3191 3225/1970/3190 3229/1573/1567
s 0
f 1772/1970/6492 1909/1970/6492 2051/946/6493
f 1772/1970/6494 1910/1970/6494 1909/1970/6494
s 1
f 1910/3286/6280 1911/901/897 1909/1970/6257
f 2964/1474/1468 2961/3337/6495 2962/1475/1469
f 2961/3337/6495 2839/1970/6496 2962/1970/1469
s 0
f 1156/696/6497 1154/3338/6498 1008/630/6499 1158/629/6500
f 2961/3337/6501 2964/1474/6502 2839/1970/6503
s 1
f 2964/1474/6504 2963/3339/6505 2839/1970/6506
s 0
f 2963/3339/6507 2834/1970/6508 2839/3277/6509
s 1
f 2714/1970/6510 2836/3280/6246 2837/3279/6245
f 2714/3340/6510 2712/3341/6511 2836/3280/6246
s 0
f 2712/3341/6512 2588/1970/6513 2836/3280/6514
s 1
f 2588/1176/1172 2587/1175/1171 2836/3280/6515
s 0
f 2587/1175/6516 2717/1970/6517 2836/3280/6518
f 2717/1970/6519 2838/3263/6520 2836/3280/6521
s 1
f 2587/1175/1171 2715/1236/1232 2717/1239/1235
f 2715/1236/1232 2589/1970/6522 2716/1237/1233
f 2460/1970/6523 2462/3327/6455 2589/3326/6454
f 1673/2548/3625 1674/2454/3327 1938/1970/906 1935/2132/3324
f 3076/1549/1543 2964/1474/1468 3078/1473/1467
f 3307/3325/5967 3306/1970/6524 3308/1707/1701
f 3193/1545/1539 3197/1544/1538 3306/1970/6524
f 3307/1970/5967 3193/1970/1539 3306/3342/6524
s 0
f 2275/1970/6525 2413/1970/6525 2546/1970/6525 2410/2756/6526
f 3195/1543/6527 3075/1970/6528 3198/1547/6529
s 1
f 3075/3343/6530 3074/3344/6531 3198/1547/6532
s 0
f 3074/3344/6533 3072/1970/6534 3198/1547/6535
s 1
f 3072/1470/1464 3073/1469/1463 3198/1547/1541
f 3073/1469/1463 3077/1548/1542 3198/1547/1541
f 3073/1469/1463 3076/1549/1543 3077/1548/1542
s 0
f 189/1970/6536 187/1970/6536 194/1970/6536 185/1970/6536
s 1
f 1772/1970/6537 1776/3287/6281 1910/3286/6280
f 1772/3345/6537 1775/3288/6282 1776/3287/6281
f 1772/3345/6537 1774/3246/6538 1775/3288/6282
f 1774/3246/6538 1773/1970/6539 1775/3288/6282
s 0
f 1774/3246/6540 1529/1970/6541 1773/1970/6541
f 1529/1970/6542 1534/1970/6542 1773/1970/6542
s 1
f 2621/2090/2211 2754/2044/2117 2756/2043/2116 2753/2130/2330
s 0
f 1297/1970/6543 1415/1970/6543 1531/792/6544
f 1415/1970/6545 1419/798/6546 1531/792/6547
s 1
f 1418/3346/6548 1416/799/795 1419/798/794
f 1415/3347/6549 1301/3289/6291 1419/798/794
f 1301/3289/6291 1418/3346/6548 1419/798/794
f 1529/791/787 1535/3348/6550 1534/1970/790
f 1535/3348/6550 1533/795/791 1534/794/790
s 0
f 1418/3346/6551 1301/3289/6552 1416/799/6553
s 1
f 1415/1970/6549 1297/1970/694 1301/3289/6291
f 1297/698/694 1298/701/697 1301/3289/6291
f 1298/701/697 1300/702/698 1301/3289/6291
f 1299/703/699 1187/3290/6292 1300/702/698
f 1299/703/699 1296/700/696 1187/3290/6292
f 1296/1970/696 1185/3292/6297 1187/3290/6292
f 1181/3349/6554 1173/2057/6555 1180/1970/6556
s 0
f 1173/2057/6557 1029/1970/6558 1180/1970/6558
f 1029/1970/6559 1034/1970/6559 1180/1970/6559
s 1
f 1034/548/544 1036/551/547 1180/1970/6301
s 0
f 1295/699/6560 1181/3349/6561 1180/1970/6562
s 1
f 1297/698/694 1411/1970/6563 1295/699/695
s 0
f 2083/1970/6564 2223/1970/6564 2353/1970/6564 2082/1970/6564
s 1
f 1289/3350/6565 1177/645/641 1295/699/6566
s 0
f 1177/645/6567 1181/3349/6568 1295/699/6569
s 1
f 826/554/550 824/2529/3543 1039/555/551
f 801/361/361 802/1970/360 1022/3351/4770 1020/537/533
f 1207/1970/4192 1210/2647/3916 1211/2645/3652 1209/2646/3913
s 0
f 3952/1970/6570 176/1970/6570 184/1970/6570 3955/1970/6570
s 1
f 608/1970/203 624/213/213 609/3294/6315
s 0
f 3193/1970/6571 3307/1970/6571 3303/1625/6572 3189/1628/6573
s 1
f 264/1970/12 607/204/204 608/203/203
f 614/205/205 615/2354/6574 616/206/206
f 3151/1525/1519 3025/1431/1425 3023/1430/1424 3149/1522/1516
f 642/3154/6323 644/229/229 643/228/228 639/1973/1968
s 0
f 156/1970/6575 3947/1970/6575 148/1970/6575 151/3268/6576
s 1
f 246/6/6 629/216/216 628/215/215
f 1575/1970/2875 1814/1970/858 1949/2190/2690 1577/1970/2876
f 238/3352/5626 240/3098/5549 242/3099/5550
f 450/1970/80 452/274/274 440/72/72 438/71/71
f 258/3089/6080 260/2352/6577 256/11/11 254/3237/6081
f 401/2563/3694 404/53/53 403/52/52
s 0
f 402/1970/6578 399/2562/6579 403/1970/6578
s 1
f 337/2890/4709 516/3353/6580 511/126/126 509/3354/6581
f 64/3355/6582 3954/1970/6583 3953/1970/6584 68/2883/6585
f 383/3295/6586 381/3356/6587 384/3296/6330
f 316/2222/2610 324/141/141 326/140/140 323/2753/4269
s 0
f 637/2144/6588 867/1970/6589 856/402/6590 621/401/6591
s 1
f 392/3357/3580 393/3358/6592 391/3114/3581
f 393/3358/6592 387/3115/6593 391/3114/3581
f 626/1970/6594 617/209/209 616/206/206 615/2354/6574
f 3733/1970/4621 3872/2862/4628 3871/1970/4630 3728/1841/1835
s 0
f 372/1970/6595 370/1970/6595 380/2030/6596
s 1
f 111/2826/6597 113/3359/6598 108/1970/6599 110/3360/6600
s 0
f 57/3361/6601 51/1970/6602 3944/1970/6602 56/1970/6602
s 1
f 364/3212/5821 361/38/38 362/41/41
s 0
f 2600/1182/6603 2733/2788/6604 2728/1970/6605 2599/1181/6606
s 1
f 365/3213/5998 368/3362/6607 369/3363/5999
f 368/1970/6607 359/3304/6341 369/1970/5999
f 749/323/323 736/312/312 734/1970/2572
f 736/312/312 735/311/311 734/2210/2572
s 0
f 487/1970/6608 497/1970/6608 734/2210/6609
s 1
f 3261/1594/1588 3360/2219/4275 3256/1970/6610 3259/1593/1587
s 0
f 751/1970/6611 741/1970/6611 734/2210/6612
f 741/1970/6613 749/323/6614 734/1970/6613
s 1
f 485/100/100 486/103/103 487/104/104
f 486/103/103 498/115/115 487/104/104
s 0
f 498/115/6615 497/1970/6616 487/1970/6616
s 1
f 482/3297/6331 483/101/101 485/100/100
f 494/114/114 484/102/102 492/111/111
f 484/102/102 483/101/101 492/1970/111
f 250/2353/6617 248/7/7 626/3364/6594 615/2354/6574
s 0
f 3954/1970/6618 3950/1970/6618 3952/1970/6618 3953/1970/6618
s 1
f 365/3213/5998 367/1970/5820 368/3362/6607
f 367/3170/5820 198/3365/6619 368/1970/6607
f 971/1970/500 961/496/492 959/495/491
f 1250/3366/6620 1133/622/618 1131/621/617
f 1358/3312/6371 1250/3366/6620 1131/621/617
f 1136/1970/6621 972/3307/6357 971/504/500
f 967/501/497 968/2765/4311 971/504/500
s 0
f 968/2765/6622 970/1970/6623 971/504/6624
s 1
f 970/503/499 973/505/501 971/504/6625
s 0
f 973/505/6626 1136/1970/6627 971/504/6628
f 1136/1970/6629 1257/1970/6629 972/3307/6630
f 1257/1970/6631 1135/1970/6631 972/3307/6632
s 1
f 1257/693/689 1256/692/688 1135/1970/6361
f 1256/692/688 1254/3309/6362 1135/3308/6361
f 1256/692/688 1255/3310/6366 1254/3309/6362
f 1256/692/688 1259/691/687 1255/3310/6366
s 0
f 1259/691/6633 1487/1970/6634 1255/3310/6635
s 1
f 1487/2609/3823 1482/3311/6636 1255/3310/6637
f 1487/2609/3823 1488/3367/6638 1482/3311/6636
s 0
f 1488/3367/6639 1724/1970/6640 1482/3311/6641
s 1
f 3873/2861/4617 3737/2777/4329 3738/2776/4328 3874/2868/3472
f 1723/3368/6642 1483/2705/4089 1481/2704/4088
f 1357/3369/6643 1252/3370/6644 1358/3312/6371
s 0
f 1252/3370/6645 1250/3366/6646 1358/3312/6647
s 1
f 1597/1970/6375 1357/3369/6643 1358/3312/6371
s 0
f 1723/3368/6648 1600/1970/6649 1483/2705/6650
s 1
f 1600/3371/6651 1599/3372/6652 1483/2705/6653
f 1599/3372/6652 1597/3373/6654 1483/2705/6653
f 1599/3372/6652 1598/3374/6655 1597/3373/6654
s 0
f 1598/3374/6656 1357/3369/6657 1597/1970/6658
s 1
f 1250/3366/6620 1251/3315/6397 1133/622/618
s 0
f 1598/1970/6659 1721/1970/6659 1845/867/6660
f 1721/1970/6661 1844/3239/6662 1845/867/6663
f 1356/1970/6664 1598/1970/6664 1596/3313/6665
f 1253/3316/6666 1252/1970/6667 1356/1970/6667
s 1
f 1252/3370/6644 1357/3369/6643 1356/3375/6668
f 1357/3369/6643 1598/3374/6669 1356/1970/6668
f 1599/3372/6652 1600/3371/6651 1598/3374/6655
s 0
f 1600/3371/6670 1721/1970/6671 1598/1970/6671
s 1
f 1252/1970/6672 1253/3316/6398 1251/3315/6397
f 1250/3366/6620 1252/3370/6672 1251/3315/6397
s 0
f 3957/1970/6673 3956/1970/6673 3959/2774/6674 3961/1970/6673
f 1723/1970/6675 1850/1970/6675 1997/3238/6676
f 1723/1970/6677 1849/1970/6677 1850/1970/6677
s 1
f 1849/3376/6678 1851/3377/6679 1850/3378/6680
f 1849/3376/6678 1852/3379/6681 1851/3377/6679
f 107/3380/2584 106/2213/2583 101/3381/6682 102/3382/6683
f 2143/3322/6425 2144/992/988 2142/989/985
f 2141/988/984 2003/1970/6684 2142/989/985
s 0
f 2003/1970/6685 2143/3322/6686 2142/989/6687
s 1
f 2434/1082/1078 2563/1970/6688 2435/1086/1082
f 2564/1163/1159 2565/1162/1158 2563/3383/6688
f 2565/1162/1158 2566/1166/1162 2563/3383/6688
s 0
f 2566/1166/6689 2687/1970/6690 2563/1970/6690
s 1
f 2434/1082/1078 2564/1163/1159 2563/3383/6688
f 2566/1166/1162 2688/1293/1289 2687/3321/6422
f 2742/1256/1252 2741/1252/1248 2869/1333/1329 2870/1332/1328
f 2566/1166/1162 2570/1165/1161 2688/1293/1289
f 3571/2425/3267 3570/2427/3016 3574/1787/1781 3576/1790/1784
f 2288/3384/6691 2290/2689/6429 2285/3385/6692
s 0
f 2143/3322/6693 2003/1970/6694 2285/1970/6694
f 2003/1970/6695 2287/1970/6695 2285/1970/6695
s 1
f 2287/3386/6696 2288/3384/6691 2285/3385/6692
f 2288/3384/6691 2289/2321/6430 2290/2689/6429
s 0
f 2288/3384/6697 2149/1970/6698 2289/2321/6699
f 2149/1970/6700 2148/1970/6700 2289/2321/6701
f 2329/1970/6702 2330/1970/6702 2595/1178/6703 2465/3129/6704
s 1
f 2432/3387/6705 2433/1085/1081 2429/1084/1080
s 0
f 2152/1970/6706 2432/3387/6707 2429/1084/6708
s 1
f 3062/3388/6709 3063/2955/6436 3059/3323/6435
s 0
f 2948/1970/6710 3062/3388/6711 3059/3323/6712
s 1
f 3062/3388/6709 2953/1970/1376 3063/2955/6436
f 3676/2900/4754 3672/1970/4756 3544/1970/4429 3675/2799/4755
f 2815/1296/1292 2696/1970/1224 2816/1297/1293
s 0
f 2401/1970/6713 2538/1970/6713 2655/2084/6714 2533/1139/6715
s 1
f 2952/1377/1373 2947/1382/1378 2816/1297/6716
f 2947/1382/1378 2948/1381/1377 2816/1297/6716
f 3065/1465/1459 3187/3389/6717 3188/1970/6718
s 0
f 3187/3389/6719 3192/1970/6720 3188/1970/6720
s 1
f 3358/1672/1666 3254/1970/1668 3132/2122/2305 3255/2121/2304
f 3067/1464/1458 3187/3389/6717 3065/1465/1459
f 2460/1970/6523 2461/3390/6721 2462/3327/6455
f 2461/3390/6721 2327/1970/6722 2462/3327/6455
s 0
f 2461/3390/6723 2324/1970/6724 2327/1970/6724
s 1
f 97/1970/6725 243/3179/5847 244/3178/5846 105/2581/6726
f 2324/1970/6727 2184/3330/6470 2325/3329/6469
f 2324/3391/6727 2323/3174/6728 2184/3330/6470
s 0
f 2323/3174/6729 2045/1970/6730 2184/3330/6731
f 2045/1970/6732 2182/3331/6733 2184/3330/6734
s 1
f 2045/1970/941 2181/3334/6477 2182/3331/6472
f 2045/945/941 2046/944/940 2181/3334/6477
f 2044/943/939 1907/897/893 2046/944/940
s 0
f 2044/943/6735 1764/1970/6736 1907/897/6737
f 1764/1970/6738 1899/1970/6738 1907/897/6739
s 1
f 1899/1970/884 1901/895/891 1907/897/893
f 1766/893/889 1765/1970/6740 1902/892/888
f 1769/3392/6741 1770/3393/6742 1765/1970/6743
s 0
f 1770/1970/6744 2047/3335/6745 1765/1970/6744
f 1766/893/6746 1643/1970/6747 1765/1970/6747
f 1643/1970/6748 1769/3392/6749 1765/1970/6748
s 1
f 1769/3392/6741 1771/3394/6750 1770/3393/6742
f 1769/3392/6741 1646/3247/6751 1771/3394/6750
s 0
f 1646/3247/6752 1772/1970/6753 1771/3394/6754
f 1646/3247/6755 1774/3246/6756 1772/3345/6757
s 1
f 3071/1468/1462 2958/3395/6758 2964/1474/6759
s 0
f 2958/3395/6760 2960/1970/6761 2964/1474/6762
s 1
f 2960/1386/1382 2834/1385/1381 2964/1474/6504
f 2834/1970/1381 2963/3339/6505 2964/1474/6504
f 2835/1384/1380 2833/3396/6763 2834/1385/1381
f 2833/3396/6763 2714/1970/6510 2834/1970/1381
f 2833/3396/6763 2713/3397/6764 2714/3340/6510
f 2713/3397/6764 2711/3398/6765 2714/3340/6510
f 2711/3398/6765 2709/2437/4137 2714/3340/6510
f 2709/2437/4137 2712/3341/6511 2714/3340/6510
f 2709/2437/4137 2710/2436/6766 2712/3341/6511
f 2710/2436/6766 2588/1970/1172 2712/3341/6511
f 2710/2436/6766 2584/1173/1169 2588/1176/1172
f 2586/1172/1168 2715/1236/1232 2587/1175/1171
f 2586/1172/1168 2585/1171/1167 2715/1236/1232
f 2458/3399/6767 2457/3400/6768 2460/3401/6523
f 2457/3400/6768 2319/3149/5720 2460/3401/6523
f 2319/3149/5720 2318/2729/4177 2460/3401/6523
f 2318/2729/4177 2322/3402/6769 2460/3401/6523
f 2322/3402/6769 2461/3390/6721 2460/1970/6523
s 0
f 2585/1171/6770 2458/3399/6771 2460/3401/6772
f 3272/1605/6773 3268/1970/6774 3155/2212/6775 3157/1606/6776
s 1
f 3191/1542/1536 3194/2736/6777 3195/1543/1537
f 3194/2736/6777 3074/1970/6531 3195/1543/1537
f 3074/3344/6531 3075/3343/6530 3195/1543/1537
f 3069/1471/1465 3072/1470/1464 3074/3344/6531
f 3194/2736/6777 3069/1471/1465 3074/3344/6531
f 3070/1467/1461 2958/3395/6758 3071/1468/1462
s 0
f 2308/1036/6778 2576/3403/6779 2577/1167/6780 2310/1037/6781
s 1
f 1527/790/786 1535/3348/6550 1529/791/787
f 1535/3348/6550 1527/790/786 1533/795/791
s 0
f 1527/790/6782 1411/1970/6783 1533/795/6784
s 1
f 1177/645/641 1175/644/640 1181/3349/6554
f 1175/644/640 1173/2057/6555 1181/3349/6554
s 0
f 1172/1970/6785 1029/1970/6785 1173/2057/6786
f 188/2772/6787 186/1970/6788 191/1970/6788 193/2773/6789
s 1
f 1172/1970/647 1168/3404/6790 1029/2345/2987
f 1168/3404/6790 1028/1970/6791 1029/2345/2987
f 1028/3405/6791 1027/2346/2988 1029/2345/2987
s 0
f 2284/1970/6792 2548/1970/6792 2417/2215/6793 2278/1970/6792
f 2782/1970/6794 2911/2208/6795 2780/2058/6796 2647/2192/6797
s 1
f 1412/751/747 1410/750/746 1411/2070/6798
s 0
f 1527/790/6799 1413/1970/6800 1411/1970/6800
s 1
f 1413/3406/6801 1412/751/747 1411/2070/6798
f 1408/753/749 1293/1970/6802 1410/750/746
s 0
f 1293/1970/6803 1289/1970/6803 1410/750/6804
s 1
f 1293/3407/6802 1294/749/745 1289/1970/6565
f 1294/749/745 1290/3408/6805 1289/3350/6565
f 1290/3408/6805 1176/1970/642 1289/3350/6565
f 1176/646/642 1177/645/641 1289/3350/6565
s 0
f 92/1970/6806 91/1970/6806 3973/1970/6806 3977/1970/6806
s 1
f 821/543/539 820/3163/6807 822/544/540
f 820/3163/6807 827/553/549 822/544/540
f 820/3163/6807 826/554/550 827/553/549
s 0
f 820/3163/6808 823/1970/6809 826/554/6810
s 1
f 823/3409/6811 840/392/392 826/554/550
f 840/392/392 824/2529/3543 826/554/550
f 840/392/392 825/2527/3541 824/2529/3543
f 840/392/392 841/393/393 825/2527/3541
f 830/381/381 829/1970/387 592/189/189
f 829/387/387 828/3162/5785 592/189/189
s 0
f 828/3162/6812 585/1970/6813 592/189/6814
f 3527/1762/6815 3532/1768/6816 3535/2422/6817 3529/1763/6818
s 1
f 247/8/8 248/7/7 250/2353/6617 251/1970/6819
f 587/183/183 596/197/197 589/184/184
f 777/3410/6820 778/343/343 775/3411/3322 776/3412/6821
f 594/3413/6822 595/2037/5604 597/192/192
f 320/2223/2612 321/2894/5531 322/3093/5530 306/1970/2884
f 598/3240/6823 600/194/194 599/193/193
f 829/1970/387 830/381/381 832/384/384
f 867/2509/6824 869/415/415 871/1970/418 868/422/422
f 290/3110/5602 273/15/15 598/3240/5603
f 273/15/15 276/14/14 598/3240/5603
s 0
f 276/14/6825 264/1970/6826 598/3240/6827
f 276/14/6828 266/1970/6829 264/1970/6829
s 1
f 266/3414/6830 265/3415/6831 264/1970/12
f 265/3415/6831 263/9/9 264/12/12
f 256/11/11 607/204/204 264/1970/12
s 0
f 1946/1970/6832 2087/1970/6832 2228/2185/6833 2224/2184/6834
s 1
f 260/2352/6835 611/200/200 610/199/199
f 260/2352/6835 614/205/205 611/200/200
s 0
f 3542/1970/6836 3541/1776/6837 3543/2801/6838 3672/2901/6839
s 1
f 495/113/113 496/2323/6491 497/1970/6840 498/115/115
s 0
f 3254/1970/6841 3252/1970/6841 3131/2073/6842 3132/2122/6843
f 245/5/6844 239/1970/6845 238/1970/6845
s 1
f 241/2771/6846 409/2770/6847 407/2912/6848
f 409/2770/6847 408/3416/6849 407/2912/6848
f 3945/3417/6850 3946/3418/6851 142/1970/6852 150/3419/6853
f 410/3420/6854 411/3421/6855 402/1970/6856
s 0
f 383/3295/6857 372/1970/6858 380/2030/6859 381/3356/6858
f 243/3179/6860 97/1970/6861 241/2771/6862
f 2145/1970/6863 2285/1970/6863 2426/1081/6864 2422/3189/6865
s 1
f 283/182/182 286/3422/6866 595/2037/5604 594/3413/6822
s 0
f 2191/1970/6867 2193/1970/6867 2330/1970/6867 2328/3133/6868
s 1
f 219/3423/6869 393/3358/6592 392/3357/3580
f 410/3420/6854 233/3424/6870 411/3421/6855
s 0
f 1851/3377/6871 2137/1970/6872 1999/3252/6873 1850/3378/6874
f 3885/1970/6875 3762/1970/6875 3760/1970/6875 3883/1970/6875
f 212/1970/6876 388/1970/6876 387/3115/6877
f 3951/1970/6878 172/1970/6878 3952/1970/6878 3950/1970/6878
f 24/1970/6879 25/1970/6879 28/1970/6879 23/1970/6879
s 1
f 375/43/43 376/42/42 377/2116/2288
f 305/3425/5400 304/2318/2885 307/20/20 309/19/19
f 367/1970/5820 365/3213/5998 364/3212/5821
f 741/1970/3198 747/322/322 749/323/323
s 0
f 453/3173/6880 454/1970/6880 445/76/6881 443/3172/6882
s 1
f 378/46/46 379/47/47 373/1970/6336 370/1970/5816
f 506/123/123 507/122/122 497/2322/6883
f 3930/1970/6884 3718/1829/1823 3719/1970/1822 3869/1970/4560
f 742/2401/3197 741/3426/3198 751/1970/6885
f 507/122/122 752/326/326 751/3427/6886
s 0
f 333/1970/6887 337/1970/6887 509/3354/6888 354/1970/6887
s 1
f 494/114/114 495/113/113 498/115/115
f 376/42/42 200/1970/45 198/3365/6619 367/3170/5820
f 496/2323/6491 495/113/113 493/112/112
s 0
f 191/1970/6889 194/1970/6889 493/112/6890
s 1
f 194/3428/4006 358/2682/4005 493/112/112
f 358/2682/4005 357/2898/6891 493/112/112
f 357/2898/6891 355/36/36 493/1970/112
f 310/3429/6892 311/2064/6893 308/21/21 306/2317/2884
s 0
f 200/1970/6894 196/1970/6894 198/3365/6895
s 1
f 196/3430/6896 197/2630/3867 198/3365/6897
f 197/2630/3867 195/2632/3870 198/3365/6897
f 195/2632/3870 192/1970/3869 198/1970/6897
f 2989/1970/1399 2996/1408/1404 2997/1970/1403 2988/1970/3291
f 3960/2631/3868 3959/2774/6898 192/3431/3869
s 0
f 3959/2774/6899 191/1970/6900 192/1970/6900
f 3959/2774/6901 193/1970/6902 191/1970/6902
s 1
f 2571/1970/2407 2692/1226/1222 2691/1970/1221 2440/1089/1085
s 0
f 2117/2008/6903 2259/2009/6904 2257/2560/6905 2116/2652/6906
f 185/1970/6907 194/1970/6907 191/1970/6907
s 1
f 965/499/495 966/500/496 967/501/497
f 2118/2653/3931 2257/2560/3932 2113/979/975 2112/978/974
f 1137/3293/6307 1138/2035/2103 1136/3432/6908
s 0
f 1138/2035/6909 1257/1970/6910 1136/1970/6910
s 1
f 973/505/6911 1137/3293/6307 1136/3432/6908
f 969/502/498 970/503/499 968/2765/4311
s 0
f 2394/1070/6912 2652/1970/6913 2649/2320/6914 2529/2254/6915
s 1
f 975/3433/6916 976/3434/6917 973/505/6918
f 976/3434/6917 1139/3435/6919 973/505/6918
s 0
f 1139/3435/6920 1137/3293/6921 973/505/6922
s 1
f 1138/2035/6923 1258/690/686 1257/693/689
s 0
f 2027/1970/6924 2298/1970/6924 2297/3436/6925 2023/1970/6924
s 1
f 1486/2608/3822 1601/1970/6926 1487/2609/3823
f 1601/1970/6926 1488/3367/6638 1487/2609/3823
f 1601/3437/6926 1602/3438/6927 1488/3367/6638
f 1602/3438/6927 1604/3168/5814 1488/3367/6638
s 0
f 1604/3168/6928 1724/1970/6929 1488/3367/6930
s 1
f 1725/3439/6931 1723/3368/6642 1724/3440/6932
f 1604/3168/6933 1725/3439/6931 1724/3440/6932
f 1725/3439/6931 1849/3376/6678 1723/1970/6642
s 0
f 1721/1970/6934 1722/1970/6934 1723/1970/6934
f 1722/1970/6935 1600/1970/6935 1723/3368/6936
f 1722/1970/6937 1721/1970/6937 1600/3371/6938
s 1
f 1725/3439/6931 1852/3379/6681 1849/3376/6678
s 0
f 1855/1970/6939 2141/988/6940 1852/3379/6941
f 1725/3439/6942 1604/3168/6943 1852/3379/6944
f 1604/3168/6945 1855/1970/6946 1852/3379/6947
f 1855/1970/6948 2003/1970/6948 2141/988/6949
f 2009/1970/6950 2287/1970/6950 2003/1970/6950
s 1
f 1855/1970/5813 2002/3441/6951 2003/3442/6952
f 2002/3441/6951 2004/3443/6953 2003/3442/6952
f 2004/3443/6953 2009/1970/6954 2003/1970/6952
f 2433/1085/1081 2293/1970/6955 2434/1082/1078
f 3355/1671/1665 3349/1970/1659 3248/1588/1582 3353/1970/1662
s 0
f 2294/1970/6956 2567/1970/6956 2564/1163/6957
s 1
f 2567/3444/6958 2568/1164/1160 2564/1163/1159
f 2693/1224/1220 2695/1229/1225 2817/1970/1291
f 2695/1229/1225 2815/1296/1292 2817/1295/1291
f 2569/1161/1157 2690/1970/6959 2570/1165/1161
s 0
f 2690/1970/6960 2693/1970/6960 2570/1165/6961
s 1
f 2287/3386/6696 2149/1970/6962 2288/3384/6691
s 0
f 2009/1970/6963 2008/1970/6963 2287/1970/6963
f 2008/1970/6964 2147/1970/6964 2287/1970/6964
f 2147/1970/6965 2149/1970/6965 2287/3386/6966
s 1
f 2147/3445/6967 2148/3446/6968 2149/1970/6969
f 2147/3445/6967 2152/1970/6970 2148/1970/6968
f 2293/1970/6955 2433/1085/1081 2432/3387/6705
s 0
f 2152/1970/6971 2293/1970/6971 2432/3387/6972
s 1
f 2151/2584/3759 2292/3227/6033 2152/3447/3760
f 2292/3227/6033 2293/3448/6973 2152/1970/3760
f 2147/3445/6967 2146/3449/6974 2152/1970/6970
s 0
f 2146/3449/6975 2010/1970/6976 2152/1970/6976
s 1
f 2010/928/924 2011/931/927 2152/1970/3760
s 0
f 1865/3450/6977 1868/1970/6978 2155/3136/6979 2154/3226/6980
s 1
f 2695/1229/1225 2696/1228/1224 2815/1296/1292
f 2948/1381/1377 2953/1380/1376 3062/3388/6709
f 2951/1379/1375 3064/1466/1460 2953/1970/1376
s 0
f 2819/1970/6981 2824/1970/6981 2696/1970/6981
s 1
f 2694/1227/1223 2819/1970/6982 2696/1970/1224
s 0
f 2824/1970/6983 2949/1970/6983 2952/1970/6983
s 1
f 2949/3451/6984 2950/1378/1374 2952/1377/1373
f 457/83/83 467/93/93 707/1970/4533 702/283/283
f 2955/1970/6985 3066/1463/1457 3064/1466/1460
f 2202/3138/5695 2200/3049/5368 2331/3131/5685 2330/3452/5349
s 0
f 2322/3402/6986 2180/1970/6987 2461/3390/6988
s 1
f 2180/3453/6989 2178/3175/6990 2461/3390/6991
s 0
f 2178/3175/6992 2324/1970/6993 2461/3390/6994
s 1
f 2178/3175/6995 2323/3174/6728 2324/3391/6727
s 0
f 430/2376/6996 426/1970/6997 429/258/6998 431/257/6999
s 1
f 2042/1970/7000 2043/942/938 2045/945/941
s 0
f 2042/1970/7001 1898/1970/7001 2043/942/7002
f 1898/1970/7003 1763/1970/7003 2043/942/7004
s 1
f 1837/2925/4850 1836/2923/4851 2120/983/979 2119/982/978
f 1899/888/884 1900/891/887 1901/895/891
f 1762/3454/7005 1761/3455/7006 1764/1970/6147
f 1761/3455/7006 1768/889/885 1764/3456/6147
f 1768/889/885 1899/888/884 1764/1970/6147
f 1763/3251/6148 1762/3454/7005 1764/1970/6147
f 1469/2568/3713 1704/2497/3457 1703/1970/3459 1468/2569/3714
s 0
f 1641/3457/7007 1643/1970/7008 1766/893/7009
s 1
f 1643/1970/816 1646/3247/6751 1769/3392/6741
f 1641/3457/7010 1642/821/817 1643/820/816
f 1645/819/815 1646/3247/6751 1643/1970/816
s 0
f 1645/819/7011 1528/1970/7012 1646/3247/7013
s 1
f 2957/3458/7014 2959/1970/1379 2958/3395/6758
f 2959/1383/1379 2960/1386/1382 2958/3395/6758
f 3070/1467/1461 2957/3458/7014 2958/3395/6758
f 2959/1383/1379 2832/3459/7015 2835/1384/1380
f 2832/3459/7015 2831/1970/7016 2835/1384/1380
s 0
f 2831/1970/7017 2705/1970/7017 2835/1384/7018
f 2753/1970/7019 2756/2043/7020 2882/1341/7021 2749/2080/7022
f 2704/1970/7023 2711/1970/7023 2833/3396/7024
s 1
f 2711/3398/6765 2713/3397/6764 2833/3396/6763
s 0
f 2957/3458/7025 2832/3459/7026 2959/1383/7027
f 2704/1970/7028 2582/1970/7028 2711/1970/7028
s 1
f 2582/1970/4138 2709/2437/4137 2711/3398/6765
f 3705/1949/1943 3704/2601/3810 3584/1791/1785 3708/1970/1818
f 3916/1970/7029 3915/2365/4054 3911/1964/1956 3913/1967/1959
f 2453/1970/1098 2583/1174/1170 2584/1173/1169
f 2583/1174/1170 2459/3460/7030 2585/1171/1167
f 2459/3460/7030 2458/3399/6767 2585/1171/1167
f 2459/3460/7030 2457/3400/6768 2458/3399/6767
s 0
f 2459/3460/7031 2583/1174/7032 2457/3400/7033
s 1
f 2583/1174/7034 2319/3149/5720 2457/3400/6768
s 0
f 2583/1174/7035 2317/1970/7036 2319/3149/7037
f 3802/1900/7038 3808/1970/7039 3894/2877/7040 3893/1970/7039
s 1
f 2179/3461/7041 2180/3453/6989 2318/1970/7042
s 0
f 2180/3453/7043 2320/1970/7044 2318/1970/7044
s 1
f 2320/3462/7045 2321/3463/7046 2318/2729/4177
f 2321/3463/7046 2322/3402/6769 2318/2729/4177
s 0
f 113/3359/7047 103/1970/7048 104/1970/7048 108/1970/7048
f 2041/2728/7049 2179/3461/7050 2318/1970/7051
s 1
f 2321/3463/7046 2180/1970/7052 2322/3402/6769
f 3778/2599/7053 3774/1879/1873 3773/1970/1870 3777/2600/7054
f 2956/3464/7055 2955/3465/6985 3069/1471/1465
f 2955/3465/6985 3068/1472/1466 3069/1471/1465
s 0
f 5/1970/7056 9/1970/7056 8/1970/7056 6/3466/7057
f 2832/3459/7058 2957/3458/7059 3070/1467/7060
f 1645/819/7061 1530/1970/7062 1528/1970/7062
s 1
f 1530/1970/7063 1526/789/785 1528/788/784
f 1526/789/785 1525/3467/7064 1527/790/786
f 1525/3467/7064 1414/3468/7065 1527/790/786
f 1414/3468/7065 1413/3406/6801 1527/790/786
f 1171/650/646 1168/3404/6790 1172/1970/647
f 1174/643/639 1178/652/648 1172/651/647
f 1176/646/642 1178/652/648 1174/643/639
s 0
f 1024/1970/7066 1028/1970/7066 1168/3404/7067
s 1
f 1171/650/646 1169/649/645 1168/3404/6790
f 1169/649/645 1024/1970/7068 1168/3404/6790
s 0
f 652/239/7069 659/1970/7070 653/235/7071 651/234/7072
f 1023/1970/7073 1022/1970/7073 1027/2346/7074
f 1022/1970/7075 1025/1970/7075 1027/2346/7076
s 1
f 1025/541/537 1026/540/536 1027/2346/2988
f 1413/3406/6801 1409/752/748 1412/751/747
f 1414/3468/7065 1409/752/748 1413/3406/6801
f 1409/752/748 1407/746/742 1408/753/749
f 1407/746/742 1294/749/745 1408/753/749
f 1294/749/745 1293/3407/6802 1408/753/749
f 1292/748/744 1291/3469/7077 1294/749/745
f 1291/3469/7077 1290/3408/6805 1294/749/745
f 1291/3469/7077 1176/1970/642 1290/3408/6805
f 1179/647/643 1178/652/648 1176/646/642
s 0
f 214/3303/7078 216/2/7079 210/1970/7080 213/3302/7081
f 1396/1970/7082 1287/1970/7082 1176/1970/7082
f 1287/1970/7083 1179/647/7084 1176/646/7085
s 1
f 814/376/376 821/543/539 815/379/379
f 2968/1970/5964 3084/1484/1478 3085/1483/1477 3082/1970/1471
s 0
f 829/1970/7086 823/1970/7086 820/3163/7087
f 813/1970/7088 580/1970/7088 820/3163/7089
s 1
f 580/3232/6050 585/3470/5784 820/3163/5786
f 481/3298/6332 490/107/107 474/1970/110 473/2242/7090
f 829/1970/387 840/392/392 823/3409/6811
f 829/387/387 838/386/386 840/392/392
s 0
f 108/1970/7091 104/1970/7091 101/3381/7092 106/2213/7093
s 1
f 650/233/233 878/424/424 870/416/416 634/2143/5462
f 778/343/343 780/342/342 773/2452/3323 775/1970/3322
f 283/182/182 594/3413/6822 587/183/183
s 0
f 3163/1970/7094 3158/2573/7095 3040/1970/7094 3162/2668/7096
s 1
f 286/3422/6866 287/3109/5601 595/2037/5604
f 286/3422/6866 282/3471/7097 287/3109/5601
f 813/1970/5274 820/3163/6807 821/543/539 814/376/376
f 272/1970/16 290/3110/5602 287/3109/5601
f 272/16/16 273/15/15 290/3110/5602
f 271/13/13 281/1970/7098 276/14/14
s 0
f 281/1970/7099 266/1970/7099 276/14/7100
f 782/1970/7101 776/3412/7102 775/3411/7103 774/341/7104
s 1
f 267/3472/7105 265/3415/6831 266/3414/6830
s 0
f 2239/2055/7106 2240/2053/7107 2237/2103/7108 2238/2102/7109
s 1
f 257/3473/6078 255/10/10 263/9/9
f 255/10/10 254/3237/6081 256/11/11
f 340/3474/7110 330/1970/4710 337/2890/4709 335/26/26
f 2005/924/920 2007/927/923 1729/3475/7111 1856/1970/2309
s 0
f 550/157/7112 547/2893/7113 783/349/7114 782/3476/7115
f 169/1976/7116 331/1970/7117 339/1970/7117 170/1970/7117
s 1
f 252/3477/7118 249/2559/3681 247/8/8
s 0
f 233/3424/7119 229/1970/7120 398/2536/7121 411/1970/7120
s 1
f 249/2559/3681 244/3178/5846 239/3180/3680
f 235/2769/7122 408/3416/6849 409/2770/6847
s 0
f 275/3003/7123 267/3472/7124 266/3414/7125 281/1970/7126
f 3949/1970/7127 3948/1970/7127 3951/1970/7127 63/3478/7128
s 1
f 758/328/328 744/318/318 742/1970/3197 753/2430/3271
s 0
f 102/1970/7129 105/2581/7130 244/3178/7131
s 1
f 2211/2629/3866 2217/2541/3602 2218/2540/3601 2210/1970/3600
f 104/3479/7132 98/3480/7133 97/2580/7134
s 0
f 98/3480/7135 235/2769/7136 97/1970/7137
f 223/1970/7138 226/1970/7138 229/1970/7138
f 226/1970/7139 219/3423/7140 229/1970/7139
f 253/1970/7141 102/1970/7141 244/3178/7142 249/2559/7143
f 227/1970/7144 223/1970/7144 229/1970/7144
s 1
f 226/1970/7145 218/3113/7146 219/3423/7147
s 0
f 1651/1970/7148 1777/1970/7148 1920/904/7149 1914/907/7150
f 256/11/7151 260/1970/7152 610/199/7153 607/204/7154
s 1
f 209/3481/7155 211/3482/7156 212/3483/7157
f 211/3482/7156 217/1/1 212/3483/7157
s 0
f 202/3484/7158 201/1970/7159 204/3485/7160 203/4/7161
s 1
f 296/2082/2202 294/181/181 586/180/180 575/169/169
s 0
f 70/1970/7162 3957/1970/7162 3961/3486/7163 76/3487/7164
s 1
f 356/37/37 499/3299/6333 496/1970/6491
f 499/3299/6333 500/117/117 496/1970/6491
f 500/117/117 502/116/116 506/123/123
f 754/325/325 753/2430/3271 752/326/326
f 754/325/325 755/327/327 753/2430/3271
f 755/327/327 760/330/330 753/2430/3271
f 760/330/330 756/2431/3272 753/2430/3271
s 0
f 1508/1970/7165 1509/1970/7165 1387/733/7166 1391/732/7167
f 2404/1970/7168 2411/1970/7168 2545/1970/7168 2542/2675/7169
s 1
f 744/318/318 743/317/317 742/2401/3197
s 0
f 3580/1970/7170 3465/1970/7170 3466/3056/7171 3467/2416/7172
f 2326/3328/7173 2590/3270/7174 2591/1970/7175 2327/3488/7176
s 1
f 788/351/351 789/357/357 786/347/347 785/346/346
f 1409/1970/748 1644/818/814 1642/821/817 1404/1970/743
f 349/34/34 347/2897/7177 357/2898/7178
f 695/1970/280 700/2745/4230 686/269/269 684/264/264
f 202/1970/7179 197/2630/3867 196/3430/6896
f 202/3484/7179 203/4/4 197/2630/3867
f 203/4/4 205/3/3 197/2630/3867
s 0
f 205/3/7180 215/1970/7181 197/2630/7182
s 1
f 215/3489/7183 206/3490/7184 197/2630/7185
f 206/3490/7184 207/3491/6338 197/2630/7185
s 0
f 207/3491/7186 3963/1970/7187 197/2630/7188
f 3963/1970/7189 208/1970/7189 197/2630/7190
s 1
f 208/1970/7191 199/3492/7192 197/2630/3867
f 199/3492/7192 3960/2631/3868 197/2630/3867
s 0
f 3962/1970/7193 3961/1970/7193 3960/1970/7193
s 1
f 3961/1970/7194 3959/2774/6898 3960/2631/3868
s 0
f 199/3492/7195 3962/1970/7196 3960/1970/7196
s 1
f 1043/558/554 1044/559/555 1048/3229/6035 1045/3228/6034
f 381/3356/6587 380/2030/7197 371/2029/7198 382/1970/7199
s 0
f 391/3114/7200 383/1970/7201 384/3296/7202 385/49/7203
f 184/1970/7204 183/1970/7204 186/1970/7204
f 183/1970/7205 189/1970/7205 186/1970/7205
f 1139/3435/7206 1140/1970/7207 1137/3293/7208
f 220/1970/7209 218/3113/7210 226/1970/7209 225/1970/7209
s 1
f 1846/868/864 1844/3239/6406 2133/984/980 2135/987/983
f 2468/1105/1101 2466/1108/1104 2467/3128/5680 2593/1970/7211
f 758/328/328 757/2429/3270 759/329/329
s 0
f 757/2429/7212 974/1970/7213 759/329/7214
f 974/1970/7215 977/1970/7215 759/329/7216
f 974/1970/7217 762/1970/7217 977/1970/7217
f 762/1970/7218 770/1970/7218 977/1970/7218
f 770/1970/7219 989/1970/7219 977/1970/7219
s 1
f 989/1970/4818 978/2293/2809 977/2292/2808
f 2634/1981/1979 2763/1265/1261 2764/1269/1265 2762/3493/2254
f 985/513/509 987/514/510 977/2292/2808
f 987/514/510 975/3433/6916 977/1970/2808
f 987/514/510 976/3434/6917 975/3433/6916
f 987/514/510 1139/3435/6919 976/3434/6917
f 987/514/510 988/515/511 1139/3435/6919
f 988/515/511 1143/623/619 1139/3435/6919
f 1143/623/619 1141/1970/7220 1139/3435/6919
f 1141/3494/7220 1140/3495/6308 1139/3435/6919
f 1365/2533/7221 1366/3496/7222 1258/690/7223
s 0
f 1366/3496/7224 1361/1970/7225 1258/690/7226
s 1
f 1361/3497/7227 1362/3498/7228 1258/690/7229
s 0
f 1362/3498/7230 1486/1970/7231 1258/690/7232
f 1603/1970/7233 1601/1970/7233 1486/2608/7234
f 1362/3498/7235 1485/1970/7236 1486/1970/7236
f 1485/1970/7237 1603/1970/7237 1486/2608/7238
s 1
f 1603/1970/5815 1602/3438/6927 1601/3437/6926
f 1603/3169/5815 1604/3168/5814 1602/3438/6927
f 1770/3393/6742 1771/3394/6750 2048/949/945 2047/3335/6485
f 1853/3166/5812 1854/3499/7239 1855/3167/5813
f 1854/3499/7239 2002/3441/6951 1855/1970/5813
s 0
f 2004/3443/7240 1854/1970/7241 2009/1970/7241
f 1854/1970/7242 1729/1970/7242 2009/1970/7242
s 1
f 1729/1970/7111 2007/927/923 2009/3500/7243
f 2007/927/923 2008/926/922 2009/1970/7243
f 1854/1970/7239 2004/3443/6953 2002/3441/6951
s 0
f 2296/1970/7244 2294/1970/7244 2293/1970/7244
s 1
f 2292/3227/6033 2296/1970/6032 2293/1970/6973
f 2296/2589/7245 2436/2588/7246 2294/1970/7247
f 2436/2588/7246 2437/1090/1086 2294/1970/7247
s 0
f 2437/1090/7248 2567/1970/7249 2294/1970/7249
s 1
f 2437/1090/1086 2440/1089/1085 2567/1970/6958
f 2440/1089/1085 2568/1164/1160 2567/3444/6958
f 2691/1970/7250 2569/1161/1157 2568/1164/1160
s 0
f 2440/1089/7251 2691/1970/7252 2568/1164/7253
f 2691/1970/7254 2690/1970/7254 2569/1161/7255
s 1
f 2690/1970/7256 2691/1970/1221 2693/1224/1220
f 2006/925/921 2146/3449/6974 2008/926/922
f 2146/3449/6974 2147/3445/6967 2008/1970/922
s 0
f 2012/2583/7257 2015/1970/7258 2151/2584/7259
f 2015/1970/7260 2150/1970/7260 2151/2584/7261
f 2150/1970/7262 2153/1970/7262 2151/2584/7263
s 1
f 2153/1970/6030 2292/3227/6033 2151/2584/3759
s 0
f 267/3472/7264 257/1970/7265 263/9/7266 265/3415/7267
s 1
f 2006/925/921 2010/1970/924 2146/3449/6974
f 2006/925/921 2005/924/920 2010/1970/924
f 2005/924/920 1862/929/925 2010/928/924
f 1860/930/926 2012/2583/3758 2011/931/927
f 2013/935/931 2014/934/930 2012/2583/4660
f 2014/934/930 2015/937/933 2012/2583/4660
s 0
f 1860/930/7268 1731/1970/7269 2012/2583/7270
s 1
f 3449/1732/1726 3348/1731/1725 3352/1667/1661 3454/1737/1731
f 2950/1378/1374 2825/1970/7271 2951/1379/1375
f 2820/1299/1295 2822/1302/1298 2819/3501/6982
f 2822/1302/1298 2824/1303/1299 2819/1970/6982
f 2694/1227/1223 2820/1299/1295 2819/3501/6982
f 2825/1304/1300 2826/3502/7272 2824/1303/1299
f 2826/3502/7272 2949/1970/6984 2824/1970/1299
f 2692/1226/1222 2820/1299/1295 2694/1227/1223
f 2949/1970/6984 2826/3502/7272 2950/1378/1374
s 0
f 2826/3502/7273 2825/1304/7274 2950/1378/7275
s 1
f 2955/3465/6985 2956/3464/7055 3066/1463/1457
f 1263/723/719 1266/3503/7276 1267/3504/7277 1265/3505/7278
f 2954/2361/3034 2829/1970/1306 2955/3465/3035
f 1405/1970/7279 1406/3506/7280 1399/1970/7281 1397/1970/736
f 2321/3463/7046 2320/3462/7045 2180/3453/7052
f 2179/3461/7041 2178/3175/6990 2180/3453/6989
f 2179/3461/7041 2177/3507/7282 2178/3175/6990
s 0
f 2177/3507/7283 2042/1970/7284 2178/3175/7285
f 1897/1970/7286 1898/1970/7286 2042/1970/7286
s 1
f 2177/3507/7282 2176/3508/7287 2042/1970/7288
s 0
f 2176/3508/7289 1897/1970/7290 2042/1970/7290
s 1
f 1897/3509/7291 1896/2238/7292 1898/3510/7293
f 1896/2238/7292 1637/1970/7294 1898/3510/7293
s 0
f 1637/1970/7295 1762/1970/7295 1898/3510/7296
s 1
f 1762/3454/7005 1763/3251/6148 1898/1970/7297
f 1637/1970/812 1761/3455/7006 1762/3454/7005
f 1637/1970/812 1760/3511/7298 1761/3455/7006
f 1760/3511/7298 1768/889/885 1761/3455/7006
s 0
f 1760/3511/7299 1639/1970/7300 1768/889/7301
f 2807/1970/7302 2935/1970/7302 2802/2944/7303 2681/1223/7304
s 1
f 1639/1968/1960 1524/3512/7305 1640/1969/1961
f 1524/3512/7305 1641/3457/7306 1640/1969/1961
f 1524/3512/7305 1523/3513/7307 1641/3457/7306
f 1523/3513/7307 1522/3514/7308 1641/3457/7306
f 1522/3514/7308 1521/3515/7309 1641/3457/7306
f 1521/3515/7309 1406/3506/7280 1641/3457/7306
s 0
f 1406/3506/7310 1404/1970/7311 1641/3457/7312
s 1
f 1404/1970/743 1642/821/817 1641/3457/7010
s 0
f 1510/1970/7313 1623/1970/7313 1749/877/7314 1751/876/7315
s 1
f 1525/3467/7064 1526/789/785 1644/1970/7316
s 0
f 1526/789/7317 1530/1970/7318 1644/1970/7318
s 1
f 1530/1970/7319 1645/819/815 1644/818/814
s 0
f 1409/1970/7320 1525/3467/7321 1644/1970/7320
s 1
f 2830/1309/1305 2831/3516/7016 2832/3459/7015
f 2830/1309/1305 2828/1308/1304 2831/3516/7016
f 2828/1308/1304 2707/1307/1303 2831/3516/7016
s 0
f 2707/1307/7322 2705/1970/7323 2831/1970/7323
s 1
f 1092/2557/3669 1089/2564/3700 1091/1970/591 1094/2556/3102
f 2707/1307/1303 2703/3262/6176 2705/3261/6175
f 2580/1169/1165 2582/3517/7324 2704/1970/6174
f 2580/1169/1165 2578/1168/1164 2582/3517/7324
s 0
f 2578/1168/7325 2581/1970/7326 2582/3517/7327
f 2581/1970/7328 2454/1970/7328 2582/3517/7329
s 1
f 2452/1101/1097 2583/1174/1170 2453/1970/1098
s 0
f 2452/1101/7330 2313/1970/7331 2583/1174/7332
s 1
f 2313/1040/1036 2317/1039/1035 2583/1174/7333
f 2312/1041/1037 2174/3518/7334 2316/1038/1034
s 0
f 2174/3518/7335 2175/1970/7336 2316/1038/7337
f 2175/1970/7338 2040/1970/7338 2316/1038/7339
s 1
f 2041/2728/7340 2177/3507/7282 2179/3461/7041
f 2039/3519/7341 2041/2728/4176 2040/2727/4175
f 2175/1970/7342 2039/3519/7341 2040/2727/4175
f 2039/3519/7341 2038/3520/7343 2041/2728/4176
s 0
f 2038/3520/7344 1894/1970/7345 2041/2728/7346
f 1719/1970/7347 1993/3181/7348 1995/3183/7349 1720/1970/7347
s 1
f 2176/3508/7287 2177/3507/7282 2041/2728/7340
f 1409/752/748 1414/3468/7065 1525/3467/7064
s 0
f 1018/1970/7350 1015/1970/7350 1024/1970/7350
s 1
f 1015/535/531 1023/539/535 1024/3521/7351
f 115/1970/7352 279/3522/7353 277/2170/2451 125/2169/2450
f 3458/1970/7354 3460/2287/7355 3455/1738/1732 3350/1666/1660
s 0
f 1165/1970/7356 1018/1970/7356 1024/1970/7356
s 1
f 1170/648/644 1286/1970/7357 1169/649/645
f 1286/3523/7357 1285/3524/7358 1169/649/645
f 1021/538/534 1020/1970/533 1023/539/535
f 1020/537/533 1022/3351/4770 1023/1970/535
s 0
f 776/3412/7359 784/1970/7360 787/1970/7360 777/1970/7360
f 3140/1970/7361 3134/1970/7361 3015/2028/7362 3017/2063/7363
s 1
f 818/2903/4769 817/380/380 1025/541/537
f 1404/747/743 1407/746/742 1409/752/748
f 1404/747/743 1405/1970/7279 1292/748/744
f 1405/1970/7279 1291/3469/7077 1292/748/744
s 0
f 1405/1970/7364 1397/1970/7364 1291/3469/7365
s 1
f 1406/3506/7280 1405/3525/7279 1404/747/743
f 1287/1970/7366 1170/648/644 1179/647/643
s 0
f 2883/1970/7367 2757/1970/7367 2887/1990/7368 2888/1989/7369
s 1
f 1399/3526/7281 1398/741/737 1397/740/736
f 1400/743/739 1396/3527/7370 1397/1970/736
f 1288/3528/7371 1287/3529/7366 1396/1970/7372
f 1400/743/739 1402/744/740 1396/3527/7370
s 0
f 1402/744/7373 1288/3528/7374 1396/1970/7375
s 1
f 1288/3528/7371 1285/1970/7358 1287/3529/7366
f 1285/3524/7358 1286/3523/7357 1287/3529/7366
f 1286/1970/7357 1170/648/644 1287/1970/7366
f 818/2903/4769 816/377/377 817/380/380
s 0
f 3387/1970/7376 3288/2848/7377 3389/2408/7378 3390/2954/7379
s 1
f 809/374/374 810/373/373 816/377/377
f 289/3530/7380 278/1970/2452 274/1970/7381 285/1970/7382
f 812/378/378 813/3033/5274 814/376/376
f 3389/2408/3222 3288/2848/4588 3287/1615/1609 3388/2409/3223
s 0
f 819/3032/7383 580/1970/7384 813/1970/7384
s 1
f 819/3032/5273 811/2230/5272 580/1970/7385
s 0
f 811/2230/7386 582/1970/7387 580/1970/7387
f 2585/1171/7388 2460/1970/7389 2589/3326/7390 2715/1236/7391
f 2793/1970/7392 2919/1970/7392 2790/2405/7393 2789/2403/7394
s 1
f 549/155/155 548/156/156 547/2893/7395 550/157/157
f 572/3130/5682 574/168/168 576/171/171
f 574/168/168 296/2082/2202 575/169/169
s 0
f 293/2081/7396 282/1970/7397 283/182/7397 294/181/7398
s 1
f 713/290/290 715/293/293 708/2831/4534 707/2502/4533
f 3842/1934/1928 3688/1818/1812 3691/1970/7399 3844/1970/5066
f 3857/1946/1940 3856/1945/1939 3701/1970/7400 3858/1970/7400
f 282/3471/7097 286/3422/6866 283/182/182
s 0
f 312/22/7401 301/2066/7402 299/2863/7403 313/17/7404
f 284/1970/7405 285/1970/7405 282/1970/7405
f 285/1970/7406 274/1970/7406 272/1970/7406
s 1
f 274/3004/7407 271/13/13 272/16/16
f 1894/3531/7408 1895/2239/7409 2176/1970/7287 2041/2728/7340
f 275/3003/7410 268/3532/7411 267/3472/7412
s 0
f 352/1970/7413 349/1970/7413 357/2898/7414 358/2682/7415
s 1
f 257/1970/6078 254/3237/6081 255/10/10
f 278/3533/2452 277/2170/2451 275/3003/7410 274/3004/7381
f 2622/2097/2228 2623/1189/1185 2625/1192/1188 2629/1970/2224
s 0
f 253/1970/7416 252/1970/7416 262/2582/7417
s 1
f 253/1970/7418 249/2559/3681 252/3477/7118
f 603/1971/4280 625/214/214 851/1970/396 846/2760/4281
f 102/3382/6683 101/3381/6682 105/2581/7419
s 0
f 1397/1970/7420 1396/1970/7420 1176/1970/7420 1291/3469/7421
s 1
f 228/3534/7422 224/2604/7423 223/3535/7424 227/1970/7425
s 0
f 3087/1970/7426 3092/2985/7427 3211/1561/7428 3088/1485/7429
s 1
f 241/2771/6846 407/2912/6848 405/55/55 240/3098/5549
s 0
f 103/1970/7430 99/1970/7430 104/1970/7430
s 1
f 99/2825/4520 98/3480/7133 104/3479/7132
f 2098/975/971 2100/974/970 2373/1056/1052 2371/1059/1055
s 0
f 173/3536/7431 338/1970/7432 343/2104/7433 181/3537/7434
f 201/1970/7435 202/3484/7436 196/1970/7435 200/1970/7435
s 1
f 232/3538/7437 228/3534/7422 227/3539/7425
s 0
f 116/1970/7438 121/2827/7439 122/3540/7440 117/3541/7441
s 1
f 234/2824/4519 236/1970/4518 232/3538/7437
s 0
f 236/1970/7442 237/1970/7442 232/3538/7443
f 237/1970/7444 228/3534/7445 232/3538/7446
s 1
f 210/1970/7447 211/3482/7156 209/3481/7155
s 0
f 2816/1297/7448 2948/1970/7449 3059/3323/7450 3057/1457/7451
s 1
f 346/29/29 499/3299/6333 356/37/37
s 0
f 3693/1970/7452 3692/2521/7453 3694/2697/7454 3699/2696/7455
s 1
f 509/3354/6581 508/3300/6334 499/3299/6333
f 389/48/48 390/51/51 397/3235/6072 394/3542/7456
f 761/331/331 762/2850/4594 760/330/330
s 0
f 762/2850/7457 756/2431/7458 760/330/7459
f 762/2850/7460 757/2429/7461 756/2431/7462
f 762/1970/7463 974/1970/7463 757/2429/7464
f 246/6/7465 242/1970/7466 638/223/7467 629/216/7468
s 1
f 3379/1683/1677 3380/1687/1681 3374/1679/1673 3277/1970/1605
f 342/1970/3063 190/2663/7469 189/3543/3064
f 190/2663/7469 187/3544/7470 189/1970/3064
f 571/2916/7471 572/1970/5682 576/171/171 573/1970/176
f 161/2366/3054 160/3094/5532 321/1970/5531 332/2367/3055
s 0
f 3163/1970/7472 3281/1970/7472 3276/1609/7473 3160/1608/7474
s 1
f 348/31/31 344/27/27 349/34/34
f 3333/1651/1645 3335/1654/1648 3337/1657/1651 3428/2717/4136
f 214/3303/6339 207/1970/6338 215/3489/7183
f 207/3491/6338 206/3490/7184 215/3489/7183
s 0
f 3402/1696/7475 3397/3035/7476 3396/1692/7477 3401/1697/7478
f 3966/1970/7479 3963/1970/7479 207/3491/7480
f 3966/1970/7481 3964/1970/7481 3963/1970/7481
f 3964/1970/7482 3965/1970/7482 3963/1970/7482
f 3965/1970/7483 208/1970/7483 3963/1970/7483
f 3965/1970/7484 77/1970/7484 208/1970/7484
f 3034/1970/7485 3039/1970/7485 3161/1970/7485 3156/2407/7486
f 3962/1970/7487 199/3492/7488 208/1970/7487
s 1
f 77/1970/7489 76/3487/7490 3961/3486/7491
s 0
f 3514/3267/7492 3516/1970/7493 3518/1970/7493 3515/3194/7494
f 1824/1970/7495 2104/2269/7496 2105/2204/7497 1826/2268/7498
s 1
f 3589/1836/1830 3585/1794/1788 3583/1793/1787 3588/1970/5077
s 0
f 3955/1970/7499 184/1970/7499 3956/1970/7499
s 1
f 1167/642/638 1165/1970/635 1024/1970/7500 1282/1970/7500
f 3463/2288/2796 3462/1970/7501 3256/3545/6610 3360/2219/4275
f 1141/3494/7220 1142/2036/2104 1140/1970/6308
f 1141/3494/7220 1260/1970/7502 1142/2036/2104
f 1260/3546/7502 1367/3547/7503 1142/2036/2104
s 0
f 1367/3547/7504 1364/1970/7505 1142/2036/7506
s 1
f 1367/3547/7503 1368/2002/2030 1364/1970/7507
s 0
f 1368/2002/7508 1607/1970/7509 1364/1970/7509
f 1607/1970/7510 1490/1970/7510 1364/1970/7510
f 1490/1970/7511 1489/1970/7511 1364/1970/7511
s 1
f 1489/3548/7512 1363/2034/2102 1364/2033/2101
f 1489/3548/7512 1365/2533/7513 1363/2034/2102
s 0
f 1489/3548/7514 1606/1970/7515 1365/2533/7516
s 1
f 1606/1970/7517 1366/3496/7222 1365/2533/7221
f 3444/1725/1719 3443/1970/1718 3448/1729/1723 3450/1734/1728
s 0
f 765/1970/7518 770/1970/7518 762/1970/7518
s 1
f 765/3236/4593 766/334/334 770/1970/514
f 766/334/334 768/337/337 770/518/514
f 990/517/513 989/2920/4818 770/1970/514
s 0
f 3696/1970/7519 3573/1970/7519 3576/1790/7520 3579/2421/7521
s 1
f 980/508/504 979/507/503 989/2920/4818
f 979/507/503 978/2293/2809 989/1970/4818
f 979/507/503 981/506/502 978/2293/2809
f 2341/3549/4736 2342/2795/4413 2479/2794/4407 2478/2072/4406
s 0
f 1145/2674/7522 1141/1970/7523 1143/623/7524
f 2962/1970/7525 2965/3207/7526 2968/1970/7525 3082/1970/7525
f 1370/3125/7527 1260/1970/7528 1141/3494/7529
s 1
f 1484/3550/7530 1362/3498/7228 1366/3496/7531
f 1362/3498/7228 1361/3497/7227 1366/3496/7531
s 0
f 1606/1970/7532 1484/3550/7533 1366/3496/7534
s 1
f 1484/3550/7530 1485/1970/7535 1362/3498/7228
s 0
f 1485/1970/7536 1484/3550/7537 1603/1970/7536
f 1484/3550/7538 1606/1970/7539 1603/1970/7539
s 1
f 1606/3551/7540 1726/3552/7541 1603/1970/7542
s 0
f 1726/3552/7543 1853/1970/7544 1603/3169/7545
s 1
f 1730/3553/7546 1729/3475/7111 1853/1970/5812
f 1729/1970/7111 1854/1970/7239 1853/3166/5812
s 0
f 1726/3552/7547 1730/3553/7548 1853/1970/7549
s 1
f 1730/3553/7546 1726/3552/7541 1729/3475/7111
f 1726/3552/7541 1606/3551/7540 1729/3475/7111
f 1606/3551/7540 1728/3554/7550 1729/3475/7111
f 1728/3554/7550 1727/3555/7551 1729/3475/7111
f 1727/3555/7551 1856/1970/2309 1729/3475/7111
s 0
f 799/358/7552 796/1970/7553 798/375/7553 800/359/7553
f 2490/1970/7554 2492/2228/7555 2615/1261/7556 2616/1260/7557
s 1
f 57/3361/7558 59/3556/7559 53/3557/2455 49/1970/7560
f 2438/1091/1087 2437/1090/1086 2436/2588/7246
f 2439/1088/1084 2571/1970/2407 2440/1089/1085
s 0
f 2893/1970/7561 2890/1970/7561 2761/1970/7561 2769/1970/7561
s 1
f 1856/2123/2309 1857/3558/7562 2005/1970/920
s 0
f 1857/3558/7563 1862/929/7564 2005/924/7565
s 1
f 2019/3559/7566 2153/3225/6030 2015/1970/933
s 0
f 2153/1970/7567 2150/1970/7567 2015/1970/7567
s 1
f 2018/936/932 2019/3559/7566 2015/1970/933
f 2019/3559/7566 2154/3226/6031 2153/3225/6030
f 1857/3558/7562 1856/2123/2309 1862/929/925
f 1856/2123/2309 1861/3560/7568 1862/929/925
f 1861/3560/7568 1860/930/926 1862/929/925
f 1861/3560/7568 1859/3561/7569 1860/930/926
s 0
f 1859/3561/7570 1733/1970/7571 1860/930/7572
f 1733/1970/7573 1731/1970/7573 1860/930/7574
s 1
f 871/418/418 873/419/419 875/2921/4819 868/422/422
s 0
f 1608/1970/7575 1612/1970/7575 1731/1970/7575
s 1
f 1612/1970/7576 1732/2480/4659 1731/2874/4661
s 0
f 1733/1970/7577 1858/1970/7577 1731/1970/7577
f 1858/1970/7578 1608/1970/7578 1731/1970/7578
s 1
f 1612/3562/7576 1611/3563/7579 1732/2480/4659
s 0
f 1611/3563/7580 1495/1970/7581 1732/2480/7582
s 1
f 1024/3521/7351 1023/1970/535 1027/2346/2988 1028/3405/6791
f 2697/3564/7583 2821/1300/1296 2820/1299/1295
f 3607/2515/3504 3605/2594/3794 3479/1970/3287 3485/2516/3505
f 2698/1230/1226 2700/1235/1231 2820/1299/7584
s 0
f 2700/1235/7585 2697/3564/7586 2820/1299/7587
s 1
f 2821/1300/1296 2702/1970/7588 2823/1301/1297
s 0
f 2702/1970/7589 2954/2361/7590 2823/1301/7591
s 1
f 2571/3565/2407 2572/3566/7592 2692/1226/1222
s 0
f 46/1970/7593 45/1970/7593 52/3567/7594 47/1987/7595
s 1
f 2827/1305/1301 2829/1310/1306 2954/2361/3034
f 1895/2239/7596 1896/2238/7292 1897/3509/7291
s 0
f 2176/3508/7597 1895/2239/7598 1897/3509/7599
f 2096/1970/7600 2237/1970/7600 2368/1970/7600 2364/1053/7601
s 1
f 1633/3568/7602 1638/2501/3462 1637/1970/812
f 1638/2501/3462 1636/817/813 1637/816/812
f 1635/815/811 1760/3511/7298 1637/1970/812
f 1635/815/811 1639/1970/1960 1760/3511/7298
f 1635/815/811 1634/814/810 1639/1970/1960
f 1634/814/810 1524/3512/7305 1639/1968/1960
f 1398/741/737 1399/3526/7281 1524/1970/7305
f 1399/3526/7281 1523/3513/7307 1524/3512/7305
s 0
f 1634/814/7603 1398/741/7604 1524/1970/7605
s 1
f 1399/3526/7281 1522/3514/7308 1523/3513/7307
f 1399/3526/7281 1521/3515/7309 1522/3514/7308
f 1399/3526/7281 1406/3506/7280 1521/3515/7309
f 2708/1306/1302 2706/3569/7606 2707/1307/1303
f 2706/3569/7606 2703/3262/6176 2707/1307/1303
s 0
f 2706/3569/7607 2708/1306/7608 2703/3262/7609
s 1
f 2708/1306/7610 2579/1170/1166 2703/3262/6176
f 2579/1170/1166 2580/1169/1165 2703/3262/6176
f 2577/1167/1163 2576/3403/7611 2578/1168/1164
f 2576/3403/7611 2456/1970/7612 2578/1168/1164
f 2456/3570/7612 2581/3571/7613 2578/1168/1164
f 2456/3570/7612 2454/1970/1099 2581/1970/7613
f 2456/3570/7612 2455/1104/1100 2454/1103/1099
f 2451/1098/1094 2313/1970/1036 2452/1101/1097
f 2451/1098/1094 2314/1100/1096 2313/1970/1036
f 2314/1100/1096 2312/1041/1037 2313/1040/1036
f 2172/1970/7614 2174/3518/7334 2312/1041/1037
f 2314/1100/1096 2315/1099/1095 2312/1041/1037
s 0
f 2315/1099/7615 2172/1970/7616 2312/1041/7617
s 1
f 2172/1970/7614 2173/3572/7618 2174/3518/7334
f 2173/3572/7618 2175/3573/7342 2174/3518/7334
f 2173/3572/7618 2039/3519/7341 2175/1970/7342
f 1890/1970/3886 2038/3520/7343 2039/3519/7341
s 0
f 2173/3572/7619 1890/1970/7620 2039/3519/7621
s 1
f 1890/1970/3886 2037/3574/7622 2038/3520/7343
f 2037/3574/7622 1893/1970/7623 2038/3520/7343
f 1893/3575/7623 1894/3531/7408 2038/3520/7343
f 1893/3575/7623 1759/1970/7624 1894/3531/7408
f 1759/3576/7624 1758/3577/7625 1894/3531/7408
f 1758/3577/7625 1892/3578/7626 1894/3531/7408
f 1892/3578/7626 1895/2239/7409 1894/3531/7408
f 1165/639/635 1163/638/634 1018/1970/7627
f 1163/638/634 1005/637/633 1018/3579/7627
f 1005/637/633 1016/1970/7628 1018/3579/7627
f 1016/3580/7628 1014/534/530 1018/3579/7627
f 1014/534/530 1015/535/531 1018/1970/7627
f 1288/3528/7371 1284/3581/7629 1285/3524/7358
f 1284/3581/7629 1282/1970/7630 1285/1970/7358
f 1284/3581/7629 1283/3140/7631 1282/3139/7630
f 350/28/28 509/1970/6581 499/3299/6333 346/29/29
f 1019/536/532 1020/537/533 1021/538/534
f 804/362/362 801/361/361 1020/537/533
f 1640/1969/1961 1641/3457/7306 1766/893/889 1767/890/886
s 0
f 1402/744/7632 1516/1970/7633 1288/3528/7634
f 1516/1970/7635 1284/3581/7636 1288/3528/7637
s 1
f 1403/745/741 1517/1970/7638 1402/744/740
s 0
f 1517/1970/7639 1518/1970/7639 1402/744/7640
s 1
f 1518/3582/7641 1516/3583/7642 1402/744/7643
s 0
f 3065/1970/7644 3188/1970/7644 3185/2896/7645 3063/2955/7646
s 1
f 1839/3087/5503 2125/3082/5488 2124/1970/5490 1838/3088/5504
s 0
f 474/1970/7647 475/295/7648 478/98/7649 477/97/7650
s 1
f 401/2563/3694 400/59/59 422/58/58 419/56/56
f 566/165/165 567/164/164 811/2230/6348
f 567/164/164 584/179/179 811/2230/6348
f 584/179/179 582/178/178 811/2230/6348
f 583/174/174 573/176/176 581/177/177
f 563/175/175 571/2916/7471 573/176/176
f 571/2916/7471 300/2977/5061 572/3130/5682
s 0
f 571/2916/7651 314/1970/7652 300/2977/7653
s 1
f 210/1970/7447 216/2/2 217/1/1 211/3482/7156
f 1918/3063/5422 1919/2993/5123 2061/2908/4779 2062/1970/5115
f 297/2534/4632 298/1970/5674 295/2083/2203
s 0
f 3034/1970/7654 3156/2407/7655 3155/2212/7656 3035/2211/7657
s 1
f 292/3281/6254 132/1970/7658 284/3584/7659
s 0
f 132/1970/7660 288/1970/7660 284/3584/7661
s 1
f 410/3420/6854 402/3585/6856 407/2912/6848 408/3416/6849
f 559/3586/7662 560/370/370 797/369/369 794/354/354
s 0
f 3456/1970/7663 3455/1970/7663 3460/2287/7664 3461/2350/7665
s 1
f 269/3587/7666 268/3532/7411 275/3003/7410
f 277/2170/2451 279/3522/7353 275/3003/7410
f 279/3522/7353 280/3588/7667 275/3003/7410
f 280/3588/7667 269/3587/7666 275/3003/7410
f 269/3587/7666 115/3589/7352 268/3532/7411
s 0
f 115/3589/7668 270/1970/7669 268/3532/7670
s 1
f 114/1970/7671 113/3359/6598 111/2826/6597 112/1970/7671
s 0
f 204/1970/7672 374/1970/7672 388/1970/7672 212/1970/7672
s 1
f 3522/1970/1753 3526/1761/1755 3528/1970/1758 3523/1970/6259
f 3615/1799/1793 3612/2671/3970 3611/1970/4112 3614/1800/1794
s 0
f 122/1970/7673 108/1970/7673 106/2213/7674
f 122/1970/7675 110/1970/7675 108/1970/7675
s 1
f 548/156/156 542/1970/153 544/3108/5600 545/3590/7676
s 0
f 113/3359/7677 114/1970/7678 103/1970/7678
s 1
f 234/2824/4519 232/3538/7437 233/3424/6870 235/2769/7122
f 3934/3591/7679 3931/1970/7680 103/3592/7681
s 0
f 3931/1970/7682 100/1970/7682 103/3592/7683
s 1
f 100/2823/4517 99/2825/4520 103/1970/7684
s 0
f 221/1970/7685 225/1970/7685 224/2604/7686
f 228/3534/7687 230/1970/7688 224/2604/7689
f 230/1970/7690 231/1970/7690 224/2604/7691
f 753/2430/7692 742/1970/7693 751/3427/7694 752/326/7695
s 1
f 221/2781/7696 220/3593/7697 225/1970/7698
f 2986/1400/1396 2985/1970/1395 2987/1404/1400 2990/2442/3290
s 0
f 237/1970/7699 236/1970/7699 228/3534/7700
f 236/1970/7701 3971/1970/7701 228/3534/7702
f 3971/1970/7703 230/1970/7703 228/3534/7704
f 3956/1970/7705 184/1970/7705 186/1970/7705 188/2772/7706
s 1
f 3975/3233/6056 3972/1970/7707 236/3594/4518
s 0
f 3972/1970/7708 3971/1970/7708 236/1970/7708
f 67/1970/7709 3953/1970/7709 3955/1970/7709 3958/1970/7709
s 1
f 511/126/126 510/125/125 509/3354/6581
s 0
f 461/1970/7710 465/89/7711 456/82/7712 454/2188/7713
s 1
f 350/28/28 351/32/32 509/3354/6581
f 351/32/32 354/1970/33 509/3354/6581
f 2648/2249/2704 2650/1276/1272 2782/1970/1271 2647/2192/2525
f 531/146/146 530/142/142 529/1970/138 539/151/151
f 521/134/134 523/137/137 513/128/128 512/127/127
s 0
f 2651/1970/7714 2658/1970/7714 2786/1970/7714 2654/1277/7715
s 1
f 343/2104/7716 342/1970/3063 181/1970/3062
f 180/2372/3061 173/3536/7717 181/3537/3062
f 3932/1970/7718 3934/3591/7679 103/1970/7681 114/1970/7718
f 1189/653/649 1195/1970/657 1197/665/661 1190/1970/650
f 182/1970/7719 176/1970/7720 180/2372/3061
f 176/3595/7720 174/3596/7721 180/2372/3061
s 0
f 174/3596/7722 179/1970/7723 180/2372/7724
f 3659/2950/7725 3658/1970/7726 3663/2007/7727 3664/3150/7728
s 1
f 341/1970/7729 354/33/33 353/35/35
f 354/1970/33 351/32/32 348/31/31
s 0
f 2834/1970/7730 2714/1970/7730 2837/3279/7731 2839/3277/7732
s 1
f 131/1970/7733 124/2089/4024 123/1970/7734 126/1970/7733
s 0
f 3968/1970/7735 3967/1970/7735 3966/1970/7735
f 3967/1970/7736 3964/1970/7736 3966/1970/7736
s 1
f 2997/1407/1403 2994/1406/1402 3110/1575/1569 3109/1570/1564
s 0
f 82/1970/7737 77/1970/7737 3965/1970/7737
f 82/1970/7738 78/1970/7738 77/1970/7738
f 67/1970/7739 3958/1970/7739 3957/1970/7739 70/1970/7739
f 73/1970/7740 76/3487/7741 77/1970/7740
s 1
f 1384/3597/7742 1273/1970/7743 1166/641/7744 1389/1970/7745
f 69/3598/7746 70/3599/7747 76/3487/7748
s 0
f 3382/2683/7749 3486/1970/7750 3482/1743/7751 3376/1680/7752
s 1
f 587/183/183 594/3413/6822 597/192/192 596/197/197
s 0
f 3953/1970/7753 3952/1970/7753 3955/1970/7753
f 239/1970/7754 241/2771/7755 240/3098/7756 238/3352/7757
s 1
f 3952/1970/7758 177/2253/7759 176/3595/7720
f 1370/3125/7760 1369/2003/2031 1260/1970/7502
f 1369/2003/2031 1367/3547/7503 1260/3546/7502
f 1369/2003/2031 1368/2002/2030 1367/3547/7503
f 1224/2470/669 1457/2469/3374 1566/2384/3104 1329/2554/3660
s 0
f 1608/2001/7761 1607/1970/7762 1368/2002/7763
f 1608/1970/7764 1858/1970/7764 1607/1970/7764
s 1
f 3136/1510/1504 3134/2074/2185 3140/1512/1506 3142/1517/1511
f 1605/2124/2310 1490/1970/7765 1607/1970/2311
s 0
f 1605/2124/7766 1489/1970/7767 1490/1970/7767
f 1605/2124/7768 1606/1970/7769 1489/3548/7770
f 1605/2124/7771 1728/3554/7772 1606/3551/7773
f 3555/1970/7774 3551/2718/7775 3556/1782/7776 3557/1786/7777
f 2704/1970/7778 2833/3396/7779 2835/1384/7780 2705/1970/7778
s 1
f 992/522/518 991/524/520 990/517/513
f 998/523/519 984/510/506 982/509/505
f 998/523/519 1147/626/622 984/510/506
f 1146/625/621 1148/628/624 1144/624/620
f 1149/627/623 1151/2693/4048 1148/628/624
f 1151/2693/4048 1152/3600/7781 1148/628/624
f 1152/3600/7781 1261/3601/7782 1148/628/624
f 1261/3601/7782 1150/3602/7783 1148/628/624
f 1150/3602/7783 1145/2674/3982 1148/628/624
s 0
f 1150/3602/7784 1371/1970/7785 1145/2674/7786
s 1
f 1372/3603/7787 1370/3125/5668 1371/3124/5667
s 0
f 1150/3602/7788 1261/3601/7789 1371/1970/7790
f 1261/3601/7791 1262/1970/7792 1371/1970/7792
s 1
f 1262/1970/7793 1372/3603/7787 1371/3124/5667
s 0
f 1372/3603/7794 1609/1970/7795 1370/3125/7796
f 1609/1970/7797 1610/1970/7797 1370/3125/7798
s 1
f 1610/1970/2028 1369/2003/2031 1370/3125/7760
s 0
f 1605/2124/7799 1727/3555/7800 1728/3554/7801
f 1605/2124/7802 1856/2123/7803 1727/3555/7804
s 1
f 1858/2125/2312 1859/3561/7569 1856/2123/2309
f 1859/3561/7569 1861/3560/7568 1856/2123/2309
s 0
f 2156/1970/7805 2297/1970/7805 2295/2587/7806
f 2297/1970/7807 2438/1970/7807 2295/2587/7808
s 1
f 2155/3136/5692 2156/3135/5691 2154/3226/6031
f 2019/3559/7566 2018/936/932 2154/3226/6031
s 0
f 2018/936/7809 1864/1970/7810 2154/3226/7811
s 1
f 1864/3604/7812 1865/3450/7813 2154/3226/7814
s 0
f 2670/1970/7815 2668/1280/7816 2665/1211/7817 2544/2757/7818
f 539/151/7819 319/1970/7820 305/3425/7821 540/152/7822
s 1
f 2158/3605/5690 2297/3436/7823 2156/1970/5691
f 3197/1970/1538 3310/1633/1627 3311/1632/1626 3306/1970/6524
s 0
f 2573/1970/7824 2579/1170/7825 2708/1970/7824 2699/1233/7826
s 1
f 2442/2157/2408 2441/1970/1089 2571/3565/2407
s 0
f 2441/1970/7827 2575/1970/7827 2571/3565/7828
s 1
f 3457/2290/2801 3459/2289/2800 3460/2287/7355 3458/1970/7354
f 2017/933/929 1864/1970/7829 2018/936/932
f 1858/1970/2312 1733/1970/7830 1859/3561/7569
f 1864/1970/7829 2017/933/929 2016/932/928
s 0
f 1737/1970/7831 1864/1970/7831 2016/932/7832
s 1
f 1610/2000/2028 1611/3563/7579 1608/2001/2029
f 1611/3563/7579 1612/3562/7576 1608/1970/2029
f 1610/1970/2028 1609/1970/7833 1611/3563/7579
s 0
f 1609/1970/7834 1495/1970/7834 1611/3563/7835
f 1609/1970/7836 1372/3603/7837 1495/1970/7836
f 1372/3603/7838 1493/1970/7839 1495/1970/7839
s 1
f 1493/3606/7840 1494/2119/2294 1495/2481/7841
f 1493/3606/7840 1491/2120/2295 1494/2119/2294
f 1740/1970/7842 1739/3607/7843 1497/787/783 1501/3096/7844
f 1734/2117/2292 1736/3608/7845 1737/2118/2293
s 0
f 1736/3608/7846 1864/1970/7847 1737/1970/7847
s 1
f 2700/1235/1231 2821/1300/1296 2697/3564/7583
f 2700/1235/1231 2702/3609/7588 2821/1300/1296
f 2701/1970/1230 2702/1970/7588 2700/1235/1231
s 0
f 1892/3578/7848 1758/3577/7849 1895/2239/7850
f 1758/3577/7851 1633/1970/7852 1895/2239/7853
f 1758/3577/7854 1520/1970/7855 1633/1970/7855
s 1
f 1520/1970/7856 1632/3610/7857 1633/3568/7602
f 1632/3610/7857 1638/2501/3462 1633/3568/7602
s 0
f 1632/3610/7858 1403/1970/7859 1638/2501/7860
s 1
f 1724/3440/6932 1723/3368/6642 1481/2704/4088 1482/3311/6370
f 3595/2519/3512 3477/2413/3235 3479/3611/3287 3605/2594/3794
f 2573/1970/7861 2577/1167/1163 2579/1170/1166
f 2573/3612/7861 2446/3613/7862 2577/1167/1163
f 2446/3613/7862 2445/3614/7863 2577/1167/1163
s 0
f 2445/3614/7864 2311/1970/7865 2577/1167/7866
s 1
f 2311/3615/7867 2310/1037/7868 2577/1167/7869
s 0
f 1295/699/7870 1180/1970/7871 1037/1970/7871 1296/700/7872
f 2308/1036/7873 2309/1970/7874 2576/3403/7875
f 2309/1970/7876 2449/1970/7876 2576/3403/7877
s 1
f 2449/1097/1093 2455/1104/1100 2576/3403/7611
f 2455/1104/1100 2456/3570/7612 2576/3403/7611
f 2309/1970/7878 2447/1094/1090 2449/1097/1093
f 2447/1094/1090 2315/1099/1095 2448/1095/1091
f 2315/1099/7879 2171/3616/7880 2172/3617/7881
f 2171/3616/7880 2036/3618/7882 2172/3617/7881
f 2036/3618/7882 2035/3619/7883 2172/3617/7881
s 0
f 2035/3619/7884 2034/1970/7885 2172/3617/7886
f 2034/1970/7887 1886/1970/7887 2172/3617/7888
s 1
f 2156/1970/5691 2295/2587/7889 2296/1970/6032 2154/3226/6031
s 0
f 2447/1094/7890 2171/3616/7891 2315/1099/7892
s 1
f 1891/3620/7893 1890/2639/7894 2173/3572/7895
f 1889/2638/3885 2037/3574/7622 1890/1970/3886
f 1891/3620/7893 1885/1970/881 1890/2639/7894
f 1885/885/881 1883/880/876 1890/2639/7894
f 1883/880/876 1881/879/875 1890/2639/7894
s 0
f 1881/879/7896 1754/1970/7897 1890/2639/7898
s 1
f 435/3012/7899 441/3011/7900 442/1970/7900 436/2701/7901
f 1889/2638/3885 1893/1970/7623 2037/3574/7622
s 0
f 1889/2638/7902 1759/1970/7903 1893/3575/7904
s 1
f 1889/2638/7905 1758/3577/7625 1759/3576/7624
s 0
f 1889/2638/7906 1755/1970/7907 1758/3577/7908
s 1
f 1755/2637/3884 1756/2835/4553 1758/3577/7909
f 1756/2835/4553 1757/2834/4552 1758/3577/7909
f 1757/2834/4552 1520/1970/7910 1758/3577/7909
f 1004/636/632 1016/1970/7628 1005/637/633
f 1009/3621/7911 1010/1970/525 1016/3580/7628
f 1010/529/525 1012/533/529 1016/3580/7628
f 1012/533/529 1014/534/530 1016/3580/7628
f 1004/636/632 1017/3622/7912 1016/3580/7628
f 1017/3622/7912 1009/3621/7911 1016/3580/7628
f 1516/1970/7913 1283/3140/7631 1284/3581/7629
s 0
f 1516/1970/7914 1393/1970/7914 1283/3140/7915
s 1
f 1393/738/734 1279/739/735 1283/3140/7916
f 1279/739/735 1280/736/732 1283/3140/7916
f 1281/735/731 1276/1970/7917 1280/736/732
s 0
f 1276/1970/7918 1167/1970/7918 1280/1970/7918
s 1
f 1276/1970/7917 1166/641/637 1167/642/638
f 1160/634/630 1161/633/629 1166/1970/637
f 1161/633/629 1164/640/636 1166/641/637
f 1276/3623/7917 1277/3624/7919 1166/641/637
s 0
f 1277/3624/7920 1389/1970/7921 1166/641/7922
s 1
f 3296/3190/5885 3297/1624/1618 3292/1617/1611 3184/1970/1528
s 0
f 1273/1970/7923 1160/634/7924 1166/1970/7923
f 1009/3621/7925 1007/1970/7926 1010/1970/7926
f 2324/1970/7927 2325/3329/7928 2326/3328/7929 2327/3488/7930
s 1
f 803/363/363 796/355/355 799/358/358
s 0
f 1632/3610/7931 1519/1970/7932 1403/1970/7932
f 1519/1970/7933 1517/1970/7933 1403/745/7934
s 1
f 1515/2833/4551 1512/1970/7935 1516/3583/7642
s 0
f 1512/1970/7936 1393/1970/7936 1516/1970/7936
s 1
f 1518/3582/7641 1519/3625/7937 1516/3583/7642
f 1519/3625/7937 1520/3626/7856 1516/3583/7642
f 1520/3626/7856 1515/2833/4551 1516/3583/7642
f 1519/3625/7937 1518/3582/7641 1517/1970/7938
s 0
f 414/2271/7939 430/2376/7940 415/2375/7941 413/3627/7942
s 1
f 570/371/371 568/167/167 569/166/166
f 564/162/162 563/175/175 565/163/163
f 564/162/162 568/167/167 563/175/175
s 0
f 568/167/7943 555/1970/7944 563/175/7945
f 555/1970/7946 553/1970/7946 563/175/7947
s 1
f 1852/3379/6681 2141/988/984 2137/1970/987 1851/3377/6679
f 303/2915/7948 314/18/18 571/2916/7949
f 303/2915/7948 553/2032/2100 314/18/18
s 0
f 1315/1970/7950 1318/1970/7950 1555/809/7951 1554/2726/7952
s 1
f 301/2066/7953 302/2535/4631 299/2863/4633
s 0
f 262/2582/7954 251/1970/7955 258/3089/7956 259/2566/7957
s 1
f 436/2701/7958 437/70/70 433/66/66 432/67/67
f 301/2066/7959 152/2065/7960 298/1970/7961
s 0
f 152/2065/7962 147/1970/7963 298/1970/7963
s 1
f 147/2991/5108 144/2990/5107 298/1970/5674
s 0
f 2214/2633/7964 2211/2629/7965 1931/1970/7966 2071/958/7967
s 1
f 291/3127/5673 292/3281/6254 298/1970/5674
f 291/3127/5673 132/1970/7658 292/3281/6254
f 141/1970/5672 144/2990/5107 132/3628/7658
s 0
f 144/2990/7968 140/1970/7969 132/3628/7970
f 140/1970/7971 134/1970/7971 132/3628/7972
f 134/1970/7973 129/1970/7973 132/3628/7974
s 1
f 129/3629/7975 126/3630/7976 132/3628/7977
s 0
f 126/3630/7978 130/1970/7979 132/3628/7980
s 1
f 3088/1970/1479 3211/1561/1555 3212/1560/1554 3208/2277/2766
f 291/3127/5673 141/3126/5672 132/3628/7658
s 0
f 130/1970/7981 278/1970/7981 289/3530/7982
s 1
f 456/82/82 465/89/89 467/93/93 457/83/83
f 280/3588/7667 115/3589/7352 269/3587/7666
s 0
f 2907/2114/7983 3022/1427/7984 3024/1432/7985 3018/1970/7986
s 1
f 115/3589/7352 280/3588/7667 279/3522/7353
s 0
f 125/2169/7987 123/1970/7988 115/1970/7988
f 897/2661/7989 901/1970/7990 1096/1970/7990 1088/1970/7990
s 1
f 117/3541/7991 122/3540/2582 109/1970/2585
s 0
f 2830/1970/7992 3068/1472/7993 2955/3465/7994 2829/1310/7995
s 1
f 121/2827/7996 110/1970/6600 122/1970/7997
f 121/2827/7996 111/2826/6597 110/3360/6600
f 721/307/307 733/1970/310 723/1970/299 720/2603/3812
s 0
f 1622/1970/7998 1619/1970/7998 1386/3631/7999 1383/3632/8000
f 112/1970/8001 3932/1970/8001 114/1970/8001
f 2678/1970/8002 2799/1970/8002 2796/1284/8003 2672/1285/8004
f 3936/1970/8005 3933/1970/8005 3932/1970/8005
f 3933/1970/8006 3934/3591/8007 3932/1970/8006
f 3933/1970/8008 3935/1970/8008 3934/3591/8009
f 3935/1970/8010 3931/1970/8010 3934/3591/8011
f 3935/1970/8012 29/1970/8012 3931/1970/8012
s 1
f 2857/1322/1318 2858/1321/1317 2981/1398/1394 2974/1490/1484
s 0
f 3976/1970/8013 3975/3233/8014 3931/1970/8013
s 1
f 3969/1970/8015 222/2279/5069 221/2781/5068
s 0
f 3971/1970/8016 231/1970/8016 230/1970/8016
s 1
f 3971/1970/8017 3974/3633/8018 231/3634/8019
f 3974/3633/8018 3969/1970/8020 231/1970/8019
s 0
f 3974/3633/8021 3970/1970/8022 3969/1970/8022
s 1
f 3086/1481/1475 2973/1489/1483 3090/1488/1482 3087/1482/1476
f 3972/3635/7707 3973/2579/8023 3971/1970/8024
s 0
f 3973/2579/8025 3970/1970/8026 3971/1970/8026
f 3970/1970/8027 3974/3633/8028 3971/1970/8027
f 3976/1970/8029 3977/1970/8029 3975/3233/8030
f 3977/1970/8031 3973/1970/8031 3975/3233/8032
s 1
f 3973/2579/8023 3972/3635/7707 3975/3233/6056
s 0
f 516/3353/8033 519/1970/8034 511/126/8035
s 1
f 3265/1598/1592 3260/1592/1586 3258/1970/1585 3148/1521/1515
s 0
f 341/1970/8036 333/1970/8036 354/1970/8036
s 1
f 335/26/26 337/2890/4709 333/1970/23
f 341/1970/8037 334/24/24 333/23/23
s 0
f 44/3636/8038 40/1970/8039 38/1970/8039 39/1970/8039
f 218/3113/8040 209/1970/8041 212/1970/8041 219/3423/8042
s 1
f 517/130/130 519/133/133 337/2890/4709
f 519/1970/133 516/3353/6580 337/2890/4709
f 248/7/7 246/6/6 628/1970/215 626/1970/6594
s 0
f 175/1970/8043 338/1970/8043 173/3536/8044
s 1
f 178/3078/8045 179/3077/8046 174/3596/7721
s 0
f 170/1970/8047 175/1970/8047 179/1970/8047
s 1
f 767/335/335 766/334/334 765/3236/4593 773/1970/3323
f 2953/1970/1376 3064/1466/1460 3065/1970/1459 3063/2955/6436
s 0
f 2075/1970/8048 2080/1970/8048 2349/2304/8049 2351/2371/8050
f 83/1970/8051 80/1970/8051 3968/1970/8051
f 2830/1970/8052 2832/1970/8052 3070/1467/8053 3068/1472/8054
s 1
f 80/3637/8055 79/3638/8056 82/1970/8057
s 0
f 79/3638/8058 81/1970/8059 82/1970/8059
f 81/1970/8060 78/1970/8060 82/1970/8060
s 1
f 1335/721/717 1336/720/716 1572/836/832 1571/2246/2697
f 6/3466/8061 8/1970/8062 78/3639/8063
s 0
f 8/1970/8064 75/1970/8064 78/3639/8065
s 1
f 75/3640/8066 74/2250/8067 78/3639/8068
f 74/2250/8067 75/3640/8066 73/1970/8069
s 0
f 8/1970/8070 72/1970/8070 75/1970/8070
s 1
f 72/3641/8071 71/2153/8072 75/1970/8073
s 0
f 3111/1970/8074 2995/1970/8074 2998/2168/8075 3000/2127/8076
s 1
f 65/3642/8077 66/2884/8078 69/1970/8079
f 66/2884/8080 68/2883/6585 67/3643/8081
f 68/2883/6585 3953/1970/6584 67/1970/8081
s 0
f 1709/2817/8082 1981/2820/8083 1982/2740/8084 1710/1970/8085
f 1190/1970/8086 1305/1970/8086 1427/760/8087 1426/759/8088
f 1040/556/8089 1045/1970/8090 1049/1970/8090 1042/557/8091
f 172/1970/8092 177/2253/8093 3952/1970/8092
f 171/1970/8094 178/3078/8095 177/2253/8096
s 1
f 3176/1536/1530 3177/1535/1529 3174/2433/3277 3173/2432/3276
f 764/333/333 771/338/338 773/2452/3323
f 771/338/338 772/340/340 773/2452/3323
f 420/2951/4943 421/1970/4944 426/1970/64 430/2376/6063
f 575/169/169 586/180/180 588/185/185 577/170/170
f 780/342/342 767/335/335 773/1970/3323
f 995/521/517 997/525/521 992/522/518
f 997/525/521 1147/626/622 998/523/519
s 0
f 997/525/8097 1003/1970/8098 1147/626/8099
s 1
f 1003/1970/8100 1149/627/623 1147/626/622
f 292/3281/6254 284/1970/7659 282/1970/8101 293/2081/2201
s 0
f 1003/1970/8102 1155/1970/8102 1149/1970/8102
f 1269/1970/8103 1265/1970/8103 1151/2693/8104
s 1
f 1265/1970/7278 1152/3600/7781 1151/2693/4048
f 1265/3505/7278 1267/3504/7277 1152/3600/7781
f 1267/3504/7277 1261/3601/7782 1152/3600/7781
f 1267/3504/7277 1262/3644/8105 1261/3601/7782
s 0
f 1262/1970/8106 1493/1970/8106 1372/3603/8107
s 1
f 2698/1970/1226 2572/1970/7592 2571/3565/2407 2575/1231/1227
s 0
f 1268/3645/8108 1492/1970/8109 1262/3644/8110
f 1492/1970/8111 1493/1970/8111 1262/1970/8111
s 1
f 2158/3605/5690 2023/1970/8112 2297/3436/7823
f 3313/1634/1628 3316/1640/1634 3317/1970/1633 3314/1631/1625
f 2298/1026/1022 2299/1025/1021 2297/3436/8113
f 2299/1025/1021 2300/1029/1025 2297/3436/8113
f 1868/1970/8114 2157/3134/5689 2155/3136/5692
s 0
f 1736/3608/8115 1863/1970/8116 1864/1970/8116
s 1
f 1863/3646/8117 1865/3450/7813 1864/3604/7812
f 1863/3646/8117 1869/3647/8118 1865/3450/7813
f 1869/3647/8118 1868/1970/8119 1865/3450/7813
s 0
f 2157/3134/8120 2023/1970/8121 2158/3605/8122
s 1
f 2300/1029/1025 2441/1093/1089 2442/2157/2408
f 708/2831/4534 709/286/286 705/2746/4532 704/284/284
f 1492/3648/8123 1491/2120/2295 1493/3606/7840
f 1492/3648/8123 1734/1970/2292 1491/2120/2295
f 1617/3649/8124 1738/3650/8125 1734/1970/2292
f 1738/3650/8125 1735/3651/8126 1734/2117/2292
f 1735/3651/8126 1736/3608/7845 1734/2117/2292
s 0
f 1492/3648/8127 1617/3649/8128 1734/1970/8129
f 1735/3651/8130 1863/1970/8131 1736/3608/8132
f 2443/1092/8133 2444/1970/8134 2574/1232/8135
f 2444/1970/8136 2446/1970/8136 2574/1232/8137
s 1
f 2446/3613/7862 2573/3612/7861 2574/1232/1228
f 2573/1970/7861 2699/1233/1229 2574/1232/1228
f 1519/1970/7937 1632/3610/7857 1520/1970/7856
s 0
f 1757/2834/8138 1515/2833/8139 1520/3626/8140
s 1
f 2444/3652/8141 2445/3614/7863 2446/3613/7862
f 2444/3652/8141 2303/1970/1024 2445/3614/7863
s 0
f 2303/1970/8142 2167/1970/8142 2445/3614/8143
f 2167/1970/8144 2164/1970/8144 2445/3614/8145
s 1
f 2164/1002/998 2165/1972/8146 2445/3614/8147
s 0
f 2165/1972/8148 2170/1970/8149 2445/3614/8150
f 2170/1970/8151 2310/1970/8151 2445/3614/8152
s 1
f 2310/1037/7868 2311/3615/7867 2445/3614/8153
f 2170/1970/8154 2305/1035/1031 2310/1037/1033
f 2307/1034/1030 2309/1970/8155 2308/1036/1032
s 0
f 2307/1034/8156 2171/1970/8157 2309/1970/8157
f 2171/3616/8158 2447/1094/8159 2309/1970/8160
s 1
f 2307/1034/1030 2306/1030/1026 2171/1970/8161
f 2306/1030/1026 2168/1033/1029 2171/1970/8161
f 2168/1033/1029 2169/1032/1028 2171/1970/8161
s 0
f 2169/1032/8162 2030/1970/8163 2171/1970/8163
s 1
f 2030/1970/8164 2036/3618/7882 2171/3616/7880
f 2030/1970/8164 2035/3619/7883 2036/3618/7882
f 2030/3653/8164 2033/3654/8165 2035/3619/7883
f 2033/3654/8165 2032/1970/8166 2035/3619/7883
f 2032/3655/8166 2034/3656/8167 2035/3619/7883
f 2032/3655/8166 1886/1970/882 2034/1970/8167
f 2032/3655/8166 1888/887/883 1886/886/882
f 1884/883/879 1885/885/881 1886/886/882
s 0
f 1885/1970/8168 1891/3620/8169 1886/1970/8168
s 1
f 1750/878/874 1753/1970/840 1881/879/875
f 1753/844/840 1754/847/843 1881/879/875
f 1629/846/842 1755/2637/3884 1754/847/843
f 1629/846/842 1756/2835/4553 1755/2637/3884
s 0
f 1629/846/8170 1513/1970/8171 1756/2835/8172
s 1
f 1789/2545/3617 1930/960/956 1929/959/955 1788/848/844
f 1006/631/627 1007/1970/8173 1004/636/632
s 0
f 1007/1970/8174 1017/3622/8175 1004/636/8176
f 1017/3622/8177 1007/1970/8178 1009/3621/8179
s 1
f 1394/3657/8180 1392/737/733 1393/738/734
f 1512/1970/7935 1394/3657/8180 1393/738/734
f 1394/3657/8180 1395/3658/8181 1392/737/733
s 0
f 1395/3658/8182 1624/1970/8183 1392/737/8184
f 2926/1970/8185 3041/1970/8185 2921/1357/8186 2795/2578/8187
s 1
f 1277/3624/7919 1276/3623/7917 1281/735/731
f 1278/734/730 1277/3624/7919 1281/735/731
f 1273/2830/8188 1157/2829/8189 1160/634/630
f 1157/2829/8189 1158/629/625 1160/634/630
s 0
f 1278/734/8190 1389/1970/8191 1277/3624/8192
s 1
f 1388/3659/8193 1390/3660/8194 1389/3661/7745
f 1390/3660/8194 1384/3597/7742 1389/3661/7745
f 1278/734/730 1388/3659/8193 1389/3661/7745
s 0
f 1275/1970/8195 1274/1970/8195 1273/1970/8195
s 1
f 1274/3662/8196 1272/2828/8197 1273/2830/8198
s 0
f 21/1970/8199 1/1970/8199 24/1970/8199 22/1970/8199
f 1384/3597/8200 1382/1970/8201 1273/1970/8201
f 1382/1970/8202 1275/1970/8202 1273/1970/8202
s 1
f 1006/631/627 1008/630/626 1007/2214/8173
s 0
f 2592/1970/8203 2467/1970/8203 2596/1970/8203 2722/1244/8204
f 1003/1970/8205 1002/1970/8205 1007/2214/8206
s 1
f 3294/1620/1614 3295/1619/1613 3291/2434/3278 3174/2433/3277
f 3372/1970/1672 3269/1601/1595 3268/1970/1594 3373/1970/3502
f 784/348/348 786/347/347 787/3663/8207
s 0
f 2480/1970/8208 2611/1183/8209 2734/2616/8210 2603/1250/8211
f 790/365/8212 791/530/8213 787/1970/8214
s 1
f 1000/527/523 779/344/344 787/1970/8215
s 0
f 779/344/8216 777/1970/8217 787/1970/8217
s 1
f 790/365/365 792/367/367 791/530/526
f 1513/2836/4554 1512/3664/7935 1515/2833/4551
f 1513/2836/4554 1395/1970/8181 1512/3664/7935
f 1395/3658/8181 1394/3657/8180 1512/1970/7935
f 561/353/353 559/3586/7662 794/354/354
f 561/353/353 568/1970/167 559/3586/7662
f 568/1970/167 560/370/370 559/3586/7662
f 568/167/167 570/371/371 560/370/370
s 0
f 561/353/8218 558/1970/8219 568/1970/8219
f 558/1970/8220 555/1970/8220 568/167/8221
f 558/1970/8222 561/353/8223 555/1970/8222
s 1
f 561/353/353 562/352/352 555/1970/159
f 562/352/352 557/160/160 555/159/159
f 554/158/158 553/1970/8224 555/1970/159
s 0
f 554/158/8225 552/1970/8226 553/2032/8227
s 1
f 3240/1580/1574 3239/1970/2340 3247/1970/1583 3248/1588/1582
f 299/2863/4633 295/2083/2203 296/2082/2202 300/2977/5061
s 0
f 554/158/8228 544/1970/8229 552/1970/8229
s 1
f 544/1970/5600 551/3057/5401 552/2031/2099
f 232/3538/7437 227/1970/7425 229/1970/8230 233/3424/6870
f 3213/1558/1552 3094/1566/1560 3217/1970/1559 3214/1559/1553
f 308/21/21 311/2064/6893 312/22/22
f 151/3268/6195 148/1970/8231 152/2065/6196
s 0
f 148/1970/8232 146/1970/8232 152/2065/8233
f 146/1970/8234 147/1970/8234 152/2065/8235
s 1
f 2443/1092/1088 2574/1232/1228 2575/1970/1227 2441/1970/1089
s 0
f 3348/1970/8236 3244/1582/8237 3351/1664/8238 3352/1667/8239
f 145/2989/8240 137/1970/8241 144/2990/8242
f 137/1970/8243 140/1970/8243 144/2990/8244
f 137/1970/8245 138/1970/8245 140/1970/8245
f 138/1970/8246 134/1970/8246 140/1970/8246
f 138/1970/8247 137/1970/8247 134/1970/8247
f 75/1970/8248 69/1970/8248 76/3487/8249 73/1970/8248
f 139/1970/8250 135/1970/8250 134/1970/8250
f 135/1970/8251 136/1970/8251 134/1970/8251
s 1
f 136/1970/8252 133/3665/8253 134/3666/8254
f 133/3665/8253 126/1970/7976 134/3666/8254
f 126/3630/7976 129/3629/7975 134/1970/8254
f 2613/1983/1987 2489/2369/3058 2490/1970/2831 2616/1260/1256
s 0
f 133/3665/8255 131/1970/8256 126/1970/8256
s 1
f 3345/1663/1657 3342/2441/3289 3341/1970/3042 3343/1658/1652
f 124/2089/4024 116/1970/4023 123/3667/7734
s 0
f 1971/1970/8257 2251/1970/8257 2109/1970/8257 1972/1970/8257
f 3967/1970/8258 82/1970/8258 3965/1970/8258 3964/1970/8258
f 3937/1970/8259 35/1970/8259 3936/1970/8259
f 35/1970/8260 33/1970/8260 3936/1970/8260
f 175/1970/8261 173/3536/8262 180/2372/8263 179/1970/8261
f 33/1970/8264 32/1970/8264 3935/1970/8264
f 32/1970/8265 29/1970/8265 3935/1970/8265
f 28/1970/8266 27/1970/8266 29/1970/8266
f 27/1970/8267 93/1970/8267 29/1970/8267
f 93/1970/8268 96/1970/8268 29/1970/8268
f 32/1970/8269 31/1970/8269 29/1970/8269
f 31/1970/8270 28/1970/8270 29/1970/8270
f 93/1970/8271 3976/1970/8271 96/1970/8271
s 1
f 3662/3152/5733 3529/1970/1757 3535/2422/3264 3668/2819/4503
f 789/357/357 790/365/365 787/3663/8207 786/347/347
f 85/3668/8272 86/3669/8273 83/1970/8274
s 0
f 86/3669/8275 84/1970/8276 83/1970/8276
f 84/1970/8277 79/1970/8277 83/1970/8277
s 1
f 79/3638/8056 80/3637/8055 83/1970/8278
f 3642/3122/5660 3645/3193/5906 3646/3120/5656 3643/2590/3776
s 0
f 91/1970/8279 87/1970/8279 3973/1970/8279
f 87/1970/8280 85/1970/8280 3973/2579/8281
s 1
f 336/25/25 340/3474/7110 335/26/26
s 0
f 402/1970/8282 396/2537/8283 394/3542/8284 399/2562/8285
s 1
f 329/3090/8286 340/3474/7110 336/25/25
f 391/3114/3581 389/48/48 394/3542/7456 396/2537/3582
s 0
f 399/2562/8287 394/3542/8288 397/3235/8289 395/60/8290
s 1
f 340/3474/7110 329/3090/8286 330/2891/4710
f 329/3090/8286 328/3670/8291 330/2891/4710
f 182/3671/7719 180/1970/3061 189/1970/3064 183/1970/8292
f 525/3171/5822 520/132/132 518/131/131
f 178/1970/8045 174/3596/7721 176/3595/7720 177/2253/7759
s 0
f 3860/1947/8293 3858/1970/8294 3701/1970/8294 3707/1948/8295
f 3430/1716/8296 3337/1657/8297 3435/2621/8298 3431/1717/8299
f 3501/1753/8300 3627/1970/8301 3623/1970/8301 3495/2851/8302
s 1
f 163/3672/8303 162/2300/8304 171/1970/8305
s 0
f 342/1970/8306 353/35/8307 349/34/8308 352/1970/8306
s 1
f 1746/3673/8309 1747/3674/8310 2030/1970/8311 1877/1970/8311
f 168/3123/5664 169/1976/1972 167/1970/1971
f 331/3675/8312 327/2754/8313 339/1970/8314
s 0
f 84/1970/8315 81/1970/8315 79/3638/8316
f 84/1970/8317 86/3669/8318 81/1970/8317
f 86/3669/8319 90/1970/8320 81/1970/8320
f 90/1970/8321 4/1970/8321 81/1970/8321
s 1
f 4/1970/8322 7/3676/8323 81/3677/8324
s 0
f 5/1970/8325 6/3466/8326 7/3676/8327
f 4/1970/8328 3/1970/8328 7/3676/8329
f 3/1970/8330 5/1970/8330 7/3676/8331
s 1
f 216/2/2 214/3303/6339 215/3489/7183 205/3/3
s 0
f 9/1970/8332 71/1970/8332 8/1970/8332
s 1
f 71/2153/8072 72/3641/8071 8/1970/8333
s 0
f 9/1970/8334 10/1970/8334 71/1970/8334
s 1
f 10/1970/8335 66/2884/8078 65/3642/8077
s 0
f 10/1970/8336 65/3642/8337 71/2153/8338
s 1
f 2886/1993/2054 2889/1992/1999 2890/1991/1998 2887/1990/1997
s 0
f 61/1970/8339 64/1970/8339 68/2883/8340
f 3951/1970/8341 3950/1970/8341 3954/1970/8341
s 1
f 64/1970/6582 61/1970/8342 3954/3678/6583
s 0
f 61/1970/8343 62/1970/8343 3954/3678/8344
s 1
f 62/3679/8345 63/3478/8346 3954/3678/8347
s 0
f 63/3478/8348 3951/1970/8349 3954/1970/8349
f 3951/1970/8350 163/1970/8350 172/1970/8350
s 1
f 628/215/215 630/218/218 627/221/221 626/1970/6594
s 0
f 176/1970/8351 182/1970/8351 183/1970/8351 184/1970/8351
s 1
f 777/1970/6820 779/344/344 778/343/343
f 1001/528/524 1003/3680/8352 996/520/516
f 3922/2881/4677 3924/2885/4683 3923/1970/4685 3925/1970/4678
f 1001/528/524 1000/1970/523 1003/3680/8352
f 1000/527/523 1002/2948/8353 1003/1970/8352
s 0
f 1153/1970/8354 1155/1970/8354 1003/1970/8354
s 1
f 1153/1970/8355 1154/3338/8356 1155/695/691
f 1154/3338/8356 1156/696/692 1155/695/691
f 1270/694/690 1269/3681/4047 1155/1970/691
f 1270/694/690 1264/1970/720 1269/3681/4047
f 1264/724/720 1263/723/719 1269/3681/4047
s 0
f 1263/723/8357 1265/1970/8358 1269/1970/8358
s 1
f 1266/3503/7276 1268/3645/8359 1262/3644/8105 1267/3504/7277
f 1266/3503/7276 1499/1970/8360 1268/3645/8359
s 0
f 1499/1970/8361 1500/1970/8361 1268/3645/8362
s 1
f 1500/3682/8363 1492/3648/8364 1268/3645/8365
f 1500/3682/8363 1613/3683/8366 1492/3648/8364
f 1613/3683/8366 1614/3684/8367 1492/3648/8364
f 1614/3684/8367 1616/3685/8368 1492/3648/8364
f 1616/3685/8368 1617/3649/8124 1492/3648/8364
f 1868/1970/8369 2021/939/935 2023/938/934
f 2024/941/937 2027/1970/8370 2023/938/934
s 0
f 2157/3134/8371 1868/1970/8372 2023/938/8373
s 1
f 2027/1970/8374 2301/1027/1023 2298/1026/1022
f 1867/3686/8375 2020/3687/8376 1868/3688/8369
f 2020/3687/8376 2021/939/935 1868/1970/8369
s 0
f 1869/3647/8377 1738/1970/8378 1868/1970/8378
f 1738/1970/8379 1615/1970/8379 1868/1970/8379
f 1737/1970/8380 2016/932/8381 2013/935/8382 1732/2480/8383
f 1735/3651/8384 1738/3650/8385 1863/1970/8386
f 1738/1970/8387 1869/3647/8388 1863/3646/8389
s 1
f 2303/1970/1024 2444/3652/8141 2443/1092/1088
f 1616/3685/8368 1615/3689/8390 1617/3649/8124
f 1615/1970/8390 1738/1970/8125 1617/3649/8124
f 2302/1024/1020 2167/1970/8391 2303/1970/1024
f 2301/1970/1023 2166/1003/999 2167/3690/8391
f 2166/1003/999 2164/1002/998 2167/1970/8391
f 2302/1024/1020 2301/1027/1023 2167/3690/8391
f 2162/1000/996 2165/1972/8146 2164/1002/998
f 2162/1000/996 2161/996/992 2165/1972/8146
f 2161/996/992 2163/3691/8392 2165/1972/8146
f 2163/3691/8392 2028/1970/8393 2165/1972/8146
f 3461/2350/8394 3460/2287/2795 3464/2285/2791 3465/2284/2790
f 2169/1032/1028 2170/3692/8154 2165/1972/8395
f 2169/1032/1028 2304/1031/1027 2170/3692/8154
f 2304/1031/1027 2305/1035/1031 2170/1970/8154
f 2028/3693/8396 2029/3694/8397 2030/1970/8398
s 0
f 2029/3694/8399 1877/1970/8400 2030/1970/8400
s 1
f 3643/2590/3776 3646/3120/5656 3647/1970/5642 3807/1970/5315
s 0
f 1747/3674/8401 2031/1970/8402 2030/1970/8402
s 1
f 2031/3695/8403 2033/3654/8165 2030/3653/8164
f 2031/3695/8403 1888/1970/883 2033/3654/8165
f 1888/887/883 2032/3655/8166 2033/3654/8165
f 2031/3695/8403 1887/884/880 1888/887/883
f 338/3696/8404 334/24/24 341/1970/8037 343/2104/8405
s 0
f 1623/1970/8406 1631/1970/8406 1749/877/8407
f 1631/1970/8408 1748/1970/8408 1749/877/8409
s 1
f 1748/3697/8410 1750/878/874 1749/877/873
f 1748/3697/8410 1753/1970/840 1750/878/874
f 1748/1970/8410 1631/1970/841 1753/844/840
f 1631/845/841 1630/3698/8411 1629/846/842
f 1630/3698/8411 1626/813/809 1629/846/842
f 1626/813/809 1628/3699/8412 1629/846/842
f 1628/3699/8412 1513/1970/8413 1629/846/842
f 1628/3699/8412 1627/812/808 1513/1970/8413
f 1627/812/808 1625/811/807 1513/1970/8413
f 1625/811/807 1514/3700/8414 1513/1970/8413
s 0
f 1514/3700/8415 1395/1970/8416 1513/2836/8417
f 1514/3700/8418 1624/1970/8419 1395/3658/8420
s 1
f 1514/3700/8414 1625/811/807 1624/810/806
f 1626/813/809 1623/2802/4435 1624/810/806
s 0
f 1623/2802/8421 1508/1970/8422 1391/732/8423
f 881/1970/8424 1076/1970/8424 1207/2735/8425 1070/576/8426
s 1
f 1387/733/729 1388/3659/8193 1278/734/730
s 0
f 1156/1970/8427 1158/629/8428 1157/2829/8429
f 1411/1970/8430 1297/1970/8430 1531/792/8431 1533/795/8432
f 1509/1970/8433 1507/1970/8433 1388/1970/8433
s 1
f 1507/2960/4969 1390/3660/8194 1388/3659/8193
s 0
f 1387/733/8434 1509/1970/8435 1388/1970/8435
s 1
f 1507/2960/4969 1384/3597/7742 1390/3660/8194
f 1383/3632/8436 1382/3701/8437 1384/3597/7742
f 1507/2960/4969 1385/2959/4968 1384/3597/7742
f 1385/2959/4968 1383/3632/8436 1384/3597/7742
f 1381/3702/8438 1274/1970/8439 1275/1970/8440
f 1382/1970/8441 1381/3702/8438 1275/3703/8440
f 1270/694/690 1271/697/693 1274/1970/8196
f 1271/697/693 1272/2828/8197 1274/3662/8196
s 0
f 1381/3702/8442 1386/1970/8443 1274/1970/8443
f 1386/1970/8444 1504/1970/8444 1274/1970/8444
f 1504/1970/8445 1270/694/8446 1274/1970/8445
s 1
f 1271/697/693 1156/696/692 1272/2828/8197
f 1383/3632/8436 1386/3631/8447 1382/3701/8437
s 0
f 1386/1970/8448 1381/3702/8449 1382/1970/8448
f 1154/3338/8450 1153/1970/8451 1008/630/8452
s 1
f 1001/528/524 999/526/522 1000/527/523
f 384/3296/6330 381/3356/6587 382/1970/7199 386/50/50
f 3021/1429/1423 3027/1970/1427 3029/1970/1430 3023/1430/1424
s 0
f 3369/2178/8453 3366/1970/8454 3265/1598/8455 3267/3704/8456
s 1
f 556/161/161 557/160/160 788/351/351
s 0
f 2790/2405/8457 2920/1356/8458 2924/1355/8459 2916/1970/8460
s 1
f 319/1970/8461 304/2318/2885 305/3425/5400
f 551/3057/5401 543/3107/5599 305/3425/5400
f 543/3107/5599 540/1970/152 305/3425/5400
s 0
f 1085/1970/8462 1215/1970/8462 1330/2553/8463 1211/1970/8462
s 1
f 7/3676/8323 6/3466/8061 78/1970/8063 81/3677/8324
s 0
f 332/2367/8464 318/1970/8465 327/2754/8466 331/3675/8467
s 1
f 322/3093/5530 310/3429/6892 306/2317/2884
f 1579/2324/3130 1817/2260/2723 1816/1970/2721 1578/2391/3129
f 546/3324/6439 545/3590/7676 544/3108/5600
s 0
f 416/241/8468 431/257/8469 671/256/8470 658/242/8471
s 1
f 319/3705/8461 320/2223/2612 306/2317/2884 304/2318/2885
f 543/3107/5599 551/3057/5401 544/1970/5600
f 155/3706/8472 153/3707/6194 311/2064/6197
s 0
f 310/3429/8473 157/1970/8474 311/2064/8475
s 1
f 157/3092/8476 155/3706/8472 311/2064/6197
s 0
f 153/1970/8477 154/1970/8477 151/3268/8478
f 154/1970/8479 156/1970/8479 151/3268/8480
s 1
f 411/1970/6855 398/2536/3579 396/2537/3582 402/1970/6856
s 0
f 56/1970/8481 3944/1970/8481 148/1970/8481
f 3944/1970/8482 51/1970/8482 148/1970/8482
f 51/1970/8483 149/1970/8483 148/1970/8483
f 149/1970/8484 146/1970/8484 148/1970/8484
f 3947/1970/8485 56/1970/8485 148/1970/8485
s 1
f 149/1970/8486 150/3419/6853 146/2988/5105
f 150/3419/6853 142/1970/6852 146/2988/5105
f 142/1970/6852 145/2989/5106 146/2988/5105
f 155/3706/8472 154/3708/8487 153/1970/6194
s 0
f 142/1970/8488 137/1970/8488 145/2989/8489
s 1
f 143/3709/8490 3942/1970/8491 142/3710/6852
s 0
f 3942/1970/8492 139/1970/8492 142/1970/8492
f 1771/3394/8493 1772/1970/8494 2051/946/8495 2048/949/8496
s 1
f 3946/3418/6851 143/3709/8490 142/3710/6852
s 0
f 3550/1777/8497 3545/2622/8498 3432/1970/8499 3546/1778/8500
s 1
f 382/1970/7199 371/2029/7198 443/1970/8501 441/3011/8501
s 0
f 131/1970/8502 133/3665/8503 136/1970/8502
s 1
f 128/3711/5330 127/2088/4021 136/1970/8504
s 0
f 2985/1970/8505 2863/1970/8505 2868/1329/8506 2987/1404/8507
s 1
f 99/2825/4520 234/2824/4519 235/2769/7122 98/3480/7133
s 0
f 118/2684/8508 119/1970/8509 120/1970/8509
s 1
f 229/1970/8510 219/3423/6869 392/1970/3580 398/2536/3579
s 0
f 3939/1970/8511 41/1970/8511 3937/1970/8511
f 41/1970/8512 35/1970/8512 3937/1970/8512
f 34/1970/8513 33/1970/8513 35/1970/8513
f 41/1970/8514 37/1970/8514 35/1970/8514
f 37/1970/8515 34/1970/8515 35/1970/8515
s 1
f 3317/1970/1633 3420/2040/2112 3421/2042/2115 3417/1970/1705
s 0
f 31/1970/8516 30/1970/8516 28/1970/8516
f 3910/1970/8517 3909/1970/8517 3908/1962/8518 3906/1961/8519
s 1
f 3067/1464/1458 3191/1542/1536 3192/1970/1535 3187/3389/6717
f 1990/1970/5576 2271/3020/5241 2270/1970/5243 1991/1970/5563
s 0
f 26/1970/8520 93/1970/8520 27/1970/8520
f 26/1970/8521 25/1970/8521 93/1970/8521
f 25/1970/8522 94/1970/8522 93/1970/8522
s 1
f 94/3712/8523 92/2518/3510 93/2517/3509
s 0
f 34/1970/8524 36/1970/8524 31/1970/8524
f 36/1970/8525 30/1970/8525 31/1970/8525
f 693/273/8526 695/1970/8527 684/264/8528 682/263/8529
f 91/1970/8530 88/1970/8530 86/3669/8531
f 88/1970/8532 94/1970/8532 86/3669/8533
f 94/1970/8534 90/1970/8534 86/3669/8535
s 1
f 94/3712/8523 91/1970/8536 92/1970/3510
s 0
f 94/1970/8537 88/1970/8537 91/1970/8537
s 1
f 327/1970/4270 328/3670/8291 329/3090/8286
f 2025/999/995 2026/998/994 1871/3713/8538 1874/1970/868
s 0
f 3457/2290/8539 3357/1970/8540 3462/2220/8541 3463/2288/8542
s 1
f 323/2753/4269 325/3714/8543 327/2754/4270
f 325/3714/8543 328/3670/8291 327/1970/4270
f 326/140/140 526/139/139 525/3171/5822
f 325/3714/8543 323/2753/4269 326/140/140
s 0
f 262/2582/8544 252/1970/8545 247/1970/8545 251/1970/8545
s 1
f 536/145/145 537/150/150 538/339/339
f 528/143/143 536/145/145 527/3076/5458
f 526/139/139 528/143/143 527/3076/5458
f 168/3123/5664 331/3675/3056 169/1976/1972
s 0
f 3951/1970/8546 3948/1970/8546 163/1970/8546
f 3948/1970/8547 165/1970/8547 163/1970/8547
s 1
f 165/3715/8548 164/3716/8549 163/1970/8303
f 164/3716/8549 162/2300/8304 163/3672/8303
s 0
f 164/3716/8550 159/1970/8551 162/2300/8552
s 1
f 157/1970/5529 160/3094/5532 159/3717/5665
f 160/3094/5532 161/2366/3054 159/3717/5665
f 161/2366/3054 166/2368/3057 159/1970/5665
s 0
f 164/3716/8553 157/1970/8554 159/3717/8555
f 66/2884/8556 67/1970/8557 70/3599/8558 69/3598/8559
s 1
f 331/3675/3056 168/3123/5664 166/2368/3057
s 0
f 94/1970/8560 89/1970/8560 90/1970/8560
f 89/1970/8561 2/1970/8561 90/1970/8561
f 2/1970/8562 4/1970/8562 90/1970/8562
f 2/1970/8563 24/1970/8563 4/1970/8563
f 24/1970/8564 3/1970/8564 4/1970/8564
f 3/1970/8565 1/1970/8565 5/1970/8565
f 1/1970/8566 21/1970/8566 5/1970/8566
f 21/1970/8567 20/1970/8567 5/1970/8567
f 20/1970/8568 15/1970/8568 5/1970/8568
f 15/1970/8569 10/1970/8569 5/1970/8569
f 10/1970/8570 9/1970/8570 5/1970/8570
f 24/1970/8571 1/1970/8571 3/1970/8571
f 15/1970/8572 12/1970/8572 10/1970/8572
f 12/1970/8573 11/1970/8573 10/1970/8573
f 11/1970/8574 53/1970/8574 10/1970/8574
s 1
f 53/1970/2455 59/3556/7559 10/3718/8575
f 59/3556/7559 60/1970/8576 10/3718/8575
f 60/3719/8576 61/3720/8577 10/1970/8575
f 60/3719/8576 63/1970/8346 61/3720/8577
f 63/3478/8346 62/3679/8345 61/1970/8577
s 0
f 1886/1970/8578 1891/1970/8578 2173/3572/8579 2172/1970/8578
s 1
f 60/3719/8576 58/3721/8580 63/1970/8346
f 58/3721/8580 57/3361/7558 63/1970/8346
s 0
f 57/3361/8581 3949/1970/8582 63/3478/8583
s 1
f 534/149/149 535/148/148 774/341/341
f 782/3476/8584 783/349/349 784/1970/348 776/3412/8585
s 0
f 1504/1970/8586 1502/1970/8586 1270/694/8587
s 1
f 1502/3097/5539 1501/3096/5538 1270/694/8588
s 0
f 1501/3096/8589 1376/1970/8590 1270/694/8591
s 1
f 1376/726/722 1374/725/721 1270/694/690
f 1374/725/721 1264/724/720 1270/694/690
f 1373/722/718 1266/3503/7276 1263/723/719
f 1373/722/718 1375/727/723 1266/3503/7276
f 1375/727/723 1377/728/724 1266/3503/7276
s 0
f 1377/728/8592 1499/1970/8593 1266/3503/8594
s 1
f 1377/728/724 1379/731/727 1499/1970/8595
f 1379/731/727 1496/786/782 1499/1970/8595
f 1496/786/782 1498/3722/8596 1499/1970/8595
s 0
f 1498/3722/8597 1615/1970/8598 1499/1970/8598
f 1615/1970/8599 1613/1970/8599 1499/1970/8599
s 1
f 1613/3683/8366 1500/3682/8363 1499/1970/8600
f 1615/1970/8390 1614/3684/8367 1613/3683/8366
f 1615/3689/8390 1616/3685/8368 1614/3684/8367
f 2020/3687/8376 2022/940/936 2021/939/935
f 2022/940/936 2027/1970/8370 2024/941/937
s 0
f 2022/940/8601 1871/1970/8602 2027/1970/8602
s 1
f 1871/1970/8538 2026/998/994 2027/3723/8603
f 2026/998/994 2159/997/993 2027/3723/8603
f 2159/997/993 2160/1001/997 2027/3723/8603
f 2160/1001/997 2166/1003/999 2027/3723/8603
s 0
f 2166/1003/8604 2301/1970/8605 2027/1970/8605
s 1
f 1866/1970/8606 2020/3687/8376 1867/3686/8375
s 0
f 1739/1970/8607 1866/1970/8607 1867/3686/8608
f 1866/1970/8609 2022/940/8610 2020/3687/8611
f 1498/3722/8612 1739/1970/8613 1615/1970/8613
s 1
f 2025/999/995 2028/1970/8614 2161/996/992
s 0
f 2028/1970/8615 2163/3691/8616 2161/996/8617
s 1
f 1874/1970/868 1877/3724/8618 2028/3693/8396
f 1877/1970/8618 2029/3694/8397 2028/3693/8396
s 0
f 2025/999/8619 1874/1970/8620 2028/3693/8621
s 1
f 1874/872/868 1876/871/867 1877/3724/8618
s 0
f 1876/871/8622 1746/1970/8623 1877/1970/8623
s 1
f 1744/3725/8624 1747/3674/8310 1746/3673/8309
f 1876/871/867 1875/870/866 1746/1970/8309
f 1875/870/866 1744/3725/8624 1746/3673/8309
f 1752/3726/8625 1751/1970/872 1747/3674/8310
f 1751/876/872 1878/875/871 1747/3674/8310
f 1878/875/871 1879/882/878 1747/3674/8310
s 0
f 1879/882/8626 2031/1970/8627 1747/3674/8628
s 1
f 1744/3725/8624 1743/3727/8629 1747/3674/8310
f 1743/3727/8629 1745/3728/8630 1747/3674/8310
f 1745/3728/8630 1752/3726/8625 1747/3674/8310
f 1879/882/878 1887/884/880 2031/3695/8403
s 0
f 1752/3726/8631 1510/1970/8632 1751/1970/8632
s 1
f 1510/3729/8633 1508/3730/8634 1623/2802/8635
f 1626/813/809 1630/3698/8411 1623/2802/4435
f 1630/3698/8411 1631/845/841 1623/1970/4435
f 1627/812/808 1628/3699/8412 1626/813/809
f 1510/3729/8633 1509/3731/8636 1508/1970/8634
f 1510/3729/8633 1507/1970/8637 1509/1970/8636
f 1510/3729/8633 1511/3732/8638 1507/1970/8637
s 0
f 1511/3732/8639 1620/1970/8640 1507/1970/8640
s 1
f 2935/1366/1362 2939/1365/1361 2933/3733/4925 2803/2947/4924
s 0
f 1385/2959/8641 1622/1970/8642 1383/3632/8643
s 1
f 3829/1970/5328 3906/1961/1953 3905/1970/1952 3827/1970/5675
f 1505/3734/8644 1504/3735/5540 1386/1970/8645
s 0
f 1619/1970/8646 1505/3734/8647 1386/1970/8646
s 1
f 1505/3734/8644 1503/3095/5537 1504/3735/5540
f 2640/1203/1199 2644/1202/1198 2521/1137/1133 2520/1135/1131
f 783/349/349 547/2893/4720 785/346/346
f 442/1970/8648 444/75/75 446/74/74 450/80/80
s 0
f 547/2893/8649 546/1970/8650 556/161/8651
s 1
f 547/2893/7395 545/3590/7676 546/3324/6439
f 539/151/8652 315/2221/2609 319/3705/8461
f 315/2221/2609 320/2223/2612 319/3705/8461
f 541/154/154 531/146/146 539/151/151
s 0
f 397/1970/8653 435/3012/8654 436/2701/8655 432/67/8656
s 1
f 325/3714/8543 326/1970/140 330/2891/4710 328/3670/8291
s 0
f 317/1970/8657 315/2221/8658 539/151/8659
s 1
f 233/3424/6870 410/3420/6854 408/3416/6849 235/2769/7122
f 203/4/4 204/3485/8660 212/3483/7157 217/1/1
f 501/1970/118 508/3300/6334 509/3354/6581 510/125/125
f 157/1970/5529 310/3429/6892 322/3093/5530
s 0
f 2845/1970/8661 2969/1970/8661 3086/1481/8662 2967/1970/8661
s 1
f 547/2893/7395 548/156/156 545/3590/7676
f 157/3092/8476 154/3708/8487 155/3706/8472
s 0
f 164/3716/8663 158/1970/8664 157/1970/8664
f 158/1970/8665 154/3708/8666 157/3092/8667
f 158/1970/8668 156/1970/8668 154/1970/8668
f 158/1970/8669 164/3716/8670 156/1970/8669
f 164/3716/8671 3947/1970/8672 156/1970/8672
f 1615/1970/8673 1739/1970/8673 1867/3686/8674 1868/3688/8675
s 1
f 3947/1970/8676 57/3361/8677 56/3736/8678
f 52/3567/8679 3945/3417/6850 51/3737/8680
s 0
f 3945/3417/8681 149/1970/8682 51/1970/8682
f 57/3361/8683 49/1970/8684 51/1970/8684
s 1
f 49/1970/7560 47/1987/1994 51/3737/8680
f 47/1987/1994 52/3567/8679 51/3737/8680
s 0
f 3945/1970/8685 150/3419/8686 149/1970/8685
s 1
f 164/3716/8549 165/3715/8548 3947/1970/8687
s 0
f 165/3715/8688 57/3361/8689 3947/1970/8690
f 3946/3418/8691 3942/1970/8692 143/3709/8693
f 3946/3418/8694 45/1970/8695 3942/1970/8695
f 45/1970/8696 3943/1970/8696 3942/1970/8696
f 3943/1970/8697 3940/1970/8697 3942/1970/8697
s 1
f 52/3567/8679 45/1970/8698 3945/3417/6850
f 45/1970/8698 3946/3418/6851 3945/3417/6850
s 0
f 3943/1970/8699 43/1970/8699 3940/1970/8699
f 43/1970/8700 3941/1970/8700 3940/1970/8700
f 3941/1970/8701 3938/1970/8701 3940/1970/8701
f 3938/1970/8702 128/1970/8702 3940/1970/8702
f 3938/1970/8703 3939/1970/8703 128/1970/8703
s 1
f 3464/2285/2791 3463/2288/2796 3360/2219/4275 3361/2283/2784
s 0
f 3938/1970/8704 3941/1970/8704 3939/1970/8704
f 585/1970/8705 579/173/8706 590/186/8707 592/189/8708
f 3200/1546/8709 3202/1970/8710 3204/3155/8711 3201/1550/8712
f 39/1970/8713 37/1970/8713 41/1970/8713
f 3969/1970/8714 221/1970/8714 224/2604/8715 231/1970/8714
f 39/1970/8716 38/1970/8716 37/1970/8716
f 36/1970/8717 17/1970/8717 30/1970/8717
f 17/1970/8718 19/1970/8718 30/1970/8718
f 19/1970/8719 17/1970/8719 23/1970/8719
f 17/1970/8720 22/1970/8720 23/1970/8720
f 22/1970/8721 24/1970/8721 23/1970/8721
f 2/1970/8722 95/1970/8722 24/1970/8722
f 95/1970/8723 94/1970/8723 24/1970/8723
f 94/1970/8724 25/1970/8724 24/1970/8724
s 1
f 289/3530/7380 288/3738/8725 132/3628/8726 130/1970/8727
s 0
f 95/1970/8728 89/1970/8728 94/1970/8728
f 83/1970/8729 3968/1970/8729 3969/1970/8729 3970/1970/8729
s 1
f 927/2576/3740 929/473/469 925/472/468 924/2662/3947
s 0
f 3949/1970/8730 165/1970/8730 3948/1970/8730
f 3949/1970/8731 57/3361/8732 165/3715/8733
f 95/1970/8734 2/1970/8734 89/1970/8734
f 22/1970/8735 20/1970/8735 21/1970/8735
f 22/1970/8736 16/1970/8736 20/1970/8736
f 16/1970/8737 15/1970/8737 20/1970/8737
s 1
f 349/34/34 344/27/27 345/30/30 347/2897/7177
f 14/3739/8738 54/2171/8739 15/1970/8740
s 0
f 54/2171/8741 13/1970/8742 15/1970/8742
f 13/1970/8743 12/1970/8743 15/1970/8743
f 13/1970/8744 53/1970/8744 11/1970/8744
f 13/1970/8745 11/1970/8745 12/1970/8745
f 13/1970/8746 54/2171/8747 53/1970/8746
f 117/1970/8748 109/1970/8748 270/1970/8748 115/3589/8749
s 1
f 48/1988/1995 49/3740/7560 53/3557/2455
s 0
f 285/1970/8750 272/1970/8750 287/3109/8751 282/3471/8752
s 1
f 57/3361/7558 58/3721/8580 59/3556/7559
f 58/3721/8580 60/3719/8576 59/3556/7559
s 0
f 1503/3095/8753 1740/1970/8754 1501/3096/8755
s 1
f 3185/2896/6440 3186/2895/8756 3182/1538/1532 3180/2021/2081
f 1497/787/783 1380/730/726 1501/3096/7844
f 1380/730/726 1378/729/725 1501/3096/7844
f 1378/729/725 1376/726/722 1501/3096/7844
f 1497/787/783 1498/3722/8596 1496/786/782
s 0
f 1497/787/8757 1739/1970/8758 1498/3722/8759
f 1866/1970/8760 1871/1970/8760 2022/940/8761
s 1
f 1866/1970/8762 1870/3741/8763 1871/3713/8764
f 1870/3741/8763 1742/1970/8765 1871/3713/8764
f 1742/3742/8765 1741/3743/8766 1871/3713/8764
s 0
f 1741/3743/8767 1619/1970/8768 1871/3713/8769
s 1
f 1619/1970/8770 1872/3271/8771 1871/3713/8538
f 1872/3271/8771 1874/1970/868 1871/3713/8538
f 2677/1217/1213 2678/1970/1212 2672/1285/1281 2670/1970/4279
s 0
f 1739/1970/8772 1742/1970/8772 1866/1970/8772
f 1742/1970/8773 1870/3741/8774 1866/1970/8773
s 1
f 1740/3744/7842 1741/3743/8766 1739/3607/7843
f 1741/3743/8766 1742/3742/8765 1739/1970/7843
f 1872/3271/8771 1873/873/869 1874/872/868
f 1622/1970/4967 1743/3727/8629 1744/3725/8624
s 0
f 1875/870/8775 1622/1970/8776 1744/3725/8777
s 1
f 1873/873/869 1622/1970/8778 1875/870/866
s 0
f 1745/3728/8779 1510/1970/8780 1752/3726/8781
s 1
f 1622/1970/4967 1621/3745/8782 1743/3727/8629
f 1621/3745/8782 1745/3728/8630 1743/3727/8629
s 0
f 1621/3745/8783 1510/1970/8784 1745/3728/8785
s 1
f 1621/3745/8782 1620/2957/4966 1510/1970/8633
f 1620/1970/4966 1511/3732/8638 1510/3729/8633
f 1621/3745/8782 1622/1970/4967 1620/2957/4966
f 289/3530/7380 285/3746/7382 284/3584/8786 288/3738/8725
f 1506/3747/8787 1740/1970/8788 1505/3734/8789
s 0
f 1740/1970/8790 1503/3095/8791 1505/3734/8792
s 1
f 1619/1970/8793 1506/3747/8787 1505/3734/8789
f 1741/3743/8766 1740/3744/7842 1619/1970/8793
f 1740/3744/7842 1618/3748/8794 1619/3749/8793
f 1618/3748/8794 1506/3747/8787 1619/1970/8793
s 0
f 268/3532/8795 270/1970/8796 257/1970/8796 267/3472/8797
s 1
f 91/1970/8798 86/3669/8273 85/1970/8272 87/1970/8798
f 48/1988/1995 47/1987/1994 49/1970/7560
f 2415/2938/4895 2417/2215/2592 2677/1970/1213 2547/2842/4561
s 0
f 46/1970/8799 54/1970/8799 45/1970/8799
f 219/3423/8800 212/1970/8801 387/3115/8802 393/3358/8803
s 1
f 54/1970/8804 42/3750/8805 43/3751/8806
f 42/3750/8805 44/3636/8807 39/1970/8808
f 42/3750/8805 39/1970/8808 41/1970/8809 43/1970/8806
f 16/2687/8810 18/1970/8811 17/2686/8812
s 0
f 18/1970/8813 22/1970/8813 17/1970/8813
f 40/1970/8814 54/1970/8814 17/1970/8814
s 1
f 54/2171/8739 14/3739/8738 17/2686/8815
s 0
f 18/1970/8816 16/2687/8817 22/1970/8816
f 44/3636/8818 54/1970/8819 40/1970/8819
s 1
f 44/3636/8807 42/3750/8805 54/1970/8804
f 46/1970/1993 55/3752/8820 54/2171/2456
f 55/3752/8820 50/1986/1992 54/2171/2456
s 0
f 1506/3747/8821 1618/3748/8822 1740/3744/8823
s 1
f 50/1986/1992 55/3752/8820 46/1970/1993
