# Blender 4.4.3
# www.blender.org
mtllib strawberry_leaves_origin.mtl
o TS_Strawberry_001_Leaves_mesh
v 0.003029 -0.003739 0.010454
v 0.007223 -0.003813 0.009178
v 0.006255 -0.006601 0.013078
v 0.004767 -0.006515 0.013497
v 0.006923 -0.005142 0.011916
v 0.004007 -0.004783 0.012467
v 0.005579 -0.006266 0.013538
v 0.005496 -0.004834 0.012415
v 0.005194 -0.003289 0.010050
v 0.005773 -0.007095 0.014672
v 0.002385 -0.002067 0.005092
v 0.004049 -0.002851 0.007932
v 0.001952 -0.003516 0.008928
v 0.006017 -0.003393 0.006617
v 0.002138 -0.001937 0.004541
v 0.004011 -0.002639 0.004137
v 0.002760 -0.002481 0.005596
v 0.000831 -0.002847 0.005523
v 0.001965 -0.002248 0.003897
v 0.003924 -0.001930 0.002014
v 0.004528 -0.001878 -0.000746
v 0.003230 -0.001677 -0.003229
v 0.000855 -0.001618 -0.004681
v -0.001884 -0.001655 -0.004193
v -0.003887 -0.001687 -0.002340
v -0.004550 -0.001925 0.000494
v -0.003211 -0.002195 0.002928
v -0.000904 -0.002146 0.004395
v 0.003853 -0.001854 0.000628
v 0.002682 -0.002064 0.002848
v 0.000457 -0.002138 0.003840
v -0.001850 -0.002062 0.003427
v 0.001871 -0.001615 -0.003669
v -0.000500 -0.001564 -0.004137
v -0.002718 -0.001641 -0.003111
v -0.003589 -0.001755 -0.000844
v 0.003700 -0.001776 -0.001789
v -0.003598 -0.002034 0.001863
v 0.001282 -0.003750 0.002360
v 0.002544 -0.003755 0.001070
v 0.002931 -0.003690 -0.000633
v 0.002116 -0.003455 -0.002249
v 0.000581 -0.003489 -0.003202
v -0.001342 -0.003527 -0.002976
v -0.002556 -0.003529 -0.001719
v -0.002926 -0.003695 0.000043
v -0.002186 -0.003746 0.001846
v -0.000516 -0.003801 0.002646
v 0.002872 -0.003759 0.000348
v 0.001958 -0.003696 0.001954
v 0.000324 -0.003806 0.002678
v -0.001514 -0.003720 0.002343
v 0.001464 -0.003487 -0.002857
v -0.000407 -0.003415 -0.003178
v -0.002067 -0.003448 -0.002456
v -0.002978 -0.003629 -0.000757
v 0.002586 -0.003575 -0.001508
v -0.002783 -0.003784 0.001015
v 0.000945 -0.003936 0.001709
v 0.001892 -0.003809 0.000829
v 0.002230 -0.003784 -0.000519
v 0.001545 -0.003604 -0.001734
v 0.000452 -0.003530 -0.002472
v -0.001051 -0.003606 -0.002235
v -0.001980 -0.003711 -0.001357
v -0.002205 -0.003663 0.000016
v -0.001710 -0.003745 0.001268
v -0.000418 -0.003840 0.001953
v 0.002191 -0.003669 0.000129
v 0.001566 -0.003881 0.001370
v 0.000293 -0.003847 0.001983
v -0.001089 -0.003804 0.001757
v 0.001060 -0.003536 -0.002162
v -0.000309 -0.003610 -0.002518
v -0.001631 -0.003609 -0.001842
v -0.002231 -0.003693 -0.000616
v 0.002007 -0.003919 -0.001165
v -0.002040 -0.003709 0.000756
v 0.000705 -0.002860 0.001285
v 0.001401 -0.002857 0.000533
v 0.001498 -0.002587 -0.000413
v 0.001141 -0.002591 -0.001191
v 0.000240 -0.002593 -0.001717
v -0.000773 -0.002717 -0.001644
v -0.001440 -0.002633 -0.000997
v -0.001680 -0.002750 -0.000049
v -0.001158 -0.002904 0.000770
v -0.000230 -0.002972 0.001338
v 0.001608 -0.002698 0.000171
v 0.001007 -0.002866 0.001137
v 0.000087 -0.002814 0.001279
v -0.000887 -0.002964 0.001244
v 0.000821 -0.002675 -0.001509
v -0.000130 -0.002646 -0.001796
v -0.001201 -0.002702 -0.001327
v -0.001691 -0.002697 -0.000371
v 0.001279 -0.002789 -0.000842
v -0.001440 -0.002879 0.000609
v 0.000407 -0.001759 0.000822
v 0.000931 -0.001720 0.000437
v 0.001016 -0.001713 -0.000159
v 0.000831 -0.001565 -0.000801
v 0.000260 -0.001712 -0.001083
v -0.000507 -0.001734 -0.001127
v -0.000975 -0.001584 -0.000674
v -0.001002 -0.001767 -0.000010
v -0.000813 -0.001687 0.000705
v -0.000272 -0.001798 0.000882
v 0.000981 -0.001651 0.000043
v 0.000759 -0.001755 0.000585
v 0.000143 -0.001864 0.000900
v -0.000526 -0.001849 0.000815
v 0.000490 -0.001707 -0.001025
v -0.000083 -0.001555 -0.001123
v -0.000667 -0.001614 -0.000838
v -0.001084 -0.001705 -0.000338
v 0.000868 -0.001655 -0.000516
v -0.000934 -0.001670 0.000341
v 0.000389 -0.000398 0.000615
v 0.000706 -0.000272 0.000274
v 0.000777 -0.000279 -0.000075
v 0.000603 -0.000364 -0.000488
v 0.000183 -0.000231 -0.000824
v -0.000289 -0.000366 -0.000796
v -0.000606 -0.000300 -0.000351
v -0.000821 -0.000430 0.000178
v -0.000566 -0.000365 0.000550
v -0.000088 -0.000443 0.000828
v 0.000777 -0.000406 0.000219
v 0.000619 -0.000440 0.000583
v 0.000112 -0.000324 0.000735
v -0.000358 -0.000378 0.000587
v 0.000440 -0.000195 -0.000658
v -0.000174 -0.000369 -0.000720
v -0.000644 -0.000372 -0.000591
v -0.000776 -0.000270 -0.000211
v 0.000708 -0.000284 -0.000339
v -0.000742 -0.000422 0.000299
v 0.008425 -0.004502 0.006494
v 0.010278 -0.003819 0.003680
v 0.013429 -0.005624 0.005830
v 0.013056 -0.005901 0.007182
v 0.011793 -0.005034 0.005008
v 0.011136 -0.005687 0.007260
v 0.013242 -0.005915 0.006578
v 0.011432 -0.005678 0.006153
v 0.009255 -0.004866 0.005037
v 0.014674 -0.005339 0.006981
v 0.004933 -0.002043 0.002692
v 0.007719 -0.003754 0.003822
v 0.006515 -0.003215 0.005589
v 0.009050 -0.002950 0.002395
v 0.005613 -0.002336 0.000948
v 0.005597 -0.002547 0.002864
v 0.004014 -0.002440 0.004054
v 0.010889 -0.002996 0.001105
v 0.011314 -0.002473 -0.003836
v 0.015430 -0.003038 -0.001920
v 0.015340 -0.003211 -0.000042
v 0.013446 -0.003567 -0.003059
v 0.013121 -0.003917 0.000485
v 0.014990 -0.002958 -0.001060
v 0.013199 -0.003231 -0.001215
v 0.011152 -0.002585 -0.001322
v 0.015859 -0.001903 -0.000786
v 0.005735 -0.001551 -0.000862
v 0.008576 -0.002918 -0.001145
v 0.008873 -0.003298 0.001164
v 0.008597 -0.002732 -0.003826
v 0.005344 -0.002155 -0.002488
v 0.006330 -0.002011 -0.000873
v 0.005778 -0.002364 0.000895
v 0.009229 -0.002420 -0.006991
v 0.006135 -0.002635 -0.009401
v 0.009640 -0.003511 -0.011946
v 0.010708 -0.003409 -0.010904
v 0.008023 -0.003130 -0.010866
v 0.010137 -0.003215 -0.009154
v 0.010122 -0.003653 -0.011489
v 0.009201 -0.003383 -0.010001
v 0.007760 -0.002833 -0.008109
v 0.010883 -0.002971 -0.012270
v 0.004221 -0.001610 -0.004191
v 0.006172 -0.002646 -0.006410
v 0.007953 -0.002277 -0.004982
v 0.004321 -0.002762 -0.007788
v 0.002812 -0.001876 -0.005270
v 0.004606 -0.002056 -0.004562
v 0.005235 -0.002010 -0.002713
v 0.003107 -0.002330 -0.012579
v -0.000055 -0.003394 -0.012835
v 0.000629 -0.000349 -0.016302
v 0.001746 0.000362 -0.015850
v 0.000369 -0.001974 -0.015305
v 0.002500 -0.001035 -0.014846
v 0.001103 0.000008 -0.015852
v 0.001339 -0.001397 -0.014726
v 0.001305 -0.002288 -0.012342
v 0.000849 0.001240 -0.016338
v 0.001147 -0.001185 -0.005770
v 0.001392 -0.002512 -0.009512
v 0.003531 -0.002713 -0.009316
v -0.000431 -0.003275 -0.009484
v -0.000498 -0.001713 -0.005778
v 0.001116 -0.001704 -0.006405
v 0.002731 -0.001956 -0.005399
v -0.002831 -0.002529 -0.011299
v -0.006483 -0.002821 -0.009707
v -0.006789 -0.004632 -0.013414
v -0.005430 -0.004477 -0.014152
v -0.006853 -0.004035 -0.011878
v -0.004269 -0.003574 -0.013020
v -0.006145 -0.004980 -0.013812
v -0.005489 -0.004154 -0.012577
v -0.004660 -0.002991 -0.010558
v -0.006589 -0.005052 -0.014888
v -0.002516 -0.001151 -0.005241
v -0.003666 -0.001644 -0.007961
v -0.001583 -0.002025 -0.008948
v -0.005696 -0.002027 -0.007168
v -0.003960 -0.001670 -0.004453
v -0.002736 -0.001305 -0.005922
v -0.000776 -0.001627 -0.005970
v -0.008573 -0.004216 -0.007670
v -0.011408 -0.004632 -0.003804
v -0.012822 -0.006224 -0.007403
v -0.012237 -0.006235 -0.008798
v -0.012268 -0.005686 -0.005586
v -0.010403 -0.006011 -0.008378
v -0.012324 -0.005951 -0.007963
v -0.011205 -0.005333 -0.006968
v -0.009867 -0.004085 -0.005653
v -0.013301 -0.005640 -0.008974
v -0.005027 -0.001492 -0.002812
v -0.008013 -0.003220 -0.004742
v -0.006736 -0.003119 -0.006965
v -0.009909 -0.003522 -0.002229
v -0.005621 -0.002069 -0.001064
v -0.005641 -0.001916 -0.003127
v -0.003961 -0.001820 -0.004470
v -0.011719 -0.002768 -0.000730
v -0.011250 -0.003374 0.002596
v -0.013799 -0.005469 0.001272
v -0.014021 -0.005169 0.000071
v -0.013190 -0.004382 0.002009
v -0.013582 -0.003914 -0.000108
v -0.014057 -0.005155 0.000795
v -0.013454 -0.004170 0.000970
v -0.011564 -0.003622 0.000778
v -0.014081 -0.005865 0.000629
v -0.005759 -0.001791 0.000585
v -0.008822 -0.003181 0.000830
v -0.009016 -0.002474 -0.001058
v -0.008482 -0.003036 0.002764
v -0.005693 -0.002352 0.002306
v -0.006286 -0.002104 0.000700
v -0.005486 -0.002086 -0.000841
v -0.009072 -0.003742 0.005571
v -0.007375 -0.003453 0.008179
v -0.009566 -0.005764 0.008694
v -0.010125 -0.005964 0.007778
v -0.008862 -0.004660 0.008485
v -0.009912 -0.005001 0.006637
v -0.009973 -0.005786 0.008332
v -0.009719 -0.004751 0.007657
v -0.008382 -0.003302 0.006931
v -0.010249 -0.006760 0.008756
v -0.004116 -0.001877 0.003770
v -0.006424 -0.002634 0.005713
v -0.007559 -0.002955 0.004431
v -0.005159 -0.003074 0.007128
v -0.002906 -0.002756 0.004846
v -0.004455 -0.002480 0.004108
v -0.005389 -0.002389 0.002579
v -0.004008 -0.004964 0.010676
v -0.000641 -0.004636 0.011853
v -0.003776 -0.004529 0.015424
v -0.004855 -0.004768 0.014967
v -0.002296 -0.004902 0.014113
v -0.004498 -0.005194 0.012865
v -0.004364 -0.004559 0.015205
v -0.003500 -0.005204 0.013687
v -0.002258 -0.004711 0.011222
v -0.004976 -0.003591 0.015938
v -0.001048 -0.002231 0.005555
v -0.001539 -0.003475 0.008761
v -0.003725 -0.003522 0.008530
v 0.000415 -0.003587 0.009270
v 0.000639 -0.002842 0.005603
v -0.001129 -0.002696 0.006125
v -0.002813 -0.002793 0.004979
v 0.003119 -0.001814 0.003142
v 0.003454 -0.002039 0.003706
v 0.000548 -0.001941 0.004340
v 0.000617 -0.002328 0.005047
v 0.004480 -0.001826 0.002269
v 0.005064 -0.001573 -0.000803
v 0.004433 -0.001603 0.000653
v 0.005148 -0.001960 0.000839
v -0.003765 -0.001740 0.003304
v -0.000978 -0.001971 0.004923
v -0.002128 -0.001823 0.003849
v -0.002519 -0.002081 0.004356
v 0.003782 -0.001379 -0.003621
v 0.000967 -0.001198 -0.005074
v 0.002189 -0.001214 -0.004076
v 0.002436 -0.001344 -0.004777
v -0.004448 -0.001402 -0.002526
v -0.005156 -0.001671 0.000599
v -0.004174 -0.001630 -0.000904
v -0.004754 -0.001739 -0.000976
v -0.000503 -0.001323 -0.004661
v -0.000608 -0.001312 -0.005209
v -0.003147 -0.001325 -0.003426
v -0.003579 -0.001461 -0.004038
v 0.004130 -0.001416 -0.001977
v 0.004639 -0.001743 -0.002396
v -0.004190 -0.001790 0.002015
v -0.004760 -0.002027 0.002419
v -0.002254 -0.001224 -0.004711
v -0.001683 -0.002754 0.003014
v -0.000790 -0.002899 0.003860
v 0.000447 -0.002837 0.003522
v 0.001770 -0.002850 0.003508
v 0.002507 -0.002797 0.002538
v 0.003694 -0.002737 0.001778
v 0.003569 -0.002681 0.000553
v 0.004024 -0.002513 -0.000699
v 0.003289 -0.002422 -0.001794
v 0.003025 -0.002283 -0.002980
v 0.001720 -0.002354 -0.003323
v 0.000870 -0.002179 -0.004274
v -0.000444 -0.002320 -0.003826
v -0.001717 -0.002261 -0.003870
v -0.002553 -0.002337 -0.002841
v -0.003579 -0.002358 -0.002143
v -0.003342 -0.002521 -0.000812
v -0.004057 -0.002586 0.000363
v -0.003275 -0.002739 0.001638
v -0.003016 -0.002736 0.002550
v 0.004796 -0.006635 0.013366
v 0.005540 -0.006388 0.013411
v 0.005459 -0.004962 0.012295
v 0.004014 -0.004913 0.012343
v 0.006155 -0.006708 0.012975
v 0.006844 -0.005261 0.011806
v 0.005172 -0.003458 0.009990
v 0.003046 -0.003903 0.010383
v 0.007163 -0.003977 0.009133
v 0.005738 -0.007240 0.014572
v 0.004053 -0.003031 0.007928
v 0.001991 -0.003690 0.008905
v 0.005985 -0.003569 0.006632
v 0.000874 -0.003019 0.005538
v 0.002783 -0.002657 0.005624
v 0.004009 -0.002815 0.004168
v 0.002312 -0.004060 -0.001321
v 0.002566 -0.003932 -0.000563
v 0.001783 -0.003739 -0.001978
v 0.001235 -0.003667 -0.002451
v 0.000543 -0.003659 -0.002810
v -0.000323 -0.003741 -0.002863
v -0.001177 -0.003742 -0.002536
v -0.001838 -0.003753 -0.002091
v -0.002232 -0.003861 -0.001537
v -0.002514 -0.003852 -0.000690
v -0.002482 -0.003830 0.000026
v -0.002297 -0.003886 0.000872
v -0.001930 -0.003929 0.001462
v -0.001227 -0.003994 0.002028
v -0.000453 -0.004031 0.002251
v 0.000361 -0.004036 0.002286
v 0.001107 -0.004120 0.001974
v 0.001825 -0.004058 0.001585
v 0.002186 -0.003977 0.000953
v 0.002516 -0.003825 0.000156
v -0.001769 -0.003889 -0.000148
v -0.001820 -0.003767 -0.000590
v -0.001672 -0.003969 0.000571
v -0.001293 -0.003984 0.000867
v -0.000929 -0.004036 0.001248
v -0.000314 -0.004056 0.001362
v 0.000177 -0.003925 0.001410
v 0.000722 -0.003980 0.001304
v 0.001161 -0.004003 0.001099
v 0.001617 -0.003981 0.000545
v 0.001816 -0.003820 0.000065
v 0.001717 -0.003739 -0.000451
v 0.001486 -0.003807 -0.001064
v 0.001297 -0.003676 -0.001464
v 0.000879 -0.003845 -0.001782
v 0.000340 -0.003703 -0.002045
v -0.000153 -0.003802 -0.002006
v -0.000742 -0.003742 -0.001940
v -0.001216 -0.003762 -0.001572
v -0.001612 -0.003788 -0.001199
v 0.013077 -0.006080 0.007191
v 0.013270 -0.006091 0.006550
v 0.011404 -0.005849 0.006102
v 0.011092 -0.005862 0.007254
v 0.013463 -0.005789 0.005766
v 0.011783 -0.005187 0.004915
v 0.009207 -0.005028 0.004975
v 0.008344 -0.004662 0.006483
v 0.010268 -0.003965 0.003575
v 0.014743 -0.005504 0.006971
v 0.007691 -0.003928 0.003785
v 0.006454 -0.003384 0.005589
v 0.009058 -0.003115 0.002323
v 0.004014 -0.002619 0.004065
v 0.005610 -0.002726 0.002860
v 0.005636 -0.002513 0.000927
v 0.015432 -0.003349 -0.000112
v 0.015080 -0.003114 -0.001068
v 0.013179 -0.003408 -0.001235
v 0.013106 -0.004087 0.000429
v 0.015506 -0.003192 -0.001865
v 0.013423 -0.003745 -0.003040
v 0.011128 -0.002762 -0.001344
v 0.010868 -0.003170 0.001065
v 0.011289 -0.002652 -0.003840
v 0.015998 -0.002017 -0.000785
v 0.008654 -0.003079 -0.001166
v 0.008950 -0.003457 0.001129
v 0.008676 -0.002894 -0.003833
v 0.005818 -0.002534 0.000861
v 0.006375 -0.002184 -0.000892
v 0.005385 -0.002329 -0.002489
v 0.010768 -0.003579 -0.010905
v 0.010152 -0.003829 -0.011513
v 0.009184 -0.003560 -0.009974
v 0.010144 -0.003390 -0.009110
v 0.009639 -0.003685 -0.011994
v 0.007982 -0.003305 -0.010858
v 0.007753 -0.003011 -0.008084
v 0.009237 -0.002595 -0.006948
v 0.006114 -0.002814 -0.009394
v 0.010953 -0.003123 -0.012334
v 0.006190 -0.002825 -0.006413
v 0.007984 -0.002454 -0.004976
v 0.004326 -0.002942 -0.007799
v 0.005266 -0.002186 -0.002733
v 0.004621 -0.002235 -0.004582
v 0.002808 -0.002055 -0.005288
v 0.001767 0.000311 -0.016021
v 0.001179 -0.000029 -0.016012
v 0.001405 -0.001486 -0.014868
v 0.002507 -0.001134 -0.014996
v 0.000750 -0.000367 -0.016434
v 0.000486 -0.002042 -0.015423
v 0.001357 -0.002429 -0.012441
v 0.003094 -0.002477 -0.012682
v 0.000055 -0.003510 -0.012917
v 0.000935 0.001198 -0.016490
v 0.001433 -0.002685 -0.009537
v 0.003517 -0.002889 -0.009352
v -0.000339 -0.003429 -0.009496
v 0.002712 -0.002134 -0.005410
v 0.001131 -0.001883 -0.006399
v -0.000454 -0.001885 -0.005761
v -0.005334 -0.004629 -0.014149
v -0.006108 -0.005153 -0.013778
v -0.005437 -0.004314 -0.012514
v -0.004184 -0.003727 -0.012978
v -0.006819 -0.004798 -0.013353
v -0.006836 -0.004195 -0.011796
v -0.004620 -0.003156 -0.010497
v -0.002781 -0.002695 -0.011249
v -0.006453 -0.002984 -0.009637
v -0.006573 -0.005231 -0.014883
v -0.003660 -0.001824 -0.007958
v -0.001593 -0.002204 -0.008940
v -0.005676 -0.002206 -0.007169
v -0.000812 -0.001798 -0.006009
v -0.002758 -0.001474 -0.005979
v -0.003963 -0.001836 -0.004518
v -0.012288 -0.006385 -0.008712
v -0.012326 -0.006128 -0.007931
v -0.011138 -0.005491 -0.006911
v -0.010381 -0.006160 -0.008272
v -0.012774 -0.006395 -0.007433
v -0.012162 -0.005840 -0.005582
v -0.009786 -0.004241 -0.005616
v -0.008513 -0.004370 -0.007593
v -0.011309 -0.004787 -0.003807
v -0.013348 -0.005813 -0.008968
v -0.007957 -0.003391 -0.004751
v -0.006694 -0.003293 -0.006939
v -0.009839 -0.003687 -0.002273
v -0.003960 -0.001999 -0.004479
v -0.005616 -0.002093 -0.003151
v -0.005579 -0.002240 -0.001099
v -0.013846 -0.005212 0.000066
v -0.013885 -0.005189 0.000753
v -0.013334 -0.004295 0.000921
v -0.013463 -0.004040 -0.000158
v -0.013638 -0.005492 0.001194
v -0.013067 -0.004506 0.001962
v -0.011521 -0.003793 0.000740
v -0.011682 -0.002927 -0.000805
v -0.011203 -0.003548 0.002598
v -0.013905 -0.005863 0.000593
v -0.008821 -0.003359 0.000804
v -0.009019 -0.002645 -0.001113
v -0.008478 -0.003216 0.002769
v -0.005515 -0.002261 -0.000859
v -0.006316 -0.002281 0.000685
v -0.005721 -0.002529 0.002295
v -0.009956 -0.006023 0.007754
v -0.009827 -0.005863 0.008261
v -0.009586 -0.004856 0.007596
v -0.009757 -0.005091 0.006618
v -0.009457 -0.005852 0.008581
v -0.008761 -0.004773 0.008387
v -0.008300 -0.003457 0.006891
v -0.008967 -0.003888 0.005563
v -0.007320 -0.003609 0.008108
v -0.010104 -0.006835 0.008680
v -0.006421 -0.002814 0.005707
v -0.007532 -0.003132 0.004446
v -0.005179 -0.003251 0.007102
v -0.005421 -0.002562 0.002616
v -0.004494 -0.002655 0.004126
v -0.002946 -0.002930 0.004843
v -0.004917 -0.004841 0.015119
v -0.004423 -0.004630 0.015360
v -0.003519 -0.005364 0.013768
v -0.004531 -0.005355 0.012937
v -0.003831 -0.004597 0.015581
v -0.002302 -0.005058 0.014203
v -0.002267 -0.004881 0.011280
v -0.004016 -0.005135 0.010732
v -0.000650 -0.004805 0.011914
v -0.005006 -0.003710 0.016070
v -0.001545 -0.003652 0.008793
v -0.003720 -0.003699 0.008563
v 0.000398 -0.003763 0.009302
v -0.002808 -0.002973 0.004980
v -0.001136 -0.002875 0.006133
v 0.000621 -0.003020 0.005612
v 0.003468 -0.002217 0.003723
v 0.003151 -0.001987 0.003167
v 0.002168 -0.002110 0.004582
v 0.002411 -0.002243 0.005120
v 0.000555 -0.002118 0.004368
v 0.000627 -0.002507 0.005054
v 0.002759 -0.002199 0.002919
v 0.002019 -0.002384 0.004001
v 0.004514 -0.002002 0.002275
v 0.004034 -0.002065 0.002060
v 0.004473 -0.001777 0.000645
v 0.003960 -0.001986 0.000641
v 0.005127 -0.001740 -0.000822
v 0.004648 -0.002011 -0.000766
v 0.003812 -0.001550 -0.003669
v 0.002211 -0.001377 -0.004142
v 0.001926 -0.001737 -0.003774
v 0.003316 -0.001804 -0.003324
v 0.000985 -0.001353 -0.005163
v 0.000884 -0.001739 -0.004811
v -0.000512 -0.001479 -0.004743
v -0.000516 -0.001690 -0.004252
v -0.003185 -0.001489 -0.003481
v -0.004498 -0.001570 -0.002568
v -0.003992 -0.001816 -0.002408
v -0.002793 -0.001768 -0.003197
v -0.004219 -0.001801 -0.000929
v -0.003688 -0.001891 -0.000878
v -0.005210 -0.001842 0.000594
v -0.004664 -0.002064 0.000498
v -0.003813 -0.001909 0.003344
v -0.002160 -0.001995 0.003880
v -0.001905 -0.002200 0.003511
v -0.003300 -0.002328 0.003010
v -0.000993 -0.002148 0.004954
v -0.000932 -0.002289 0.004501
v 0.000472 -0.002277 0.003938
v 0.005176 -0.002136 0.000820
v 0.004948 -0.002222 0.002692
v 0.005783 -0.001723 -0.000880
v 0.002429 -0.001521 -0.004806
v 0.004224 -0.001789 -0.004214
v -0.000615 -0.001485 -0.005257
v 0.001155 -0.001362 -0.005804
v -0.003598 -0.001633 -0.004085
v -0.002542 -0.001314 -0.005314
v -0.004778 -0.001915 -0.000996
v -0.005043 -0.001668 -0.002842
v -0.005805 -0.001965 0.000576
v -0.002536 -0.002260 0.004353
v -0.004151 -0.002053 0.003791
v -0.001056 -0.002411 0.005549
v 0.004176 -0.001585 -0.002006
v 0.003796 -0.001907 -0.001845
v 0.004668 -0.001920 -0.002407
v -0.004243 -0.001961 0.002036
v -0.003706 -0.002169 0.001911
v -0.004799 -0.002202 0.002432
v -0.002287 -0.001380 -0.004794
v -0.001937 -0.001780 -0.004312
v -0.001751 -0.002853 0.003126
v -0.000824 -0.003003 0.004003
v 0.000467 -0.002939 0.003650
v 0.001836 -0.002953 0.003640
v 0.002599 -0.002896 0.002632
v 0.003834 -0.002827 0.001847
v 0.003707 -0.002768 0.000574
v 0.004176 -0.002606 -0.000725
v 0.003408 -0.002516 -0.001860
v 0.003136 -0.002370 -0.003092
v 0.001791 -0.002439 -0.003446
v 0.000902 -0.002265 -0.004429
v -0.000465 -0.002404 -0.003966
v -0.001783 -0.002340 -0.004017
v -0.002650 -0.002419 -0.002946
v -0.003717 -0.002438 -0.002225
v -0.003479 -0.002605 -0.000847
v -0.004213 -0.002674 0.000376
v -0.003416 -0.002831 0.001701
v -0.003127 -0.002829 0.002657
v -0.000021 -0.003385 -0.000248
v 0.004782 -0.006575 0.013432
v 0.004011 -0.004848 0.012405
v 0.006884 -0.005201 0.011861
v 0.006205 -0.006655 0.013026
v 0.003038 -0.003821 0.010418
v 0.007193 -0.003895 0.009155
v 0.005756 -0.007168 0.014622
v 0.001971 -0.003603 0.008916
v 0.006001 -0.003481 0.006624
v 0.000852 -0.002933 0.005531
v 0.004010 -0.002727 0.004152
v 0.013066 -0.005991 0.007186
v 0.011114 -0.005775 0.007257
v 0.011788 -0.005111 0.004962
v 0.013446 -0.005706 0.005798
v 0.008385 -0.004582 0.006489
v 0.010273 -0.003892 0.003627
v 0.014708 -0.005422 0.006976
v 0.006484 -0.003300 0.005589
v 0.009054 -0.003033 0.002359
v 0.004014 -0.002530 0.004059
v 0.005624 -0.002424 0.000937
v 0.015386 -0.003280 -0.000077
v 0.013113 -0.004002 0.000457
v 0.013434 -0.003656 -0.003049
v 0.015468 -0.003115 -0.001893
v 0.010879 -0.003083 0.001085
v 0.011301 -0.002563 -0.003838
v 0.015929 -0.001960 -0.000785
v 0.008911 -0.003377 0.001147
v 0.008636 -0.002813 -0.003830
v 0.005798 -0.002449 0.000878
v 0.005364 -0.002242 -0.002488
v 0.010738 -0.003494 -0.010905
v 0.010140 -0.003302 -0.009132
v 0.008002 -0.003217 -0.010862
v 0.009640 -0.003598 -0.011970
v 0.009233 -0.002508 -0.006970
v 0.006125 -0.002725 -0.009397
v 0.010918 -0.003047 -0.012302
v 0.007969 -0.002365 -0.004979
v 0.004323 -0.002852 -0.007794
v 0.005251 -0.002098 -0.002723
v 0.002810 -0.001966 -0.005279
v 0.001756 0.000337 -0.015936
v 0.002503 -0.001085 -0.014921
v 0.000428 -0.002008 -0.015364
v 0.000689 -0.000358 -0.016368
v 0.003101 -0.002404 -0.012630
v 0.000000 -0.003452 -0.012876
v 0.000892 0.001219 -0.016414
v 0.003524 -0.002801 -0.009334
v -0.000385 -0.003352 -0.009490
v 0.002721 -0.002045 -0.005404
v -0.000476 -0.001799 -0.005770
v -0.005382 -0.004553 -0.014150
v -0.004227 -0.003650 -0.012999
v -0.006845 -0.004115 -0.011837
v -0.006804 -0.004715 -0.013383
v -0.002806 -0.002612 -0.011274
v -0.006468 -0.002903 -0.009672
v -0.006581 -0.005142 -0.014885
v -0.001588 -0.002115 -0.008944
v -0.005686 -0.002117 -0.007168
v -0.000794 -0.001713 -0.005990
v -0.003962 -0.001753 -0.004486
v -0.012263 -0.006310 -0.008755
v -0.010392 -0.006085 -0.008325
v -0.012215 -0.005763 -0.005584
v -0.012798 -0.006309 -0.007418
v -0.008543 -0.004293 -0.007631
v -0.011358 -0.004710 -0.003805
v -0.013325 -0.005726 -0.008971
v -0.006715 -0.003206 -0.006952
v -0.009874 -0.003604 -0.002251
v -0.003960 -0.001909 -0.004474
v -0.005600 -0.002155 -0.001082
v -0.013934 -0.005191 0.000069
v -0.013522 -0.003977 -0.000133
v -0.013128 -0.004444 0.001985
v -0.013719 -0.005481 0.001233
v -0.011700 -0.002848 -0.000768
v -0.011227 -0.003461 0.002597
v -0.013993 -0.005864 0.000611
v -0.009017 -0.002560 -0.001085
v -0.008480 -0.003126 0.002766
v -0.005500 -0.002173 -0.000850
v -0.005707 -0.002441 0.002301
v -0.010040 -0.005993 0.007766
v -0.009835 -0.005046 0.006628
v -0.008812 -0.004717 0.008436
v -0.009511 -0.005808 0.008638
v -0.009020 -0.003815 0.005567
v -0.007347 -0.003531 0.008144
v -0.010177 -0.006798 0.008718
v -0.007545 -0.003044 0.004439
v -0.005169 -0.003162 0.007115
v -0.005405 -0.002475 0.002598
v -0.002926 -0.002843 0.004845
v -0.004887 -0.004805 0.015043
v -0.004514 -0.005275 0.012901
v -0.002299 -0.004980 0.014158
v -0.003804 -0.004563 0.015502
v -0.004012 -0.005050 0.010704
v -0.000646 -0.004721 0.011883
v -0.004991 -0.003651 0.016004
v -0.003723 -0.003611 0.008547
v 0.000406 -0.003675 0.009286
v -0.002810 -0.002883 0.004979
v 0.000630 -0.002931 0.005607
v 0.003461 -0.002128 0.003714
v 0.000622 -0.002418 0.005051
v 0.005162 -0.002048 0.000829
v 0.002433 -0.001432 -0.004791
v -0.000611 -0.001399 -0.005233
v -0.003588 -0.001547 -0.004061
v -0.004766 -0.001827 -0.000987
v -0.002527 -0.002170 0.004354
v 0.004653 -0.001831 -0.002402
v -0.004780 -0.002114 0.002426
v 0.014367 -0.005409 0.006698
v 0.014272 -0.005479 0.007031
v 0.014405 -0.005447 0.006905
v 0.014292 -0.005660 0.007030
v 0.014434 -0.005628 0.006882
v 0.014395 -0.005582 0.006643
v 0.014282 -0.005569 0.007030
v 0.014381 -0.005495 0.006670
v 0.015732 -0.002239 -0.001121
v 0.015722 -0.002249 -0.000589
v 0.015719 -0.002072 -0.000830
v 0.015847 -0.002373 -0.000605
v 0.015816 -0.002234 -0.000841
v 0.015851 -0.002369 -0.001108
v 0.015784 -0.002311 -0.000597
v 0.015792 -0.002303 -0.001115
v 0.005926 -0.006939 0.014169
v 0.005491 -0.006932 0.014342
v 0.005742 -0.006960 0.014488
v 0.005476 -0.007072 0.014236
v 0.005702 -0.007085 0.014360
v 0.005870 -0.007073 0.014069
v 0.005484 -0.007002 0.014289
v 0.005898 -0.007006 0.014119
v -0.004569 -0.003909 0.015763
v -0.004939 -0.003952 0.015641
v -0.004843 -0.003803 0.015778
v -0.004981 -0.004030 0.015801
v -0.004899 -0.003878 0.015940
v -0.004635 -0.003990 0.015916
v -0.004960 -0.003991 0.015721
v -0.004602 -0.003949 0.015840
v -0.010044 -0.006461 0.008738
v -0.010208 -0.006496 0.008431
v -0.010186 -0.006537 0.008659
v -0.010057 -0.006576 0.008386
v -0.010041 -0.006615 0.008585
v -0.009920 -0.006556 0.008652
v -0.010132 -0.006536 0.008409
v -0.009982 -0.006509 0.008695
v -0.013994 -0.005743 0.000826
v -0.014058 -0.005604 0.000419
v -0.014075 -0.005698 0.000668
v -0.013885 -0.005645 0.000417
v -0.013901 -0.005732 0.000624
v -0.013835 -0.005766 0.000750
v -0.013972 -0.005624 0.000418
v -0.013915 -0.005755 0.000788
v -0.013198 -0.005738 -0.008666
v -0.013077 -0.005765 -0.008937
v -0.013084 -0.005703 -0.008791
v -0.013125 -0.005936 -0.008921
v -0.013089 -0.005884 -0.008756
v -0.013208 -0.005914 -0.008663
v -0.013101 -0.005850 -0.008929
v -0.013203 -0.005826 -0.008665
v -0.006672 -0.004879 -0.014281
v -0.006138 -0.004828 -0.014601
v -0.006491 -0.005036 -0.014651
v -0.006056 -0.004980 -0.014576
v -0.006460 -0.005212 -0.014614
v -0.006680 -0.005043 -0.014217
v -0.006097 -0.004904 -0.014588
v -0.006676 -0.004961 -0.014249
v 0.000802 0.000899 -0.016330
v 0.001068 0.001026 -0.016218
v 0.000912 0.000937 -0.016218
v 0.001118 0.001003 -0.016387
v 0.000994 0.000903 -0.016375
v 0.000903 0.000883 -0.016475
v 0.001093 0.001014 -0.016303
v 0.000852 0.000891 -0.016403
v 0.010619 -0.003085 -0.012201
v 0.010841 -0.003076 -0.011942
v 0.010771 -0.003070 -0.012156
v 0.010903 -0.003248 -0.011944
v 0.010806 -0.003253 -0.012183
v 0.010622 -0.003265 -0.012248
v 0.010872 -0.003162 -0.011943
v 0.010621 -0.003175 -0.012225
v 0.003166 -0.003773 -0.000685
v 0.002781 -0.003630 -0.001626
v 0.002301 -0.003537 -0.002432
v 0.001564 -0.003542 -0.003028
v 0.000646 -0.003568 -0.003436
v -0.000408 -0.003471 -0.003392
v -0.001410 -0.003595 -0.003196
v -0.002188 -0.003501 -0.002610
v -0.002739 -0.003608 -0.001849
v -0.003106 -0.003680 -0.000814
v -0.003122 -0.003797 0.000055
v -0.002910 -0.003870 0.001102
v -0.002333 -0.003847 0.001967
v -0.001570 -0.003795 0.002493
v -0.000553 -0.003919 0.002846
v 0.000370 -0.003894 0.002851
v 0.001399 -0.003862 0.002553
v 0.002118 -0.003778 0.002079
v 0.002760 -0.003871 0.001155
v 0.003063 -0.003836 0.000360
v 0.000577 0.000000 -0.000463
v 0.000448 0.000000 -0.000618
v 0.000423 0.000000 -0.000638
v 0.000206 0.000000 -0.000773
v 0.000172 0.000000 -0.000786
v -0.000105 0.000000 -0.000690
v -0.000158 0.000000 -0.000692
v -0.000246 0.000000 -0.000750
v -0.000296 0.000000 -0.000735
v -0.000565 0.000000 -0.000578
v -0.000609 0.000000 -0.000548
v -0.000584 0.000000 -0.000365
v -0.000612 0.000000 -0.000329
v -0.000749 0.000000 -0.000217
v -0.000763 0.000000 -0.000177
v -0.000790 0.000000 0.000119
v -0.000791 0.000000 0.000179
v -0.000735 0.000000 0.000267
v -0.000718 0.000000 0.000325
v -0.000557 0.000000 0.000556
v -0.000402 0.000000 0.000583
v -0.000358 0.000000 0.000618
v -0.000167 0.000000 0.000793
v -0.000106 0.000000 0.000814
v 0.000051 0.000000 0.000746
v 0.000102 0.000000 0.000747
v 0.000302 0.000000 0.000662
v 0.000359 0.000000 0.000646
v 0.000521 0.000000 0.000625
v 0.000574 0.000000 0.000589
v 0.000657 0.000000 0.000340
v 0.000684 0.000000 0.000305
v 0.000728 0.000000 0.000276
v 0.000748 0.000000 0.000221
v 0.000757 0.000000 -0.000059
v 0.000702 0.000000 -0.000270
v 0.000690 0.000000 -0.000312
v 0.000606 0.000000 -0.000419
vn -0.5520 -0.6568 0.5137
vn -0.4662 -0.5410 0.7000
vn -0.3481 -0.7525 0.5591
vn -0.5010 -0.7166 0.4852
vn -0.7963 -0.5109 0.3239
vn -0.6159 -0.7522 0.2342
vn -0.7687 -0.6354 -0.0736
vn -0.6119 -0.7842 -0.1030
vn -0.9310 -0.3055 -0.1999
vn -0.6225 -0.7574 -0.1972
vn -0.7419 -0.5710 -0.3516
vn -0.6134 -0.7339 -0.2918
vn -0.5995 -0.4284 -0.6761
vn -0.5033 -0.6625 -0.5547
vn -0.3424 -0.5471 -0.7638
vn -0.2815 -0.6845 -0.6725
vn -0.1196 -0.4264 -0.8966
vn -0.1113 -0.7005 -0.7049
vn 0.2089 -0.5930 -0.7776
vn 0.1516 -0.6328 -0.7593
vn 0.4582 -0.4222 -0.7822
vn 0.3904 -0.6338 -0.6677
vn 0.5788 -0.5704 -0.5828
vn 0.4434 -0.7361 -0.5114
vn 0.7753 -0.5006 -0.3850
vn 0.6521 -0.6422 -0.4029
vn 0.7567 -0.6348 -0.1562
vn 0.6372 -0.7653 -0.0912
vn 0.9034 -0.4220 0.0761
vn 0.7146 -0.6864 0.1349
vn 0.7497 -0.5794 0.3197
vn 0.5602 -0.8029 0.2038
vn 0.5924 -0.5313 0.6056
vn 0.5517 -0.7069 0.4425
vn 0.3374 -0.6928 0.6373
vn 0.3235 -0.7682 0.5524
vn 0.1263 -0.5258 0.8412
vn 0.0940 -0.7292 0.6778
vn -0.1985 -0.6951 0.6910
vn -0.1457 -0.8202 0.5532
vn 0.0788 -0.9965 0.0260
vn 0.0575 -0.9914 0.1172
vn -0.0121 -0.9802 -0.1975
vn -0.1440 -0.9382 -0.3147
vn 0.2973 -0.9419 0.1565
vn -0.0717 -0.9850 -0.1572
vn 0.3533 -0.8432 -0.4051
vn 0.2555 -0.9466 -0.1967
vn -0.0184 -0.9998 -0.0070
vn -0.1155 -0.9845 0.1316
vn 0.3660 -0.9298 -0.0380
vn -0.0933 -0.9936 -0.0645
vn 0.2359 -0.8796 -0.4131
vn -0.0960 -0.6829 -0.7242
vn 0.2415 -0.7770 0.5814
vn 0.4594 -0.8878 -0.0270
vn 0.7705 0.4663 -0.4346
vn 0.4256 0.5706 -0.7023
vn 0.3093 0.3711 -0.8756
vn 0.7844 0.3539 -0.5094
vn 0.2144 0.6050 -0.7668
vn 0.2450 0.3777 -0.8929
vn -0.0771 0.5674 -0.8198
vn 0.0619 0.4254 -0.9029
vn -0.3702 0.5515 -0.7475
vn -0.4725 0.3992 -0.7858
vn -0.5412 0.5734 -0.6151
vn -0.5945 0.3622 -0.7179
vn -0.7523 0.4946 -0.4353
vn -0.7261 0.4162 -0.5473
vn -0.8579 0.5069 -0.0838
vn -0.9272 0.3688 0.0649
vn -0.8167 0.5194 0.2515
vn -0.9223 0.3384 0.1867
vn -0.6248 0.4752 0.6195
vn -0.9341 0.2871 0.2124
vn -0.5960 0.4591 0.6588
vn -0.6707 0.2182 0.7089
vn -0.4674 0.4947 0.7327
vn -0.2498 0.2968 0.9217
vn -0.0998 0.4799 0.8716
vn -0.1519 0.2088 0.9661
vn -0.0196 0.4665 0.8843
vn 0.0930 0.2398 0.9664
vn 0.2175 0.4138 0.8840
vn 0.3557 0.2938 0.8872
vn 0.5862 0.4662 0.6626
vn 0.5643 0.2748 0.7785
vn 0.7192 0.4374 0.5398
vn 0.8233 0.2791 0.4943
vn 0.8196 0.5024 0.2753
vn 0.9340 0.3371 0.1187
vn 0.7879 0.5208 -0.3285
vn 0.9301 0.3459 -0.1235
vn 0.8008 0.4936 -0.3392
vn 0.9461 0.2605 -0.1923
vn 0.5454 0.1806 -0.8185
vn 0.7880 0.1827 -0.5879
vn 0.1340 0.1675 -0.9767
vn 0.1219 0.1985 -0.9725
vn -0.0238 0.2056 -0.9783
vn -0.7710 0.0634 -0.6337
vn -0.9130 0.1337 -0.3855
vn -0.9596 0.1389 -0.2447
vn -0.9769 0.0789 0.1986
vn -0.8597 0.0100 0.5107
vn -0.5790 0.0379 0.8145
vn -0.4156 0.0568 0.9078
vn -0.1904 0.0411 0.9808
vn 0.3419 -0.0307 0.9392
vn 0.2828 0.0424 0.9582
vn 0.6350 0.0822 0.7681
vn 0.8749 0.0695 0.4792
vn 0.9022 0.1517 0.4038
vn 0.9856 0.1135 -0.1255
vn 0.9126 0.1038 -0.3955
vn -0.4363 -0.8616 0.2594
vn -0.3390 -0.9197 0.1981
vn 0.0382 -0.9952 -0.0896
vn -0.0415 -0.9960 -0.0789
vn -0.3002 -0.9538 -0.0096
vn 0.2492 -0.9631 -0.1014
vn -0.3441 -0.8941 0.2867
vn 0.2590 -0.6972 0.6685
vn -0.4052 -0.7376 -0.5402
vn -0.4929 -0.8699 0.0165
vn 0.0581 -0.8913 -0.4496
vn -0.4932 -0.6710 -0.5536
vn 0.1887 -0.8401 -0.5085
vn 0.0465 -0.8581 -0.5113
vn 0.6087 -0.7152 -0.3435
vn -0.0176 -0.8503 -0.5260
vn -0.0633 -0.9972 -0.0387
vn -0.0313 -0.9974 -0.0648
vn 0.0013 -0.9966 -0.0826
vn 0.6477 -0.7586 0.0710
vn 0.1561 -0.6846 -0.7120
vn 0.2428 -0.9700 0.0146
vn 0.0242 -0.9965 -0.0806
vn 0.4696 -0.8698 0.1516
vn 0.7302 -0.6173 -0.2929
vn 0.3732 -0.9265 0.0473
vn 0.1688 -0.7794 0.6033
vn -0.0801 -0.9841 -0.1585
vn 0.1027 -0.9808 0.1659
vn 0.5974 -0.7996 0.0612
vn -0.2975 -0.8331 0.4662
vn -0.1068 -0.8841 0.4550
vn 0.4318 -0.7283 0.5321
vn -0.2831 -0.9048 0.3181
vn -0.0870 -0.9359 0.3414
vn -0.5398 -0.7616 0.3585
vn 0.0522 -0.9731 -0.2246
vn 0.1088 -0.9258 -0.3620
vn -0.7907 -0.5941 -0.1477
vn -0.3909 -0.7896 0.4730
vn -0.4406 -0.8694 -0.2235
vn -0.0244 -0.9961 -0.0851
vn -0.4654 -0.8411 -0.2758
vn -0.6107 -0.6582 0.4403
vn -0.3097 -0.8904 -0.3336
vn -0.4054 -0.8727 -0.2722
vn -0.0021 -0.5799 -0.8147
vn 0.0491 -0.9987 0.0100
vn -0.0763 -0.9911 -0.1088
vn 0.0911 -0.9932 0.0726
vn -0.0854 -0.9300 -0.3576
vn -0.5956 -0.7810 -0.1877
vn -0.0913 -0.9138 -0.3958
vn 0.1742 -0.7049 -0.6876
vn 0.6949 -0.7172 -0.0521
vn 0.0484 -0.9345 -0.3526
vn -0.6259 -0.6697 -0.3997
vn 0.7363 -0.6332 0.2384
vn 0.1811 -0.9503 -0.2533
vn -0.5971 -0.7154 -0.3629
vn 0.0492 -0.9886 0.1425
vn 0.6430 -0.4548 0.6162
vn -0.7571 -0.6437 -0.1116
vn -0.0688 -0.8014 0.5942
vn 0.4508 -0.1944 0.8712
vn -0.8149 -0.5287 0.2375
vn 0.3967 -0.8378 0.3751
vn 0.1182 -0.9842 -0.1315
vn -0.1837 -0.7782 -0.6005
vn 0.4953 -0.7802 0.3820
vn 0.4603 -0.8648 -0.2006
vn 0.0818 -0.7757 -0.6258
vn 0.7529 -0.5870 -0.2975
vn 0.7458 -0.6314 0.2122
vn 0.3576 -0.7412 -0.5681
vn 0.7996 -0.4347 -0.4144
vn 0.8403 -0.5361 0.0805
vn 0.4220 -0.7251 -0.5442
vn 0.1615 -0.6695 0.7251
vn 0.2728 -0.9464 -0.1730
vn 0.0275 -0.4316 -0.9016
vn 0.0722 -0.6800 0.7297
vn 0.2003 -0.9566 -0.2118
vn -0.0898 -0.3453 -0.9342
vn 0.5834 -0.7634 -0.2772
vn 0.4326 -0.7885 0.4372
vn 0.2215 -0.4535 -0.8633
vn 0.9403 -0.2232 -0.2568
vn 0.8010 -0.5933 0.0800
vn 0.6539 -0.4271 -0.6245
vn 0.0218 -0.7810 0.6241
vn 0.3666 -0.9147 0.1698
vn 0.6200 -0.6330 -0.4636
vn -0.0580 -0.8189 0.5709
vn 0.4267 -0.8774 0.2192
vn 0.6441 -0.6920 -0.3261
vn 0.3294 -0.8827 0.3351
vn -0.1423 -0.8858 0.4417
vn 0.4592 -0.8736 -0.1611
vn 0.0878 -0.9952 0.0423
vn -0.4331 -0.8958 0.0997
vn -0.0860 -0.9262 -0.3670
vn -0.4799 -0.7785 0.4045
vn 0.1247 -0.9528 0.2767
vn 0.6272 -0.7713 -0.1081
vn -0.5968 -0.6706 0.4406
vn 0.2420 -0.8874 0.3925
vn 0.7659 -0.5846 -0.2676
vn 0.3327 -0.8639 0.3782
vn -0.6216 -0.6893 0.3720
vn 0.7915 -0.4782 -0.3806
vn 0.2029 -0.9514 0.2315
vn -0.8469 -0.5224 0.0993
vn 0.6995 -0.3794 -0.6056
vn -0.3118 -0.9334 0.1777
vn 0.1460 -0.9857 0.0844
vn 0.6331 -0.7724 0.0513
vn -0.0903 -0.9640 -0.2500
vn 0.3300 -0.9191 -0.2153
vn 0.6709 -0.6577 -0.3425
vn 0.4304 -0.7134 -0.5530
vn -0.0794 -0.7042 -0.7055
vn 0.7630 -0.2810 -0.5822
vn 0.5325 -0.3461 -0.7724
vn 0.0263 -0.2824 -0.9589
vn 0.7348 0.1061 -0.6699
vn -0.5913 -0.7126 -0.3776
vn -0.0200 -0.9806 0.1952
vn 0.5770 -0.5902 0.5646
vn -0.5219 -0.6561 -0.5451
vn -0.0472 -0.9858 0.1609
vn 0.6692 -0.5675 0.4797
vn -0.1327 -0.9820 0.1344
vn -0.5584 -0.6164 -0.5552
vn 0.6713 -0.6237 0.4003
vn 0.1708 -0.9780 -0.1195
vn -0.3144 -0.4820 -0.8178
vn 0.8992 -0.4034 0.1695
vn -0.1710 -0.7046 -0.6887
vn -0.1321 -0.9855 -0.1069
vn -0.0812 -0.8265 0.5571
vn -0.0033 -0.6803 -0.7329
vn -0.0882 -0.9897 -0.1130
vn -0.0136 -0.8287 0.5595
vn -0.0688 -0.9917 -0.1085
vn 0.1757 -0.8059 -0.5654
vn 0.0794 -0.9036 0.4210
vn 0.4830 -0.8749 -0.0348
vn 0.7756 -0.5489 -0.3116
vn 0.7192 -0.6036 0.3442
vn 0.4069 -0.3760 -0.8325
vn -0.3471 -0.8684 -0.3542
vn -0.5936 -0.5209 0.6134
vn 0.5230 -0.3138 -0.7925
vn -0.2541 -0.9004 -0.3533
vn -0.5385 -0.5598 0.6297
vn -0.1254 -0.9487 -0.2901
vn 0.3739 -0.3544 -0.8571
vn -0.2598 -0.7024 0.6627
vn 0.1567 -0.9788 -0.1322
vn 0.5162 -0.3678 -0.7735
vn 0.1345 -0.6485 0.7492
vn -0.0955 -0.9868 -0.1307
vn 0.1363 -0.9875 0.0791
vn 0.1803 -0.9785 -0.0999
vn -0.0811 -0.9967 0.0100
vn -0.0764 -0.9769 -0.1995
vn 0.0921 -0.9947 0.0447
vn -0.0416 -0.9945 -0.0956
vn 0.0036 -0.9942 0.1076
vn 0.0066 -0.9630 -0.2693
vn 0.0553 -0.9957 0.0740
vn 0.0675 -0.9940 -0.0865
vn -0.0257 -0.9983 0.0526
vn 0.0689 -0.9777 -0.1982
vn 0.0282 -0.9991 0.0304
vn -0.0903 -0.9686 -0.2315
vn -0.0932 -0.9922 0.0825
vn 0.1087 -0.9771 -0.1829
vn -0.2743 -0.9615 0.0186
vn 0.0420 -0.9876 0.1512
vn -0.2064 -0.9779 0.0340
vn -0.0103 -0.9998 -0.0156
vn -0.0802 -0.9676 -0.2395
vn 0.6432 0.1194 -0.7563
vn 0.7584 0.1005 -0.6440
vn 0.7750 0.1038 -0.6234
vn 0.1079 0.1464 -0.9833
vn 0.5133 0.1353 -0.8475
vn 0.0553 0.1071 -0.9927
vn -0.2936 0.1326 -0.9467
vn -0.0704 0.1148 -0.9909
vn 0.4260 0.0646 -0.9024
vn -0.8891 0.1228 -0.4409
vn -0.5025 0.1351 -0.8540
vn -0.9174 0.0694 -0.3918
vn -0.9945 0.0760 0.0718
vn -0.9058 0.0595 -0.4196
vn -0.6687 0.0499 -0.7418
vn -0.9743 0.0593 0.2174
vn -0.9946 0.0601 -0.0846
vn -0.8444 0.0318 0.5348
vn -0.8684 0.0532 0.4929
vn -0.5594 -0.0036 0.8289
vn -0.4594 -0.0376 0.8874
vn -0.2353 -0.0185 0.9717
vn -0.1794 -0.0107 0.9837
vn -0.6449 -0.0534 0.7624
vn 0.3696 0.0061 0.9292
vn 0.3605 0.0373 0.9320
vn 0.2926 -0.0375 0.9555
vn 0.3782 -0.0262 0.9253
vn 0.6340 0.0190 0.7731
vn 0.1938 -0.0497 0.9798
vn 0.8622 0.0452 0.5046
vn 0.9387 0.0887 0.3331
vn 0.9220 0.0322 0.3859
vn 0.7296 -0.0085 0.6838
vn 0.9911 0.0770 -0.1083
vn 0.9638 0.0832 -0.2534
vn 0.8976 0.0967 -0.4301
vn 0.7907 0.1070 -0.6028
vn 0.1459 -0.9855 -0.0869
vn -0.0458 -0.9742 -0.2211
vn 0.2082 -0.9754 0.0722
vn -0.1288 -0.9802 -0.1505
vn 0.0302 -0.9949 0.0964
vn -0.1438 -0.9671 -0.2100
vn -0.0445 -0.9967 0.0682
vn 0.0697 -0.9709 -0.2291
vn -0.0422 -0.9941 0.0996
vn 0.1356 -0.9780 -0.1588
vn -0.1393 -0.9799 0.1427
vn 0.0100 -0.9864 -0.1640
vn -0.1214 -0.9925 0.0169
vn 0.0504 -0.9874 -0.1499
vn -0.0920 -0.9953 -0.0317
vn 0.0480 -0.9924 -0.1134
vn -0.0681 -0.9976 -0.0079
vn 0.0693 -0.9779 -0.1974
vn 0.6301 -0.6635 -0.4034
vn 0.5071 -0.8468 -0.1606
vn 0.3730 -0.8476 -0.3774
vn 0.3362 -0.7812 -0.5260
vn 0.0645 -0.8677 -0.4929
vn -0.0710 -0.7170 -0.6935
vn -0.2129 -0.8398 -0.4994
vn -0.4749 -0.7396 -0.4770
vn -0.4807 -0.8103 -0.3350
vn -0.6595 -0.7262 -0.1940
vn -0.4149 -0.9082 -0.0551
vn -0.4509 -0.8775 0.1632
vn -0.2820 -0.9018 0.3275
vn -0.2962 -0.7949 0.5296
vn -0.1081 -0.9129 0.3936
vn 0.0978 -0.8470 0.5225
vn 0.2582 -0.8666 0.4270
vn 0.4394 -0.7822 0.4417
vn 0.3602 -0.9085 0.2120
vn 0.4728 -0.8788 0.0650
vn 0.3711 -0.8278 -0.4207
vn -0.0558 -0.9868 -0.1517
vn -0.4948 -0.8630 0.1022
vn 0.4194 -0.8380 -0.3491
vn -0.1203 -0.9278 -0.3531
vn -0.5247 -0.8504 0.0400
vn -0.2099 -0.7310 -0.6493
vn 0.3569 -0.7849 -0.5065
vn -0.6659 -0.6977 -0.2642
vn -0.2171 -0.7139 -0.6657
vn 0.1082 -0.8453 -0.5232
vn -0.4662 -0.7930 -0.3921
vn -0.7324 0.1015 0.6733
vn 0.2169 0.7149 0.6647
vn 0.2097 0.7313 0.6490
vn -0.6602 0.3163 0.6812
vn 0.9469 -0.0883 0.3092
vn 0.9174 0.1312 0.3756
vn 0.1204 0.9279 0.3529
vn -0.6931 0.4534 0.5604
vn 0.8936 0.4488 -0.0114
vn 0.0549 0.9871 0.1503
vn -0.7395 0.4929 0.4584
vn 0.7655 0.5352 -0.3571
vn -0.7693 0.3947 0.5024
vn 0.0843 0.9306 0.3562
vn 0.7505 0.5382 -0.3835
vn -0.4384 0.8849 0.1571
vn -0.5489 0.7416 0.3856
vn 0.2825 0.9586 -0.0362
vn 0.3933 0.8918 -0.2236
vn -0.3323 0.8819 0.3344
vn 0.4397 0.8927 -0.0989
vn -0.3109 0.8293 0.4644
vn 0.2754 0.9096 -0.3110
vn -0.0439 0.8956 0.4426
vn 0.0608 0.9191 -0.3893
vn 0.0561 0.7893 0.6115
vn -0.0934 0.9501 -0.2975
vn 0.1848 0.8755 0.4464
vn -0.1873 0.9140 -0.3599
vn 0.4269 0.8035 0.4149
vn -0.3068 0.9311 -0.1973
vn 0.4107 0.8556 0.3152
vn -0.3692 0.9223 -0.1145
vn 0.5890 0.7887 0.1764
vn -0.4510 0.8874 -0.0956
vn 0.3585 0.9325 0.0430
vn -0.5124 0.8556 0.0734
vn 0.4047 0.9045 -0.1344
vn -0.4355 0.8678 0.2392
vn 0.2358 0.9313 -0.2777
vn -0.2586 0.9122 0.3179
vn 0.2491 0.8591 -0.4471
vn -0.1435 0.9040 0.4027
vn 0.0936 0.9417 -0.3231
vn -0.0417 0.9042 0.4251
vn -0.0843 0.8989 -0.4300
vn 0.1369 0.9004 0.4129
vn -0.2274 0.9049 -0.3598
vn 0.2085 0.8998 0.3832
vn -0.3663 0.8519 -0.3744
vn 0.1952 0.9191 0.3422
vn -0.2979 0.9339 -0.1976
vn 0.3526 0.8769 0.3266
vn -0.4059 0.9112 -0.0700
vn 0.5369 0.8340 0.1270
vn -0.0288 0.7364 0.6759
vn -0.1571 0.9790 0.1301
vn 0.1265 0.9485 0.2905
vn 0.0922 0.6677 0.7387
vn 0.2843 0.9117 -0.2967
vn 0.5345 0.8391 -0.1016
vn 0.2529 0.9009 0.3527
vn 0.1142 0.6937 0.7112
vn 0.5689 0.8207 0.0529
vn 0.3435 0.8710 0.3513
vn 0.0103 0.7542 0.6566
vn 0.4467 0.8827 -0.1456
vn -0.1523 0.6332 0.7589
vn 0.4619 0.8440 0.2726
vn 0.4918 0.6876 -0.5342
vn 0.0112 0.4906 0.8713
vn -0.4861 0.8732 0.0357
vn 0.0704 0.9916 0.1085
vn 0.2378 0.3820 0.8930
vn 0.1913 0.6594 -0.7270
vn 0.4009 0.5476 -0.7344
vn 0.0876 0.9897 0.1130
vn 0.1870 0.5130 0.8378
vn 0.2450 0.6948 -0.6762
vn 0.1360 0.9850 0.1065
vn 0.0092 0.5456 0.8380
vn -0.1162 0.7187 -0.6855
vn 0.1266 0.4506 0.8837
vn 0.4959 0.8682 -0.0162
vn 0.0045 0.5768 -0.8169
vn 0.3999 0.8976 0.1856
vn -0.1711 0.9779 0.1200
vn 0.1352 0.9814 -0.1364
vn 0.6617 0.7463 0.0721
vn -0.3057 0.8419 -0.4447
vn -0.2431 0.7622 -0.6000
vn 0.0468 0.9859 -0.1606
vn 0.5872 0.7991 0.1289
vn -0.3801 0.7459 -0.5469
vn 0.0191 0.9808 -0.1942
vn 0.4741 0.8111 0.3426
vn -0.5017 0.6890 -0.5230
vn 0.5274 0.6767 0.5137
vn 0.3494 0.8926 -0.2850
vn -0.3750 0.6321 -0.6781
vn 0.4191 0.6934 0.5862
vn -0.5272 0.3501 0.7743
vn -0.4288 0.7189 0.5472
vn 0.5790 0.7206 0.3815
vn -0.9918 0.1172 -0.0519
vn -0.9876 0.1510 -0.0433
vn -0.3284 0.9216 0.2067
vn 0.7290 0.6793 0.0841
vn -0.9878 0.1216 -0.0975
vn -0.1466 0.9851 -0.0901
vn 0.7674 0.6411 0.0089
vn -0.9486 0.2912 -0.1239
vn 0.8608 0.5081 0.0281
vn 0.1066 0.8900 -0.4433
vn -0.8421 0.4300 -0.3256
vn -0.0577 0.8198 -0.5698
vn -0.2010 0.9514 -0.2334
vn -0.3339 0.8630 -0.3791
vn 0.1370 0.7487 -0.6486
vn -0.5135 0.7989 -0.3133
vn -0.7793 0.5844 -0.2260
vn -0.2410 0.8886 -0.3903
vn 0.3797 0.7469 -0.5459
vn -0.7743 0.6271 -0.0846
vn -0.1219 0.9550 -0.2704
vn 0.6878 0.6197 -0.3781
vn -0.7713 0.5953 0.2252
vn 0.7724 0.5405 -0.3335
vn -0.0992 0.9829 -0.1552
vn -0.7489 0.5046 0.4296
vn 0.2453 0.3145 -0.9170
vn -0.0759 0.9956 -0.0556
vn -0.3306 0.8821 -0.3355
vn 0.1646 0.2534 -0.9533
vn -0.8654 0.4072 0.2920
vn -0.9295 0.2771 0.2435
vn -0.4266 0.8775 -0.2191
vn 0.0158 0.4306 -0.9024
vn -0.8623 0.3341 0.3806
vn -0.3658 0.9155 -0.1675
vn 0.1033 0.6628 -0.7416
vn -0.6109 0.4963 0.6168
vn 0.2751 0.6490 -0.7093
vn -0.4565 0.8774 -0.1475
vn -0.3361 0.5327 0.7767
vn -0.7513 -0.1248 -0.6480
vn -0.9398 0.2263 0.2560
vn -0.5882 0.7596 0.2775
vn -0.7409 0.4468 -0.5014
vn -0.4624 -0.4946 0.7359
vn -0.5703 0.0763 0.8179
vn -0.2055 0.9553 0.2127
vn -0.3673 0.8850 -0.2861
vn -0.3267 0.6691 0.6675
vn -0.2700 0.9472 0.1728
vn -0.1106 0.8971 -0.4278
vn -0.0967 0.7242 0.6828
vn -0.2394 0.6663 -0.7062
vn -0.4497 0.8928 0.0271
vn -0.1537 0.5676 0.8088
vn -0.9021 -0.2522 -0.3502
vn -0.8009 0.4347 0.4119
vn -0.7510 0.5889 0.2988
vn -0.8872 -0.0693 -0.4562
vn -0.0197 0.1378 0.9903
vn -0.0500 0.2589 0.9646
vn -0.4596 0.8651 0.2009
vn -0.7870 0.3185 -0.5283
vn 0.1001 0.4469 0.8890
vn -0.1170 0.9845 0.1308
vn -0.6414 0.5554 -0.5293
vn 0.4273 0.5415 0.7240
vn -0.5431 0.6554 -0.5249
vn -0.2384 0.8806 0.4095
vn 0.5215 0.4465 0.7271
vn -0.6249 0.6256 -0.4671
vn 0.0659 0.8068 -0.5871
vn -0.0568 0.9901 -0.1283
vn -0.6384 0.7521 -0.1637
vn 0.4657 0.8849 0.0074
vn 0.3780 0.8819 0.2818
vn -0.1819 0.9487 0.2587
vn -0.8018 0.5926 0.0765
vn 0.4875 0.7397 0.4639
vn -0.0489 0.9328 0.3571
vn -0.7712 0.6262 0.1146
vn 0.6776 0.6468 0.3500
vn -0.8381 0.5454 0.0092
vn -0.0573 0.8881 0.4561
vn 0.8169 0.5128 0.2640
vn 0.3378 0.8734 0.3509
vn -0.0609 0.9979 -0.0202
vn -0.0924 0.9925 -0.0798
vn 0.0896 0.9159 0.3912
vn -0.0021 0.9979 0.0645
vn 0.0598 0.7496 0.6592
vn -0.5536 0.7056 -0.4423
vn -0.3233 0.7685 -0.5521
vn 0.0466 0.9944 0.0952
vn -0.5728 0.7920 -0.2112
vn 0.0092 0.9967 0.0802
vn -0.7153 0.6855 -0.1358
vn -0.2547 0.9615 0.1028
vn -0.6385 0.7641 0.0922
vn 0.0250 0.9955 0.0912
vn -0.0624 0.9690 0.2390
vn -0.3907 0.6350 0.6664
vn -0.4450 0.7343 0.5126
vn -0.1114 0.9219 0.3711
vn -0.1490 0.6379 0.7556
vn 0.0155 0.9744 0.2242
vn 0.1139 0.6952 0.7097
vn 0.0830 0.9827 0.1654
vn 0.0968 0.9819 0.1631
vn 0.6157 0.7328 0.2896
vn 0.5042 0.6618 0.5548
vn 0.0041 0.9962 0.0868
vn 0.6292 0.7513 0.1993
vn 0.1021 0.9927 0.0647
vn 0.6146 0.7820 0.1033
vn 0.1225 0.9834 -0.1342
vn 0.0736 0.9971 0.0177
vn 0.3503 0.7502 -0.5607
vn 0.5022 0.7201 -0.4789
vn 0.0343 0.9984 0.0443
vn 0.1460 0.8170 -0.5579
vn -0.0951 0.7278 -0.6792
vn 0.5020 0.8336 0.2304
vn 0.3979 0.8772 0.2688
vn 0.2962 0.9551 0.0106
vn 0.3272 0.8690 -0.3713
vn 0.4335 0.8659 -0.2497
vn -0.0300 0.9352 -0.3529
vn 0.0780 0.9467 -0.3125
vn -0.2959 0.9411 -0.1639
vn -0.0746 0.9971 -0.0166
vn -0.3711 0.9286 0.0072
vn -0.3496 0.9360 -0.0403
vn -0.3546 0.9341 0.0418
vn -0.2289 0.7882 0.5713
vn -0.3521 0.8485 0.3950
vn -0.0423 0.8622 0.5048
vn -0.0450 0.9945 0.0941
vn -0.6473 0.6474 0.4024
vn 0.4797 0.8490 -0.2215
vn 0.0323 0.9995 0.0012
vn 0.6177 0.7510 -0.2334
vn -0.4228 0.8887 0.1772
vn 0.1480 0.9362 0.3187
vn 0.2816 0.6852 0.6717
vn 0.4667 0.5460 -0.6958
vn 0.1968 0.7088 -0.6774
vn -0.1266 0.5424 -0.8305
vn -0.3304 0.7083 -0.6238
vn -0.5831 0.5520 -0.5960
vn -0.7326 0.6060 -0.3100
vn -0.8933 0.4437 -0.0711
vn -0.7441 0.6492 0.1575
vn -0.7634 0.5214 0.3813
vn -0.5661 0.5940 0.5716
vn -0.4551 0.4388 0.7748
vn -0.2059 0.6081 0.7667
vn 0.1191 0.4483 0.8859
vn 0.3394 0.5622 0.7542
vn 0.5939 0.4449 0.6704
vn 0.7320 0.5879 0.3444
vn 0.9287 0.3119 0.2003
vn 0.7594 0.6464 0.0738
vn 0.7961 0.5141 -0.3193
vn 0.5512 0.6655 -0.5033
vn 0.0115 -0.9959 -0.0900
vn -0.8580 -0.4567 0.2350
vn -0.9196 -0.2951 0.2594
vn 0.8724 -0.4758 -0.1122
vn 0.7783 -0.6177 -0.1128
vn -0.8619 -0.2752 0.4260
vn 0.9284 -0.2713 -0.2540
vn -0.8800 -0.2526 0.4023
vn 0.8115 -0.1938 -0.5513
vn -0.9453 -0.2164 0.2441
vn 0.6381 -0.1419 -0.7568
vn 0.0740 0.0585 0.9955
vn -0.1140 -0.0035 0.9935
vn 0.6476 0.3655 -0.6686
vn 0.5498 0.4016 -0.7325
vn -0.3051 0.0849 0.9485
vn 0.7717 0.3348 -0.5407
vn -0.4149 0.1552 0.8965
vn 0.6124 0.3396 -0.7139
vn -0.5078 0.0514 0.8600
vn 0.3733 0.1593 -0.9139
vn 0.5184 -0.0872 0.8507
vn 0.2226 -0.3265 0.9186
vn 0.4040 -0.1461 -0.9030
vn 0.6806 0.0740 -0.7289
vn 0.1174 -0.2370 0.9644
vn 0.1670 -0.0028 -0.9860
vn -0.0549 -0.2414 0.9689
vn -0.2076 -0.0606 -0.9763
vn -0.1884 -0.2363 0.9532
vn -0.2657 -0.0566 -0.9624
vn 0.9155 0.3178 0.2468
vn 0.9380 0.1178 0.3260
vn -0.5699 0.0953 -0.8162
vn -0.4273 0.2392 -0.8719
vn 0.8888 0.1454 0.4346
vn -0.6373 0.0467 -0.7692
vn 0.7483 0.1523 0.6457
vn -0.7687 0.0221 -0.6392
vn 0.5567 0.0040 0.8307
vn -0.7963 0.0755 -0.6002
vn 0.8231 0.5641 -0.0657
vn 0.9436 0.2948 -0.1510
vn -0.7552 -0.3917 -0.5256
vn -0.7393 -0.0979 -0.6662
vn 0.9846 0.0358 -0.1713
vn -0.7807 -0.5770 -0.2400
vn 0.9950 -0.0898 0.0447
vn -0.8532 -0.5185 0.0572
vn 0.9207 -0.1154 0.3728
vn -0.9678 -0.2512 0.0136
vn 0.4746 0.2852 -0.8327
vn 0.6669 0.1736 -0.7247
vn -0.9941 -0.0533 0.0945
vn -0.9832 0.1285 -0.1299
vn 0.8206 0.0744 -0.5666
vn -0.9626 -0.0630 0.2635
vn 0.9333 -0.0657 -0.3531
vn -0.8914 -0.1053 0.4409
vn 0.9668 -0.1565 -0.2020
vn -0.7386 -0.2351 0.6318
vn 0.0863 -0.5178 -0.8511
vn 0.4492 -0.4717 -0.7587
vn -0.7211 -0.4844 0.4953
vn -0.9099 -0.3045 0.2817
vn 0.4904 -0.2296 -0.8407
vn -0.6096 -0.4043 0.6819
vn 0.5220 -0.0005 -0.8529
vn -0.3312 -0.3663 0.8696
vn 0.6919 0.0406 -0.7209
vn -0.1057 -0.2229 0.9691
vn -0.1202 -0.3896 -0.9131
vn -0.3765 0.0121 -0.9263
vn -0.1311 -0.4631 0.8766
vn 0.1821 -0.7736 0.6069
vn -0.3137 0.3441 -0.8850
vn -0.1681 -0.0383 0.9850
vn -0.0574 0.3075 -0.9498
vn 0.0472 0.0279 0.9985
vn -0.0956 0.1196 -0.9882
vn 0.0335 -0.0643 0.9974
vn -0.3337 -0.6951 -0.6368
vn -0.4117 -0.5566 -0.7216
vn 0.4956 -0.2690 0.8259
vn 0.5740 -0.2750 0.7713
vn -0.5003 -0.3141 -0.8069
vn 0.4184 -0.2482 0.8737
vn -0.5842 -0.1574 -0.7962
vn 0.5868 -0.1832 0.7887
vn -0.4209 -0.1133 -0.9000
vn 0.8056 -0.1969 0.5588
vn -0.9340 0.2383 -0.2661
vn -0.9731 0.1098 -0.2027
vn 0.7161 0.3264 0.6169
vn 0.6299 0.6101 0.4806
vn -0.9840 -0.0108 -0.1778
vn 0.8531 0.1373 0.5033
vn -0.9736 -0.0691 -0.2175
vn 0.9765 -0.0558 0.2082
vn -0.9362 -0.0324 -0.3499
vn 0.9948 -0.0968 -0.0324
vn 0.8286 0.1178 0.5473
vn 0.1818 0.0491 0.9821
vn 0.9553 0.1214 0.2697
vn 0.6254 0.1050 -0.7732
vn 0.0584 0.2645 -0.9626
vn -0.6974 0.2643 -0.6661
vn -0.9873 0.1216 0.1025
vn -0.4365 0.0266 0.8993
vn 0.9426 0.1720 -0.2863
vn -0.9755 0.2183 0.0275
vn 0.6797 -0.3650 -0.6362
vn 0.7031 -0.7078 0.0687
vn 0.3839 -0.9214 -0.0598
vn 0.3065 -0.6079 0.7325
vn -0.1694 0.7255 0.6671
vn -0.0113 0.9849 0.1725
vn -0.3862 0.9207 0.0562
vn 0.1377 0.9162 -0.3764
vn 0.8829 0.3517 0.3110
vn 0.1232 0.0113 0.9923
vn 0.6041 0.3269 -0.7268
vn 0.9537 -0.1730 -0.2460
vn 0.9858 -0.1509 0.0731
vn 0.7663 -0.6425 0.0021
vn 0.9060 -0.1957 0.3752
vn -0.2182 0.5462 0.8087
vn -0.3008 0.9510 0.0723
vn -0.7716 0.6361 -0.0029
vn -0.0519 0.7157 -0.6965
vn 0.6299 0.7645 0.1367
vn 0.4078 0.2959 0.8638
vn 0.5634 0.4437 -0.6969
vn 0.2253 -0.9405 -0.2544
vn -0.1106 -0.9818 -0.1543
vn -0.1937 -0.8063 -0.5589
vn -0.4563 -0.8855 -0.0875
vn -0.6582 0.2770 0.7000
vn 0.2358 0.4435 0.8647
vn 0.1939 0.8076 0.5570
vn 0.9344 0.1419 0.3267
vn 0.1407 -0.5851 0.7987
vn -0.8059 -0.3006 0.5100
vn 0.8870 -0.4496 0.1053
vn 0.3100 -0.1097 0.9444
vn -0.3200 -0.3563 0.8779
vn -0.1588 -0.6645 0.7302
vn -0.8068 -0.4157 0.4198
vn -0.5855 0.4792 -0.6538
vn -0.0080 0.8696 -0.4936
vn 0.1625 0.6587 -0.7346
vn 0.5856 0.8044 -0.0999
vn -0.4504 0.7119 0.5388
vn -0.9741 0.0858 -0.2090
vn 0.6412 0.5295 0.5554
vn 0.8310 -0.5307 0.1666
vn 0.6430 -0.7298 -0.2324
vn 0.8063 -0.4126 -0.4239
vn 0.3361 -0.7341 -0.5900
vn -0.9391 -0.1979 -0.2809
vn -0.8353 -0.0009 0.5498
vn -0.8078 0.4123 0.4213
vn -0.1162 0.1410 0.9832
vn -0.2450 -0.8850 0.3959
vn -0.5106 -0.6194 -0.5963
vn 0.4335 -0.2204 0.8738
vn 0.7862 -0.6172 0.0318
vn 0.7577 -0.5911 -0.2768
vn 0.9796 0.0195 -0.2001
vn 0.6545 -0.5104 -0.5579
vn -0.7554 -0.3690 -0.5415
vn -0.7885 -0.6138 0.0384
vn -0.9797 -0.0138 0.2001
vn -0.5122 -0.6129 0.6017
vn -0.1572 -0.6111 -0.7758
vn -0.0256 -0.9808 -0.1932
vn 0.1109 -0.8674 0.4850
vn -0.7285 -0.6834 0.0480
vn -0.5894 -0.7736 -0.2328
vn -0.3090 -0.9507 0.0279
vn -0.3040 -0.7872 -0.5365
vn 0.3761 0.4291 -0.8212
vn -0.1181 0.9456 -0.3030
vn 0.3045 0.9524 -0.0120
vn -0.5971 0.6784 0.4280
vn -0.7763 0.1903 -0.6009
vn 0.1247 -0.1263 -0.9841
vn -0.9314 0.0642 0.3582
vn -0.8187 -0.5734 0.0304
vn -0.1507 -0.8803 -0.4498
vn 0.0945 -0.9950 0.0309
vn 0.6076 -0.4634 -0.6450
vn -0.0233 0.8051 -0.5927
vn -0.3008 0.8172 -0.4916
vn -0.0891 0.9956 -0.0302
vn -0.5451 0.7837 -0.2979
vn -0.4345 -0.0660 -0.8982
vn 0.4777 0.1149 -0.8710
vn -0.9893 -0.0050 -0.1458
vn -0.0551 -0.0335 -0.9979
vn 0.3520 0.1698 -0.9205
vn 0.4895 -0.2307 -0.8409
vn 0.6945 0.3072 -0.6506
vn 0.3117 0.6846 0.6589
vn -0.5278 0.6116 0.5894
vn -0.4807 0.2335 0.8452
vn -0.9884 0.1383 0.0635
vn -0.2187 0.9015 -0.3735
vn 0.6810 0.7245 0.1062
vn -0.8130 0.0844 -0.5761
vn -0.0693 -0.3930 -0.9169
vn 0.6040 -0.4978 -0.6224
vn 0.3876 -0.8514 -0.3533
vn 0.9451 -0.3261 0.0187
vn 0.2981 0.8971 0.3261
vn -0.0845 0.9964 0.0032
vn -0.3930 0.8473 0.3572
vn -0.4467 0.8351 -0.3211
vn 0.5471 0.5281 -0.6494
vn 0.9179 0.3282 0.2232
vn -0.3372 0.2335 -0.9120
vn -0.0000 1.0000 -0.0000
vt 0.639101 0.545180
vt 0.618485 0.586098
vt 0.631372 0.595567
vt 0.654115 0.550134
vt 0.646516 0.499932
vt 0.662494 0.500049
vt 0.639078 0.454760
vt 0.654136 0.449950
vt 0.618477 0.413817
vt 0.631472 0.404503
vt 0.585947 0.381582
vt 0.595311 0.368833
vt 0.545216 0.360522
vt 0.550230 0.345337
vt 0.499898 0.353620
vt 0.500027 0.337882
vt 0.454632 0.360646
vt 0.449749 0.345355
vt 0.413981 0.381707
vt 0.404753 0.368890
vt 0.381378 0.413888
vt 0.368488 0.404406
vt 0.360817 0.454777
vt 0.345799 0.449824
vt 0.353401 0.499984
vt 0.337446 0.499890
vt 0.360821 0.545191
vt 0.345718 0.549962
vt 0.381398 0.586084
vt 0.368399 0.595400
vt 0.413909 0.618279
vt 0.404538 0.630986
vt 0.454577 0.639418
vt 0.449498 0.654599
vt 0.499874 0.646343
vt 0.499816 0.662151
vt 0.545203 0.639372
vt 0.549999 0.654589
vt 0.585918 0.618350
vt 0.595100 0.631207
vt 0.500133 0.311061
vt 0.440485 0.316464
vt 0.445605 0.332361
vt 0.500081 0.324312
vt 0.559834 0.316455
vt 0.554607 0.332319
vt 0.679466 0.558543
vt 0.692907 0.500244
vt 0.676234 0.500189
vt 0.666887 0.554409
vt 0.679611 0.441872
vt 0.666982 0.445902
vt 0.693913 0.563332
vt 0.708947 0.512848
vt 0.709007 0.487721
vt 0.694074 0.437221
vt 0.395755 0.465921
vt 0.411352 0.435459
vt 0.428197 0.447483
vt 0.415449 0.472243
vt 0.435685 0.411196
vt 0.447848 0.427918
vt 0.466291 0.395753
vt 0.472644 0.415528
vt 0.500027 0.390328
vt 0.500212 0.410904
vt 0.533887 0.395681
vt 0.527658 0.415413
vt 0.564417 0.411231
vt 0.552443 0.428125
vt 0.588685 0.435561
vt 0.572036 0.447801
vt 0.604200 0.466160
vt 0.584459 0.472601
vt 0.609653 0.500021
vt 0.589090 0.500213
vt 0.604235 0.533987
vt 0.584545 0.527691
vt 0.588540 0.564493
vt 0.571765 0.552516
vt 0.564319 0.588827
vt 0.552044 0.572135
vt 0.533667 0.604179
vt 0.527247 0.584481
vt 0.499898 0.609725
vt 0.499683 0.589121
vt 0.465998 0.604279
vt 0.472243 0.584574
vt 0.435375 0.588635
vt 0.447437 0.571824
vt 0.411189 0.564298
vt 0.427819 0.552030
vt 0.395631 0.533703
vt 0.415266 0.527168
vt 0.390333 0.499833
vt 0.411034 0.499658
vt 0.443267 0.458988
vt 0.433355 0.478530
vt 0.458738 0.443428
vt 0.478418 0.433266
vt 0.499987 0.430124
vt 0.521554 0.433410
vt 0.541043 0.443289
vt 0.556577 0.458751
vt 0.566741 0.478435
vt 0.569875 0.499999
vt 0.566571 0.521579
vt 0.556666 0.541078
vt 0.541177 0.556622
vt 0.521492 0.566761
vt 0.499930 0.569897
vt 0.478380 0.566597
vt 0.458916 0.556717
vt 0.443433 0.541278
vt 0.433454 0.521790
vt 0.429986 0.500171
vt 0.320433 0.441451
vt 0.307019 0.499705
vt 0.323703 0.499764
vt 0.333003 0.445579
vt 0.320257 0.558071
vt 0.332880 0.554025
vt 0.305973 0.436707
vt 0.290951 0.487119
vt 0.290902 0.512218
vt 0.305770 0.562721
vt 0.619615 0.665169
vt 0.661415 0.633152
vt 0.655832 0.613561
vt 0.610688 0.652833
vt 0.576227 0.695047
vt 0.559300 0.683613
vt 0.642374 0.603750
vt 0.602930 0.642069
vt 0.554220 0.667739
vt 0.676231 0.612927
vt 0.676574 0.387568
vt 0.656185 0.386811
vt 0.642657 0.396545
vt 0.620193 0.335074
vt 0.576885 0.305108
vt 0.611176 0.347320
vt 0.661836 0.367245
vt 0.603313 0.357986
vt 0.500150 0.295853
vt 0.447510 0.297271
vt 0.552837 0.297243
vt 0.380183 0.334787
vt 0.338429 0.366835
vt 0.344041 0.386464
vt 0.389083 0.347125
vt 0.423593 0.304997
vt 0.357525 0.396298
vt 0.396824 0.357861
vt 0.323634 0.387098
vt 0.323274 0.612340
vt 0.343648 0.613070
vt 0.357195 0.603355
vt 0.379628 0.664845
vt 0.422953 0.694765
vt 0.439947 0.683395
vt 0.388621 0.652592
vt 0.337953 0.632686
vt 0.445177 0.667539
vt 0.396468 0.641913
vt 0.499716 0.675626
vt 0.499598 0.704072
vt 0.552226 0.702758
vt 0.499644 0.688864
vt 0.446952 0.702635
vt 0.618815 0.748119
vt 0.657584 0.717344
vt 0.698764 0.689811
vt 0.668203 0.802377
vt 0.701592 0.777549
vt 0.735338 0.753203
vt 0.738680 0.828077
vt 0.715275 0.845413
vt 0.762243 0.810903
vt 0.764628 0.863267
vt 0.752295 0.872432
vt 0.777007 0.854183
vt 0.741815 0.631027
vt 0.755236 0.583381
vt 0.772455 0.536934
vt 0.813605 0.646037
vt 0.826166 0.606407
vt 0.839294 0.566913
vt 0.885817 0.625724
vt 0.876960 0.653473
vt 0.894884 0.598012
vt 0.927384 0.639138
vt 0.922723 0.653783
vt 0.932167 0.624501
vt 0.772659 0.463818
vt 0.755497 0.417361
vt 0.742122 0.369663
vt 0.839609 0.433842
vt 0.826446 0.394363
vt 0.813802 0.354738
vt 0.886100 0.374881
vt 0.895210 0.402583
vt 0.877131 0.347139
vt 0.927661 0.361315
vt 0.932451 0.375921
vt 0.922944 0.346680
vt 0.699447 0.310698
vt 0.658367 0.283031
vt 0.619656 0.252192
vt 0.736258 0.247306
vt 0.702544 0.222937
vt 0.669164 0.198075
vt 0.739629 0.172370
vt 0.763163 0.189543
vt 0.716166 0.155093
vt 0.765458 0.137063
vt 0.777911 0.146106
vt 0.753050 0.127984
vt 0.549592 0.229248
vt 0.500116 0.231334
vt 0.450616 0.229422
vt 0.541516 0.156296
vt 0.499906 0.156744
vt 0.458318 0.156581
vt 0.499581 0.094018
vt 0.528730 0.093767
vt 0.470437 0.094103
vt 0.499254 0.050334
vt 0.514610 0.050180
vt 0.483866 0.050395
vt 0.381055 0.251870
vt 0.342232 0.282589
vt 0.301047 0.310121
vt 0.331702 0.197586
vt 0.298265 0.222352
vt 0.264534 0.246675
vt 0.261157 0.171772
vt 0.284648 0.154461
vt 0.237600 0.188936
vt 0.235259 0.136558
vt 0.247640 0.127443
vt 0.222851 0.145618
vt 0.258049 0.369000
vt 0.244628 0.416655
vt 0.227400 0.463078
vt 0.186221 0.353936
vt 0.173645 0.393606
vt 0.160524 0.433075
vt 0.114000 0.374264
vt 0.122887 0.346481
vt 0.104929 0.401973
vt 0.072339 0.360891
vt 0.077023 0.346250
vt 0.067598 0.375506
vt 0.227167 0.536136
vt 0.244369 0.582584
vt 0.257818 0.630282
vt 0.160231 0.566297
vt 0.173488 0.605758
vt 0.186199 0.645347
vt 0.113963 0.625432
vt 0.104704 0.597771
vt 0.123013 0.653098
vt 0.072452 0.639246
vt 0.067592 0.624706
vt 0.077278 0.653871
vt 0.300428 0.689336
vt 0.341544 0.716922
vt 0.380328 0.747729
vt 0.263756 0.752886
vt 0.297543 0.777162
vt 0.330992 0.801905
vt 0.260628 0.827875
vt 0.237006 0.810805
vt 0.284124 0.845136
vt 0.234903 0.863223
vt 0.222439 0.854179
vt 0.247308 0.872321
vt 0.570098 0.403670
vt 0.596434 0.430126
vt 0.536908 0.386717
vt 0.500091 0.380748
vt 0.463309 0.386752
vt 0.430212 0.403669
vt 0.403593 0.429776
vt 0.386913 0.463040
vt 0.380720 0.499780
vt 0.386778 0.536536
vt 0.403390 0.569906
vt 0.445071 0.460298
vt 0.443959 0.462910
vt 0.436890 0.479668
vt 0.460242 0.445513
vt 0.458356 0.447338
vt 0.445072 0.460298
vt 0.479520 0.436879
vt 0.476620 0.438204
vt 0.499948 0.433840
vt 0.492713 0.434879
vt 0.520355 0.437040
vt 0.517377 0.436568
vt 0.539119 0.445939
vt 0.535484 0.444232
vt 0.554118 0.460546
vt 0.551271 0.457753
vt 0.562507 0.479767
vt 0.561076 0.476499
vt 0.565529 0.500002
vt 0.564413 0.492563
vt 0.562796 0.520379
vt 0.562797 0.520379
vt 0.553337 0.538709
vt 0.555849 0.533861
vt 0.538447 0.552929
vt 0.541352 0.550144
vt 0.520380 0.563274
vt 0.524494 0.560917
vt 0.499923 0.565716
vt 0.504315 0.565193
vt 0.479743 0.562317
vt 0.485438 0.563274
vt 0.460706 0.554207
vt 0.463409 0.555349
vt 0.446768 0.538808
vt 0.454605 0.547481
vt 0.436371 0.520819
vt 0.433623 0.503635
vt 0.433068 0.500156
vt 0.435827 0.485387
vt 0.429839 0.596107
vt 0.462929 0.613217
vt 0.499734 0.619171
vt 0.536585 0.613323
vt 0.569763 0.596399
vt 0.596296 0.570144
vt 0.613048 0.536897
vt 0.619246 0.500104
vt 0.613074 0.463366
vt 0.370184 0.499884
vt 0.376945 0.539833
vt 0.377060 0.459929
vt 0.394878 0.423582
vt 0.424135 0.395515
vt 0.459844 0.376432
vt 0.500009 0.370599
vt 0.540175 0.376367
vt 0.575980 0.395407
vt 0.605180 0.423593
vt 0.622863 0.460092
vt 0.629768 0.500014
vt 0.623029 0.540056
vt 0.605115 0.576499
vt 0.575855 0.604664
vt 0.539993 0.623567
vt 0.499785 0.629426
vt 0.459610 0.623708
vt 0.423906 0.604379
vt 0.394882 0.576197
vt 0.450049 0.770583
vt 0.499519 0.768594
vt 0.549014 0.770602
vt 0.457979 0.843551
vt 0.499583 0.843178
vt 0.541154 0.843396
vt 0.499757 0.905924
vt 0.470629 0.906144
vt 0.528909 0.905885
vt 0.500076 0.949684
vt 0.484674 0.949805
vt 0.515419 0.949607
vt 0.378976 0.539158
vt 0.372668 0.499869
vt 0.379064 0.460565
vt 0.397028 0.425126
vt 0.425330 0.397139
vt 0.460668 0.378929
vt 0.500023 0.372736
vt 0.539384 0.378853
vt 0.574743 0.397123
vt 0.602957 0.425227
vt 0.620880 0.460744
vt 0.627286 0.500026
vt 0.620890 0.539374
vt 0.602890 0.574901
vt 0.574545 0.602882
vt 0.539190 0.621130
vt 0.499773 0.627200
vt 0.460451 0.621081
vt 0.425091 0.602730
vt 0.396927 0.574697
vt 0.499957 0.499964
vt 0.216945 0.880773
vt 0.214890 0.890718
vt 0.219093 0.884943
vt 0.223662 0.885740
vt 0.222945 0.886147
vt 0.218645 0.885560
vt 0.216748 0.881727
vt 0.223309 0.885940
vt 0.216848 0.881242
vt 0.048416 0.642425
vt 0.040225 0.649994
vt 0.046593 0.647870
vt 0.050120 0.651029
vt 0.050038 0.651020
vt 0.045406 0.648266
vt 0.048323 0.642511
vt 0.050069 0.651024
vt 0.048363 0.642474
vt 0.495377 0.973004
vt 0.500300 0.983675
vt 0.500259 0.977463
vt 0.504506 0.974197
vt 0.504546 0.974108
vt 0.500263 0.978145
vt 0.495362 0.972972
vt 0.504523 0.974159
vt 0.495372 0.972993
vt 0.774538 0.884910
vt 0.784788 0.890660
vt 0.781097 0.885645
vt 0.782588 0.880346
vt 0.782406 0.879493
vt 0.780379 0.884669
vt 0.773766 0.884477
vt 0.782495 0.879914
vt 0.774146 0.884690
vt 0.949237 0.650756
vt 0.959729 0.649559
vt 0.952403 0.647198
vt 0.950963 0.641589
vt 0.950561 0.641224
vt 0.952311 0.647169
vt 0.948604 0.650829
vt 0.950764 0.641408
vt 0.948921 0.650792
vt 0.952806 0.357352
vt 0.959979 0.350810
vt 0.953704 0.352849
vt 0.947577 0.349427
vt 0.946065 0.349258
vt 0.952395 0.353275
vt 0.951518 0.358527
vt 0.946797 0.349340
vt 0.952141 0.357959
vt 0.783524 0.117901
vt 0.785543 0.109642
vt 0.780362 0.116715
vt 0.778557 0.113415
vt 0.778692 0.113509
vt 0.780905 0.115973
vt 0.783862 0.117672
vt 0.778648 0.113534
vt 0.783835 0.117802
vt 0.505797 0.031071
vt 0.499014 0.016361
vt 0.499072 0.024614
vt 0.492687 0.030575
vt 0.493116 0.029610
vt 0.499067 0.023841
vt 0.505439 0.030293
vt 0.492898 0.030102
vt 0.505621 0.030688
vt 0.221662 0.112946
vt 0.215185 0.109140
vt 0.220019 0.115742
vt 0.216870 0.117154
vt 0.217061 0.118065
vt 0.220128 0.115891
vt 0.222158 0.113072
vt 0.216966 0.117611
vt 0.221917 0.112936
vt 0.049357 0.349389
vt 0.040014 0.350449
vt 0.045974 0.352374
vt 0.047550 0.357295
vt 0.046630 0.356459
vt 0.044735 0.351974
vt 0.047849 0.349560
vt 0.047101 0.356886
vt 0.048623 0.349472
vt 0.290323 0.500000
vt 0.288751 0.500000
vt 0.288448 0.500000
vt 0.285808 0.500000
vt 0.285394 0.500000
vt 0.282019 0.500000
vt 0.281381 0.500000
vt 0.280309 0.500000
vt 0.279699 0.500000
vt 0.276416 0.500000
vt 0.275885 0.500000
vt 0.276190 0.500000
vt 0.275852 0.500000
vt 0.274187 0.500000
vt 0.274016 0.500000
vt 0.273686 0.500000
vt 0.273667 0.500000
vt 0.274354 0.500000
vt 0.274561 0.500000
vt 0.276514 0.500000
vt 0.278402 0.500000
vt 0.278947 0.500000
vt 0.281272 0.500000
vt 0.282004 0.500000
vt 0.283922 0.500000
vt 0.284542 0.500000
vt 0.286981 0.500000
vt 0.287677 0.500000
vt 0.289641 0.500000
vt 0.290286 0.500000
vt 0.291303 0.500000
vt 0.291633 0.500000
vt 0.292165 0.500000
vt 0.292413 0.500000
vt 0.292517 0.500000
vt 0.291848 0.500000
vt 0.291701 0.500000
vt 0.290682 0.500000
s 1
usemtl TS_Strawberry_001_Leaves
f 620/1/1 601/2/2 573/3/3 574/4/4
f 619/5/5 620/1/1 574/4/4 597/6/6
f 618/7/7 619/5/5 597/6/6 570/8/8
f 617/9/9 618/7/7 570/8/8 568/10/10
f 616/11/11 617/9/9 568/10/10 565/12/12
f 615/13/13 616/11/11 565/12/12 566/14/14
f 614/15/15 615/13/13 566/14/14 600/16/16
f 613/17/17 614/15/15 600/16/16 562/18/18
f 612/19/19 613/17/17 562/18/18 560/20/20
f 611/21/21 612/19/19 560/20/20 557/22/22
f 610/23/23 611/21/21 557/22/22 558/24/24
f 609/25/25 610/23/23 558/24/24 594/26/26
f 608/27/27 609/25/25 594/26/26 554/28/28
f 607/29/29 608/27/27 554/28/28 552/30/30
f 606/31/31 607/29/29 552/30/30 550/32/32
f 605/33/33 606/31/31 550/32/32 547/34/34
f 604/35/35 605/33/33 547/34/34 548/36/36
f 603/37/37 604/35/35 548/36/36 577/38/38
f 602/39/39 603/37/37 577/38/38 576/40/40
f 601/2/2 602/39/39 576/40/40 573/3/3
f 586/41/41 583/42/42 561/43/43 599/44/44
f 585/45/45 586/41/41 599/44/44 563/46/46
f 599/44/44 600/16/16 566/14/14 563/46/46
f 561/43/43 562/18/18 600/16/16 599/44/44
f 591/47/47 598/48/48 596/49/49 571/50/50
f 598/48/48 589/51/51 569/52/52 596/49/49
f 523/53/53 522/54/54 598/48/48 591/47/47
f 508/55/55 507/56/56 589/51/51 598/48/48
f 596/49/49 597/6/6 574/4/4 571/50/50
f 569/52/52 570/8/8 597/6/6 596/49/49
f 82/57/57 93/58/58 113/59/59 102/60/60
f 93/58/58 83/61/61 103/62/62 113/59/59
f 83/61/61 94/63/63 114/64/64 103/62/62
f 94/63/63 84/65/65 104/66/66 114/64/64
f 84/65/65 95/67/67 115/68/68 104/66/66
f 95/67/67 85/69/69 105/70/70 115/68/68
f 85/69/69 96/71/71 116/72/72 105/70/70
f 96/71/71 86/73/73 106/74/74 116/72/72
f 86/73/73 98/75/75 118/76/76 106/74/74
f 98/75/75 87/77/77 107/78/78 118/76/76
f 87/77/77 92/79/79 112/80/80 107/78/78
f 92/79/79 88/81/81 108/82/82 112/80/80
f 88/81/81 91/83/83 111/84/84 108/82/82
f 91/83/83 79/85/85 99/86/86 111/84/84
f 79/85/85 90/87/87 110/88/88 99/86/86
f 90/87/87 80/89/89 100/90/90 110/88/88
f 80/89/89 89/91/91 109/92/92 100/90/90
f 89/91/91 81/93/93 101/94/94 109/92/92
f 81/93/93 97/95/95 117/96/96 101/94/94
f 97/95/95 82/57/57 102/60/60 117/96/96
f 102/60/60 113/59/59 133/97/97 122/98/98
f 113/59/59 103/62/62 123/99/99 133/97/97
f 103/62/62 114/64/64 134/100/100 123/99/99
f 114/64/64 104/66/66 124/101/101 134/100/100
f 104/66/66 115/68/68 135/102/102 124/101/101
f 115/68/68 105/70/70 125/103/103 135/102/102
f 105/70/70 116/72/72 136/104/104 125/103/103
f 116/72/72 106/74/74 126/105/105 136/104/104
f 106/74/74 118/76/76 138/106/106 126/105/105
f 118/76/76 107/78/78 127/107/107 138/106/106
f 107/78/78 112/80/80 132/108/108 127/107/107
f 112/80/80 108/82/82 128/109/109 132/108/108
f 108/82/82 111/84/84 131/110/110 128/109/109
f 111/84/84 99/86/86 119/111/111 131/110/110
f 99/86/86 110/88/88 130/112/112 119/111/111
f 110/88/88 100/90/90 120/113/113 130/112/112
f 100/90/90 109/92/92 129/114/114 120/113/113
f 109/92/92 101/94/94 121/115/115 129/114/114
f 101/94/94 117/96/96 137/116/116 121/115/115
f 117/96/96 102/60/60 122/98/98 137/116/116
f 582/117/117 595/118/118 593/119/119 555/120/120
f 595/118/118 580/121/121 553/122/122 593/119/119
f 443/123/123 442/124/124 595/118/118 582/117/117
f 428/125/125 427/126/126 580/121/121 595/118/118
f 593/119/119 594/26/26 558/24/24 555/120/120
f 553/122/122 554/28/28 594/26/26 593/119/119
f 539/127/127 538/128/128 590/129/129 592/130/130
f 540/131/131 539/127/127 592/130/130 546/132/132
f 592/130/130 590/129/129 572/133/133 575/134/134
f 546/132/132 592/130/130 575/134/134 545/135/135
f 524/136/136 523/53/53 591/47/47 590/129/129
f 590/129/129 591/47/47 571/50/50 572/133/133
f 507/56/56 506/137/137 587/138/138 589/51/51
f 589/51/51 587/138/138 567/139/139 569/52/52
f 491/140/140 490/141/141 585/45/45 588/142/142
f 492/143/143 491/140/140 588/142/142 587/138/138
f 588/142/142 585/45/45 563/46/46 564/144/144
f 587/138/138 588/142/142 564/144/144 567/139/139
f 475/145/145 474/146/146 583/42/42 586/41/41
f 476/147/147 475/145/145 586/41/41 585/45/45
f 459/148/148 458/149/149 581/150/150 584/151/151
f 460/152/152 459/148/148 584/151/151 583/42/42
f 584/151/151 581/150/150 556/153/153 559/154/154
f 583/42/42 584/151/151 559/154/154 561/43/43
f 444/155/155 443/123/123 582/117/117 581/150/150
f 581/150/150 582/117/117 555/120/120 556/153/153
f 427/126/126 426/156/156 578/157/157 580/121/121
f 580/121/121 578/157/157 551/158/158 553/122/122
f 411/159/159 410/160/160 541/161/161 579/162/162
f 412/163/163 411/159/159 579/162/162 578/157/157
f 579/162/162 541/161/161 542/164/164 549/165/165
f 578/157/157 579/162/162 549/165/165 551/158/158
f 545/135/135 577/38/38 548/36/36 543/166/166
f 575/134/134 576/40/40 577/38/38 545/135/135
f 572/133/133 573/3/3 576/40/40 575/134/134
f 571/50/50 574/4/4 573/3/3 572/133/133
f 567/139/139 568/10/10 570/8/8 569/52/52
f 564/144/144 565/12/12 568/10/10 567/139/139
f 563/46/46 566/14/14 565/12/12 564/144/144
f 559/154/154 560/20/20 562/18/18 561/43/43
f 556/153/153 557/22/22 560/20/20 559/154/154
f 555/120/120 558/24/24 557/22/22 556/153/153
f 551/158/158 552/30/30 554/28/28 553/122/122
f 549/165/165 550/32/32 552/30/30 551/158/158
f 542/164/164 547/34/34 550/32/32 549/165/165
f 543/166/166 548/36/36 547/34/34 542/164/164
f 355/167/167 354/168/168 546/132/132 544/169/169
f 356/170/170 355/167/167 544/169/169 541/161/161
f 544/169/169 546/132/132 545/135/135 543/166/166
f 541/161/161 544/169/169 543/166/166 542/164/164
f 540/131/131 537/171/171 535/172/172 539/127/127
f 538/128/128 539/127/127 535/172/172 536/173/173
f 533/174/174 531/175/175 535/172/172 537/171/171
f 531/175/175 532/176/176 536/173/173 535/172/172
f 527/177/177 531/175/175 533/174/174 530/178/178
f 528/179/179 532/176/176 531/175/175 527/177/177
f 526/180/180 527/177/177 530/178/178 529/181/181
f 525/182/182 528/179/179 527/177/177 526/180/180
f 524/136/136 521/183/183 519/184/184 523/53/53
f 522/54/54 523/53/53 519/184/184 520/185/185
f 517/186/186 515/187/187 519/184/184 521/183/183
f 515/187/187 516/188/188 520/185/185 519/184/184
f 511/189/189 515/187/187 517/186/186 514/190/190
f 512/191/191 516/188/188 515/187/187 511/189/189
f 510/192/192 511/189/189 514/190/190 513/193/193
f 509/194/194 512/191/191 511/189/189 510/192/192
f 508/55/55 505/195/195 503/196/196 507/56/56
f 506/137/137 507/56/56 503/196/196 504/197/197
f 501/198/198 499/199/199 503/196/196 505/195/195
f 499/199/199 500/200/200 504/197/197 503/196/196
f 495/201/201 499/199/199 501/198/198 498/202/202
f 496/203/203 500/200/200 499/199/199 495/201/201
f 494/204/204 495/201/201 498/202/202 497/205/205
f 493/206/206 496/203/203 495/201/201 494/204/204
f 492/143/143 489/207/207 487/208/208 491/140/140
f 490/141/141 491/140/140 487/208/208 488/209/209
f 485/210/210 483/211/211 487/208/208 489/207/207
f 483/211/211 484/212/212 488/209/209 487/208/208
f 479/213/213 483/211/211 485/210/210 482/214/214
f 480/215/215 484/212/212 483/211/211 479/213/213
f 478/216/216 479/213/213 482/214/214 481/217/217
f 477/218/218 480/215/215 479/213/213 478/216/216
f 476/147/147 473/219/219 471/220/220 475/145/145
f 474/146/146 475/145/145 471/220/220 472/221/221
f 469/222/222 467/223/223 471/220/220 473/219/219
f 467/223/223 468/224/224 472/221/221 471/220/220
f 463/225/225 467/223/223 469/222/222 466/226/226
f 464/227/227 468/224/224 467/223/223 463/225/225
f 462/228/228 463/225/225 466/226/226 465/229/229
f 461/230/230 464/227/227 463/225/225 462/228/228
f 460/152/152 457/231/231 455/232/232 459/148/148
f 458/149/149 459/148/148 455/232/232 456/233/233
f 453/234/234 451/235/235 455/232/232 457/231/231
f 451/235/235 452/236/236 456/233/233 455/232/232
f 447/237/237 451/235/235 453/234/234 450/238/238
f 448/239/239 452/236/236 451/235/235 447/237/237
f 446/240/240 447/237/237 450/238/238 449/241/241
f 445/242/242 448/239/239 447/237/237 446/240/240
f 444/155/155 441/243/243 439/244/244 443/123/123
f 442/124/124 443/123/123 439/244/244 440/245/245
f 437/246/246 435/247/247 439/244/244 441/243/243
f 435/247/247 436/248/248 440/245/245 439/244/244
f 431/249/249 435/247/247 437/246/246 434/250/250
f 432/251/251 436/248/248 435/247/247 431/249/249
f 430/252/252 431/249/249 434/250/250 433/253/253
f 429/254/254 432/251/251 431/249/249 430/252/252
f 428/125/125 425/255/255 423/256/256 427/126/126
f 426/156/156 427/126/126 423/256/256 424/257/257
f 421/258/258 419/259/259 423/256/256 425/255/255
f 419/259/259 420/260/260 424/257/257 423/256/256
f 415/261/261 419/259/259 421/258/258 418/262/262
f 416/263/263 420/260/260 419/259/259 415/261/261
f 414/264/264 415/261/261 418/262/262 417/265/265
f 413/266/266 416/263/263 415/261/261 414/264/264
f 412/163/163 409/267/267 407/268/268 411/159/159
f 410/160/160 411/159/159 407/268/268 408/269/269
f 405/270/270 403/271/271 407/268/268 409/267/267
f 403/271/271 404/272/272 408/269/269 407/268/268
f 399/273/273 403/271/271 405/270/270 402/274/274
f 400/275/275 404/272/272 403/271/271 399/273/273
f 398/276/276 399/273/273 402/274/274 401/277/277
f 397/278/278 400/275/275 399/273/273 398/276/276
f 365/279/279 396/69/280 378/71/281 366/280/282
f 364/281/283 395/67/284 396/69/280 365/279/279
f 363/282/285 394/65/286 395/67/284 364/281/283
f 362/283/287 393/63/288 394/65/286 363/282/285
f 361/284/289 392/61/290 393/63/288 362/283/287
f 360/285/291 391/58/292 392/61/290 361/284/289
f 359/286/293 390/57/294 391/58/292 360/285/291
f 357/287/295 389/95/296 390/57/294 359/286/293
f 358/288/297 388/93/298 389/95/296 357/287/295
f 376/289/299 387/91/300 388/93/298 358/288/297
f 122/98/98 133/97/97 844/290/301 843/291/302 842/292/303
f 133/97/97 123/99/99 846/293/304 845/294/305 844/295/301
f 123/99/99 134/100/100 848/296/306 847/297/307 846/293/304
f 134/100/100 124/101/101 850/298/308 849/299/309 848/296/306
f 124/101/101 135/102/102 852/300/310 851/301/311 850/298/308
f 125/103/103 854/302/312 853/303/313 852/300/310 135/102/102
f 125/103/103 136/104/104 856/304/314 855/305/315 854/302/312
f 856/304/314 136/104/104 126/105/105 858/306/316 857/307/317
f 858/306/316 126/105/105 138/106/106 860/308/318 859/309/319
f 127/107/107 861/310/320 860/308/318 138/106/106
f 861/311/320 127/107/107 132/108/108 863/312/321 862/313/322
f 863/312/321 132/108/108 128/109/109 865/314/323 864/315/324
f 128/109/109 131/110/110 867/316/325 866/317/326 865/314/323
f 131/110/110 119/111/111 869/318/327 868/319/328 867/316/325
f 119/111/111 130/112/112 871/320/329 870/321/330 869/318/327
f 130/112/112 120/113/113 873/322/331 872/323/332 871/320/329
f 120/113/113 129/114/114 875/324/333 874/325/334 873/322/331
f 129/114/114 121/115/115 876/326/335 875/324/333
f 877/327/336 876/326/335 121/115/115 137/116/116 878/328/337
f 879/329/338 878/328/337 137/116/116 122/98/98 842/292/303
f 375/330/339 386/89/340 387/91/300 376/289/299
f 374/331/341 385/87/342 386/89/340 375/330/339
f 373/332/343 384/85/344 385/87/342 374/331/341
f 372/333/345 383/83/346 384/85/344 373/332/343
f 371/334/347 382/81/348 383/83/346 372/333/345
f 370/335/349 381/79/350 382/81/348 371/334/347
f 369/336/351 380/77/352 381/79/350 370/335/349
f 368/337/353 379/75/354 380/77/352 369/336/351
f 367/338/355 377/73/356 379/75/354 368/337/353
f 366/280/282 378/71/281 377/73/356 367/338/355
f 357/287/295 823/339/357 822/340/358 358/288/297
f 357/287/295 359/286/293 824/341/359 823/339/357
f 359/286/293 360/285/291 825/342/360 824/341/359
f 360/285/291 361/284/289 826/343/361 825/342/360
f 361/284/289 362/283/287 827/344/362 826/343/361
f 363/282/285 828/345/363 827/344/362 362/283/287
f 363/282/285 364/281/283 829/346/364 828/345/363
f 364/281/283 365/279/279 830/347/365 829/346/364
f 366/280/282 831/348/366 830/347/365 365/279/279
f 366/280/282 367/338/355 832/349/367 831/348/366
f 368/337/353 833/350/368 832/349/367 367/338/355
f 368/337/353 369/336/351 834/351/369 833/350/368
f 369/336/351 370/335/349 835/352/370 834/351/369
f 371/334/347 836/353/371 835/352/370 370/335/349
f 371/334/347 372/333/345 837/354/372 836/353/371
f 373/332/343 838/355/373 837/354/372 372/333/345
f 373/332/343 374/331/341 839/356/374 838/355/373
f 374/331/341 375/330/339 840/357/375 839/356/374
f 375/330/339 376/289/299 841/358/376 840/357/375
f 376/289/299 358/288/297 822/340/358 841/358/376
f 356/170/170 353/359/377 351/360/378 355/167/167
f 354/168/168 355/167/167 351/360/378 352/361/379
f 349/362/380 347/363/381 351/360/378 353/359/377
f 347/363/381 348/364/382 352/361/379 351/360/378
f 343/365/383 347/363/381 349/362/380 346/366/384
f 344/367/385 348/364/382 347/363/381 343/365/383
f 342/368/386 343/365/383 346/366/384 345/369/387
f 341/370/388 344/367/385 343/365/383 342/368/386
f 4/370/389 7/368/390 8/365/391 6/367/392
f 7/368/390 3/369/393 5/366/394 8/365/391
f 6/367/392 8/365/391 9/363/395 1/364/396
f 8/365/391 5/366/394 2/362/397 9/363/395
f 9/363/395 12/360/398 13/361/399 1/364/396
f 2/362/397 14/359/400 12/360/398 9/363/395
f 18/168/401 13/361/399 12/360/398 17/167/402
f 16/170/403 17/167/402 12/360/398 14/359/400
f 41/371/404 57/372/405 77/287/406 61/288/407
f 57/372/405 42/373/408 62/286/409 77/287/406
f 42/373/408 53/374/410 73/285/411 62/286/409
f 53/374/410 43/375/412 63/284/413 73/285/411
f 43/375/412 54/376/414 74/283/415 63/284/413
f 54/376/414 44/377/416 64/282/417 74/283/415
f 44/377/416 55/378/418 75/281/419 64/282/417
f 55/378/418 45/379/420 65/279/421 75/281/419
f 45/379/420 56/380/422 76/280/423 65/279/421
f 56/380/422 46/381/424 66/338/425 76/280/423
f 46/381/424 58/382/426 78/337/427 66/338/425
f 58/382/426 47/383/428 67/336/429 78/337/427
f 47/383/428 52/384/430 72/335/431 67/336/429
f 52/384/430 48/385/432 68/334/433 72/335/431
f 48/385/432 51/386/434 71/333/435 68/334/433
f 51/386/434 39/387/436 59/332/437 71/333/435
f 39/387/436 50/388/438 70/331/439 59/332/437
f 50/388/438 40/389/440 60/330/441 70/331/439
f 40/389/440 49/390/442 69/289/443 60/330/441
f 49/390/442 41/371/404 61/288/407 69/289/443
f 76/280/423 66/338/425 86/73/73 96/71/71
f 66/338/425 78/337/427 98/75/75 86/73/73
f 78/337/427 67/336/429 87/77/77 98/75/75
f 67/336/429 72/335/431 92/79/79 87/77/77
f 72/335/431 68/334/433 88/81/81 92/79/79
f 68/334/433 71/333/435 91/83/83 88/81/81
f 71/333/435 59/332/437 79/85/85 91/83/83
f 59/332/437 70/331/439 90/87/87 79/85/85
f 70/331/439 60/330/441 80/89/89 90/87/87
f 60/330/441 69/289/443 89/91/91 80/89/89
f 69/289/443 61/288/407 81/93/93 89/91/91
f 61/288/407 77/287/406 97/95/95 81/93/93
f 77/287/406 62/286/409 82/57/57 97/95/95
f 62/286/409 73/285/411 93/58/58 82/57/57
f 73/285/411 63/284/413 83/61/61 93/58/58
f 63/284/413 74/283/415 94/63/63 83/61/61
f 74/283/415 64/282/417 84/65/65 94/63/63
f 64/282/417 75/281/419 95/67/67 84/65/65
f 75/281/419 65/279/421 85/69/69 95/67/67
f 65/279/421 76/280/423 96/71/71 85/69/69
f 142/278/444 145/276/445 146/273/446 144/275/447
f 145/276/445 141/277/448 143/274/449 146/273/446
f 144/275/447 146/273/446 147/271/450 139/272/451
f 146/273/446 143/274/449 140/270/452 147/271/450
f 147/271/450 150/268/453 151/269/454 139/272/451
f 140/270/452 152/267/455 150/268/453 147/271/450
f 155/160/456 151/269/454 150/268/453 154/159/457
f 153/163/458 154/159/457 150/268/453 152/267/455
f 159/266/459 162/264/460 163/261/461 161/263/462
f 162/264/460 158/265/463 160/262/464 163/261/461
f 161/263/462 163/261/461 164/259/465 156/260/466
f 163/261/461 160/262/464 157/258/467 164/259/465
f 164/259/465 167/256/468 168/257/469 156/260/466
f 157/258/467 169/255/470 167/256/468 164/259/465
f 172/156/471 168/257/469 167/256/468 171/126/472
f 170/125/473 171/126/472 167/256/468 169/255/470
f 176/254/474 179/252/475 180/249/476 178/251/477
f 179/252/475 175/253/478 177/250/479 180/249/476
f 178/251/477 180/249/476 181/247/480 173/248/481
f 180/249/476 177/250/479 174/246/482 181/247/480
f 181/247/480 184/244/483 185/245/484 173/248/481
f 174/246/482 186/243/485 184/244/483 181/247/480
f 189/124/486 185/245/484 184/244/483 188/123/487
f 187/155/488 188/123/487 184/244/483 186/243/485
f 193/242/489 196/240/490 197/237/491 195/239/492
f 196/240/490 192/241/493 194/238/494 197/237/491
f 195/239/492 197/237/491 198/235/495 190/236/496
f 197/237/491 194/238/494 191/234/497 198/235/495
f 198/235/495 201/232/498 202/233/499 190/236/496
f 191/234/497 203/231/500 201/232/498 198/235/495
f 206/149/501 202/233/499 201/232/498 205/148/502
f 204/152/503 205/148/502 201/232/498 203/231/500
f 210/230/504 213/228/505 214/225/506 212/227/507
f 213/228/505 209/229/508 211/226/509 214/225/506
f 212/227/507 214/225/506 215/223/510 207/224/511
f 214/225/506 211/226/509 208/222/512 215/223/510
f 215/223/510 218/220/513 219/221/514 207/224/511
f 208/222/512 220/219/515 218/220/513 215/223/510
f 223/146/516 219/221/514 218/220/513 222/145/517
f 221/147/518 222/145/517 218/220/513 220/219/515
f 227/218/519 230/216/520 231/213/521 229/215/522
f 230/216/520 226/217/523 228/214/524 231/213/521
f 229/215/522 231/213/521 232/211/525 224/212/526
f 231/213/521 228/214/524 225/210/527 232/211/525
f 232/211/525 235/208/528 236/209/529 224/212/526
f 225/210/527 237/207/530 235/208/528 232/211/525
f 240/141/531 236/209/529 235/208/528 239/140/532
f 238/143/533 239/140/532 235/208/528 237/207/530
f 244/206/534 247/204/535 248/201/536 246/203/537
f 247/204/535 243/205/538 245/202/539 248/201/536
f 246/203/537 248/201/536 249/199/540 241/200/541
f 248/201/536 245/202/539 242/198/542 249/199/540
f 249/199/540 252/196/543 253/197/544 241/200/541
f 242/198/542 254/195/545 252/196/543 249/199/540
f 257/137/546 253/197/544 252/196/543 256/56/547
f 255/55/548 256/56/547 252/196/543 254/195/545
f 261/194/549 264/192/550 265/189/551 263/191/552
f 264/192/550 260/193/553 262/190/554 265/189/551
f 263/191/552 265/189/551 266/187/555 258/188/556
f 265/189/551 262/190/554 259/186/557 266/187/555
f 266/187/555 269/184/558 270/185/559 258/188/556
f 259/186/557 271/183/560 269/184/558 266/187/555
f 274/54/561 270/185/559 269/184/558 273/53/562
f 272/136/563 273/53/562 269/184/558 271/183/560
f 278/182/564 281/180/565 282/177/566 280/179/567
f 281/180/565 277/181/568 279/178/569 282/177/566
f 280/179/567 282/177/566 283/175/570 275/176/571
f 282/177/566 279/178/569 276/174/572 283/175/570
f 283/175/570 286/172/573 287/173/574 275/176/571
f 276/174/572 288/171/575 286/172/573 283/175/570
f 291/128/576 287/173/574 286/172/573 290/127/577
f 289/131/578 290/127/577 286/172/573 288/171/575
f 293/161/579 292/164/580 15/166/581 11/169/582
f 11/169/582 15/166/581 294/135/583 295/132/584
f 16/170/403 293/161/579 11/169/582 17/167/402
f 17/167/402 11/169/582 295/132/584 18/168/401
f 15/166/581 292/164/580 30/34/585 19/36/586
f 292/164/580 296/165/587 20/32/588 30/34/585
f 296/165/587 298/158/589 29/30/590 20/32/588
f 298/158/589 297/122/591 21/28/592 29/30/590
f 304/120/593 306/153/594 33/22/595 22/24/596
f 306/153/594 305/154/597 23/20/598 33/22/595
f 305/154/597 312/43/599 34/18/600 23/20/598
f 314/46/601 308/144/602 25/12/603 35/14/604
f 308/144/602 310/139/605 36/10/606 25/12/603
f 310/139/605 309/52/607 26/8/608 36/10/606
f 300/50/609 302/133/610 32/3/611 27/4/612
f 302/133/610 301/134/613 28/40/614 32/3/611
f 301/134/613 294/135/583 31/38/615 28/40/614
f 294/135/583 15/166/581 19/36/586 31/38/615
f 299/157/616 298/158/589 296/165/587 149/162/617
f 149/162/617 296/165/587 292/164/580 293/161/579
f 153/163/458 299/157/616 149/162/617 154/159/457
f 154/159/457 149/162/617 293/161/579 155/160/456
f 166/121/618 297/122/591 298/158/589 299/157/616
f 171/126/472 166/121/618 299/157/616 172/156/471
f 307/150/619 306/153/594 304/120/593 183/117/620
f 187/155/488 307/150/619 183/117/620 188/123/487
f 313/42/621 312/43/599 305/154/597 200/151/622
f 200/151/622 305/154/597 306/153/594 307/150/619
f 204/152/503 313/42/621 200/151/622 205/148/502
f 205/148/502 200/151/622 307/150/619 206/149/501
f 221/147/518 315/45/623 217/41/624 222/145/517
f 222/145/517 217/41/624 313/42/621 223/146/516
f 311/138/625 310/139/605 308/144/602 234/142/626
f 234/142/626 308/144/602 314/46/601 315/45/623
f 238/143/533 311/138/625 234/142/626 239/140/532
f 239/140/532 234/142/626 315/45/623 240/141/531
f 251/51/627 309/52/607 310/139/605 311/138/625
f 256/56/547 251/51/627 311/138/625 257/137/546
f 303/129/628 302/133/610 300/50/609 268/47/629
f 272/136/563 303/129/628 268/47/629 273/53/562
f 295/132/584 294/135/583 301/134/613 285/130/630
f 285/130/630 301/134/613 302/133/610 303/129/628
f 289/131/578 295/132/584 285/130/630 290/127/577
f 290/127/577 285/130/630 303/129/628 291/128/576
f 297/122/591 316/119/631 37/26/632 21/28/592
f 316/119/631 304/120/593 22/24/596 37/26/632
f 170/125/473 317/118/633 166/121/618 171/126/472
f 188/123/487 183/117/620 317/118/633 189/124/486
f 317/118/633 316/119/631 297/122/591 166/121/618
f 183/117/620 304/120/593 316/119/631 317/118/633
f 309/52/607 318/49/634 38/6/635 26/8/608
f 318/49/634 300/50/609 27/4/612 38/6/635
f 255/55/548 319/48/636 251/51/627 256/56/547
f 273/53/562 268/47/629 319/48/636 274/54/561
f 319/48/636 318/49/634 309/52/607 251/51/627
f 268/47/629 300/50/609 318/49/634 319/48/636
f 312/43/599 320/44/637 24/16/638 34/18/600
f 320/44/637 314/46/601 35/14/604 24/16/638
f 315/45/623 314/46/601 320/44/637 217/41/624
f 217/41/624 320/44/637 312/43/599 313/42/621
f 52/384/430 321/2/639 322/39/640 48/385/432
f 321/2/639 32/3/611 28/40/614 322/39/640
f 48/385/432 322/39/640 323/37/641 51/386/434
f 322/39/640 28/40/614 31/38/615 323/37/641
f 51/386/434 323/37/641 324/35/642 39/387/436
f 323/37/641 31/38/615 19/36/586 324/35/642
f 39/387/436 324/35/642 325/33/643 50/388/438
f 324/35/642 19/36/586 30/34/585 325/33/643
f 50/388/438 325/33/643 326/31/644 40/389/440
f 325/33/643 30/34/585 20/32/588 326/31/644
f 40/389/440 326/31/644 327/29/645 49/390/442
f 326/31/644 20/32/588 29/30/590 327/29/645
f 49/390/442 327/29/645 328/27/646 41/371/404
f 327/29/645 29/30/590 21/28/592 328/27/646
f 41/371/404 328/27/646 329/25/647 57/372/405
f 328/27/646 21/28/592 37/26/632 329/25/647
f 57/372/405 329/25/647 330/23/648 42/373/408
f 329/25/647 37/26/632 22/24/596 330/23/648
f 42/373/408 330/23/648 331/21/649 53/374/410
f 330/23/648 22/24/596 33/22/595 331/21/649
f 53/374/410 331/21/649 332/19/650 43/375/412
f 331/21/649 33/22/595 23/20/598 332/19/650
f 43/375/412 332/19/650 333/17/651 54/376/414
f 332/19/650 23/20/598 34/18/600 333/17/651
f 54/376/414 333/17/651 334/15/652 44/377/416
f 333/17/651 34/18/600 24/16/638 334/15/652
f 44/377/416 334/15/652 335/13/653 55/378/418
f 334/15/652 24/16/638 35/14/604 335/13/653
f 55/378/418 335/13/653 336/11/654 45/379/420
f 335/13/653 35/14/604 25/12/603 336/11/654
f 45/379/420 336/11/654 337/9/655 56/380/422
f 336/11/654 25/12/603 36/10/606 337/9/655
f 56/380/422 337/9/655 338/7/656 46/381/424
f 337/9/655 36/10/606 26/8/608 338/7/656
f 46/381/424 338/7/656 339/5/657 58/382/426
f 338/7/656 26/8/608 38/6/635 339/5/657
f 58/382/426 339/5/657 340/1/658 47/383/428
f 339/5/657 38/6/635 27/4/612 340/1/658
f 47/383/428 340/1/658 321/2/639 52/384/430
f 340/1/658 27/4/612 32/3/611 321/2/639
f 379/75/354 377/73/356 621/391/659
f 377/73/356 378/71/281 621/391/659
f 378/71/281 396/69/280 621/391/659
f 396/69/280 395/67/284 621/391/659
f 395/67/284 394/65/286 621/391/659
f 394/65/286 393/63/288 621/391/659
f 393/63/288 392/61/290 621/391/659
f 392/61/290 391/58/292 621/391/659
f 391/58/292 390/57/294 621/391/659
f 390/57/294 389/95/296 621/391/659
f 389/95/296 388/93/298 621/391/659
f 388/93/298 387/91/300 621/391/659
f 387/91/300 386/89/340 621/391/659
f 386/89/340 385/87/342 621/391/659
f 385/87/342 384/85/344 621/391/659
f 384/85/344 383/83/346 621/391/659
f 383/83/346 382/81/348 621/391/659
f 382/81/348 381/79/350 621/391/659
f 381/79/350 380/77/352 621/391/659
f 380/77/352 379/75/354 621/391/659
f 341/370/388 622/370/660 623/367/661 344/367/385
f 622/370/660 4/370/389 6/367/392 623/367/661
f 346/366/384 624/366/662 625/369/663 345/369/387
f 624/366/662 5/366/394 3/369/393 625/369/663
f 344/367/385 623/367/661 626/364/664 348/364/382
f 623/367/661 6/367/392 1/364/396 626/364/664
f 349/362/380 627/362/665 624/366/662 346/366/384
f 627/362/665 2/362/397 5/366/394 624/366/662
f 348/364/382 626/364/664 629/361/666 352/361/379
f 626/364/664 1/364/396 13/361/399 629/361/666
f 353/359/377 630/359/667 627/362/665 349/362/380
f 630/359/667 14/359/400 2/362/397 627/362/665
f 352/361/379 629/361/666 631/168/668 354/168/168
f 629/361/666 13/361/399 18/168/401 631/168/668
f 356/170/170 632/170/669 630/359/667 353/359/377
f 632/170/669 16/170/403 14/359/400 630/359/667
f 397/278/278 633/278/670 634/275/671 400/275/275
f 633/278/670 142/278/444 144/275/447 634/275/671
f 402/274/274 635/274/672 636/277/673 401/277/277
f 635/274/672 143/274/449 141/277/448 636/277/673
f 400/275/275 634/275/671 637/272/674 404/272/272
f 634/275/671 144/275/447 139/272/451 637/272/674
f 405/270/270 638/270/675 635/274/672 402/274/274
f 638/270/675 140/270/452 143/274/449 635/274/672
f 404/272/272 637/272/674 640/269/676 408/269/269
f 637/272/674 139/272/451 151/269/454 640/269/676
f 409/267/267 641/267/677 638/270/675 405/270/270
f 641/267/677 152/267/455 140/270/452 638/270/675
f 408/269/269 640/269/676 642/160/678 410/160/160
f 640/269/676 151/269/454 155/160/456 642/160/678
f 412/163/163 643/163/679 641/267/677 409/267/267
f 643/163/679 153/163/458 152/267/455 641/267/677
f 413/266/266 644/266/680 645/263/681 416/263/263
f 644/266/680 159/266/459 161/263/462 645/263/681
f 418/262/262 646/262/682 647/265/683 417/265/265
f 646/262/682 160/262/464 158/265/463 647/265/683
f 416/263/263 645/263/681 648/260/684 420/260/260
f 645/263/681 161/263/462 156/260/466 648/260/684
f 421/258/258 649/258/685 646/262/682 418/262/262
f 649/258/685 157/258/467 160/262/464 646/262/682
f 420/260/260 648/260/684 651/257/686 424/257/257
f 648/260/684 156/260/466 168/257/469 651/257/686
f 425/255/255 652/255/687 649/258/685 421/258/258
f 652/255/687 169/255/470 157/258/467 649/258/685
f 424/257/257 651/257/686 653/156/688 426/156/156
f 651/257/686 168/257/469 172/156/471 653/156/688
f 428/125/125 654/125/689 652/255/687 425/255/255
f 654/125/689 170/125/473 169/255/470 652/255/687
f 429/254/254 655/254/690 656/251/691 432/251/251
f 655/254/690 176/254/474 178/251/477 656/251/691
f 434/250/250 657/250/692 658/253/693 433/253/253
f 657/250/692 177/250/479 175/253/478 658/253/693
f 432/251/251 656/251/691 659/248/694 436/248/248
f 656/251/691 178/251/477 173/248/481 659/248/694
f 437/246/246 660/246/695 657/250/692 434/250/250
f 660/246/695 174/246/482 177/250/479 657/250/692
f 436/248/248 659/248/694 662/245/696 440/245/245
f 659/248/694 173/248/481 185/245/484 662/245/696
f 441/243/243 663/243/697 660/246/695 437/246/246
f 663/243/697 186/243/485 174/246/482 660/246/695
f 440/245/245 662/245/696 664/124/698 442/124/124
f 662/245/696 185/245/484 189/124/486 664/124/698
f 444/155/155 665/155/699 663/243/697 441/243/243
f 665/155/699 187/155/488 186/243/485 663/243/697
f 445/242/242 666/242/700 667/239/701 448/239/239
f 666/242/700 193/242/489 195/239/492 667/239/701
f 450/238/238 668/238/702 669/241/703 449/241/241
f 668/238/702 194/238/494 192/241/493 669/241/703
f 448/239/239 667/239/701 670/236/704 452/236/236
f 667/239/701 195/239/492 190/236/496 670/236/704
f 453/234/234 671/234/705 668/238/702 450/238/238
f 671/234/705 191/234/497 194/238/494 668/238/702
f 452/236/236 670/236/704 673/233/706 456/233/233
f 670/236/704 190/236/496 202/233/499 673/233/706
f 457/231/231 674/231/707 671/234/705 453/234/234
f 674/231/707 203/231/500 191/234/497 671/234/705
f 456/233/233 673/233/706 675/149/708 458/149/149
f 673/233/706 202/233/499 206/149/501 675/149/708
f 460/152/152 676/152/709 674/231/707 457/231/231
f 676/152/709 204/152/503 203/231/500 674/231/707
f 461/230/230 677/230/710 678/227/711 464/227/227
f 677/230/710 210/230/504 212/227/507 678/227/711
f 466/226/226 679/226/712 680/229/713 465/229/229
f 679/226/712 211/226/509 209/229/508 680/229/713
f 464/227/227 678/227/711 681/224/714 468/224/224
f 678/227/711 212/227/507 207/224/511 681/224/714
f 469/222/222 682/222/715 679/226/712 466/226/226
f 682/222/715 208/222/512 211/226/509 679/226/712
f 468/224/224 681/224/714 684/221/716 472/221/221
f 681/224/714 207/224/511 219/221/514 684/221/716
f 473/219/219 685/219/717 682/222/715 469/222/222
f 685/219/717 220/219/515 208/222/512 682/222/715
f 472/221/221 684/221/716 686/146/718 474/146/146
f 684/221/716 219/221/514 223/146/516 686/146/718
f 476/147/147 687/147/719 685/219/717 473/219/219
f 687/147/719 221/147/518 220/219/515 685/219/717
f 477/218/218 688/218/720 689/215/721 480/215/215
f 688/218/720 227/218/519 229/215/522 689/215/721
f 482/214/214 690/214/722 691/217/723 481/217/217
f 690/214/722 228/214/524 226/217/523 691/217/723
f 480/215/215 689/215/721 692/212/724 484/212/212
f 689/215/721 229/215/522 224/212/526 692/212/724
f 485/210/210 693/210/725 690/214/722 482/214/214
f 693/210/725 225/210/527 228/214/524 690/214/722
f 484/212/212 692/212/724 695/209/726 488/209/209
f 692/212/724 224/212/526 236/209/529 695/209/726
f 489/207/207 696/207/727 693/210/725 485/210/210
f 696/207/727 237/207/530 225/210/527 693/210/725
f 488/209/209 695/209/726 697/141/728 490/141/141
f 695/209/726 236/209/529 240/141/531 697/141/728
f 492/143/143 698/143/729 696/207/727 489/207/207
f 698/143/729 238/143/533 237/207/530 696/207/727
f 493/206/206 699/206/730 700/203/731 496/203/203
f 699/206/730 244/206/534 246/203/537 700/203/731
f 498/202/202 701/202/732 702/205/733 497/205/205
f 701/202/732 245/202/539 243/205/538 702/205/733
f 496/203/203 700/203/731 703/200/734 500/200/200
f 700/203/731 246/203/537 241/200/541 703/200/734
f 501/198/198 704/198/735 701/202/732 498/202/202
f 704/198/735 242/198/542 245/202/539 701/202/732
f 500/200/200 703/200/734 706/197/736 504/197/197
f 703/200/734 241/200/541 253/197/544 706/197/736
f 505/195/195 707/195/737 704/198/735 501/198/198
f 707/195/737 254/195/545 242/198/542 704/198/735
f 504/197/197 706/197/736 708/137/738 506/137/137
f 706/197/736 253/197/544 257/137/546 708/137/738
f 508/55/55 709/55/739 707/195/737 505/195/195
f 709/55/739 255/55/548 254/195/545 707/195/737
f 509/194/194 710/194/740 711/191/741 512/191/191
f 710/194/740 261/194/549 263/191/552 711/191/741
f 514/190/190 712/190/742 713/193/743 513/193/193
f 712/190/742 262/190/554 260/193/553 713/193/743
f 512/191/191 711/191/741 714/188/744 516/188/188
f 711/191/741 263/191/552 258/188/556 714/188/744
f 517/186/186 715/186/745 712/190/742 514/190/190
f 715/186/745 259/186/557 262/190/554 712/190/742
f 516/188/188 714/188/744 717/185/746 520/185/185
f 714/188/744 258/188/556 270/185/559 717/185/746
f 521/183/183 718/183/747 715/186/745 517/186/186
f 718/183/747 271/183/560 259/186/557 715/186/745
f 520/185/185 717/185/746 719/54/748 522/54/54
f 717/185/746 270/185/559 274/54/561 719/54/748
f 524/136/136 720/136/749 718/183/747 521/183/183
f 720/136/749 272/136/563 271/183/560 718/183/747
f 525/182/182 721/182/750 722/179/751 528/179/179
f 721/182/750 278/182/564 280/179/567 722/179/751
f 530/178/178 723/178/752 724/181/753 529/181/181
f 723/178/752 279/178/569 277/181/568 724/181/753
f 528/179/179 722/179/751 725/176/754 532/176/176
f 722/179/751 280/179/567 275/176/571 725/176/754
f 533/174/174 726/174/755 723/178/752 530/178/178
f 726/174/755 276/174/572 279/178/569 723/178/752
f 532/176/176 725/176/754 728/173/756 536/173/173
f 725/176/754 275/176/571 287/173/574 728/173/756
f 537/171/171 729/171/757 726/174/755 533/174/174
f 729/171/757 288/171/575 276/174/572 726/174/755
f 536/173/173 728/173/756 730/128/758 538/128/128
f 728/173/756 287/173/574 291/128/576 730/128/758
f 540/131/131 731/131/759 729/171/757 537/171/171
f 731/131/759 289/131/578 288/171/575 729/171/757
f 541/161/161 732/161/760 632/170/669 356/170/170
f 732/161/760 293/161/579 16/170/403 632/170/669
f 354/168/168 631/168/668 733/132/761 546/132/132
f 631/168/668 18/168/401 295/132/584 733/132/761
f 578/157/157 734/157/762 643/163/679 412/163/163
f 734/157/762 299/157/616 153/163/458 643/163/679
f 410/160/160 642/160/678 732/161/760 541/161/161
f 642/160/678 155/160/456 293/161/579 732/161/760
f 426/156/156 653/156/688 734/157/762 578/157/157
f 653/156/688 172/156/471 299/157/616 734/157/762
f 581/150/150 735/150/763 665/155/699 444/155/155
f 735/150/763 307/150/619 187/155/488 665/155/699
f 583/42/42 736/42/764 676/152/709 460/152/152
f 736/42/764 313/42/621 204/152/503 676/152/709
f 458/149/149 675/149/708 735/150/763 581/150/150
f 675/149/708 206/149/501 307/150/619 735/150/763
f 585/45/45 737/45/765 687/147/719 476/147/147
f 737/45/765 315/45/623 221/147/518 687/147/719
f 474/146/146 686/146/718 736/42/764 583/42/42
f 686/146/718 223/146/516 313/42/621 736/42/764
f 587/138/138 738/138/766 698/143/729 492/143/143
f 738/138/766 311/138/625 238/143/533 698/143/729
f 490/141/141 697/141/728 737/45/765 585/45/45
f 697/141/728 240/141/531 315/45/623 737/45/765
f 506/137/137 708/137/738 738/138/766 587/138/138
f 708/137/738 257/137/546 311/138/625 738/138/766
f 590/129/129 739/129/767 720/136/749 524/136/136
f 739/129/767 303/129/628 272/136/563 720/136/749
f 546/132/132 733/132/761 731/131/759 540/131/131
f 733/132/761 295/132/584 289/131/578 731/131/759
f 538/128/128 730/128/758 739/129/767 590/129/129
f 730/128/758 291/128/576 303/129/628 739/129/767
f 595/118/118 740/118/768 654/125/689 428/125/125
f 740/118/768 317/118/633 170/125/473 654/125/689
f 442/124/124 664/124/698 740/118/768 595/118/118
f 664/124/698 189/124/486 317/118/633 740/118/768
f 598/48/48 741/48/769 709/55/739 508/55/55
f 741/48/769 319/48/636 255/55/548 709/55/739
f 522/54/54 719/54/748 741/48/769 598/48/48
f 719/54/748 274/54/561 319/48/636 741/48/769
f 747/392/770 406/393/771 746/394/772
f 398/276/276 401/277/277 747/392/770 746/394/772
f 746/394/772 406/393/771 745/395/773
f 398/276/276 746/394/772 745/395/773 397/278/278
f 743/396/774 148/393/775 744/397/776
f 145/276/445 142/278/444 743/396/774 744/397/776
f 744/397/776 148/393/775 742/398/777
f 145/276/445 744/397/776 742/398/777 141/277/448
f 406/393/771 639/393/778 748/399/779 745/395/773
f 745/395/773 748/399/779 633/278/670 397/278/278
f 639/393/778 148/393/775 743/396/774 748/399/779
f 748/399/779 743/396/774 142/278/444 633/278/670
f 747/392/770 401/277/277 636/277/673 749/400/780
f 406/393/771 747/392/770 749/400/780 639/393/778
f 749/400/780 636/277/673 141/277/448 742/398/777
f 639/393/778 749/400/780 742/398/777 148/393/775
f 755/401/781 422/402/782 754/403/783
f 414/264/264 417/265/265 755/401/781 754/403/783
f 754/403/783 422/402/782 753/404/784
f 414/264/264 754/403/783 753/404/784 413/266/266
f 751/405/785 165/402/786 752/406/787
f 162/264/460 159/266/459 751/405/785 752/406/787
f 752/406/787 165/402/786 750/407/788
f 162/264/460 752/406/787 750/407/788 158/265/463
f 422/402/782 650/402/789 756/408/790 753/404/784
f 753/404/784 756/408/790 644/266/680 413/266/266
f 650/402/789 165/402/786 751/405/785 756/408/790
f 756/408/790 751/405/785 159/266/459 644/266/680
f 647/265/683 757/409/791 755/401/781 417/265/265
f 755/401/781 757/409/791 650/402/789 422/402/782
f 158/265/463 750/407/788 757/409/791 647/265/683
f 757/409/791 750/407/788 165/402/786 650/402/789
f 763/410/792 350/411/793 762/412/794
f 342/368/386 345/369/387 763/410/792 762/412/794
f 762/412/794 350/411/793 761/413/795
f 342/368/386 762/412/794 761/413/795 341/370/388
f 759/414/796 10/411/797 760/415/798
f 7/368/390 4/370/389 759/414/796 760/415/798
f 760/415/798 10/411/797 758/416/799
f 7/368/390 760/415/798 758/416/799 3/369/393
f 628/411/800 764/417/801 761/413/795 350/411/793
f 761/413/795 764/417/801 622/370/660 341/370/388
f 10/411/797 759/414/796 764/417/801 628/411/800
f 764/417/801 759/414/796 4/370/389 622/370/660
f 625/369/663 765/418/802 763/410/792 345/369/387
f 765/418/802 628/411/800 350/411/793 763/410/792
f 3/369/393 758/416/799 765/418/802 625/369/663
f 758/416/799 10/411/797 628/411/800 765/418/802
f 771/419/803 534/420/804 770/421/805
f 526/180/180 529/181/181 771/419/803 770/421/805
f 770/421/805 534/420/804 769/422/806
f 526/180/180 770/421/805 769/422/806 525/182/182
f 767/423/807 284/420/808 768/424/809
f 281/180/565 278/182/564 767/423/807 768/424/809
f 768/424/809 284/420/808 766/425/810
f 281/180/565 768/424/809 766/425/810 277/181/568
f 727/420/811 772/426/812 769/422/806 534/420/804
f 772/426/812 721/182/750 525/182/182 769/422/806
f 284/420/808 767/423/807 772/426/812 727/420/811
f 767/423/807 278/182/564 721/182/750 772/426/812
f 773/427/813 771/419/803 529/181/181 724/181/753
f 727/420/811 534/420/804 771/419/803 773/427/813
f 766/425/810 773/427/813 724/181/753 277/181/568
f 284/420/808 727/420/811 773/427/813 766/425/810
f 779/428/814 518/429/815 778/430/816
f 510/192/192 513/193/193 779/428/814 778/430/816
f 778/430/816 518/429/815 777/431/817
f 510/192/192 778/430/816 777/431/817 509/194/194
f 775/432/818 267/429/819 776/433/820
f 264/192/550 261/194/549 775/432/818 776/433/820
f 776/433/820 267/429/819 774/434/821
f 264/192/550 776/433/820 774/434/821 260/193/553
f 716/429/822 780/435/823 777/431/817 518/429/815
f 777/431/817 780/435/823 710/194/740 509/194/194
f 267/429/819 775/432/818 780/435/823 716/429/822
f 780/435/823 775/432/818 261/194/549 710/194/740
f 513/193/193 713/193/743 781/436/824 779/428/814
f 781/436/824 716/429/822 518/429/815 779/428/814
f 713/193/743 260/193/553 774/434/821 781/436/824
f 774/434/821 267/429/819 716/429/822 781/436/824
f 787/437/825 502/438/826 786/439/827
f 494/204/204 497/205/205 787/437/825 786/439/827
f 786/439/827 502/438/826 785/440/828
f 494/204/204 786/439/827 785/440/828 493/206/206
f 783/441/829 250/438/830 784/442/831
f 247/204/535 244/206/534 783/441/829 784/442/831
f 784/442/831 250/438/830 782/443/832
f 247/204/535 784/442/831 782/443/832 243/205/538
f 788/444/833 785/440/828 502/438/826 705/438/834
f 493/206/206 785/440/828 788/444/833 699/206/730
f 783/441/829 788/444/833 705/438/834 250/438/830
f 699/206/730 788/444/833 783/441/829 244/206/534
f 497/205/205 702/205/733 789/445/835 787/437/825
f 789/445/835 705/438/834 502/438/826 787/437/825
f 702/205/733 243/205/538 782/443/832 789/445/835
f 782/443/832 250/438/830 705/438/834 789/445/835
f 795/446/836 486/447/837 794/448/838
f 478/216/216 481/217/217 795/446/836 794/448/838
f 794/448/838 486/447/837 793/449/839
f 477/218/218 478/216/216 794/448/838 793/449/839
f 791/450/840 233/447/841 792/451/842
f 227/218/519 791/450/840 792/451/842 230/216/520
f 792/451/842 233/447/841 790/452/843
f 230/216/520 792/451/842 790/452/843 226/217/523
f 486/447/837 694/447/844 796/453/845 793/449/839
f 793/449/839 796/453/845 688/218/720 477/218/218
f 233/447/841 791/450/840 796/453/845 694/447/844
f 796/453/845 791/450/840 227/218/519 688/218/720
f 691/217/723 797/454/846 795/446/836 481/217/217
f 795/446/836 797/454/846 694/447/844 486/447/837
f 226/217/523 790/452/843 797/454/846 691/217/723
f 797/454/846 790/452/843 233/447/841 694/447/844
f 803/455/847 470/456/848 802/457/849
f 462/228/228 465/229/229 803/455/847 802/457/849
f 802/457/849 470/456/848 801/458/850
f 462/228/228 802/457/849 801/458/850 461/230/230
f 799/459/851 216/456/852 800/460/853
f 213/228/505 210/230/504 799/459/851 800/460/853
f 800/460/853 216/456/852 798/461/854
f 213/228/505 800/460/853 798/461/854 209/229/508
f 801/458/850 470/456/848 683/456/855 804/462/856
f 461/230/230 801/458/850 804/462/856 677/230/710
f 804/462/856 683/456/855 216/456/852 799/459/851
f 677/230/710 804/462/856 799/459/851 210/230/504
f 680/229/713 805/463/857 803/455/847 465/229/229
f 803/455/847 805/463/857 683/456/855 470/456/848
f 209/229/508 798/461/854 805/463/857 680/229/713
f 805/463/857 798/461/854 216/456/852 683/456/855
f 811/464/858 454/465/859 810/466/860
f 446/240/240 449/241/241 811/464/858 810/466/860
f 810/466/860 454/465/859 809/467/861
f 445/242/242 446/240/240 810/466/860 809/467/861
f 807/468/862 199/465/863 808/469/864
f 193/242/489 807/468/862 808/469/864 196/240/490
f 808/469/864 199/465/863 806/470/865
f 196/240/490 808/469/864 806/470/865 192/241/493
f 672/465/866 812/471/867 809/467/861 454/465/859
f 809/467/861 812/471/867 666/242/700 445/242/242
f 199/465/863 807/468/862 812/471/867 672/465/866
f 812/471/867 807/468/862 193/242/489 666/242/700
f 449/241/241 669/241/703 813/472/868 811/464/858
f 813/472/868 672/465/866 454/465/859 811/464/858
f 669/241/703 192/241/493 806/470/865 813/472/868
f 806/470/865 199/465/863 672/465/866 813/472/868
f 819/473/869 438/474/870 818/475/871
f 430/252/252 433/253/253 819/473/869 818/475/871
f 818/475/871 438/474/870 817/476/872
f 430/252/252 818/475/871 817/476/872 429/254/254
f 815/477/873 182/474/874 816/478/875
f 179/252/475 176/254/474 815/477/873 816/478/875
f 816/478/875 182/474/874 814/479/876
f 179/252/475 816/478/875 814/479/876 175/253/478
f 438/474/870 661/474/877 820/480/878 817/476/872
f 817/476/872 820/480/878 655/254/690 429/254/254
f 661/474/877 182/474/874 815/477/873 820/480/878
f 820/480/878 815/477/873 176/254/474 655/254/690
f 819/473/869 433/253/253 658/253/693 821/481/879
f 438/474/870 819/473/869 821/481/879 661/474/877
f 821/481/879 658/253/693 175/253/478 814/479/876
f 661/474/877 821/481/879 814/479/876 182/474/874
f 620/1/1 834/351/369 835/352/370 601/2/2
f 834/351/369 620/1/1 619/5/5 833/350/368
f 618/7/7 832/349/367 833/350/368 619/5/5
f 618/7/7 617/9/9 831/348/366 832/349/367
f 616/11/11 830/347/365 831/348/366 617/9/9
f 616/11/11 615/13/13 829/346/364 830/347/365
f 614/15/15 828/345/363 829/346/364 615/13/13
f 614/15/15 613/17/17 827/344/362 828/345/363
f 612/19/19 826/343/361 827/344/362 613/17/17
f 612/19/19 611/21/21 825/342/360 826/343/361
f 610/23/23 824/341/359 825/342/360 611/21/21
f 610/23/23 609/25/25 823/339/357 824/341/359
f 608/27/27 822/340/358 823/339/357 609/25/25
f 608/27/27 607/29/29 841/358/376 822/340/358
f 606/31/31 840/357/375 841/358/376 607/29/29
f 606/31/31 605/33/33 839/356/374 840/357/375
f 604/35/35 838/355/373 839/356/374 605/33/33
f 604/35/35 603/37/37 837/354/372 838/355/373
f 602/39/39 836/353/371 837/354/372 603/37/37
f 602/39/39 601/2/2 835/352/370 836/353/371
f 842/482/880 843/483/880 844/484/880 845/485/880 846/486/880 847/487/880 848/488/880 849/489/880 850/490/880 851/491/880 852/492/880 853/493/880 854/494/880 855/495/880 856/496/880 857/497/880 858/498/880 859/499/880 860/500/880 861/501/880 862/502/880 863/503/880 864/504/880 865/505/880 866/506/880 867/507/880 868/508/880 869/509/880 870/510/880 871/511/880 872/512/880 873/513/880 874/514/880 875/515/880 876/516/880 877/517/880 878/518/880 879/519/880
